<?xml version="1.0" encoding="UTF-8"?><!--
        Taxonomy: 2010-04-30 (Final)
        ********************** 
        Copyright © 2010 International Accounting Standards Committee (IASC) Foundation*
        All rights reserved.  No part of this publication may be translated, reprinted or reproduced 
        or utilised in any form either in whole or in part without prior permission in writing from the IASC Foundation.
        For more information on the IASC Foundation’s copyright, please refer to http://www.iasb.org/XBRL/Legal/
        **********************
        *To become IFRS Foundation
    --><link:linkbase xmlns:link="http://www.xbrl.org/2003/linkbase" xmlns:xlink="http://www.w3.org/1999/xlink" xmlns:xsi="http://www.w3.org/2001/XMLSchema-instance" xsi:schemaLocation="http://www.xbrl.org/2003/linkbase http://www.xbrl.org/2003/xbrl-linkbase-2003-12-31.xsd">
  <link:roleRef roleURI="http://xbrl.iasb.org/role/ifrs/ifrs_for_smes_2010-04-30_role-210005" xlink:href="rol_ifrs_for_smes_2010-04-30.xsd#ifrs_for_smes_2010-04-30_role-210005" xlink:type="simple"/>
  <link:roleRef roleURI="http://www.xbrl.org/2009/role/negatedLabel" xlink:href="http://www.xbrl.org/lrr/role/negated-2009-12-16.xsd#negatedLabel" xlink:type="simple"/>
  <link:presentationLink xlink:role="http://xbrl.iasb.org/role/ifrs/ifrs_for_smes_2010-04-30_role-210005" xlink:title="[210005] Statement of financial position, current/non-current - Separate financial statements" xlink:type="extended">
    <link:loc xlink:href="../ifrs-cor_2010-04-30.xsd#ifrs_StatementOfFinancialPositionAbstract" xlink:label="loc" xlink:type="locator"/>
    <link:loc xlink:href="../ifrs-cor_2010-04-30.xsd#ifrs_AssetsAbstract" xlink:label="loc_2" xlink:type="locator"/>
    <link:presentationArc order="10.0" xlink:arcrole="http://www.xbrl.org/2003/arcrole/parent-child" xlink:from="loc" xlink:to="loc_2" xlink:type="arc"/>
    <link:loc xlink:href="../ifrs-cor_2010-04-30.xsd#ifrs_Assets" xlink:label="loc_6" xlink:type="locator"/>
    <link:presentationArc order="30.0" preferredLabel="http://www.xbrl.org/2003/role/totalLabel" xlink:arcrole="http://www.xbrl.org/2003/arcrole/parent-child" xlink:from="loc_2" xlink:to="loc_6" xlink:type="arc"/>
    <link:loc xlink:href="../ifrs-cor_2010-04-30.xsd#ifrs_NoncurrentAssetsAbstract" xlink:label="loc_4" xlink:type="locator"/>
    <link:presentationArc order="10.0" xlink:arcrole="http://www.xbrl.org/2003/arcrole/parent-child" xlink:from="loc_2" xlink:to="loc_4" xlink:type="arc"/>
    <link:loc xlink:href="../ifrs-cor_2010-04-30.xsd#ifrs_PropertyPlantAndEquipment" xlink:label="loc_7" xlink:type="locator"/>
    <link:presentationArc order="10.0" xlink:arcrole="http://www.xbrl.org/2003/arcrole/parent-child" xlink:from="loc_4" xlink:to="loc_7" xlink:type="arc"/>
    <link:loc xlink:href="../ifrs-cor_2010-04-30.xsd#ifrs_InvestmentProperty" xlink:label="loc_8" xlink:type="locator"/>
    <link:presentationArc order="20.0" xlink:arcrole="http://www.xbrl.org/2003/arcrole/parent-child" xlink:from="loc_4" xlink:to="loc_8" xlink:type="arc"/>
    <link:loc xlink:href="../ifrs-cor_2010-04-30.xsd#ifrs_Goodwill" xlink:label="loc_9" xlink:type="locator"/>
    <link:presentationArc order="30.0" xlink:arcrole="http://www.xbrl.org/2003/arcrole/parent-child" xlink:from="loc_4" xlink:to="loc_9" xlink:type="arc"/>
    <link:loc xlink:href="../ifrs-cor_2010-04-30.xsd#ifrs_IntangibleAssetsOtherThanGoodwill" xlink:label="loc_10" xlink:type="locator"/>
    <link:presentationArc order="40.0" xlink:arcrole="http://www.xbrl.org/2003/arcrole/parent-child" xlink:from="loc_4" xlink:to="loc_10" xlink:type="arc"/>
    <link:loc xlink:href="../ifrs-cor_2010-04-30.xsd#ifrs_DeferredTaxAssets" xlink:label="loc_12" xlink:type="locator"/>
    <link:presentationArc order="90.0" xlink:arcrole="http://www.xbrl.org/2003/arcrole/parent-child" xlink:from="loc_4" xlink:to="loc_12" xlink:type="arc"/>
    <link:loc xlink:href="../ifrs-cor_2010-04-30.xsd#ifrs_OtherNoncurrentFinancialAssets" xlink:label="loc_14" xlink:type="locator"/>
    <link:presentationArc order="100.0" xlink:arcrole="http://www.xbrl.org/2003/arcrole/parent-child" xlink:from="loc_4" xlink:to="loc_14" xlink:type="arc"/>
    <link:loc xlink:href="../ifrs-cor_2010-04-30.xsd#ifrs_OtherNoncurrentNonfinancialAssets" xlink:label="loc_15" xlink:type="locator"/>
    <link:presentationArc order="110.0" xlink:arcrole="http://www.xbrl.org/2003/arcrole/parent-child" xlink:from="loc_4" xlink:to="loc_15" xlink:type="arc"/>
    <link:loc xlink:href="../ifrs-cor_2010-04-30.xsd#ifrs_NoncurrentAssets" xlink:label="loc_16" xlink:type="locator"/>
    <link:presentationArc order="120.0" preferredLabel="http://www.xbrl.org/2003/role/totalLabel" xlink:arcrole="http://www.xbrl.org/2003/arcrole/parent-child" xlink:from="loc_4" xlink:to="loc_16" xlink:type="arc"/>
    <link:loc xlink:href="../ifrs-cor_2010-04-30.xsd#ifrs_InvestmentsInSubsidiariesJointVenturesAndAssociates" xlink:label="loc_11" xlink:type="locator"/>
    <link:presentationArc order="50.0" xlink:arcrole="http://www.xbrl.org/2003/arcrole/parent-child" xlink:from="loc_4" xlink:to="loc_11" xlink:type="arc"/>
    <link:loc xlink:href="../ifrs-cor_2010-04-30.xsd#ifrs_NoncurrentReceivablesAbstract" xlink:label="loc_13" xlink:type="locator"/>
    <link:presentationArc order="80.0" use="optional" xlink:arcrole="http://www.xbrl.org/2003/arcrole/parent-child" xlink:from="loc_4" xlink:to="loc_13" xlink:type="arc"/>
    <link:loc xlink:href="../ifrs-cor_2010-04-30.xsd#ifrs_NoncurrentReceivablesDueFromRelatedParties" xlink:label="loc_18" xlink:type="locator"/>
    <link:presentationArc order="10.0" use="optional" xlink:arcrole="http://www.xbrl.org/2003/arcrole/parent-child" xlink:from="loc_13" xlink:to="loc_18" xlink:type="arc"/>
    <link:loc xlink:href="../ifrs-cor_2010-04-30.xsd#ifrs_NoncurrentReceivablesDueFromOtherParties" xlink:label="loc_48" xlink:type="locator"/>
    <link:presentationArc order="20.0" use="optional" xlink:arcrole="http://www.xbrl.org/2003/arcrole/parent-child" xlink:from="loc_13" xlink:to="loc_48" xlink:type="arc"/>
    <link:loc xlink:href="../ifrs-cor_2010-04-30.xsd#ifrs_NoncurrentReceivablesArisingFromAccruedIncomeNotYetBilled" xlink:label="loc_53" xlink:type="locator"/>
    <link:presentationArc order="30.0" use="optional" xlink:arcrole="http://www.xbrl.org/2003/arcrole/parent-child" xlink:from="loc_13" xlink:to="loc_53" xlink:type="arc"/>
    <link:loc xlink:href="../ifrs-cor_2010-04-30.xsd#ifrs_NoncurrentReceivables" xlink:label="loc_54" xlink:type="locator"/>
    <link:presentationArc order="40.0" preferredLabel="http://www.xbrl.org/2003/role/totalLabel" use="optional" xlink:arcrole="http://www.xbrl.org/2003/arcrole/parent-child" xlink:from="loc_13" xlink:to="loc_54" xlink:type="arc"/>
    <link:loc xlink:href="../ifrs-cor_2010-04-30.xsd#ifrs_NoncurrentBiologicalAssetsAtCost" xlink:label="loc_82" xlink:type="locator"/>
    <link:presentationArc order="60.0" xlink:arcrole="http://www.xbrl.org/2003/arcrole/parent-child" xlink:from="loc_4" xlink:to="loc_82" xlink:type="arc"/>
    <link:loc xlink:href="../ifrs-cor_2010-04-30.xsd#ifrs_NoncurrentBiologicalAssetsAtFairValue" xlink:label="loc_83" xlink:type="locator"/>
    <link:presentationArc order="70.0" xlink:arcrole="http://www.xbrl.org/2003/arcrole/parent-child" xlink:from="loc_4" xlink:to="loc_83" xlink:type="arc"/>
    <link:loc xlink:href="../ifrs-cor_2010-04-30.xsd#ifrs_CurrentAssetsAbstract" xlink:label="loc_5" xlink:type="locator"/>
    <link:presentationArc order="20.0" xlink:arcrole="http://www.xbrl.org/2003/arcrole/parent-child" xlink:from="loc_2" xlink:to="loc_5" xlink:type="arc"/>
    <link:loc xlink:href="../ifrs-cor_2010-04-30.xsd#ifrs_CurrentTaxAssets" xlink:label="loc_19" xlink:type="locator"/>
    <link:presentationArc order="30.0" xlink:arcrole="http://www.xbrl.org/2003/arcrole/parent-child" xlink:from="loc_5" xlink:to="loc_19" xlink:type="arc"/>
    <link:loc xlink:href="../ifrs-cor_2010-04-30.xsd#ifrs_OtherCurrentFinancialAssets" xlink:label="loc_20" xlink:type="locator"/>
    <link:presentationArc order="60.0" xlink:arcrole="http://www.xbrl.org/2003/arcrole/parent-child" xlink:from="loc_5" xlink:to="loc_20" xlink:type="arc"/>
    <link:loc xlink:href="../ifrs-cor_2010-04-30.xsd#ifrs_OtherCurrentNonfinancialAssets" xlink:label="loc_21" xlink:type="locator"/>
    <link:presentationArc order="70.0" xlink:arcrole="http://www.xbrl.org/2003/arcrole/parent-child" xlink:from="loc_5" xlink:to="loc_21" xlink:type="arc"/>
    <link:loc xlink:href="../ifrs-cor_2010-04-30.xsd#ifrs_CashAndCashEquivalents" xlink:label="loc_22" xlink:type="locator"/>
    <link:presentationArc order="80.0" xlink:arcrole="http://www.xbrl.org/2003/arcrole/parent-child" xlink:from="loc_5" xlink:to="loc_22" xlink:type="arc"/>
    <link:loc xlink:href="../ifrs-cor_2010-04-30.xsd#ifrs_CurrentAssets" xlink:label="loc_25" xlink:type="locator"/>
    <link:presentationArc order="90.0" preferredLabel="http://www.xbrl.org/2003/role/totalLabel" xlink:arcrole="http://www.xbrl.org/2003/arcrole/parent-child" xlink:from="loc_5" xlink:to="loc_25" xlink:type="arc"/>
    <link:loc xlink:href="../ifrs-cor_2010-04-30.xsd#ifrs_TradeAndOtherCurrentReceivablesAbstract" xlink:label="loc_58" xlink:type="locator"/>
    <link:presentationArc order="20.0" use="optional" xlink:arcrole="http://www.xbrl.org/2003/arcrole/parent-child" xlink:from="loc_5" xlink:to="loc_58" xlink:type="arc"/>
    <link:loc xlink:href="../ifrs-cor_2010-04-30.xsd#ifrs_TradeAndOtherCurrentReceivablesDueFromRelatedParties" xlink:label="loc_59" xlink:type="locator"/>
    <link:presentationArc order="10.0" use="optional" xlink:arcrole="http://www.xbrl.org/2003/arcrole/parent-child" xlink:from="loc_58" xlink:to="loc_59" xlink:type="arc"/>
    <link:loc xlink:href="../ifrs-cor_2010-04-30.xsd#ifrs_TradeAndOtherCurrentReceivablesDueFromOtherParties" xlink:label="loc_60" xlink:type="locator"/>
    <link:presentationArc order="20.0" use="optional" xlink:arcrole="http://www.xbrl.org/2003/arcrole/parent-child" xlink:from="loc_58" xlink:to="loc_60" xlink:type="arc"/>
    <link:loc xlink:href="../ifrs-cor_2010-04-30.xsd#ifrs_TradeAndOtherCurrentReceivablesArisingFromAccruedIncomeNotYetBilled" xlink:label="loc_61" xlink:type="locator"/>
    <link:presentationArc order="30.0" use="optional" xlink:arcrole="http://www.xbrl.org/2003/arcrole/parent-child" xlink:from="loc_58" xlink:to="loc_61" xlink:type="arc"/>
    <link:loc xlink:href="../ifrs-cor_2010-04-30.xsd#ifrs_TradeAndOtherCurrentReceivables" xlink:label="loc_62" xlink:type="locator"/>
    <link:presentationArc order="40.0" preferredLabel="http://www.xbrl.org/2003/role/totalLabel" use="optional" xlink:arcrole="http://www.xbrl.org/2003/arcrole/parent-child" xlink:from="loc_58" xlink:to="loc_62" xlink:type="arc"/>
    <link:loc xlink:href="../ifrs-cor_2010-04-30.xsd#ifrs_ClassesOfInventoriesAbstract" xlink:label="loc_17" xlink:type="locator"/>
    <link:presentationArc order="10.0" use="optional" xlink:arcrole="http://www.xbrl.org/2003/arcrole/parent-child" xlink:from="loc_5" xlink:to="loc_17" xlink:type="arc"/>
    <link:loc xlink:href="../ifrs-cor_2010-04-30.xsd#ifrs_Inventories" xlink:label="loc_57" xlink:type="locator"/>
    <link:presentationArc order="40.0" preferredLabel="http://www.xbrl.org/2003/role/totalLabel" use="optional" xlink:arcrole="http://www.xbrl.org/2003/arcrole/parent-child" xlink:from="loc_17" xlink:to="loc_57" xlink:type="arc"/>
    <link:loc xlink:href="../ifrs-cor_2010-04-30.xsd#ifrs_InventoriesHeldForSale" xlink:label="loc_45" xlink:type="locator"/>
    <link:presentationArc order="10.0" use="optional" xlink:arcrole="http://www.xbrl.org/2003/arcrole/parent-child" xlink:from="loc_17" xlink:to="loc_45" xlink:type="arc"/>
    <link:loc xlink:href="../ifrs-cor_2010-04-30.xsd#ifrs_InventoriesInProcessOfProduction" xlink:label="loc_55" xlink:type="locator"/>
    <link:presentationArc order="20.0" use="optional" xlink:arcrole="http://www.xbrl.org/2003/arcrole/parent-child" xlink:from="loc_17" xlink:to="loc_55" xlink:type="arc"/>
    <link:loc xlink:href="../ifrs-cor_2010-04-30.xsd#ifrs_MaterialsAndSuppliesToBeConsumedInProductionProcessOrRenderingServices" xlink:label="loc_56" xlink:type="locator"/>
    <link:presentationArc order="30.0" use="optional" xlink:arcrole="http://www.xbrl.org/2003/arcrole/parent-child" xlink:from="loc_17" xlink:to="loc_56" xlink:type="arc"/>
    <link:loc xlink:href="../ifrs-cor_2010-04-30.xsd#ifrs_CurrentBiologicalAssetsAtCost" xlink:label="loc_39" xlink:type="locator"/>
    <link:presentationArc order="40.0" xlink:arcrole="http://www.xbrl.org/2003/arcrole/parent-child" xlink:from="loc_5" xlink:to="loc_39" xlink:type="arc"/>
    <link:loc xlink:href="../ifrs-cor_2010-04-30.xsd#ifrs_CurrentBiologicalAssetsAtFairValue" xlink:label="loc_40" xlink:type="locator"/>
    <link:presentationArc order="50.0" xlink:arcrole="http://www.xbrl.org/2003/arcrole/parent-child" xlink:from="loc_5" xlink:to="loc_40" xlink:type="arc"/>
    <link:loc xlink:href="../ifrs-cor_2010-04-30.xsd#ifrs_EquityAndLiabilitiesAbstract" xlink:label="loc_3" xlink:type="locator"/>
    <link:presentationArc order="20.0" xlink:arcrole="http://www.xbrl.org/2003/arcrole/parent-child" xlink:from="loc" xlink:to="loc_3" xlink:type="arc"/>
    <link:loc xlink:href="../ifrs-cor_2010-04-30.xsd#ifrs_EquityAbstract" xlink:label="loc_26" xlink:type="locator"/>
    <link:presentationArc order="10.0" xlink:arcrole="http://www.xbrl.org/2003/arcrole/parent-child" xlink:from="loc_3" xlink:to="loc_26" xlink:type="arc"/>
    <link:loc xlink:href="../ifrs-cor_2010-04-30.xsd#ifrs_IssuedCapital" xlink:label="loc_29" xlink:type="locator"/>
    <link:presentationArc order="10.0" xlink:arcrole="http://www.xbrl.org/2003/arcrole/parent-child" xlink:from="loc_26" xlink:to="loc_29" xlink:type="arc"/>
    <link:loc xlink:href="../ifrs-cor_2010-04-30.xsd#ifrs_RetainedEarnings" xlink:label="loc_30" xlink:type="locator"/>
    <link:presentationArc order="20.0" xlink:arcrole="http://www.xbrl.org/2003/arcrole/parent-child" xlink:from="loc_26" xlink:to="loc_30" xlink:type="arc"/>
    <link:loc xlink:href="../ifrs-cor_2010-04-30.xsd#ifrs_SharePremium" xlink:label="loc_31" xlink:type="locator"/>
    <link:presentationArc order="30.0" xlink:arcrole="http://www.xbrl.org/2003/arcrole/parent-child" xlink:from="loc_26" xlink:to="loc_31" xlink:type="arc"/>
    <link:loc xlink:href="../ifrs-cor_2010-04-30.xsd#ifrs_TreasuryShares" xlink:label="loc_32" xlink:type="locator"/>
    <link:presentationArc order="40.0" preferredLabel="http://www.xbrl.org/2009/role/negatedLabel" xlink:arcrole="http://www.xbrl.org/2003/arcrole/parent-child" xlink:from="loc_26" xlink:to="loc_32" xlink:type="arc"/>
    <link:loc xlink:href="../ifrs-cor_2010-04-30.xsd#ifrs_OtherEquityInterest" xlink:label="loc_33" xlink:type="locator"/>
    <link:presentationArc order="50.0" xlink:arcrole="http://www.xbrl.org/2003/arcrole/parent-child" xlink:from="loc_26" xlink:to="loc_33" xlink:type="arc"/>
    <link:loc xlink:href="../ifrs-cor_2010-04-30.xsd#ifrs_OtherReserves" xlink:label="loc_34" xlink:type="locator"/>
    <link:presentationArc order="60.0" xlink:arcrole="http://www.xbrl.org/2003/arcrole/parent-child" xlink:from="loc_26" xlink:to="loc_34" xlink:type="arc"/>
    <link:loc xlink:href="../ifrs-cor_2010-04-30.xsd#ifrs_Equity" xlink:label="loc_35" xlink:type="locator"/>
    <link:presentationArc order="70.0" preferredLabel="http://www.xbrl.org/2003/role/totalLabel" xlink:arcrole="http://www.xbrl.org/2003/arcrole/parent-child" xlink:from="loc_26" xlink:to="loc_35" xlink:type="arc"/>
    <link:loc xlink:href="../ifrs-cor_2010-04-30.xsd#ifrs_LiabilitiesAbstract" xlink:label="loc_27" xlink:type="locator"/>
    <link:presentationArc order="20.0" xlink:arcrole="http://www.xbrl.org/2003/arcrole/parent-child" xlink:from="loc_3" xlink:to="loc_27" xlink:type="arc"/>
    <link:loc xlink:href="../ifrs-cor_2010-04-30.xsd#ifrs_Liabilities" xlink:label="loc_38" xlink:type="locator"/>
    <link:presentationArc order="30.0" preferredLabel="http://www.xbrl.org/2003/role/totalLabel" xlink:arcrole="http://www.xbrl.org/2003/arcrole/parent-child" xlink:from="loc_27" xlink:to="loc_38" xlink:type="arc"/>
    <link:loc xlink:href="../ifrs-cor_2010-04-30.xsd#ifrs_NoncurrentLiabilitiesAbstract" xlink:label="loc_36" xlink:type="locator"/>
    <link:presentationArc order="10.0" xlink:arcrole="http://www.xbrl.org/2003/arcrole/parent-child" xlink:from="loc_27" xlink:to="loc_36" xlink:type="arc"/>
    <link:loc xlink:href="../ifrs-cor_2010-04-30.xsd#ifrs_DeferredTaxLiabilities" xlink:label="loc_41" xlink:type="locator"/>
    <link:presentationArc order="30.0" xlink:arcrole="http://www.xbrl.org/2003/arcrole/parent-child" xlink:from="loc_36" xlink:to="loc_41" xlink:type="arc"/>
    <link:loc xlink:href="../ifrs-cor_2010-04-30.xsd#ifrs_OtherNoncurrentFinancialLiabilities" xlink:label="loc_42" xlink:type="locator"/>
    <link:presentationArc order="40.0" xlink:arcrole="http://www.xbrl.org/2003/arcrole/parent-child" xlink:from="loc_36" xlink:to="loc_42" xlink:type="arc"/>
    <link:loc xlink:href="../ifrs-cor_2010-04-30.xsd#ifrs_LongtermBorrowings" xlink:label="loc_81" xlink:type="locator"/>
    <link:presentationArc order="10.0" use="optional" xlink:arcrole="http://www.xbrl.org/2003/arcrole/parent-child" xlink:from="loc_42" xlink:to="loc_81" xlink:type="arc"/>
    <link:loc xlink:href="../ifrs-cor_2010-04-30.xsd#ifrs_OtherNoncurrentNonfinancialLiabilities" xlink:label="loc_43" xlink:type="locator"/>
    <link:presentationArc order="50.0" xlink:arcrole="http://www.xbrl.org/2003/arcrole/parent-child" xlink:from="loc_36" xlink:to="loc_43" xlink:type="arc"/>
    <link:loc xlink:href="../ifrs-cor_2010-04-30.xsd#ifrs_NoncurrentLiabilities" xlink:label="loc_44" xlink:type="locator"/>
    <link:presentationArc order="60.0" preferredLabel="http://www.xbrl.org/2003/role/totalLabel" xlink:arcrole="http://www.xbrl.org/2003/arcrole/parent-child" xlink:from="loc_36" xlink:to="loc_44" xlink:type="arc"/>
    <link:loc xlink:href="../ifrs-cor_2010-04-30.xsd#ifrs_NoncurrentProvisionsAbstract" xlink:label="loc_23" xlink:type="locator"/>
    <link:presentationArc order="10.0" use="optional" xlink:arcrole="http://www.xbrl.org/2003/arcrole/parent-child" xlink:from="loc_36" xlink:to="loc_23" xlink:type="arc"/>
    <link:loc xlink:href="../ifrs-cor_2010-04-30.xsd#ifrs_NoncurrentProvisions" xlink:label="loc_75" xlink:type="locator"/>
    <link:presentationArc order="30.0" preferredLabel="http://www.xbrl.org/2003/role/totalLabel" use="optional" xlink:arcrole="http://www.xbrl.org/2003/arcrole/parent-child" xlink:from="loc_23" xlink:to="loc_75" xlink:type="arc"/>
    <link:loc xlink:href="../ifrs-cor_2010-04-30.xsd#ifrs_OtherLongtermProvisions" xlink:label="loc_73" xlink:type="locator"/>
    <link:presentationArc order="20.0" use="optional" xlink:arcrole="http://www.xbrl.org/2003/arcrole/parent-child" xlink:from="loc_23" xlink:to="loc_73" xlink:type="arc"/>
    <link:loc xlink:href="../ifrs-cor_2010-04-30.xsd#ifrs_NoncurrentProvisionsForEmployeeBenefits" xlink:label="loc_74" xlink:type="locator"/>
    <link:presentationArc order="10.0" use="optional" xlink:arcrole="http://www.xbrl.org/2003/arcrole/parent-child" xlink:from="loc_23" xlink:to="loc_74" xlink:type="arc"/>
    <link:loc xlink:href="../ifrs-cor_2010-04-30.xsd#ifrs_NoncurrentPayablesAbstract" xlink:label="loc_46" xlink:type="locator"/>
    <link:presentationArc order="20.0" use="optional" xlink:arcrole="http://www.xbrl.org/2003/arcrole/parent-child" xlink:from="loc_36" xlink:to="loc_46" xlink:type="arc"/>
    <link:loc xlink:href="../ifrs-cor_2010-04-30.xsd#ifrs_NoncurrentPayablesToTradeSuppliers" xlink:label="loc_63" xlink:type="locator"/>
    <link:presentationArc order="10.0" use="optional" xlink:arcrole="http://www.xbrl.org/2003/arcrole/parent-child" xlink:from="loc_46" xlink:to="loc_63" xlink:type="arc"/>
    <link:loc xlink:href="../ifrs-cor_2010-04-30.xsd#ifrs_NoncurrentPayablesToRelatedParties" xlink:label="loc_64" xlink:type="locator"/>
    <link:presentationArc order="20.0" use="optional" xlink:arcrole="http://www.xbrl.org/2003/arcrole/parent-child" xlink:from="loc_46" xlink:to="loc_64" xlink:type="arc"/>
    <link:loc xlink:href="../ifrs-cor_2010-04-30.xsd#ifrs_DeferredIncomeClassifiedAsNoncurrent" xlink:label="loc_65" xlink:type="locator"/>
    <link:presentationArc order="30.0" use="optional" xlink:arcrole="http://www.xbrl.org/2003/arcrole/parent-child" xlink:from="loc_46" xlink:to="loc_65" xlink:type="arc"/>
    <link:loc xlink:href="../ifrs-cor_2010-04-30.xsd#ifrs_NoncurrentPayables" xlink:label="loc_67" xlink:type="locator"/>
    <link:presentationArc order="50.0" preferredLabel="http://www.xbrl.org/2003/role/totalLabel" use="optional" xlink:arcrole="http://www.xbrl.org/2003/arcrole/parent-child" xlink:from="loc_46" xlink:to="loc_67" xlink:type="arc"/>
    <link:loc xlink:href="../ifrs-cor_2010-04-30.xsd#ifrs_AccrualsClassifiedAsNoncurrent" xlink:label="loc_66" xlink:type="locator"/>
    <link:presentationArc order="40.0" use="optional" xlink:arcrole="http://www.xbrl.org/2003/arcrole/parent-child" xlink:from="loc_46" xlink:to="loc_66" xlink:type="arc"/>
    <link:loc xlink:href="../ifrs-cor_2010-04-30.xsd#ifrs_CurrentLiabilitiesAbstract" xlink:label="loc_37" xlink:type="locator"/>
    <link:presentationArc order="20.0" xlink:arcrole="http://www.xbrl.org/2003/arcrole/parent-child" xlink:from="loc_27" xlink:to="loc_37" xlink:type="arc"/>
    <link:loc xlink:href="../ifrs-cor_2010-04-30.xsd#ifrs_CurrentTaxLiabilities" xlink:label="loc_47" xlink:type="locator"/>
    <link:presentationArc order="30.0" xlink:arcrole="http://www.xbrl.org/2003/arcrole/parent-child" xlink:from="loc_37" xlink:to="loc_47" xlink:type="arc"/>
    <link:loc xlink:href="../ifrs-cor_2010-04-30.xsd#ifrs_OtherCurrentFinancialLiabilities" xlink:label="loc_49" xlink:type="locator"/>
    <link:presentationArc order="40.0" xlink:arcrole="http://www.xbrl.org/2003/arcrole/parent-child" xlink:from="loc_37" xlink:to="loc_49" xlink:type="arc"/>
    <link:loc xlink:href="../ifrs-cor_2010-04-30.xsd#ifrs_ShorttermBorrowings" xlink:label="loc_79" xlink:type="locator"/>
    <link:presentationArc order="10.0" use="optional" xlink:arcrole="http://www.xbrl.org/2003/arcrole/parent-child" xlink:from="loc_49" xlink:to="loc_79" xlink:type="arc"/>
    <link:loc xlink:href="../ifrs-cor_2010-04-30.xsd#ifrs_CurrentPortionOfLongtermBorrowings" xlink:label="loc_80" xlink:type="locator"/>
    <link:presentationArc order="20.0" use="optional" xlink:arcrole="http://www.xbrl.org/2003/arcrole/parent-child" xlink:from="loc_49" xlink:to="loc_80" xlink:type="arc"/>
    <link:loc xlink:href="../ifrs-cor_2010-04-30.xsd#ifrs_OtherCurrentNonfinancialLiabilities" xlink:label="loc_50" xlink:type="locator"/>
    <link:presentationArc order="50.0" xlink:arcrole="http://www.xbrl.org/2003/arcrole/parent-child" xlink:from="loc_37" xlink:to="loc_50" xlink:type="arc"/>
    <link:loc xlink:href="../ifrs-cor_2010-04-30.xsd#ifrs_CurrentLiabilities" xlink:label="loc_51" xlink:type="locator"/>
    <link:presentationArc order="60.0" preferredLabel="http://www.xbrl.org/2003/role/totalLabel" xlink:arcrole="http://www.xbrl.org/2003/arcrole/parent-child" xlink:from="loc_37" xlink:to="loc_51" xlink:type="arc"/>
    <link:loc xlink:href="../ifrs-cor_2010-04-30.xsd#ifrs_CurrentProvisionsAbstract" xlink:label="loc_24" xlink:type="locator"/>
    <link:presentationArc order="10.0" use="optional" xlink:arcrole="http://www.xbrl.org/2003/arcrole/parent-child" xlink:from="loc_37" xlink:to="loc_24" xlink:type="arc"/>
    <link:loc xlink:href="../ifrs-cor_2010-04-30.xsd#ifrs_CurrentProvisions" xlink:label="loc_78" xlink:type="locator"/>
    <link:presentationArc order="30.0" preferredLabel="http://www.xbrl.org/2003/role/totalLabel" use="optional" xlink:arcrole="http://www.xbrl.org/2003/arcrole/parent-child" xlink:from="loc_24" xlink:to="loc_78" xlink:type="arc"/>
    <link:loc xlink:href="../ifrs-cor_2010-04-30.xsd#ifrs_OtherShorttermProvisions" xlink:label="loc_76" xlink:type="locator"/>
    <link:presentationArc order="20.0" use="optional" xlink:arcrole="http://www.xbrl.org/2003/arcrole/parent-child" xlink:from="loc_24" xlink:to="loc_76" xlink:type="arc"/>
    <link:loc xlink:href="../ifrs-cor_2010-04-30.xsd#ifrs_CurrentProvisionsForEmployeeBenefits" xlink:label="loc_77" xlink:type="locator"/>
    <link:presentationArc order="10.0" use="optional" xlink:arcrole="http://www.xbrl.org/2003/arcrole/parent-child" xlink:from="loc_24" xlink:to="loc_77" xlink:type="arc"/>
    <link:loc xlink:href="../ifrs-cor_2010-04-30.xsd#ifrs_TradeAndOtherCurrentPayablesAbstract" xlink:label="loc_52" xlink:type="locator"/>
    <link:presentationArc order="20.0" use="optional" xlink:arcrole="http://www.xbrl.org/2003/arcrole/parent-child" xlink:from="loc_37" xlink:to="loc_52" xlink:type="arc"/>
    <link:loc xlink:href="../ifrs-cor_2010-04-30.xsd#ifrs_TradeAndOtherCurrentPayablesToTradeSuppliers" xlink:label="loc_68" xlink:type="locator"/>
    <link:presentationArc order="10.0" use="optional" xlink:arcrole="http://www.xbrl.org/2003/arcrole/parent-child" xlink:from="loc_52" xlink:to="loc_68" xlink:type="arc"/>
    <link:loc xlink:href="../ifrs-cor_2010-04-30.xsd#ifrs_TradeAndOtherCurrentPayablesToRelatedParties" xlink:label="loc_69" xlink:type="locator"/>
    <link:presentationArc order="20.0" use="optional" xlink:arcrole="http://www.xbrl.org/2003/arcrole/parent-child" xlink:from="loc_52" xlink:to="loc_69" xlink:type="arc"/>
    <link:loc xlink:href="../ifrs-cor_2010-04-30.xsd#ifrs_DeferredIncomeClassifiedAsCurrent" xlink:label="loc_70" xlink:type="locator"/>
    <link:presentationArc order="30.0" use="optional" xlink:arcrole="http://www.xbrl.org/2003/arcrole/parent-child" xlink:from="loc_52" xlink:to="loc_70" xlink:type="arc"/>
    <link:loc xlink:href="../ifrs-cor_2010-04-30.xsd#ifrs_TradeAndOtherCurrentPayables" xlink:label="loc_72" xlink:type="locator"/>
    <link:presentationArc order="50.0" preferredLabel="http://www.xbrl.org/2003/role/totalLabel" use="optional" xlink:arcrole="http://www.xbrl.org/2003/arcrole/parent-child" xlink:from="loc_52" xlink:to="loc_72" xlink:type="arc"/>
    <link:loc xlink:href="../ifrs-cor_2010-04-30.xsd#ifrs_AccrualsClassifiedAsCurrent" xlink:label="loc_71" xlink:type="locator"/>
    <link:presentationArc order="40.0" use="optional" xlink:arcrole="http://www.xbrl.org/2003/arcrole/parent-child" xlink:from="loc_52" xlink:to="loc_71" xlink:type="arc"/>
    <link:loc xlink:href="../ifrs-cor_2010-04-30.xsd#ifrs_EquityAndLiabilities" xlink:label="loc_28" xlink:type="locator"/>
    <link:presentationArc order="30.0" preferredLabel="http://www.xbrl.org/2003/role/totalLabel" xlink:arcrole="http://www.xbrl.org/2003/arcrole/parent-child" xlink:from="loc_3" xlink:to="loc_28" xlink:type="arc"/>
  </link:presentationLink>
</link:linkbase>