<?xml version="1.0" encoding="UTF-8"?>
<!-- Generated by Fujitsu XWand B0184C -->
<!--
        Taxonomy: 2010-04-30 (Final)
        ********************** 
        Copyright © 2010 International Accounting Standards Committee (IASC) Foundation*
        All rights reserved.  No part of this publication may be translated, reprinted or reproduced 
        or utilised in any form either in whole or in part without prior permission in writing from the IASC Foundation.
        For more information on the IASC Foundation’s copyright, please refer to http://www.iasb.org/XBRL/Legal/
        **********************
        *To become IFRS Foundation
    -->
<link:linkbase xmlns:xsi="http://www.w3.org/2001/XMLSchema-instance" xsi:schemaLocation="http://www.xbrl.org/2006/ref http://www.xbrl.org/2006/ref-2006-02-27.xsd http://www.xbrl.org/2003/linkbase http://www.xbrl.org/2003/xbrl-linkbase-2003-12-31.xsd" xmlns:link="http://www.xbrl.org/2003/linkbase" xmlns:ref="http://www.xbrl.org/2006/ref" xmlns:xbrli="http://www.xbrl.org/2003/instance" xmlns:xlink="http://www.w3.org/1999/xlink">
  <link:roleRef roleURI="http://www.xbrl.org/2009/role/commonPracticeRef" xlink:type="simple" xlink:href="http://www.xbrl.org/lrr/role/reference-2009-12-16.xsd#commonPracticeRef"/>
  <link:referenceLink xlink:type="extended" xlink:role="http://www.xbrl.org/2003/role/link">
    <link:loc xlink:type="locator" xlink:href="../../ifrs-cor_2010-04-30.xsd#ifrs_RevenueFromInterest" xlink:label="loc_2"/>
    <link:reference xlink:type="resource" xlink:label="res" xlink:role="http://www.xbrl.org/2003/role/disclosureRef">
      <ref:Name>IFRS</ref:Name>
      <ref:Number>8</ref:Number>
      <ref:IssueDate>2010-01-01</ref:IssueDate>
      <ref:Paragraph>23</ref:Paragraph>
      <ref:Subparagraph>c</ref:Subparagraph>
      <ref:URI>http://eifrs.iasb.org/eifrs/XBRL?type=IFRS&amp;num=8&amp;date=2010-04-30&amp;anchor=para_23_c&amp;doctype=Standard</ref:URI>
      <ref:URIDate>2010-04-30</ref:URIDate>
    </link:reference>
    <link:referenceArc xlink:type="arc" xlink:arcrole="http://www.xbrl.org/2003/arcrole/concept-reference" xlink:from="loc_2" xlink:to="res"/>
    <link:reference xlink:type="resource" xlink:label="res_2" xlink:role="http://www.xbrl.org/2003/role/disclosureRef">
      <ref:Name>IFRS</ref:Name>
      <ref:Number>8</ref:Number>
      <ref:IssueDate>2010-01-01</ref:IssueDate>
      <ref:Paragraph>28</ref:Paragraph>
      <ref:Subparagraph>e</ref:Subparagraph>
      <ref:URI>http://eifrs.iasb.org/eifrs/XBRL?type=IFRS&amp;num=8&amp;date=2010-04-30&amp;anchor=para_28_e&amp;doctype=Standard</ref:URI>
      <ref:URIDate>2010-04-30</ref:URIDate>
    </link:reference>
    <link:referenceArc xlink:type="arc" xlink:arcrole="http://www.xbrl.org/2003/arcrole/concept-reference" xlink:from="loc_2" xlink:to="res_2"/>
    <link:loc xlink:type="locator" xlink:href="../../ifrs-cor_2010-04-30.xsd#ifrs_Revenue" xlink:label="loc_3"/>
    <link:reference xlink:type="resource" xlink:label="res_3" xlink:role="http://www.xbrl.org/2003/role/disclosureRef">
      <ref:Name>IFRS</ref:Name>
      <ref:Number>8</ref:Number>
      <ref:IssueDate>2010-01-01</ref:IssueDate>
      <ref:Paragraph>28</ref:Paragraph>
      <ref:Subparagraph>a</ref:Subparagraph>
      <ref:URI>http://eifrs.iasb.org/eifrs/XBRL?type=IFRS&amp;num=8&amp;date=2010-04-30&amp;anchor=para_28_a&amp;doctype=Standard</ref:URI>
      <ref:URIDate>2010-04-30</ref:URIDate>
    </link:reference>
    <link:referenceArc xlink:type="arc" xlink:arcrole="http://www.xbrl.org/2003/arcrole/concept-reference" xlink:from="loc_3" xlink:to="res_3"/>
    <link:loc xlink:type="locator" xlink:href="../../ifrs-cor_2010-04-30.xsd#ifrs_DepreciationAndAmortisationExpense" xlink:label="loc_5"/>
    <link:reference xlink:type="resource" xlink:label="res_4" xlink:role="http://www.xbrl.org/2003/role/disclosureRef">
      <ref:Name>IFRS</ref:Name>
      <ref:Number>8</ref:Number>
      <ref:IssueDate>2010-01-01</ref:IssueDate>
      <ref:Paragraph>23</ref:Paragraph>
      <ref:Subparagraph>e</ref:Subparagraph>
      <ref:URI>http://eifrs.iasb.org/eifrs/XBRL?type=IFRS&amp;num=8&amp;date=2010-04-30&amp;anchor=para_23_e&amp;doctype=Standard</ref:URI>
      <ref:URIDate>2010-04-30</ref:URIDate>
    </link:reference>
    <link:referenceArc xlink:type="arc" xlink:arcrole="http://www.xbrl.org/2003/arcrole/concept-reference" xlink:from="loc_5" xlink:to="res_4"/>
    <link:referenceArc xlink:type="arc" xlink:arcrole="http://www.xbrl.org/2003/arcrole/concept-reference" xlink:from="loc_5" xlink:to="res_2"/>
    <link:loc xlink:type="locator" xlink:href="../../ifrs-cor_2010-04-30.xsd#ifrs_InvestmentAccountedForUsingEquityMethod" xlink:label="loc_6"/>
    <link:reference xlink:type="resource" xlink:label="res_5" xlink:role="http://www.xbrl.org/2003/role/disclosureRef">
      <ref:Name>IFRS</ref:Name>
      <ref:Number>8</ref:Number>
      <ref:IssueDate>2010-01-01</ref:IssueDate>
      <ref:Paragraph>24</ref:Paragraph>
      <ref:Subparagraph>a</ref:Subparagraph>
      <ref:URI>http://eifrs.iasb.org/eifrs/XBRL?type=IFRS&amp;num=8&amp;date=2010-04-30&amp;anchor=para_24_a&amp;doctype=Standard</ref:URI>
      <ref:URIDate>2010-04-30</ref:URIDate>
    </link:reference>
    <link:referenceArc xlink:type="arc" xlink:arcrole="http://www.xbrl.org/2003/arcrole/concept-reference" xlink:from="loc_6" xlink:to="res_5"/>
    <link:referenceArc xlink:type="arc" xlink:arcrole="http://www.xbrl.org/2003/arcrole/concept-reference" xlink:from="loc_6" xlink:to="res_2"/>
    <link:loc xlink:type="locator" xlink:href="../../ifrs-cor_2010-04-30.xsd#ifrs_IncomeTaxExpense" xlink:label="loc_7"/>
    <link:reference xlink:type="resource" xlink:label="res_6" xlink:role="http://www.xbrl.org/2003/role/disclosureRef">
      <ref:Name>IFRS</ref:Name>
      <ref:Number>8</ref:Number>
      <ref:IssueDate>2010-01-01</ref:IssueDate>
      <ref:Paragraph>23</ref:Paragraph>
      <ref:Subparagraph>h</ref:Subparagraph>
      <ref:URI>http://eifrs.iasb.org/eifrs/XBRL?type=IFRS&amp;num=8&amp;date=2010-04-30&amp;anchor=para_23_h&amp;doctype=Standard</ref:URI>
      <ref:URIDate>2010-04-30</ref:URIDate>
    </link:reference>
    <link:referenceArc xlink:type="arc" xlink:arcrole="http://www.xbrl.org/2003/arcrole/concept-reference" xlink:from="loc_7" xlink:to="res_6"/>
    <link:referenceArc xlink:type="arc" xlink:arcrole="http://www.xbrl.org/2003/arcrole/concept-reference" xlink:from="loc_7" xlink:to="res_2"/>
    <link:loc xlink:type="locator" xlink:href="../../ifrs-cor_2010-04-30.xsd#ifrs_NoncurrentAssets" xlink:label="loc_8"/>
    <link:reference xlink:type="resource" xlink:label="res_9" xlink:role="http://www.xbrl.org/2003/role/disclosureRef">
      <ref:Name>IFRS</ref:Name>
      <ref:Number>8</ref:Number>
      <ref:IssueDate>2010-01-01</ref:IssueDate>
      <ref:Paragraph>33</ref:Paragraph>
      <ref:Subparagraph>b</ref:Subparagraph>
      <ref:URI>http://eifrs.iasb.org/eifrs/XBRL?type=IFRS&amp;num=8&amp;date=2010-04-30&amp;anchor=para_33_b&amp;doctype=Standard</ref:URI>
      <ref:URIDate>2010-04-30</ref:URIDate>
    </link:reference>
    <link:referenceArc xlink:type="arc" xlink:arcrole="http://www.xbrl.org/2003/arcrole/concept-reference" xlink:from="loc_8" xlink:to="res_9"/>
    <link:loc xlink:type="locator" xlink:href="../../ifrs-cor_2010-04-30.xsd#ifrs_Assets" xlink:label="loc_9"/>
    <link:reference xlink:type="resource" xlink:label="res_10" xlink:role="http://www.xbrl.org/2003/role/disclosureRef">
      <ref:Name>IFRS</ref:Name>
      <ref:Number>8</ref:Number>
      <ref:IssueDate>2010-01-01</ref:IssueDate>
      <ref:Paragraph>28</ref:Paragraph>
      <ref:Subparagraph>c</ref:Subparagraph>
      <ref:URI>http://eifrs.iasb.org/eifrs/XBRL?type=IFRS&amp;num=8&amp;date=2010-04-30&amp;anchor=para_28_c&amp;doctype=Standard</ref:URI>
      <ref:URIDate>2010-04-30</ref:URIDate>
    </link:reference>
    <link:referenceArc xlink:type="arc" xlink:arcrole="http://www.xbrl.org/2003/arcrole/concept-reference" xlink:from="loc_9" xlink:to="res_10"/>
    <link:reference xlink:type="resource" xlink:label="res_8" xlink:role="http://www.xbrl.org/2003/role/disclosureRef">
      <ref:Name>IFRS</ref:Name>
      <ref:Number>8</ref:Number>
      <ref:IssueDate>2010-01-01</ref:IssueDate>
      <ref:Paragraph>23</ref:Paragraph>
      <ref:URI>http://eifrs.iasb.org/eifrs/XBRL?type=IFRS&amp;num=8&amp;date=2010-04-30&amp;anchor=para_23&amp;doctype=Standard</ref:URI>
      <ref:URIDate>2010-04-30</ref:URIDate>
    </link:reference>
    <link:referenceArc xlink:type="arc" xlink:arcrole="http://www.xbrl.org/2003/arcrole/concept-reference" xlink:from="loc_9" xlink:to="res_8"/>
    <link:loc xlink:type="locator" xlink:href="../../ifrs-cor_2010-04-30.xsd#ifrs_Liabilities" xlink:label="loc_10"/>
    <link:reference xlink:type="resource" xlink:label="res_12" xlink:role="http://www.xbrl.org/2003/role/disclosureRef">
      <ref:Name>IFRS</ref:Name>
      <ref:Number>8</ref:Number>
      <ref:IssueDate>2010-01-01</ref:IssueDate>
      <ref:Paragraph>28</ref:Paragraph>
      <ref:Subparagraph>d</ref:Subparagraph>
      <ref:URI>http://eifrs.iasb.org/eifrs/XBRL?type=IFRS&amp;num=8&amp;date=2010-04-30&amp;anchor=para_28_d&amp;doctype=Standard</ref:URI>
      <ref:URIDate>2010-04-30</ref:URIDate>
    </link:reference>
    <link:referenceArc xlink:type="arc" xlink:arcrole="http://www.xbrl.org/2003/arcrole/concept-reference" xlink:from="loc_10" xlink:to="res_12"/>
    <link:referenceArc xlink:type="arc" xlink:arcrole="http://www.xbrl.org/2003/arcrole/concept-reference" xlink:from="loc_10" xlink:to="res_8"/>
    <link:loc xlink:type="locator" xlink:href="../../ifrs-cor_2010-04-30.xsd#ifrs_ProfitLoss" xlink:label="loc_11"/>
    <link:reference xlink:type="resource" xlink:label="res_7" xlink:role="http://www.xbrl.org/2003/role/disclosureRef">
      <ref:Name>IFRS</ref:Name>
      <ref:Number>8</ref:Number>
      <ref:IssueDate>2010-01-01</ref:IssueDate>
      <ref:Paragraph>28</ref:Paragraph>
      <ref:Subparagraph>b</ref:Subparagraph>
      <ref:URI>http://eifrs.iasb.org/eifrs/XBRL?type=IFRS&amp;num=8&amp;date=2010-04-30&amp;anchor=para_28_b&amp;doctype=Standard</ref:URI>
      <ref:URIDate>2010-04-30</ref:URIDate>
    </link:reference>
    <link:referenceArc xlink:type="arc" xlink:arcrole="http://www.xbrl.org/2003/arcrole/concept-reference" xlink:from="loc_11" xlink:to="res_7"/>
    <link:referenceArc xlink:type="arc" xlink:arcrole="http://www.xbrl.org/2003/arcrole/concept-reference" xlink:from="loc_11" xlink:to="res_8"/>
    <link:loc xlink:type="locator" xlink:href="../../ifrs-cor_2010-04-30.xsd#ifrs_EntitysInterestInProfitOrLossOfAssociatesAndJointVenturersAccountedForByEquityMethod" xlink:label="loc_12"/>
    <link:reference xlink:type="resource" xlink:label="res_13" xlink:role="http://www.xbrl.org/2003/role/disclosureRef">
      <ref:Name>IFRS</ref:Name>
      <ref:Number>8</ref:Number>
      <ref:IssueDate>2010-01-01</ref:IssueDate>
      <ref:Paragraph>23</ref:Paragraph>
      <ref:Subparagraph>g</ref:Subparagraph>
      <ref:URI>http://eifrs.iasb.org/eifrs/XBRL?type=IFRS&amp;num=8&amp;date=2010-04-30&amp;anchor=para_23_g&amp;doctype=Standard</ref:URI>
      <ref:URIDate>2010-04-30</ref:URIDate>
    </link:reference>
    <link:referenceArc xlink:type="arc" xlink:arcrole="http://www.xbrl.org/2003/arcrole/concept-reference" xlink:from="loc_12" xlink:to="res_13"/>
    <link:referenceArc xlink:type="arc" xlink:arcrole="http://www.xbrl.org/2003/arcrole/concept-reference" xlink:from="loc_12" xlink:to="res_2"/>
    <link:loc xlink:type="locator" xlink:href="../../ifrs-cor_2010-04-30.xsd#ifrs_OtherMaterialItemsOfIncomeExpense" xlink:label="loc_13"/>
    <link:reference xlink:type="resource" xlink:label="res_14" xlink:role="http://www.xbrl.org/2003/role/disclosureRef">
      <ref:Name>IFRS</ref:Name>
      <ref:Number>8</ref:Number>
      <ref:IssueDate>2010-01-01</ref:IssueDate>
      <ref:Paragraph>23</ref:Paragraph>
      <ref:Subparagraph>f</ref:Subparagraph>
      <ref:URI>http://eifrs.iasb.org/eifrs/XBRL?type=IFRS&amp;num=8&amp;date=2010-04-30&amp;anchor=para_23_f&amp;doctype=Standard</ref:URI>
      <ref:URIDate>2010-04-30</ref:URIDate>
    </link:reference>
    <link:referenceArc xlink:type="arc" xlink:arcrole="http://www.xbrl.org/2003/arcrole/concept-reference" xlink:from="loc_13" xlink:to="res_14"/>
    <link:referenceArc xlink:type="arc" xlink:arcrole="http://www.xbrl.org/2003/arcrole/concept-reference" xlink:from="loc_13" xlink:to="res_2"/>
    <link:loc xlink:type="locator" xlink:href="../../ifrs-cor_2010-04-30.xsd#ifrs_OtherMaterialNoncashItems" xlink:label="loc_14"/>
    <link:reference xlink:type="resource" xlink:label="res_16" xlink:role="http://www.xbrl.org/2003/role/disclosureRef">
      <ref:Name>IFRS</ref:Name>
      <ref:Number>8</ref:Number>
      <ref:IssueDate>2010-01-01</ref:IssueDate>
      <ref:Paragraph>23</ref:Paragraph>
      <ref:Subparagraph>i</ref:Subparagraph>
      <ref:URI>http://eifrs.iasb.org/eifrs/XBRL?type=IFRS&amp;num=8&amp;date=2010-04-30&amp;anchor=para_23_i&amp;doctype=Standard</ref:URI>
      <ref:URIDate>2010-04-30</ref:URIDate>
    </link:reference>
    <link:referenceArc xlink:type="arc" xlink:arcrole="http://www.xbrl.org/2003/arcrole/concept-reference" xlink:from="loc_14" xlink:to="res_16"/>
    <link:referenceArc xlink:type="arc" xlink:arcrole="http://www.xbrl.org/2003/arcrole/concept-reference" xlink:from="loc_14" xlink:to="res_2"/>
    <link:loc xlink:type="locator" xlink:href="../../ifrs-cor_2010-04-30.xsd#ifrs_InterestExpense" xlink:label="loc_15"/>
    <link:reference xlink:type="resource" xlink:label="res_17" xlink:role="http://www.xbrl.org/2003/role/disclosureRef">
      <ref:Name>IFRS</ref:Name>
      <ref:Number>8</ref:Number>
      <ref:IssueDate>2010-01-01</ref:IssueDate>
      <ref:Paragraph>23</ref:Paragraph>
      <ref:Subparagraph>d</ref:Subparagraph>
      <ref:URI>http://eifrs.iasb.org/eifrs/XBRL?type=IFRS&amp;num=8&amp;date=2010-04-30&amp;anchor=para_23_d&amp;doctype=Standard</ref:URI>
      <ref:URIDate>2010-04-30</ref:URIDate>
    </link:reference>
    <link:referenceArc xlink:type="arc" xlink:arcrole="http://www.xbrl.org/2003/arcrole/concept-reference" xlink:from="loc_15" xlink:to="res_17"/>
    <link:referenceArc xlink:type="arc" xlink:arcrole="http://www.xbrl.org/2003/arcrole/concept-reference" xlink:from="loc_15" xlink:to="res_2"/>
    <link:loc xlink:type="locator" xlink:href="../../ifrs-cor_2010-04-30.xsd#ifrs_InterestRevenueExpense" xlink:label="loc_16"/>
    <link:referenceArc xlink:type="arc" xlink:arcrole="http://www.xbrl.org/2003/arcrole/concept-reference" xlink:from="loc_16" xlink:to="res_2"/>
    <link:referenceArc xlink:type="arc" xlink:arcrole="http://www.xbrl.org/2003/arcrole/concept-reference" xlink:from="loc_16" xlink:to="res_8"/>
    <link:loc xlink:type="locator" xlink:href="../../ifrs-cor_2010-04-30.xsd#ifrs_AdditionsToNoncurrentAssets" xlink:label="loc_17"/>
    <link:reference xlink:type="resource" xlink:label="res_19" xlink:role="http://www.xbrl.org/2003/role/disclosureRef">
      <ref:Name>IFRS</ref:Name>
      <ref:Number>8</ref:Number>
      <ref:IssueDate>2010-01-01</ref:IssueDate>
      <ref:Paragraph>24</ref:Paragraph>
      <ref:Subparagraph>b</ref:Subparagraph>
      <ref:URI>http://eifrs.iasb.org/eifrs/XBRL?type=IFRS&amp;num=8&amp;date=2010-04-30&amp;anchor=para_24_b&amp;doctype=Standard</ref:URI>
      <ref:URIDate>2010-04-30</ref:URIDate>
    </link:reference>
    <link:referenceArc xlink:type="arc" xlink:arcrole="http://www.xbrl.org/2003/arcrole/concept-reference" xlink:from="loc_17" xlink:to="res_19"/>
    <link:referenceArc xlink:type="arc" xlink:arcrole="http://www.xbrl.org/2003/arcrole/concept-reference" xlink:from="loc_17" xlink:to="res_2"/>
    <link:loc xlink:type="locator" xlink:href="../../ifrs-cor_2010-04-30.xsd#ifrs_DisclosureOfProductsAndServicesTable" xlink:label="loc_18"/>
    <link:reference xlink:type="resource" xlink:label="res_21" xlink:role="http://www.xbrl.org/2003/role/disclosureRef">
      <ref:Name>IFRS</ref:Name>
      <ref:Number>8</ref:Number>
      <ref:IssueDate>2010-01-01</ref:IssueDate>
      <ref:Paragraph>32</ref:Paragraph>
      <ref:URI>http://eifrs.iasb.org/eifrs/XBRL?type=IFRS&amp;num=8&amp;date=2010-04-30&amp;anchor=para_32&amp;doctype=Standard</ref:URI>
      <ref:URIDate>2010-04-30</ref:URIDate>
    </link:reference>
    <link:referenceArc xlink:type="arc" xlink:arcrole="http://www.xbrl.org/2003/arcrole/concept-reference" xlink:from="loc_18" xlink:to="res_21"/>
    <link:loc xlink:type="locator" xlink:href="../../ifrs-cor_2010-04-30.xsd#ifrs_GeographicalAreasMember" xlink:label="loc_25"/>
    <link:reference xlink:type="resource" xlink:label="res_23" xlink:role="http://www.xbrl.org/2003/role/disclosureRef">
      <ref:Name>IFRS</ref:Name>
      <ref:Number>8</ref:Number>
      <ref:IssueDate>2010-01-01</ref:IssueDate>
      <ref:Paragraph>33</ref:Paragraph>
      <ref:URI>http://eifrs.iasb.org/eifrs/XBRL?type=IFRS&amp;num=8&amp;date=2010-04-30&amp;anchor=para_33&amp;doctype=Standard</ref:URI>
      <ref:URIDate>2010-04-30</ref:URIDate>
    </link:reference>
    <link:referenceArc xlink:type="arc" xlink:arcrole="http://www.xbrl.org/2003/arcrole/concept-reference" xlink:from="loc_25" xlink:to="res_23"/>
    <link:loc xlink:type="locator" xlink:href="../../ifrs-cor_2010-04-30.xsd#ifrs_MajorCustomersAxis" xlink:label="loc_29"/>
    <link:reference xlink:type="resource" xlink:label="res_25" xlink:role="http://www.xbrl.org/2003/role/disclosureRef">
      <ref:Name>IFRS</ref:Name>
      <ref:Number>8</ref:Number>
      <ref:IssueDate>2010-01-01</ref:IssueDate>
      <ref:Paragraph>34</ref:Paragraph>
      <ref:URI>http://eifrs.iasb.org/eifrs/XBRL?type=IFRS&amp;num=8&amp;date=2010-04-30&amp;anchor=para_34&amp;doctype=Standard</ref:URI>
      <ref:URIDate>2010-04-30</ref:URIDate>
    </link:reference>
    <link:referenceArc xlink:type="arc" xlink:arcrole="http://www.xbrl.org/2003/arcrole/concept-reference" xlink:from="loc_29" xlink:to="res_25"/>
    <link:loc xlink:type="locator" xlink:href="../../ifrs-cor_2010-04-30.xsd#ifrs_FactorsUsedToIdentifyEntitysReportableSegments" xlink:label="loc_19"/>
    <link:reference xlink:type="resource" xlink:label="res_26" xlink:role="http://www.xbrl.org/2003/role/disclosureRef">
      <ref:Name>IFRS</ref:Name>
      <ref:Number>8</ref:Number>
      <ref:IssueDate>2010-01-01</ref:IssueDate>
      <ref:Paragraph>22</ref:Paragraph>
      <ref:Subparagraph>a</ref:Subparagraph>
      <ref:URI>http://eifrs.iasb.org/eifrs/XBRL?type=IFRS&amp;num=8&amp;date=2010-04-30&amp;anchor=para_22_a&amp;doctype=Standard</ref:URI>
      <ref:URIDate>2010-04-30</ref:URIDate>
    </link:reference>
    <link:referenceArc xlink:type="arc" xlink:arcrole="http://www.xbrl.org/2003/arcrole/concept-reference" xlink:from="loc_19" xlink:to="res_26"/>
    <link:loc xlink:type="locator" xlink:href="../../ifrs-cor_2010-04-30.xsd#ifrs_DescriptionOfTypesOfProductsAndServicesFromWhichEachReportableSegmentDerivesItsRevenues" xlink:label="loc_20"/>
    <link:reference xlink:type="resource" xlink:label="res_27" xlink:role="http://www.xbrl.org/2003/role/disclosureRef">
      <ref:Name>IFRS</ref:Name>
      <ref:Number>8</ref:Number>
      <ref:IssueDate>2010-01-01</ref:IssueDate>
      <ref:Paragraph>22</ref:Paragraph>
      <ref:Subparagraph>b</ref:Subparagraph>
      <ref:URI>http://eifrs.iasb.org/eifrs/XBRL?type=IFRS&amp;num=8&amp;date=2010-04-30&amp;anchor=para_22_b&amp;doctype=Standard</ref:URI>
      <ref:URIDate>2010-04-30</ref:URIDate>
    </link:reference>
    <link:referenceArc xlink:type="arc" xlink:arcrole="http://www.xbrl.org/2003/arcrole/concept-reference" xlink:from="loc_20" xlink:to="res_27"/>
    <link:loc xlink:type="locator" xlink:href="../../ifrs-cor_2010-04-30.xsd#ifrs_RevenuesFromExternalCustomers" xlink:label="loc_22"/>
    <link:reference xlink:type="resource" xlink:label="res_28" xlink:role="http://www.xbrl.org/2003/role/disclosureRef">
      <ref:Name>IFRS</ref:Name>
      <ref:Number>8</ref:Number>
      <ref:IssueDate>2010-01-01</ref:IssueDate>
      <ref:Paragraph>23</ref:Paragraph>
      <ref:Subparagraph>a</ref:Subparagraph>
      <ref:URI>http://eifrs.iasb.org/eifrs/XBRL?type=IFRS&amp;num=8&amp;date=2010-04-30&amp;anchor=para_23_a&amp;doctype=Standard</ref:URI>
      <ref:URIDate>2010-04-30</ref:URIDate>
    </link:reference>
    <link:referenceArc xlink:type="arc" xlink:arcrole="http://www.xbrl.org/2003/arcrole/concept-reference" xlink:from="loc_22" xlink:to="res_28"/>
    <link:referenceArc xlink:type="arc" xlink:arcrole="http://www.xbrl.org/2003/arcrole/concept-reference" xlink:from="loc_22" xlink:to="res_21"/>
    <link:referenceArc xlink:type="arc" xlink:arcrole="http://www.xbrl.org/2003/arcrole/concept-reference" xlink:from="loc_22" xlink:to="res_25"/>
    <link:reference xlink:type="resource" xlink:label="res_29" xlink:role="http://www.xbrl.org/2003/role/disclosureRef">
      <ref:Name>IFRS</ref:Name>
      <ref:Number>8</ref:Number>
      <ref:IssueDate>2010-01-01</ref:IssueDate>
      <ref:Paragraph>33</ref:Paragraph>
      <ref:Subparagraph>a</ref:Subparagraph>
      <ref:URI>http://eifrs.iasb.org/eifrs/XBRL?type=IFRS&amp;num=8&amp;date=2010-04-30&amp;anchor=para_33_a&amp;doctype=Standard</ref:URI>
      <ref:URIDate>2010-04-30</ref:URIDate>
    </link:reference>
    <link:referenceArc xlink:type="arc" xlink:arcrole="http://www.xbrl.org/2003/arcrole/concept-reference" xlink:from="loc_22" xlink:to="res_29"/>
    <link:loc xlink:type="locator" xlink:href="../../ifrs-cor_2010-04-30.xsd#ifrs_ExplanationOfNecessaryInformationNotAvailableAndDevelopmentCostExcessive" xlink:label="loc_26"/>
    <link:referenceArc xlink:type="arc" xlink:arcrole="http://www.xbrl.org/2003/arcrole/concept-reference" xlink:from="loc_26" xlink:to="res_21"/>
    <link:referenceArc xlink:type="arc" xlink:arcrole="http://www.xbrl.org/2003/arcrole/concept-reference" xlink:from="loc_26" xlink:to="res_23"/>
    <link:loc xlink:type="locator" xlink:href="../../ifrs-cor_2010-04-30.xsd#ifrs_ExplanationOfApplicationOfIFRS8Before1January2009" xlink:label="loc_27"/>
    <link:reference xlink:type="resource" xlink:label="res_31" xlink:role="http://www.xbrl.org/2003/role/disclosureRef">
      <ref:Name>IFRS</ref:Name>
      <ref:Number>8</ref:Number>
      <ref:IssueDate>2010-01-01</ref:IssueDate>
      <ref:Paragraph>35</ref:Paragraph>
      <ref:URI>http://eifrs.iasb.org/eifrs/XBRL?type=IFRS&amp;num=8&amp;date=2010-04-30&amp;anchor=para_35&amp;doctype=Standard</ref:URI>
      <ref:URIDate>2010-04-30</ref:URIDate>
    </link:reference>
    <link:referenceArc xlink:type="arc" xlink:arcrole="http://www.xbrl.org/2003/arcrole/concept-reference" xlink:from="loc_27" xlink:to="res_31"/>
    <link:loc xlink:type="locator" xlink:href="../../ifrs-cor_2010-04-30.xsd#ifrs_RevenuesFromTransactionsWithOtherOperatingSegmentsOfSameEntity" xlink:label="loc_28"/>
    <link:reference xlink:type="resource" xlink:label="res_32" xlink:role="http://www.xbrl.org/2003/role/disclosureRef">
      <ref:Name>IFRS</ref:Name>
      <ref:Number>8</ref:Number>
      <ref:IssueDate>2010-01-01</ref:IssueDate>
      <ref:Paragraph>23</ref:Paragraph>
      <ref:Subparagraph>b</ref:Subparagraph>
      <ref:URI>http://eifrs.iasb.org/eifrs/XBRL?type=IFRS&amp;num=8&amp;date=2010-04-30&amp;anchor=para_23_b&amp;doctype=Standard</ref:URI>
      <ref:URIDate>2010-04-30</ref:URIDate>
    </link:reference>
    <link:referenceArc xlink:type="arc" xlink:arcrole="http://www.xbrl.org/2003/arcrole/concept-reference" xlink:from="loc_28" xlink:to="res_32"/>
    <link:loc xlink:type="locator" xlink:href="../../ifrs-cor_2010-04-30.xsd#ifrs_AllOtherSegmentsMember" xlink:label="loc_30"/>
    <link:reference xlink:type="resource" xlink:label="res_34" xlink:role="http://www.xbrl.org/2003/role/disclosureRef">
      <ref:Name>IFRS</ref:Name>
      <ref:Number>8</ref:Number>
      <ref:IssueDate>2010-01-01</ref:IssueDate>
      <ref:Paragraph>16</ref:Paragraph>
      <ref:URI>http://eifrs.iasb.org/eifrs/XBRL?type=IFRS&amp;num=8&amp;date=2010-04-30&amp;anchor=para_16&amp;doctype=Standard</ref:URI>
      <ref:URIDate>2010-04-30</ref:URIDate>
    </link:reference>
    <link:referenceArc xlink:type="arc" xlink:arcrole="http://www.xbrl.org/2003/arcrole/concept-reference" xlink:from="loc_30" xlink:to="res_34"/>
    <link:loc xlink:type="locator" xlink:href="../../ifrs-cor_2010-04-30.xsd#ifrs_OperatingSegmentsMember" xlink:label="loc_31"/>
    <link:reference xlink:type="resource" xlink:label="res_36" xlink:role="http://www.xbrl.org/2003/role/disclosureRef">
      <ref:Name>IFRS</ref:Name>
      <ref:Number>8</ref:Number>
      <ref:IssueDate>2010-01-01</ref:IssueDate>
      <ref:Paragraph>28</ref:Paragraph>
      <ref:URI>http://eifrs.iasb.org/eifrs/XBRL?type=IFRS&amp;num=8&amp;date=2010-04-30&amp;anchor=para_28&amp;doctype=Standard</ref:URI>
      <ref:URIDate>2010-04-30</ref:URIDate>
    </link:reference>
    <link:referenceArc xlink:type="arc" xlink:arcrole="http://www.xbrl.org/2003/arcrole/concept-reference" xlink:from="loc_31" xlink:to="res_36"/>
    <link:loc xlink:type="locator" xlink:href="../../ifrs-cor_2010-04-30.xsd#ifrs_DescriptionOfBasisOfAccountingForTransactionsBetweenReportableSegments" xlink:label="loc_32"/>
    <link:reference xlink:type="resource" xlink:label="res_37" xlink:role="http://www.xbrl.org/2003/role/disclosureRef">
      <ref:Name>IFRS</ref:Name>
      <ref:Number>8</ref:Number>
      <ref:IssueDate>2010-01-01</ref:IssueDate>
      <ref:Paragraph>27</ref:Paragraph>
      <ref:Subparagraph>a</ref:Subparagraph>
      <ref:URI>http://eifrs.iasb.org/eifrs/XBRL?type=IFRS&amp;num=8&amp;date=2010-04-30&amp;anchor=para_27_a&amp;doctype=Standard</ref:URI>
      <ref:URIDate>2010-04-30</ref:URIDate>
    </link:reference>
    <link:referenceArc xlink:type="arc" xlink:arcrole="http://www.xbrl.org/2003/arcrole/concept-reference" xlink:from="loc_32" xlink:to="res_37"/>
    <link:loc xlink:type="locator" xlink:href="../../ifrs-cor_2010-04-30.xsd#ifrs_DescriptionOfNatureOfDifferencesBetweenMeasurementsOfReportableSegmentsProfitsOrLossesAndEntitysProfitOrLossBeforeIncomeTaxExpenseOrIncomeAndDiscontinuedOperations" xlink:label="loc_33"/>
    <link:reference xlink:type="resource" xlink:label="res_38" xlink:role="http://www.xbrl.org/2003/role/disclosureRef">
      <ref:Name>IFRS</ref:Name>
      <ref:Number>8</ref:Number>
      <ref:IssueDate>2010-01-01</ref:IssueDate>
      <ref:Paragraph>27</ref:Paragraph>
      <ref:Subparagraph>b</ref:Subparagraph>
      <ref:URI>http://eifrs.iasb.org/eifrs/XBRL?type=IFRS&amp;num=8&amp;date=2010-04-30&amp;anchor=para_27_b&amp;doctype=Standard</ref:URI>
      <ref:URIDate>2010-04-30</ref:URIDate>
    </link:reference>
    <link:referenceArc xlink:type="arc" xlink:arcrole="http://www.xbrl.org/2003/arcrole/concept-reference" xlink:from="loc_33" xlink:to="res_38"/>
    <link:loc xlink:type="locator" xlink:href="../../ifrs-cor_2010-04-30.xsd#ifrs_DescriptionOfNatureOfDifferencesBetweenMeasurementsOfReportableSegmentsAssetsAndEntitysAssets" xlink:label="loc_34"/>
    <link:reference xlink:type="resource" xlink:label="res_42" xlink:role="http://www.xbrl.org/2003/role/disclosureRef">
      <ref:Name>IFRS</ref:Name>
      <ref:Number>8</ref:Number>
      <ref:IssueDate>2010-01-01</ref:IssueDate>
      <ref:Paragraph>27</ref:Paragraph>
      <ref:Subparagraph>c</ref:Subparagraph>
      <ref:URI>http://eifrs.iasb.org/eifrs/XBRL?type=IFRS&amp;num=8&amp;date=2010-04-30&amp;anchor=para_27_c&amp;doctype=Standard</ref:URI>
      <ref:URIDate>2010-04-30</ref:URIDate>
    </link:reference>
    <link:referenceArc xlink:type="arc" xlink:arcrole="http://www.xbrl.org/2003/arcrole/concept-reference" xlink:from="loc_34" xlink:to="res_42"/>
    <link:loc xlink:type="locator" xlink:href="../../ifrs-cor_2010-04-30.xsd#ifrs_DescriptionOfNatureOfDifferencesBetweenMeasurementsOfReportableSegmentsLiabilitiesAndEntitysLiabilities" xlink:label="loc_37"/>
    <link:reference xlink:type="resource" xlink:label="res_43" xlink:role="http://www.xbrl.org/2003/role/disclosureRef">
      <ref:Name>IFRS</ref:Name>
      <ref:Number>8</ref:Number>
      <ref:IssueDate>2010-01-01</ref:IssueDate>
      <ref:Paragraph>27</ref:Paragraph>
      <ref:Subparagraph>d</ref:Subparagraph>
      <ref:URI>http://eifrs.iasb.org/eifrs/XBRL?type=IFRS&amp;num=8&amp;date=2010-04-30&amp;anchor=para_27_d&amp;doctype=Standard</ref:URI>
      <ref:URIDate>2010-04-30</ref:URIDate>
    </link:reference>
    <link:referenceArc xlink:type="arc" xlink:arcrole="http://www.xbrl.org/2003/arcrole/concept-reference" xlink:from="loc_37" xlink:to="res_43"/>
    <link:loc xlink:type="locator" xlink:href="../../ifrs-cor_2010-04-30.xsd#ifrs_DescriptionOfNatureOfChangesFromPriorPeriodsInMeasurementMethodsUsedToDetermineReportedSegmentProfitOrLossAndEffectOfThoseChangesOnMeasureOfSegmentProfitOrLoss" xlink:label="loc_44"/>
    <link:reference xlink:type="resource" xlink:label="res_44" xlink:role="http://www.xbrl.org/2003/role/disclosureRef">
      <ref:Name>IFRS</ref:Name>
      <ref:Number>8</ref:Number>
      <ref:IssueDate>2010-01-01</ref:IssueDate>
      <ref:Paragraph>27</ref:Paragraph>
      <ref:Subparagraph>e</ref:Subparagraph>
      <ref:URI>http://eifrs.iasb.org/eifrs/XBRL?type=IFRS&amp;num=8&amp;date=2010-04-30&amp;anchor=para_27_e&amp;doctype=Standard</ref:URI>
      <ref:URIDate>2010-04-30</ref:URIDate>
    </link:reference>
    <link:referenceArc xlink:type="arc" xlink:arcrole="http://www.xbrl.org/2003/arcrole/concept-reference" xlink:from="loc_44" xlink:to="res_44"/>
    <link:loc xlink:type="locator" xlink:href="../../ifrs-cor_2010-04-30.xsd#ifrs_DescriptionOfNatureAndEffectOfAnyAsymmetricalAllocationsToReportableSegments" xlink:label="loc_45"/>
    <link:reference xlink:type="resource" xlink:label="res_45" xlink:role="http://www.xbrl.org/2003/role/disclosureRef">
      <ref:Name>IFRS</ref:Name>
      <ref:Number>8</ref:Number>
      <ref:IssueDate>2010-01-01</ref:IssueDate>
      <ref:Paragraph>27</ref:Paragraph>
      <ref:Subparagraph>f</ref:Subparagraph>
      <ref:URI>http://eifrs.iasb.org/eifrs/XBRL?type=IFRS&amp;num=8&amp;date=2010-04-30&amp;anchor=para_27_f&amp;doctype=Standard</ref:URI>
      <ref:URIDate>2010-04-30</ref:URIDate>
    </link:reference>
    <link:referenceArc xlink:type="arc" xlink:arcrole="http://www.xbrl.org/2003/arcrole/concept-reference" xlink:from="loc_45" xlink:to="res_45"/>
    <link:loc xlink:type="locator" xlink:href="../../ifrs-cor_2010-04-30.xsd#ifrs_CountryOfDomicileMember" xlink:label="loc_47"/>
    <link:referenceArc xlink:type="arc" xlink:arcrole="http://www.xbrl.org/2003/arcrole/concept-reference" xlink:from="loc_47" xlink:to="res_9"/>
    <link:referenceArc xlink:type="arc" xlink:arcrole="http://www.xbrl.org/2003/arcrole/concept-reference" xlink:from="loc_47" xlink:to="res_29"/>
    <link:loc xlink:type="locator" xlink:href="../../ifrs-cor_2010-04-30.xsd#ifrs_ForeignCountriesMember" xlink:label="loc_49"/>
    <link:referenceArc xlink:type="arc" xlink:arcrole="http://www.xbrl.org/2003/arcrole/concept-reference" xlink:from="loc_49" xlink:to="res_9"/>
    <link:referenceArc xlink:type="arc" xlink:arcrole="http://www.xbrl.org/2003/arcrole/concept-reference" xlink:from="loc_49" xlink:to="res_29"/>
    <link:loc xlink:type="locator" xlink:href="../../ifrs-cor_2010-04-30.xsd#ifrs_ExplanationOfInterestRevenueReportedNetOfInterestExpense" xlink:label="loc_24"/>
    <link:referenceArc xlink:type="arc" xlink:arcrole="http://www.xbrl.org/2003/arcrole/concept-reference" xlink:from="loc_24" xlink:to="res_8"/>
    <link:loc xlink:type="locator" xlink:href="../../ifrs-cor_2010-04-30.xsd#ifrs_OperatingSegmentsAxis" xlink:label="loc_40"/>
    <link:referenceArc xlink:type="arc" xlink:arcrole="http://www.xbrl.org/2003/arcrole/concept-reference" xlink:from="loc_40" xlink:to="res_8"/>
    <link:loc xlink:type="locator" xlink:href="../../ifrs-cor_2010-04-30.xsd#ifrs_DisclosureOfOperatingSegmentsTable" xlink:label="loc_50"/>
    <link:referenceArc xlink:type="arc" xlink:arcrole="http://www.xbrl.org/2003/arcrole/concept-reference" xlink:from="loc_50" xlink:to="res_8"/>
    <link:loc xlink:type="locator" xlink:href="../../ifrs-cor_2010-04-30.xsd#ifrs_ReportableSegmentsMember" xlink:label="loc_42"/>
    <link:referenceArc xlink:type="arc" xlink:arcrole="http://www.xbrl.org/2003/arcrole/concept-reference" xlink:from="loc_42" xlink:to="res_8"/>
    <link:loc xlink:type="locator" xlink:href="../../ifrs-cor_2010-04-30.xsd#ifrs_DisclosureOfOperatingSegmentsExplanatory" xlink:label="loc_54"/>
    <link:referenceArc xlink:type="arc" xlink:arcrole="http://www.xbrl.org/2003/arcrole/concept-reference" xlink:from="loc_54" xlink:to="res_8"/>
    <link:loc xlink:type="locator" xlink:href="../../ifrs-cor_2010-04-30.xsd#ifrs_AdditionalInformationAboutEntitysReportableSegments" xlink:label="loc_39"/>
    <link:reference xlink:type="resource" xlink:label="res_46" xlink:role="http://www.xbrl.org/2003/role/disclosureRef">
      <ref:Name>IFRS</ref:Name>
      <ref:Number>8</ref:Number>
      <ref:IssueDate>2010-01-01</ref:IssueDate>
      <ref:Section>Disclosure</ref:Section>
      <ref:URI>http://eifrs.iasb.org/eifrs/XBRL?type=IFRS&amp;num=8&amp;date=2010-04-30&amp;anchor=sect_Disclosure&amp;doctype=Standard</ref:URI>
      <ref:URIDate>2010-04-30</ref:URIDate>
    </link:reference>
    <link:referenceArc xlink:type="arc" xlink:arcrole="http://www.xbrl.org/2003/arcrole/concept-reference" xlink:from="loc_39" xlink:to="res_46"/>
    <link:loc xlink:type="locator" xlink:href="../../ifrs-cor_2010-04-30.xsd#ifrs_DisclosureOfEntitysReportableSegmentsExplanatory" xlink:label="loc"/>
    <link:referenceArc xlink:type="arc" xlink:arcrole="http://www.xbrl.org/2003/arcrole/concept-reference" xlink:from="loc" xlink:to="res_46"/>
    <link:loc xlink:type="locator" xlink:href="../../ifrs-cor_2010-04-30.xsd#ifrs_DisclosureOfSegmentsMajorCustomersExplanatory" xlink:label="loc_4"/>
    <link:referenceArc xlink:type="arc" xlink:arcrole="http://www.xbrl.org/2003/arcrole/concept-reference" xlink:from="loc_4" xlink:to="res_25"/>
    <link:loc xlink:type="locator" xlink:href="../../ifrs-cor_2010-04-30.xsd#ifrs_ProductsAndServicesAxis" xlink:label="loc_46"/>
    <link:referenceArc xlink:type="arc" xlink:arcrole="http://www.xbrl.org/2003/arcrole/concept-reference" xlink:from="loc_46" xlink:to="res_21"/>
    <link:loc xlink:type="locator" xlink:href="../../ifrs-cor_2010-04-30.xsd#ifrs_ProductsAndServicesMember" xlink:label="loc_48"/>
    <link:referenceArc xlink:type="arc" xlink:arcrole="http://www.xbrl.org/2003/arcrole/concept-reference" xlink:from="loc_48" xlink:to="res_21"/>
    <link:loc xlink:type="locator" xlink:href="../../ifrs-cor_2010-04-30.xsd#ifrs_DisclosureOfProductsAndServicesExplanatory" xlink:label="loc_57"/>
    <link:referenceArc xlink:type="arc" xlink:arcrole="http://www.xbrl.org/2003/arcrole/concept-reference" xlink:from="loc_57" xlink:to="res_21"/>
    <link:loc xlink:type="locator" xlink:href="../../ifrs-cor_2010-04-30.xsd#ifrs_DisclosureOfGeographicalAreasTable" xlink:label="loc_55"/>
    <link:referenceArc xlink:type="arc" xlink:arcrole="http://www.xbrl.org/2003/arcrole/concept-reference" xlink:from="loc_55" xlink:to="res_23"/>
    <link:loc xlink:type="locator" xlink:href="../../ifrs-cor_2010-04-30.xsd#ifrs_GeographicalAreasAxis" xlink:label="loc_43"/>
    <link:referenceArc xlink:type="arc" xlink:arcrole="http://www.xbrl.org/2003/arcrole/concept-reference" xlink:from="loc_43" xlink:to="res_23"/>
    <link:loc xlink:type="locator" xlink:href="../../ifrs-cor_2010-04-30.xsd#ifrs_DisclosureOfGeographicalAreasExplanatory" xlink:label="loc_58"/>
    <link:referenceArc xlink:type="arc" xlink:arcrole="http://www.xbrl.org/2003/arcrole/concept-reference" xlink:from="loc_58" xlink:to="res_23"/>
    <link:loc xlink:type="locator" xlink:href="../../ifrs-cor_2010-04-30.xsd#ifrs_MajorCustomersMember" xlink:label="loc_51"/>
    <link:referenceArc xlink:type="arc" xlink:arcrole="http://www.xbrl.org/2003/arcrole/concept-reference" xlink:from="loc_51" xlink:to="res_25"/>
    <link:loc xlink:type="locator" xlink:href="../../ifrs-cor_2010-04-30.xsd#ifrs_DisclosureOfMajorCustomersTable" xlink:label="loc_56"/>
    <link:referenceArc xlink:type="arc" xlink:arcrole="http://www.xbrl.org/2003/arcrole/concept-reference" xlink:from="loc_56" xlink:to="res_25"/>
    <link:loc xlink:type="locator" xlink:href="../../ifrs-cor_2010-04-30.xsd#ifrs_InformationAboutMajorCustomers" xlink:label="loc_21"/>
    <link:referenceArc xlink:type="arc" xlink:arcrole="http://www.xbrl.org/2003/arcrole/concept-reference" xlink:from="loc_21" xlink:to="res_25"/>
    <link:loc xlink:type="locator" xlink:href="../../ifrs-cor_2010-04-30.xsd#ifrs_GovernmentMember" xlink:label="loc_38"/>
    <link:referenceArc xlink:type="arc" xlink:arcrole="http://www.xbrl.org/2003/arcrole/concept-reference" xlink:from="loc_38" xlink:to="res_25"/>
    <link:loc xlink:type="locator" xlink:href="../../ifrs-cor_2010-04-30.xsd#ifrs_BasisForAttributingRevenuesFromExternalCustomersToIndividualCountries" xlink:label="loc_23"/>
    <link:referenceArc xlink:type="arc" xlink:arcrole="http://www.xbrl.org/2003/arcrole/concept-reference" xlink:from="loc_23" xlink:to="res_29"/>
    <link:loc xlink:type="locator" xlink:href="../../ifrs-cor_2010-04-30.xsd#ifrs_MaterialReconcilingItemsMember" xlink:label="loc_35"/>
    <link:referenceArc xlink:type="arc" xlink:arcrole="http://www.xbrl.org/2003/arcrole/concept-reference" xlink:from="loc_35" xlink:to="res_36"/>
    <link:loc xlink:type="locator" xlink:href="../../ifrs-cor_2010-04-30.xsd#ifrs_EntitysTotalMember" xlink:label="loc_36"/>
    <link:referenceArc xlink:type="arc" xlink:arcrole="http://www.xbrl.org/2003/arcrole/concept-reference" xlink:from="loc_36" xlink:to="res_36"/>
  </link:referenceLink>
</link:linkbase>
