<?xml version="1.0" encoding="UTF-8"?>
<!-- Generated by Fujitsu XWand B0184C -->
<link:linkbase xmlns:xsi="http://www.w3.org/2001/XMLSchema-instance" xsi:schemaLocation="http://www.xbrl.org/2003/linkbase http://www.xbrl.org/2003/xbrl-linkbase-2003-12-31.xsd" xmlns:xbrli="http://www.xbrl.org/2003/instance" xmlns:xlink="http://www.w3.org/1999/xlink" xmlns:link="http://www.xbrl.org/2003/linkbase">
  <link:roleRef roleURI="http://www.xbrl.org/tifrs/fr/role/StatementOfCashFlows" xlink:type="simple" xlink:href="../tifrs-scf-2013-03-31.xsd#RT_1"/>
  <link:presentationLink xlink:type="extended" xlink:role="http://www.xbrl.org/tifrs/fr/role/StatementOfCashFlows">
    <link:loc xlink:type="locator" xlink:href="../tifrs-scf-2013-03-31.xsd#tifrs-SCF_AdjustmentsToReconcileProfitLossAbstract" xlink:label="AdjustmentsToReconcileProfitLossAbstract" xlink:title="AdjustmentsToReconcileProfitLossAbstract"/>
    <link:loc xlink:type="locator" xlink:href="../tifrs-scf-2013-03-31.xsd#tifrs-SCF_ProvisionReversalOfProvisionForBadDebtExpense" xlink:label="ProvisionReversalOfProvisionForBadDebtExpense" xlink:title="ProvisionReversalOfProvisionForBadDebtExpense"/>
    <link:presentationArc xlink:type="arc" xlink:arcrole="http://www.xbrl.org/2003/arcrole/parent-child" xlink:from="AdjustmentsToReconcileProfitLossAbstract" xlink:to="ProvisionReversalOfProvisionForBadDebtExpense" xlink:title="presentation: AdjustmentsToReconcileProfitLossAbstract to ProvisionReversalOfProvisionForBadDebtExpense" order="3.0"/>
    <link:loc xlink:type="locator" xlink:href="../tifrs-scf-2013-03-31.xsd#tifrs-SCF_InterestIncome" xlink:label="InterestIncome" xlink:title="InterestIncome"/>
    <link:presentationArc xlink:type="arc" xlink:arcrole="http://www.xbrl.org/2003/arcrole/parent-child" xlink:from="AdjustmentsToReconcileProfitLossAbstract" xlink:to="InterestIncome" xlink:title="presentation: AdjustmentsToReconcileProfitLossAbstract to InterestIncome" order="7.0"/>
    <link:loc xlink:type="locator" xlink:href="../tifrs-scf-2013-03-31.xsd#tifrs-SCF_NetChangeInInsuranceLiabilities" xlink:label="NetChangeInInsuranceLiabilities" xlink:title="NetChangeInInsuranceLiabilities"/>
    <link:presentationArc xlink:type="arc" xlink:arcrole="http://www.xbrl.org/2003/arcrole/parent-child" xlink:from="AdjustmentsToReconcileProfitLossAbstract" xlink:to="NetChangeInInsuranceLiabilities" xlink:title="presentation: AdjustmentsToReconcileProfitLossAbstract to NetChangeInInsuranceLiabilities" order="8.1"/>
    <link:loc xlink:type="locator" xlink:href="../tifrs-scf-2013-03-31.xsd#tifrs-SCF_NetChangeInProvisionsForGuaranteeLiabilities" xlink:label="NetChangeInProvisionsForGuaranteeLiabilities" xlink:title="NetChangeInProvisionsForGuaranteeLiabilities"/>
    <link:presentationArc xlink:type="arc" xlink:arcrole="http://www.xbrl.org/2003/arcrole/parent-child" xlink:from="AdjustmentsToReconcileProfitLossAbstract" xlink:to="NetChangeInProvisionsForGuaranteeLiabilities" xlink:title="presentation: AdjustmentsToReconcileProfitLossAbstract to NetChangeInProvisionsForGuaranteeLiabilities" order="8.2"/>
    <link:loc xlink:type="locator" xlink:href="../tifrs-scf-2013-03-31.xsd#tifrs-SCF_NetChangeInOtherProvisions" xlink:label="NetChangeInOtherProvisions" xlink:title="NetChangeInOtherProvisions"/>
    <link:presentationArc xlink:type="arc" xlink:arcrole="http://www.xbrl.org/2003/arcrole/parent-child" xlink:from="AdjustmentsToReconcileProfitLossAbstract" xlink:to="NetChangeInOtherProvisions" xlink:title="presentation: AdjustmentsToReconcileProfitLossAbstract to NetChangeInOtherProvisions" order="8.3"/>
    <link:loc xlink:type="locator" xlink:href="../tifrs-scf-2013-03-31.xsd#tifrs-SCF_ProvisionLossGainOnDisposalOfForeclosedCollaterals" xlink:label="ProvisionLossGainOnDisposalOfForeclosedCollaterals" xlink:title="ProvisionLossGainOnDisposalOfForeclosedCollaterals"/>
    <link:presentationArc xlink:type="arc" xlink:arcrole="http://www.xbrl.org/2003/arcrole/parent-child" xlink:from="AdjustmentsToReconcileProfitLossAbstract" xlink:to="ProvisionLossGainOnDisposalOfForeclosedCollaterals" xlink:title="presentation: AdjustmentsToReconcileProfitLossAbstract to ProvisionLossGainOnDisposalOfForeclosedCollaterals" order="10.1"/>
    <link:loc xlink:type="locator" xlink:href="../tifrs-scf-2013-03-31.xsd#tifrs-SCF_LossGainOnFinancialAssetsSecuritization" xlink:label="LossGainOnFinancialAssetsSecuritization" xlink:title="LossGainOnFinancialAssetsSecuritization"/>
    <link:presentationArc xlink:type="arc" xlink:arcrole="http://www.xbrl.org/2003/arcrole/parent-child" xlink:from="AdjustmentsToReconcileProfitLossAbstract" xlink:to="LossGainOnFinancialAssetsSecuritization" xlink:title="presentation: AdjustmentsToReconcileProfitLossAbstract to LossGainOnFinancialAssetsSecuritization" order="10.2"/>
    <link:loc xlink:type="locator" xlink:href="../tifrs-scf-2013-03-31.xsd#tifrs-SCF_ShareOfLossProfitOfAssociatesAndJointVenturesAccountedForUsingEquityMethod" xlink:label="ShareOfLossProfitOfAssociatesAndJointVenturesAccountedForUsingEquityMethod" xlink:title="ShareOfLossProfitOfAssociatesAndJointVenturesAccountedForUsingEquityMethod"/>
    <link:presentationArc xlink:type="arc" xlink:arcrole="http://www.xbrl.org/2003/arcrole/parent-child" xlink:from="AdjustmentsToReconcileProfitLossAbstract" xlink:to="ShareOfLossProfitOfAssociatesAndJointVenturesAccountedForUsingEquityMethod" xlink:title="presentation: AdjustmentsToReconcileProfitLossAbstract to ShareOfLossProfitOfAssociatesAndJointVenturesAccountedForUsingEquityMethod" order="10.3"/>
    <link:loc xlink:type="locator" xlink:href="../tifrs-scf-2013-03-31.xsd#tifrs-SCF_LossGainOnDisposalOfPropertyPlanAndEquipment" xlink:label="LossGainOnDisposalOfPropertyPlanAndEquipment" xlink:title="LossGainOnDisposalOfPropertyPlanAndEquipment"/>
    <link:presentationArc xlink:type="arc" xlink:arcrole="http://www.xbrl.org/2003/arcrole/parent-child" xlink:from="AdjustmentsToReconcileProfitLossAbstract" xlink:to="LossGainOnDisposalOfPropertyPlanAndEquipment" xlink:title="presentation: AdjustmentsToReconcileProfitLossAbstract to LossGainOnDisposalOfPropertyPlanAndEquipment" order="10.5"/>
    <link:loc xlink:type="locator" xlink:href="../tifrs-scf-2013-03-31.xsd#tifrs-SCF_PropertyPlanAndEquipmentTransferredToExpenses" xlink:label="PropertyPlanAndEquipmentTransferredToExpenses" xlink:title="PropertyPlanAndEquipmentTransferredToExpenses"/>
    <link:presentationArc xlink:type="arc" xlink:arcrole="http://www.xbrl.org/2003/arcrole/parent-child" xlink:from="AdjustmentsToReconcileProfitLossAbstract" xlink:to="PropertyPlanAndEquipmentTransferredToExpenses" xlink:title="presentation: AdjustmentsToReconcileProfitLossAbstract to PropertyPlanAndEquipmentTransferredToExpenses" order="10.6"/>
    <link:loc xlink:type="locator" xlink:href="../tifrs-scf-2013-03-31.xsd#tifrs-SCF_LossGainOnDisposalOfInvestmentProperties" xlink:label="LossGainOnDisposalOfInvestmentProperties" xlink:title="LossGainOnDisposalOfInvestmentProperties"/>
    <link:presentationArc xlink:type="arc" xlink:arcrole="http://www.xbrl.org/2003/arcrole/parent-child" xlink:from="AdjustmentsToReconcileProfitLossAbstract" xlink:to="LossGainOnDisposalOfInvestmentProperties" xlink:title="presentation: AdjustmentsToReconcileProfitLossAbstract to LossGainOnDisposalOfInvestmentProperties" order="10.7"/>
    <link:loc xlink:type="locator" xlink:href="../tifrs-scf-2013-03-31.xsd#tifrs-SCF_LossGainOnDisposalOfOtherAssets" xlink:label="LossGainOnDisposalOfOtherAssets" xlink:title="LossGainOnDisposalOfOtherAssets"/>
    <link:presentationArc xlink:type="arc" xlink:arcrole="http://www.xbrl.org/2003/arcrole/parent-child" xlink:from="AdjustmentsToReconcileProfitLossAbstract" xlink:to="LossGainOnDisposalOfOtherAssets" xlink:title="presentation: AdjustmentsToReconcileProfitLossAbstract to LossGainOnDisposalOfOtherAssets" order="14.1"/>
    <link:loc xlink:type="locator" xlink:href="../tifrs-scf-2013-03-31.xsd#tifrs-SCF_LossGainOnDisposalOfNoncurrentAssetsClassifiedAsHeldForSale" xlink:label="LossGainOnDisposalOfNoncurrentAssetsClassifiedAsHeldForSale" xlink:title="LossGainOnDisposalOfNoncurrentAssetsClassifiedAsHeldForSale"/>
    <link:presentationArc xlink:type="arc" xlink:arcrole="http://www.xbrl.org/2003/arcrole/parent-child" xlink:from="AdjustmentsToReconcileProfitLossAbstract" xlink:to="LossGainOnDisposalOfNoncurrentAssetsClassifiedAsHeldForSale" xlink:title="presentation: AdjustmentsToReconcileProfitLossAbstract to LossGainOnDisposalOfNoncurrentAssetsClassifiedAsHeldForSale" order="14.2"/>
    <link:loc xlink:type="locator" xlink:href="../tifrs-scf-2013-03-31.xsd#tifrs-SCF_LossGainOnDisposalOfInvestments" xlink:label="LossGainOnDisposalOfInvestments" xlink:title="LossGainOnDisposalOfInvestments"/>
    <link:presentationArc xlink:type="arc" xlink:arcrole="http://www.xbrl.org/2003/arcrole/parent-child" xlink:from="AdjustmentsToReconcileProfitLossAbstract" xlink:to="LossGainOnDisposalOfInvestments" xlink:title="presentation: AdjustmentsToReconcileProfitLossAbstract to LossGainOnDisposalOfInvestments" order="14.3"/>
    <link:loc xlink:type="locator" xlink:href="../tifrs-scf-2013-03-31.xsd#tifrs-SCF_NetLossGainOnNonoperatingFinancialInstrumentsAtFairValue" xlink:label="NetLossGainOnNonoperatingFinancialInstrumentsAtFairValue" xlink:title="NetLossGainOnNonoperatingFinancialInstrumentsAtFairValue"/>
    <link:presentationArc xlink:type="arc" xlink:arcrole="http://www.xbrl.org/2003/arcrole/parent-child" xlink:from="AdjustmentsToReconcileProfitLossAbstract" xlink:to="NetLossGainOnNonoperatingFinancialInstrumentsAtFairValue" xlink:title="presentation: AdjustmentsToReconcileProfitLossAbstract to NetLossGainOnNonoperatingFinancialInstrumentsAtFairValue" order="16.1"/>
    <link:loc xlink:type="locator" xlink:href="../tifrs-scf-2013-03-31.xsd#tifrs-SCF_UnrealizedGainLossOnIssuanceOfCallOrPut" xlink:label="UnrealizedGainLossOnIssuanceOfCallOrPut" xlink:title="UnrealizedGainLossOnIssuanceOfCallOrPut"/>
    <link:presentationArc xlink:type="arc" xlink:arcrole="http://www.xbrl.org/2003/arcrole/parent-child" xlink:from="AdjustmentsToReconcileProfitLossAbstract" xlink:to="UnrealizedGainLossOnIssuanceOfCallOrPut" xlink:title="presentation: AdjustmentsToReconcileProfitLossAbstract to UnrealizedGainLossOnIssuanceOfCallOrPut" order="16.2"/>
    <link:loc xlink:type="locator" xlink:href="../tifrs-scf-2013-03-31.xsd#tifrs-SCF_UnrealizedProfitLossFromSales" xlink:label="UnrealizedProfitLossFromSales" xlink:title="UnrealizedProfitLossFromSales"/>
    <link:presentationArc xlink:type="arc" xlink:arcrole="http://www.xbrl.org/2003/arcrole/parent-child" xlink:from="AdjustmentsToReconcileProfitLossAbstract" xlink:to="UnrealizedProfitLossFromSales" xlink:title="presentation: AdjustmentsToReconcileProfitLossAbstract to UnrealizedProfitLossFromSales" order="20.1"/>
    <link:loc xlink:type="locator" xlink:href="../tifrs-scf-2013-03-31.xsd#tifrs-SCF_RealizedLossProfitOnFromSales" xlink:label="RealizedLossProfitOnFromSales" xlink:title="RealizedLossProfitOnFromSales"/>
    <link:presentationArc xlink:type="arc" xlink:arcrole="http://www.xbrl.org/2003/arcrole/parent-child" xlink:from="AdjustmentsToReconcileProfitLossAbstract" xlink:to="RealizedLossProfitOnFromSales" xlink:title="presentation: AdjustmentsToReconcileProfitLossAbstract to RealizedLossProfitOnFromSales" order="20.2"/>
    <link:loc xlink:type="locator" xlink:href="../tifrs-scf-2013-03-31.xsd#tifrs-SCF_LossOnDisposalOfNonPerformingLoans" xlink:label="LossOnDisposalOfNonPerformingLoans" xlink:title="LossOnDisposalOfNonPerformingLoans"/>
    <link:presentationArc xlink:type="arc" xlink:arcrole="http://www.xbrl.org/2003/arcrole/parent-child" xlink:from="AdjustmentsToReconcileProfitLossAbstract" xlink:to="LossOnDisposalOfNonPerformingLoans" xlink:title="presentation: AdjustmentsToReconcileProfitLossAbstract to LossOnDisposalOfNonPerformingLoans" order="22.1"/>
    <link:loc xlink:type="locator" xlink:href="../tifrs-scf-2013-03-31.xsd#tifrs-SCF_LossGainOnDisposalOfForeclosedProperties" xlink:label="LossGainOnDisposalOfForeclosedProperties" xlink:title="LossGainOnDisposalOfForeclosedProperties"/>
    <link:presentationArc xlink:type="arc" xlink:arcrole="http://www.xbrl.org/2003/arcrole/parent-child" xlink:from="AdjustmentsToReconcileProfitLossAbstract" xlink:to="LossGainOnDisposalOfForeclosedProperties" xlink:title="presentation: AdjustmentsToReconcileProfitLossAbstract to LossGainOnDisposalOfForeclosedProperties" order="22.2"/>
    <link:loc xlink:type="locator" xlink:href="../tifrs-scf-2013-03-31.xsd#tifrs-SCF_ChangesInOperatingAssetsAbstract" xlink:label="ChangesInOperatingAssetsAbstract" xlink:title="ChangesInOperatingAssetsAbstract"/>
    <link:loc xlink:type="locator" xlink:href="../tifrs-scf-2013-03-31.xsd#tifrs-SCF_DecreaseIncreaseInDueFromTheCentralBankAndCallLoansToBanks" xlink:label="DecreaseIncreaseInDueFromTheCentralBankAndCallLoansToBanks" xlink:title="DecreaseIncreaseInDueFromTheCentralBankAndCallLoansToBanks"/>
    <link:presentationArc xlink:type="arc" xlink:arcrole="http://www.xbrl.org/2003/arcrole/parent-child" xlink:from="ChangesInOperatingAssetsAbstract" xlink:to="DecreaseIncreaseInDueFromTheCentralBankAndCallLoansToBanks" xlink:title="presentation: ChangesInOperatingAssetsAbstract to DecreaseIncreaseInDueFromTheCentralBankAndCallLoansToBanks" order="1.0" preferredLabel="http://www.xbrl.org/2003/role/verboseLabel"/>
    <link:loc xlink:type="locator" xlink:href="../tifrs-scf-2013-03-31.xsd#tifrs-SCF_DecreaseIncreaseInFinancialAssetsAtFairValueThroughProfitOrLoss" xlink:label="DecreaseIncreaseInFinancialAssetsAtFairValueThroughProfitOrLoss" xlink:title="DecreaseIncreaseInFinancialAssetsAtFairValueThroughProfitOrLoss"/>
    <link:presentationArc xlink:type="arc" xlink:arcrole="http://www.xbrl.org/2003/arcrole/parent-child" xlink:from="ChangesInOperatingAssetsAbstract" xlink:to="DecreaseIncreaseInFinancialAssetsAtFairValueThroughProfitOrLoss" xlink:title="presentation: ChangesInOperatingAssetsAbstract to DecreaseIncreaseInFinancialAssetsAtFairValueThroughProfitOrLoss" order="2.0"/>
    <link:loc xlink:type="locator" xlink:href="../tifrs-scf-2013-03-31.xsd#tifrs-SCF_DecreaseIncreaseInAvailableForSaleFinancialAssets" xlink:label="DecreaseIncreaseInAvailableForSaleFinancialAssets" xlink:title="DecreaseIncreaseInAvailableForSaleFinancialAssets"/>
    <link:presentationArc xlink:type="arc" xlink:arcrole="http://www.xbrl.org/2003/arcrole/parent-child" xlink:from="ChangesInOperatingAssetsAbstract" xlink:to="DecreaseIncreaseInAvailableForSaleFinancialAssets" xlink:title="presentation: ChangesInOperatingAssetsAbstract to DecreaseIncreaseInAvailableForSaleFinancialAssets" order="3.0"/>
    <link:loc xlink:type="locator" xlink:href="../tifrs-scf-2013-03-31.xsd#tifrs-SCF_DecreaseIncreaseInHeldToMaturityFinancialAssets" xlink:label="DecreaseIncreaseInHeldToMaturityFinancialAssets" xlink:title="DecreaseIncreaseInHeldToMaturityFinancialAssets"/>
    <link:presentationArc xlink:type="arc" xlink:arcrole="http://www.xbrl.org/2003/arcrole/parent-child" xlink:from="ChangesInOperatingAssetsAbstract" xlink:to="DecreaseIncreaseInHeldToMaturityFinancialAssets" xlink:title="presentation: ChangesInOperatingAssetsAbstract to DecreaseIncreaseInHeldToMaturityFinancialAssets" order="4.0"/>
    <link:loc xlink:type="locator" xlink:href="../tifrs-scf-2013-03-31.xsd#tifrs-SCF_DecreaseIncreaseInDerivativeFinancialAssetsForHedging" xlink:label="DecreaseIncreaseInDerivativeFinancialAssetsForHedging" xlink:title="DecreaseIncreaseInDerivativeFinancialAssetsForHedging"/>
    <link:presentationArc xlink:type="arc" xlink:arcrole="http://www.xbrl.org/2003/arcrole/parent-child" xlink:from="ChangesInOperatingAssetsAbstract" xlink:to="DecreaseIncreaseInDerivativeFinancialAssetsForHedging" xlink:title="presentation: ChangesInOperatingAssetsAbstract to DecreaseIncreaseInDerivativeFinancialAssetsForHedging" order="5.0"/>
    <link:loc xlink:type="locator" xlink:href="../tifrs-scf-2013-03-31.xsd#tifrs-SCF_DecreaseIncreaseInFinancialAssetsAtCost" xlink:label="DecreaseIncreaseInFinancialAssetsAtCost" xlink:title="DecreaseIncreaseInFinancialAssetsAtCost"/>
    <link:presentationArc xlink:type="arc" xlink:arcrole="http://www.xbrl.org/2003/arcrole/parent-child" xlink:from="ChangesInOperatingAssetsAbstract" xlink:to="DecreaseIncreaseInFinancialAssetsAtCost" xlink:title="presentation: ChangesInOperatingAssetsAbstract to DecreaseIncreaseInFinancialAssetsAtCost" order="6.0"/>
    <link:loc xlink:type="locator" xlink:href="../tifrs-scf-2013-03-31.xsd#tifrs-SCF_DecreaseIncreaseInDebtsInvestmentWithoutActiveMarket" xlink:label="DecreaseIncreaseInDebtsInvestmentWithoutActiveMarket" xlink:title="DecreaseIncreaseInDebtsInvestmentWithoutActiveMarket"/>
    <link:presentationArc xlink:type="arc" xlink:arcrole="http://www.xbrl.org/2003/arcrole/parent-child" xlink:from="ChangesInOperatingAssetsAbstract" xlink:to="DecreaseIncreaseInDebtsInvestmentWithoutActiveMarket" xlink:title="presentation: ChangesInOperatingAssetsAbstract to DecreaseIncreaseInDebtsInvestmentWithoutActiveMarket" order="7.0"/>
    <link:loc xlink:type="locator" xlink:href="../tifrs-scf-2013-03-31.xsd#tifrs-SCF_DecreaseIncreaseInSecuritiesPurchasedUnderAgreementsToResell" xlink:label="DecreaseIncreaseInSecuritiesPurchasedUnderAgreementsToResell" xlink:title="DecreaseIncreaseInSecuritiesPurchasedUnderAgreementsToResell"/>
    <link:presentationArc xlink:type="arc" xlink:arcrole="http://www.xbrl.org/2003/arcrole/parent-child" xlink:from="ChangesInOperatingAssetsAbstract" xlink:to="DecreaseIncreaseInSecuritiesPurchasedUnderAgreementsToResell" xlink:title="presentation: ChangesInOperatingAssetsAbstract to DecreaseIncreaseInSecuritiesPurchasedUnderAgreementsToResell" order="8.0"/>
    <link:loc xlink:type="locator" xlink:href="../tifrs-scf-2013-03-31.xsd#tifrs-SCF_DecreaseIncreaseInReceivables" xlink:label="DecreaseIncreaseInReceivables" xlink:title="DecreaseIncreaseInReceivables"/>
    <link:presentationArc xlink:type="arc" xlink:arcrole="http://www.xbrl.org/2003/arcrole/parent-child" xlink:from="ChangesInOperatingAssetsAbstract" xlink:to="DecreaseIncreaseInReceivables" xlink:title="presentation: ChangesInOperatingAssetsAbstract to DecreaseIncreaseInReceivables" order="9.0"/>
    <link:loc xlink:type="locator" xlink:href="../tifrs-scf-2013-03-31.xsd#tifrs-SCF_DecreaseIncreaseInReceivablesDueFromRelatedParties" xlink:label="DecreaseIncreaseInReceivablesDueFromRelatedParties" xlink:title="DecreaseIncreaseInReceivablesDueFromRelatedParties"/>
    <link:presentationArc xlink:type="arc" xlink:arcrole="http://www.xbrl.org/2003/arcrole/parent-child" xlink:from="ChangesInOperatingAssetsAbstract" xlink:to="DecreaseIncreaseInReceivablesDueFromRelatedParties" xlink:title="presentation: ChangesInOperatingAssetsAbstract to DecreaseIncreaseInReceivablesDueFromRelatedParties" order="10.0"/>
    <link:loc xlink:type="locator" xlink:href="../tifrs-scf-2013-03-31.xsd#tifrs-SCF_DecreaseIncreaseInConstructionContractsReceivable" xlink:label="DecreaseIncreaseInConstructionContractsReceivable" xlink:title="DecreaseIncreaseInConstructionContractsReceivable"/>
    <link:presentationArc xlink:type="arc" xlink:arcrole="http://www.xbrl.org/2003/arcrole/parent-child" xlink:from="ChangesInOperatingAssetsAbstract" xlink:to="DecreaseIncreaseInConstructionContractsReceivable" xlink:title="presentation: ChangesInOperatingAssetsAbstract to DecreaseIncreaseInConstructionContractsReceivable" order="11.0"/>
    <link:loc xlink:type="locator" xlink:href="../tifrs-scf-2013-03-31.xsd#tifrs-SCF_DecreaseIncreaseInConstructionContractsReceivableDueFromRelatedParties" xlink:label="DecreaseIncreaseInConstructionContractsReceivableDueFromRelatedParties" xlink:title="DecreaseIncreaseInConstructionContractsReceivableDueFromRelatedParties"/>
    <link:presentationArc xlink:type="arc" xlink:arcrole="http://www.xbrl.org/2003/arcrole/parent-child" xlink:from="ChangesInOperatingAssetsAbstract" xlink:to="DecreaseIncreaseInConstructionContractsReceivableDueFromRelatedParties" xlink:title="presentation: ChangesInOperatingAssetsAbstract to DecreaseIncreaseInConstructionContractsReceivableDueFromRelatedParties" order="12.0"/>
    <link:loc xlink:type="locator" xlink:href="../tifrs-scf-2013-03-31.xsd#tifrs-SCF_DecreaseIncreaseInMarginLoansReceivable" xlink:label="DecreaseIncreaseInMarginLoansReceivable" xlink:title="DecreaseIncreaseInMarginLoansReceivable"/>
    <link:presentationArc xlink:type="arc" xlink:arcrole="http://www.xbrl.org/2003/arcrole/parent-child" xlink:from="ChangesInOperatingAssetsAbstract" xlink:to="DecreaseIncreaseInMarginLoansReceivable" xlink:title="presentation: ChangesInOperatingAssetsAbstract to DecreaseIncreaseInMarginLoansReceivable" order="13.0"/>
    <link:loc xlink:type="locator" xlink:href="../tifrs-scf-2013-03-31.xsd#tifrs-SCF_DecreaseIncreaseInBalanceOfTheConstructionInProgressAccountExceedsTheBalanceOfBillingsOnConstructionInProgress" xlink:label="DecreaseIncreaseInBalanceOfTheConstructionInProgressAccountExceedsTheBalanceOfBillingsOnConstructionInProgress" xlink:title="DecreaseIncreaseInBalanceOfTheConstructionInProgressAccountExceedsTheBalanceOfBillingsOnConstructionInProgress"/>
    <link:presentationArc xlink:type="arc" xlink:arcrole="http://www.xbrl.org/2003/arcrole/parent-child" xlink:from="ChangesInOperatingAssetsAbstract" xlink:to="DecreaseIncreaseInBalanceOfTheConstructionInProgressAccountExceedsTheBalanceOfBillingsOnConstructionInProgress" xlink:title="presentation: ChangesInOperatingAssetsAbstract to DecreaseIncreaseInBalanceOfTheConstructionInProgressAccountExceedsTheBalanceOfBillingsOnConstructionInProgress" order="14.0"/>
    <link:loc xlink:type="locator" xlink:href="../tifrs-scf-2013-03-31.xsd#tifrs-SCF_DecreaseIncreaseInInventories" xlink:label="DecreaseIncreaseInInventories" xlink:title="DecreaseIncreaseInInventories"/>
    <link:presentationArc xlink:type="arc" xlink:arcrole="http://www.xbrl.org/2003/arcrole/parent-child" xlink:from="ChangesInOperatingAssetsAbstract" xlink:to="DecreaseIncreaseInInventories" xlink:title="presentation: ChangesInOperatingAssetsAbstract to DecreaseIncreaseInInventories" order="15.0"/>
    <link:loc xlink:type="locator" xlink:href="../tifrs-scf-2013-03-31.xsd#tifrs-SCF_DecreaseIncreaseInOtherPrepayments" xlink:label="DecreaseIncreaseInOtherPrepayments" xlink:title="DecreaseIncreaseInOtherPrepayments"/>
    <link:presentationArc xlink:type="arc" xlink:arcrole="http://www.xbrl.org/2003/arcrole/parent-child" xlink:from="ChangesInOperatingAssetsAbstract" xlink:to="DecreaseIncreaseInOtherPrepayments" xlink:title="presentation: ChangesInOperatingAssetsAbstract to DecreaseIncreaseInOtherPrepayments" order="16.0"/>
    <link:loc xlink:type="locator" xlink:href="../tifrs-scf-2013-03-31.xsd#tifrs-SCF_DecreaseIncreaseInReinsuranceAssets" xlink:label="DecreaseIncreaseInReinsuranceAssets" xlink:title="DecreaseIncreaseInReinsuranceAssets"/>
    <link:presentationArc xlink:type="arc" xlink:arcrole="http://www.xbrl.org/2003/arcrole/parent-child" xlink:from="ChangesInOperatingAssetsAbstract" xlink:to="DecreaseIncreaseInReinsuranceAssets" xlink:title="presentation: ChangesInOperatingAssetsAbstract to DecreaseIncreaseInReinsuranceAssets" order="17.0"/>
    <link:loc xlink:type="locator" xlink:href="../tifrs-scf-2013-03-31.xsd#tifrs-SCF_DecreaseIncreaseInOtherCurrentAssets" xlink:label="DecreaseIncreaseInOtherCurrentAssets" xlink:title="DecreaseIncreaseInOtherCurrentAssets"/>
    <link:presentationArc xlink:type="arc" xlink:arcrole="http://www.xbrl.org/2003/arcrole/parent-child" xlink:from="ChangesInOperatingAssetsAbstract" xlink:to="DecreaseIncreaseInOtherCurrentAssets" xlink:title="presentation: ChangesInOperatingAssetsAbstract to DecreaseIncreaseInOtherCurrentAssets" order="18.0"/>
    <link:loc xlink:type="locator" xlink:href="../tifrs-scf-2013-03-31.xsd#tifrs-SCF_DecreaseIncreaseInDiscountsAndLoans" xlink:label="DecreaseIncreaseInDiscountsAndLoans" xlink:title="DecreaseIncreaseInDiscountsAndLoans"/>
    <link:presentationArc xlink:type="arc" xlink:arcrole="http://www.xbrl.org/2003/arcrole/parent-child" xlink:from="ChangesInOperatingAssetsAbstract" xlink:to="DecreaseIncreaseInDiscountsAndLoans" xlink:title="presentation: ChangesInOperatingAssetsAbstract to DecreaseIncreaseInDiscountsAndLoans" order="19.0"/>
    <link:loc xlink:type="locator" xlink:href="../tifrs-scf-2013-03-31.xsd#tifrs-SCF_DecreaseIncreaseInBiologicalAssets" xlink:label="DecreaseIncreaseInBiologicalAssets" xlink:title="DecreaseIncreaseInBiologicalAssets"/>
    <link:presentationArc xlink:type="arc" xlink:arcrole="http://www.xbrl.org/2003/arcrole/parent-child" xlink:from="ChangesInOperatingAssetsAbstract" xlink:to="DecreaseIncreaseInBiologicalAssets" xlink:title="presentation: ChangesInOperatingAssetsAbstract to DecreaseIncreaseInBiologicalAssets" order="20.0"/>
    <link:loc xlink:type="locator" xlink:href="../tifrs-scf-2013-03-31.xsd#tifrs-SCF_DecreaseIncreaseInDeferredDebits" xlink:label="DecreaseIncreaseInDeferredDebits" xlink:title="DecreaseIncreaseInDeferredDebits"/>
    <link:presentationArc xlink:type="arc" xlink:arcrole="http://www.xbrl.org/2003/arcrole/parent-child" xlink:from="ChangesInOperatingAssetsAbstract" xlink:to="DecreaseIncreaseInDeferredDebits" xlink:title="presentation: ChangesInOperatingAssetsAbstract to DecreaseIncreaseInDeferredDebits" order="21.0"/>
    <link:loc xlink:type="locator" xlink:href="../tifrs-scf-2013-03-31.xsd#tifrs-SCF_DecreaseIncreaseInOtherFinancialAssets" xlink:label="DecreaseIncreaseInOtherFinancialAssets" xlink:title="DecreaseIncreaseInOtherFinancialAssets"/>
    <link:presentationArc xlink:type="arc" xlink:arcrole="http://www.xbrl.org/2003/arcrole/parent-child" xlink:from="ChangesInOperatingAssetsAbstract" xlink:to="DecreaseIncreaseInOtherFinancialAssets" xlink:title="presentation: ChangesInOperatingAssetsAbstract to DecreaseIncreaseInOtherFinancialAssets" order="22.0"/>
    <link:loc xlink:type="locator" xlink:href="../tifrs-scf-2013-03-31.xsd#tifrs-SCF_DecreaseIncreaseInOtherOperatingAssets" xlink:label="DecreaseIncreaseInOtherOperatingAssets" xlink:title="DecreaseIncreaseInOtherOperatingAssets"/>
    <link:presentationArc xlink:type="arc" xlink:arcrole="http://www.xbrl.org/2003/arcrole/parent-child" xlink:from="ChangesInOperatingAssetsAbstract" xlink:to="DecreaseIncreaseInOtherOperatingAssets" xlink:title="presentation: ChangesInOperatingAssetsAbstract to DecreaseIncreaseInOtherOperatingAssets" order="23.0"/>
    <link:loc xlink:type="locator" xlink:href="../tifrs-scf-2013-03-31.xsd#tifrs-SCF_ChangesInOperatingLiabilitiesAbstract" xlink:label="ChangesInOperatingLiabilitiesAbstract" xlink:title="ChangesInOperatingLiabilitiesAbstract"/>
    <link:loc xlink:type="locator" xlink:href="../tifrs-scf-2013-03-31.xsd#tifrs-SCF_DecreaseIncreaseInNotesAndBondsIssuedUnderRepurchaseAgreement" xlink:label="DecreaseIncreaseInNotesAndBondsIssuedUnderRepurchaseAgreement" xlink:title="DecreaseIncreaseInNotesAndBondsIssuedUnderRepurchaseAgreement"/>
    <link:presentationArc xlink:type="arc" xlink:arcrole="http://www.xbrl.org/2003/arcrole/parent-child" xlink:from="ChangesInOperatingLiabilitiesAbstract" xlink:to="DecreaseIncreaseInNotesAndBondsIssuedUnderRepurchaseAgreement" xlink:title="presentation: ChangesInOperatingLiabilitiesAbstract to DecreaseIncreaseInNotesAndBondsIssuedUnderRepurchaseAgreement" order="1.0"/>
    <link:loc xlink:type="locator" xlink:href="../tifrs-scf-2013-03-31.xsd#tifrs-SCF_DecreaseIncreaseInFinancialLiabilitiesAtFairValueThroughProfitOrLoss" xlink:label="DecreaseIncreaseInFinancialLiabilitiesAtFairValueThroughProfitOrLoss" xlink:title="DecreaseIncreaseInFinancialLiabilitiesAtFairValueThroughProfitOrLoss"/>
    <link:presentationArc xlink:type="arc" xlink:arcrole="http://www.xbrl.org/2003/arcrole/parent-child" xlink:from="ChangesInOperatingLiabilitiesAbstract" xlink:to="DecreaseIncreaseInFinancialLiabilitiesAtFairValueThroughProfitOrLoss" xlink:title="presentation: ChangesInOperatingLiabilitiesAbstract to DecreaseIncreaseInFinancialLiabilitiesAtFairValueThroughProfitOrLoss" order="2.0"/>
    <link:loc xlink:type="locator" xlink:href="../tifrs-scf-2013-03-31.xsd#tifrs-SCF_DecreaseIncreaseInDerivativeFinancialLiabilitiesForHedging" xlink:label="DecreaseIncreaseInDerivativeFinancialLiabilitiesForHedging" xlink:title="DecreaseIncreaseInDerivativeFinancialLiabilitiesForHedging"/>
    <link:presentationArc xlink:type="arc" xlink:arcrole="http://www.xbrl.org/2003/arcrole/parent-child" xlink:from="ChangesInOperatingLiabilitiesAbstract" xlink:to="DecreaseIncreaseInDerivativeFinancialLiabilitiesForHedging" xlink:title="presentation: ChangesInOperatingLiabilitiesAbstract to DecreaseIncreaseInDerivativeFinancialLiabilitiesForHedging" order="3.0"/>
    <link:loc xlink:type="locator" xlink:href="../tifrs-scf-2013-03-31.xsd#tifrs-SCF_DecreaseIncreaseInFinancialLiabilitiesAtCost" xlink:label="DecreaseIncreaseInFinancialLiabilitiesAtCost" xlink:title="DecreaseIncreaseInFinancialLiabilitiesAtCost"/>
    <link:presentationArc xlink:type="arc" xlink:arcrole="http://www.xbrl.org/2003/arcrole/parent-child" xlink:from="ChangesInOperatingLiabilitiesAbstract" xlink:to="DecreaseIncreaseInFinancialLiabilitiesAtCost" xlink:title="presentation: ChangesInOperatingLiabilitiesAbstract to DecreaseIncreaseInFinancialLiabilitiesAtCost" order="4.0"/>
    <link:loc xlink:type="locator" xlink:href="../tifrs-scf-2013-03-31.xsd#tifrs-SCF_DecreaseIncreaseInDepositsFromTheCentralBankAndBanks" xlink:label="DecreaseIncreaseInDepositsFromTheCentralBankAndBanks" xlink:title="DecreaseIncreaseInDepositsFromTheCentralBankAndBanks"/>
    <link:presentationArc xlink:type="arc" xlink:arcrole="http://www.xbrl.org/2003/arcrole/parent-child" xlink:from="ChangesInOperatingLiabilitiesAbstract" xlink:to="DecreaseIncreaseInDepositsFromTheCentralBankAndBanks" xlink:title="presentation: ChangesInOperatingLiabilitiesAbstract to DecreaseIncreaseInDepositsFromTheCentralBankAndBanks" order="5.0"/>
    <link:loc xlink:type="locator" xlink:href="../tifrs-scf-2013-03-31.xsd#tifrs-SCF_IncreaseDecreaseInPayables" xlink:label="IncreaseDecreaseInPayables" xlink:title="IncreaseDecreaseInPayables"/>
    <link:presentationArc xlink:type="arc" xlink:arcrole="http://www.xbrl.org/2003/arcrole/parent-child" xlink:from="ChangesInOperatingLiabilitiesAbstract" xlink:to="IncreaseDecreaseInPayables" xlink:title="presentation: ChangesInOperatingLiabilitiesAbstract to IncreaseDecreaseInPayables" order="6.0"/>
    <link:loc xlink:type="locator" xlink:href="../tifrs-scf-2013-03-31.xsd#tifrs-SCF_IncreaseDecreaseInPayableToRelatedParties" xlink:label="IncreaseDecreaseInPayableToRelatedParties" xlink:title="IncreaseDecreaseInPayableToRelatedParties"/>
    <link:presentationArc xlink:type="arc" xlink:arcrole="http://www.xbrl.org/2003/arcrole/parent-child" xlink:from="ChangesInOperatingLiabilitiesAbstract" xlink:to="IncreaseDecreaseInPayableToRelatedParties" xlink:title="presentation: ChangesInOperatingLiabilitiesAbstract to IncreaseDecreaseInPayableToRelatedParties" order="7.0"/>
    <link:loc xlink:type="locator" xlink:href="../tifrs-scf-2013-03-31.xsd#tifrs-SCF_IncreaseDecreaseInConstructionContractsPayable" xlink:label="IncreaseDecreaseInConstructionContractsPayable" xlink:title="IncreaseDecreaseInConstructionContractsPayable"/>
    <link:presentationArc xlink:type="arc" xlink:arcrole="http://www.xbrl.org/2003/arcrole/parent-child" xlink:from="ChangesInOperatingLiabilitiesAbstract" xlink:to="IncreaseDecreaseInConstructionContractsPayable" xlink:title="presentation: ChangesInOperatingLiabilitiesAbstract to IncreaseDecreaseInConstructionContractsPayable" order="8.0"/>
    <link:loc xlink:type="locator" xlink:href="../tifrs-scf-2013-03-31.xsd#tifrs-SCF_IncreaseDecreaseInConstructionContractsPayableToRelatedParties" xlink:label="IncreaseDecreaseInConstructionContractsPayableToRelatedParties" xlink:title="IncreaseDecreaseInConstructionContractsPayableToRelatedParties"/>
    <link:presentationArc xlink:type="arc" xlink:arcrole="http://www.xbrl.org/2003/arcrole/parent-child" xlink:from="ChangesInOperatingLiabilitiesAbstract" xlink:to="IncreaseDecreaseInConstructionContractsPayableToRelatedParties" xlink:title="presentation: ChangesInOperatingLiabilitiesAbstract to IncreaseDecreaseInConstructionContractsPayableToRelatedParties" order="9.0"/>
    <link:loc xlink:type="locator" xlink:href="../tifrs-scf-2013-03-31.xsd#tifrs-SCF_IncreaseDecreaseInDepositsReceivedFromSecuritiesBorrowers" xlink:label="IncreaseDecreaseInDepositsReceivedFromSecuritiesBorrowers" xlink:title="IncreaseDecreaseInDepositsReceivedFromSecuritiesBorrowers"/>
    <link:presentationArc xlink:type="arc" xlink:arcrole="http://www.xbrl.org/2003/arcrole/parent-child" xlink:from="ChangesInOperatingLiabilitiesAbstract" xlink:to="IncreaseDecreaseInDepositsReceivedFromSecuritiesBorrowers" xlink:title="presentation: ChangesInOperatingLiabilitiesAbstract to IncreaseDecreaseInDepositsReceivedFromSecuritiesBorrowers" order="10.0"/>
    <link:loc xlink:type="locator" xlink:href="../tifrs-scf-2013-03-31.xsd#tifrs-SCF_IncreaseDecreaseInCommissionsPayable" xlink:label="IncreaseDecreaseInCommissionsPayable" xlink:title="IncreaseDecreaseInCommissionsPayable"/>
    <link:presentationArc xlink:type="arc" xlink:arcrole="http://www.xbrl.org/2003/arcrole/parent-child" xlink:from="ChangesInOperatingLiabilitiesAbstract" xlink:to="IncreaseDecreaseInCommissionsPayable" xlink:title="presentation: ChangesInOperatingLiabilitiesAbstract to IncreaseDecreaseInCommissionsPayable" order="11.0"/>
    <link:loc xlink:type="locator" xlink:href="../tifrs-scf-2013-03-31.xsd#tifrs-SCF_IncreaseDecreaseInDueToReinsurersAndCedingCompanies" xlink:label="IncreaseDecreaseInDueToReinsurersAndCedingCompanies" xlink:title="IncreaseDecreaseInDueToReinsurersAndCedingCompanies"/>
    <link:presentationArc xlink:type="arc" xlink:arcrole="http://www.xbrl.org/2003/arcrole/parent-child" xlink:from="ChangesInOperatingLiabilitiesAbstract" xlink:to="IncreaseDecreaseInDueToReinsurersAndCedingCompanies" xlink:title="presentation: ChangesInOperatingLiabilitiesAbstract to IncreaseDecreaseInDueToReinsurersAndCedingCompanies" order="12.0"/>
    <link:loc xlink:type="locator" xlink:href="../tifrs-scf-2013-03-31.xsd#tifrs-SCF_IncreaseDecreaseInClaimsPayable" xlink:label="IncreaseDecreaseInClaimsPayable" xlink:title="IncreaseDecreaseInClaimsPayable"/>
    <link:presentationArc xlink:type="arc" xlink:arcrole="http://www.xbrl.org/2003/arcrole/parent-child" xlink:from="ChangesInOperatingLiabilitiesAbstract" xlink:to="IncreaseDecreaseInClaimsPayable" xlink:title="presentation: ChangesInOperatingLiabilitiesAbstract to IncreaseDecreaseInClaimsPayable" order="13.0"/>
    <link:loc xlink:type="locator" xlink:href="../tifrs-scf-2013-03-31.xsd#tifrs-SCF_IncreaseDecreaseInReinsuranceIndemnityPayable" xlink:label="IncreaseDecreaseInReinsuranceIndemnityPayable" xlink:title="IncreaseDecreaseInReinsuranceIndemnityPayable"/>
    <link:presentationArc xlink:type="arc" xlink:arcrole="http://www.xbrl.org/2003/arcrole/parent-child" xlink:from="ChangesInOperatingLiabilitiesAbstract" xlink:to="IncreaseDecreaseInReinsuranceIndemnityPayable" xlink:title="presentation: ChangesInOperatingLiabilitiesAbstract to IncreaseDecreaseInReinsuranceIndemnityPayable" order="14.0"/>
    <link:loc xlink:type="locator" xlink:href="../tifrs-scf-2013-03-31.xsd#tifrs-SCF_IncreaseDecreaseInGuaranteedPriceDepositsReceivedFromSecuritiesBorrowers" xlink:label="IncreaseDecreaseInGuaranteedPriceDepositsReceivedFromSecuritiesBorrowers" xlink:title="IncreaseDecreaseInGuaranteedPriceDepositsReceivedFromSecuritiesBorrowers"/>
    <link:presentationArc xlink:type="arc" xlink:arcrole="http://www.xbrl.org/2003/arcrole/parent-child" xlink:from="ChangesInOperatingLiabilitiesAbstract" xlink:to="IncreaseDecreaseInGuaranteedPriceDepositsReceivedFromSecuritiesBorrowers" xlink:title="presentation: ChangesInOperatingLiabilitiesAbstract to IncreaseDecreaseInGuaranteedPriceDepositsReceivedFromSecuritiesBorrowers" order="15.0"/>
    <link:loc xlink:type="locator" xlink:href="../tifrs-scf-2013-03-31.xsd#tifrs-SCF_IncreaseDecreaseInFuturesTradersEquity" xlink:label="IncreaseDecreaseInFuturesTradersEquity" xlink:title="IncreaseDecreaseInFuturesTradersEquity"/>
    <link:presentationArc xlink:type="arc" xlink:arcrole="http://www.xbrl.org/2003/arcrole/parent-child" xlink:from="ChangesInOperatingLiabilitiesAbstract" xlink:to="IncreaseDecreaseInFuturesTradersEquity" xlink:title="presentation: ChangesInOperatingLiabilitiesAbstract to IncreaseDecreaseInFuturesTradersEquity" order="16.0"/>
    <link:loc xlink:type="locator" xlink:href="../tifrs-scf-2013-03-31.xsd#tifrs-SCF_IncreaseDecreaseInReceiptsInAdvance" xlink:label="IncreaseDecreaseInReceiptsInAdvance" xlink:title="IncreaseDecreaseInReceiptsInAdvance"/>
    <link:presentationArc xlink:type="arc" xlink:arcrole="http://www.xbrl.org/2003/arcrole/parent-child" xlink:from="ChangesInOperatingLiabilitiesAbstract" xlink:to="IncreaseDecreaseInReceiptsInAdvance" xlink:title="presentation: ChangesInOperatingLiabilitiesAbstract to IncreaseDecreaseInReceiptsInAdvance" order="17.0"/>
    <link:loc xlink:type="locator" xlink:href="../tifrs-scf-2013-03-31.xsd#tifrs-SCF_IncreaseDecreaseInOtherCurrentLiabilities" xlink:label="IncreaseDecreaseInOtherCurrentLiabilities" xlink:title="IncreaseDecreaseInOtherCurrentLiabilities"/>
    <link:presentationArc xlink:type="arc" xlink:arcrole="http://www.xbrl.org/2003/arcrole/parent-child" xlink:from="ChangesInOperatingLiabilitiesAbstract" xlink:to="IncreaseDecreaseInOtherCurrentLiabilities" xlink:title="presentation: ChangesInOperatingLiabilitiesAbstract to IncreaseDecreaseInOtherCurrentLiabilities" order="18.0"/>
    <link:loc xlink:type="locator" xlink:href="../tifrs-scf-2013-03-31.xsd#tifrs-SCF_IncreaseDecreaseInDepositsAndRemittances" xlink:label="IncreaseDecreaseInDepositsAndRemittances" xlink:title="IncreaseDecreaseInDepositsAndRemittances"/>
    <link:presentationArc xlink:type="arc" xlink:arcrole="http://www.xbrl.org/2003/arcrole/parent-child" xlink:from="ChangesInOperatingLiabilitiesAbstract" xlink:to="IncreaseDecreaseInDepositsAndRemittances" xlink:title="presentation: ChangesInOperatingLiabilitiesAbstract to IncreaseDecreaseInDepositsAndRemittances" order="19.0"/>
    <link:loc xlink:type="locator" xlink:href="../tifrs-scf-2013-03-31.xsd#tifrs-SCF_IncreaseDecreaseInProvisions" xlink:label="IncreaseDecreaseInProvisions" xlink:title="IncreaseDecreaseInProvisions"/>
    <link:presentationArc xlink:type="arc" xlink:arcrole="http://www.xbrl.org/2003/arcrole/parent-child" xlink:from="ChangesInOperatingLiabilitiesAbstract" xlink:to="IncreaseDecreaseInProvisions" xlink:title="presentation: ChangesInOperatingLiabilitiesAbstract to IncreaseDecreaseInProvisions" order="20.0"/>
    <link:loc xlink:type="locator" xlink:href="../tifrs-scf-2013-03-31.xsd#tifrs-SCF_IncreaseDecreaseInProvisionsForEmployeeBenefits" xlink:label="IncreaseDecreaseInProvisionsForEmployeeBenefits" xlink:title="IncreaseDecreaseInProvisionsForEmployeeBenefits"/>
    <link:presentationArc xlink:type="arc" xlink:arcrole="http://www.xbrl.org/2003/arcrole/parent-child" xlink:from="ChangesInOperatingLiabilitiesAbstract" xlink:to="IncreaseDecreaseInProvisionsForEmployeeBenefits" xlink:title="presentation: ChangesInOperatingLiabilitiesAbstract to IncreaseDecreaseInProvisionsForEmployeeBenefits" order="21.0"/>
    <link:loc xlink:type="locator" xlink:href="../tifrs-scf-2013-03-31.xsd#tifrs-SCF_IncreaseDecreaseInDeferredCredits" xlink:label="IncreaseDecreaseInDeferredCredits" xlink:title="IncreaseDecreaseInDeferredCredits"/>
    <link:presentationArc xlink:type="arc" xlink:arcrole="http://www.xbrl.org/2003/arcrole/parent-child" xlink:from="ChangesInOperatingLiabilitiesAbstract" xlink:to="IncreaseDecreaseInDeferredCredits" xlink:title="presentation: ChangesInOperatingLiabilitiesAbstract to IncreaseDecreaseInDeferredCredits" order="22.0"/>
    <link:loc xlink:type="locator" xlink:href="../tifrs-scf-2013-03-31.xsd#tifrs-SCF_IncreaseDecreaseInOtherFinancialLiabilities" xlink:label="IncreaseDecreaseInOtherFinancialLiabilities" xlink:title="IncreaseDecreaseInOtherFinancialLiabilities"/>
    <link:presentationArc xlink:type="arc" xlink:arcrole="http://www.xbrl.org/2003/arcrole/parent-child" xlink:from="ChangesInOperatingLiabilitiesAbstract" xlink:to="IncreaseDecreaseInOtherFinancialLiabilities" xlink:title="presentation: ChangesInOperatingLiabilitiesAbstract to IncreaseDecreaseInOtherFinancialLiabilities" order="23.0"/>
    <link:loc xlink:type="locator" xlink:href="../tifrs-scf-2013-03-31.xsd#tifrs-SCF_IncreaseDecreaseInOtherOperatingLiabilities" xlink:label="IncreaseDecreaseInOtherOperatingLiabilities" xlink:title="IncreaseDecreaseInOtherOperatingLiabilities"/>
    <link:presentationArc xlink:type="arc" xlink:arcrole="http://www.xbrl.org/2003/arcrole/parent-child" xlink:from="ChangesInOperatingLiabilitiesAbstract" xlink:to="IncreaseDecreaseInOtherOperatingLiabilities" xlink:title="presentation: ChangesInOperatingLiabilitiesAbstract to IncreaseDecreaseInOtherOperatingLiabilities" order="24.0"/>
    <link:loc xlink:type="locator" xlink:href="../../ifrs_20100430/ifrs-cor_2010-04-30.xsd#ifrs_ClassesOfCashReceiptsFromOperatingActivitiesAbstract" xlink:label="ClassesOfCashReceiptsFromOperatingActivitiesAbstract" xlink:title="ClassesOfCashReceiptsFromOperatingActivitiesAbstract"/>
    <link:loc xlink:type="locator" xlink:href="../../ifrs_20100430/ifrs-cor_2010-04-30.xsd#ifrs_ReceiptsFromPremiumsAndClaimsAnnuitiesAndOtherPolicyBenefits" xlink:label="ReceiptsFromPremiumsAndClaimsAnnuitiesAndOtherPolicyBenefits" xlink:title="ReceiptsFromPremiumsAndClaimsAnnuitiesAndOtherPolicyBenefits"/>
    <link:presentationArc xlink:type="arc" xlink:arcrole="http://www.xbrl.org/2003/arcrole/parent-child" xlink:from="ClassesOfCashReceiptsFromOperatingActivitiesAbstract" xlink:to="ReceiptsFromPremiumsAndClaimsAnnuitiesAndOtherPolicyBenefits" xlink:title="presentation: ClassesOfCashReceiptsFromOperatingActivitiesAbstract to ReceiptsFromPremiumsAndClaimsAnnuitiesAndOtherPolicyBenefits" order="3.1"/>
    <link:loc xlink:type="locator" xlink:href="../tifrs-scf-2013-03-31.xsd#tifrs-SCF_ClassesOfCashPaymentsFromOperatingActivitiesAbstract" xlink:label="ClassesOfCashPaymentsFromOperatingActivitiesAbstract" xlink:title="ClassesOfCashPaymentsFromOperatingActivitiesAbstract"/>
    <link:loc xlink:type="locator" xlink:href="../../ifrs_20100430/ifrs-cor_2010-04-30.xsd#ifrs_PaymentsForPremiumsAndClaimsAnnuitiesAndOtherPolicyBenefits" xlink:label="PaymentsForPremiumsAndClaimsAnnuitiesAndOtherPolicyBenefits" xlink:title="PaymentsForPremiumsAndClaimsAnnuitiesAndOtherPolicyBenefits"/>
    <link:presentationArc xlink:type="arc" xlink:arcrole="http://www.xbrl.org/2003/arcrole/parent-child" xlink:from="ClassesOfCashPaymentsFromOperatingActivitiesAbstract" xlink:to="PaymentsForPremiumsAndClaimsAnnuitiesAndOtherPolicyBenefits" xlink:title="presentation: ClassesOfCashPaymentsFromOperatingActivitiesAbstract to PaymentsForPremiumsAndClaimsAnnuitiesAndOtherPolicyBenefits" order="3.1"/>
    <link:loc xlink:type="locator" xlink:href="../../ifrs_20100430/ifrs-cor_2010-04-30.xsd#ifrs_CashFlowsFromUsedInInvestingActivitiesAbstract" xlink:label="CashFlowsFromUsedInInvestingActivitiesAbstract" xlink:title="CashFlowsFromUsedInInvestingActivitiesAbstract"/>
    <link:loc xlink:type="locator" xlink:href="../tifrs-scf-2013-03-31.xsd#tifrs-SCF_AcquisitionOfFinancialAssetsAtFairValueThroughProfitOrLossDesignatedAsUponInitialRecognition" xlink:label="AcquisitionOfFinancialAssetsAtFairValueThroughProfitOrLossDesignatedAsUponInitialRecognition" xlink:title="AcquisitionOfFinancialAssetsAtFairValueThroughProfitOrLossDesignatedAsUponInitialRecognition"/>
    <link:presentationArc xlink:type="arc" xlink:arcrole="http://www.xbrl.org/2003/arcrole/parent-child" xlink:from="CashFlowsFromUsedInInvestingActivitiesAbstract" xlink:to="AcquisitionOfFinancialAssetsAtFairValueThroughProfitOrLossDesignatedAsUponInitialRecognition" xlink:title="presentation: CashFlowsFromUsedInInvestingActivitiesAbstract to AcquisitionOfFinancialAssetsAtFairValueThroughProfitOrLossDesignatedAsUponInitialRecognition" order="0.1"/>
    <link:loc xlink:type="locator" xlink:href="../tifrs-scf-2013-03-31.xsd#tifrs-SCF_ProceedsFromDisposalOfFinancialAssetsAtFairValueThroughProfitOrLossDesignatedAsUponInitialRecognition" xlink:label="ProceedsFromDisposalOfFinancialAssetsAtFairValueThroughProfitOrLossDesignatedAsUponInitialRecognition" xlink:title="ProceedsFromDisposalOfFinancialAssetsAtFairValueThroughProfitOrLossDesignatedAsUponInitialRecognition"/>
    <link:presentationArc xlink:type="arc" xlink:arcrole="http://www.xbrl.org/2003/arcrole/parent-child" xlink:from="CashFlowsFromUsedInInvestingActivitiesAbstract" xlink:to="ProceedsFromDisposalOfFinancialAssetsAtFairValueThroughProfitOrLossDesignatedAsUponInitialRecognition" xlink:title="presentation: CashFlowsFromUsedInInvestingActivitiesAbstract to ProceedsFromDisposalOfFinancialAssetsAtFairValueThroughProfitOrLossDesignatedAsUponInitialRecognition" order="0.2"/>
    <link:loc xlink:type="locator" xlink:href="../tifrs-scf-2013-03-31.xsd#tifrs-SCF_AcquisitionOfDerivativeFinancialAssetsForHedging-CashFlowsFromUsedInInvestingActivities" xlink:label="AcquisitionOfDerivativeFinancialAssetsForHedging-CashFlowsFromUsedInInvestingActivities" xlink:title="AcquisitionOfDerivativeFinancialAssetsForHedging-CashFlowsFromUsedInInvestingActivities"/>
    <link:presentationArc xlink:type="arc" xlink:arcrole="http://www.xbrl.org/2003/arcrole/parent-child" xlink:from="CashFlowsFromUsedInInvestingActivitiesAbstract" xlink:to="AcquisitionOfDerivativeFinancialAssetsForHedging-CashFlowsFromUsedInInvestingActivities" xlink:title="presentation: CashFlowsFromUsedInInvestingActivitiesAbstract to AcquisitionOfDerivativeFinancialAssetsForHedging-CashFlowsFromUsedInInvestingActivities" order="12.1"/>
    <link:loc xlink:type="locator" xlink:href="../tifrs-scf-2013-03-31.xsd#tifrs-SCF_DisposalOfDerivativeFinancialAssetsForHedging-CashFlowsFromUsedInInvestingActivities" xlink:label="DisposalOfDerivativeFinancialAssetsForHedging-CashFlowsFromUsedInInvestingActivities" xlink:title="DisposalOfDerivativeFinancialAssetsForHedging-CashFlowsFromUsedInInvestingActivities"/>
    <link:presentationArc xlink:type="arc" xlink:arcrole="http://www.xbrl.org/2003/arcrole/parent-child" xlink:from="CashFlowsFromUsedInInvestingActivitiesAbstract" xlink:to="DisposalOfDerivativeFinancialAssetsForHedging-CashFlowsFromUsedInInvestingActivities" xlink:title="presentation: CashFlowsFromUsedInInvestingActivitiesAbstract to DisposalOfDerivativeFinancialAssetsForHedging-CashFlowsFromUsedInInvestingActivities" order="12.2"/>
    <link:loc xlink:type="locator" xlink:href="../tifrs-scf-2013-03-31.xsd#tifrs-SCF_DerecognitionOfDerivativeFinancialLiabilitiesForHedging-CashFlowsFromUsedInInvestingActivities" xlink:label="DerecognitionOfDerivativeFinancialLiabilitiesForHedging-CashFlowsFromUsedInInvestingActivities" xlink:title="DerecognitionOfDerivativeFinancialLiabilitiesForHedging-CashFlowsFromUsedInInvestingActivities"/>
    <link:presentationArc xlink:type="arc" xlink:arcrole="http://www.xbrl.org/2003/arcrole/parent-child" xlink:from="CashFlowsFromUsedInInvestingActivitiesAbstract" xlink:to="DerecognitionOfDerivativeFinancialLiabilitiesForHedging-CashFlowsFromUsedInInvestingActivities" xlink:title="presentation: CashFlowsFromUsedInInvestingActivitiesAbstract to DerecognitionOfDerivativeFinancialLiabilitiesForHedging-CashFlowsFromUsedInInvestingActivities" order="12.3"/>
    <link:loc xlink:type="locator" xlink:href="../tifrs-scf-2013-03-31.xsd#tifrs-SCF_AcquisitionOfNoncurrentAssetsClassifiedAsHeldForSale" xlink:label="AcquisitionOfNoncurrentAssetsClassifiedAsHeldForSale" xlink:title="AcquisitionOfNoncurrentAssetsClassifiedAsHeldForSale"/>
    <link:presentationArc xlink:type="arc" xlink:arcrole="http://www.xbrl.org/2003/arcrole/parent-child" xlink:from="CashFlowsFromUsedInInvestingActivitiesAbstract" xlink:to="AcquisitionOfNoncurrentAssetsClassifiedAsHeldForSale" xlink:title="presentation: CashFlowsFromUsedInInvestingActivitiesAbstract to AcquisitionOfNoncurrentAssetsClassifiedAsHeldForSale" order="19.1"/>
    <link:loc xlink:type="locator" xlink:href="../tifrs-scf-2013-03-31.xsd#tifrs-SCF_ProceedsFromDisposalOfNoncurrentAssetsClassifiedAsHeldForSale" xlink:label="ProceedsFromDisposalOfNoncurrentAssetsClassifiedAsHeldForSale" xlink:title="ProceedsFromDisposalOfNoncurrentAssetsClassifiedAsHeldForSale"/>
    <link:presentationArc xlink:type="arc" xlink:arcrole="http://www.xbrl.org/2003/arcrole/parent-child" xlink:from="CashFlowsFromUsedInInvestingActivitiesAbstract" xlink:to="ProceedsFromDisposalOfNoncurrentAssetsClassifiedAsHeldForSale" xlink:title="presentation: CashFlowsFromUsedInInvestingActivitiesAbstract to ProceedsFromDisposalOfNoncurrentAssetsClassifiedAsHeldForSale" order="19.2"/>
    <link:loc xlink:type="locator" xlink:href="../tifrs-scf-2013-03-31.xsd#tifrs-SCF_AcquisitionOfPropertyPlantAndEquipment" xlink:label="AcquisitionOfPropertyPlantAndEquipment" xlink:title="AcquisitionOfPropertyPlantAndEquipment"/>
    <link:presentationArc xlink:type="arc" xlink:arcrole="http://www.xbrl.org/2003/arcrole/parent-child" xlink:from="CashFlowsFromUsedInInvestingActivitiesAbstract" xlink:to="AcquisitionOfPropertyPlantAndEquipment" xlink:title="presentation: CashFlowsFromUsedInInvestingActivitiesAbstract to AcquisitionOfPropertyPlantAndEquipment" order="19.3"/>
    <link:loc xlink:type="locator" xlink:href="../tifrs-scf-2013-03-31.xsd#tifrs-SCF_ProceedsFromDisposalOfPropertyPlantAndEquipment" xlink:label="ProceedsFromDisposalOfPropertyPlantAndEquipment" xlink:title="ProceedsFromDisposalOfPropertyPlantAndEquipment"/>
    <link:presentationArc xlink:type="arc" xlink:arcrole="http://www.xbrl.org/2003/arcrole/parent-child" xlink:from="CashFlowsFromUsedInInvestingActivitiesAbstract" xlink:to="ProceedsFromDisposalOfPropertyPlantAndEquipment" xlink:title="presentation: CashFlowsFromUsedInInvestingActivitiesAbstract to ProceedsFromDisposalOfPropertyPlantAndEquipment" order="19.4"/>
    <link:loc xlink:type="locator" xlink:href="../tifrs-scf-2013-03-31.xsd#tifrs-SCF_IncreaseInTrustEnterpriseCompensationReserve" xlink:label="IncreaseInTrustEnterpriseCompensationReserve" xlink:title="IncreaseInTrustEnterpriseCompensationReserve"/>
    <link:presentationArc xlink:type="arc" xlink:arcrole="http://www.xbrl.org/2003/arcrole/parent-child" xlink:from="CashFlowsFromUsedInInvestingActivitiesAbstract" xlink:to="IncreaseInTrustEnterpriseCompensationReserve" xlink:title="presentation: CashFlowsFromUsedInInvestingActivitiesAbstract to IncreaseInTrustEnterpriseCompensationReserve" order="21.1"/>
    <link:loc xlink:type="locator" xlink:href="../tifrs-scf-2013-03-31.xsd#tifrs-SCF_DecreaseInTrustEnterpriseCompensationReserve" xlink:label="DecreaseInTrustEnterpriseCompensationReserve" xlink:title="DecreaseInTrustEnterpriseCompensationReserve"/>
    <link:presentationArc xlink:type="arc" xlink:arcrole="http://www.xbrl.org/2003/arcrole/parent-child" xlink:from="CashFlowsFromUsedInInvestingActivitiesAbstract" xlink:to="DecreaseInTrustEnterpriseCompensationReserve" xlink:title="presentation: CashFlowsFromUsedInInvestingActivitiesAbstract to DecreaseInTrustEnterpriseCompensationReserve" order="21.2"/>
    <link:loc xlink:type="locator" xlink:href="../tifrs-scf-2013-03-31.xsd#tifrs-SCF_IncreaseInOperationGuarantee" xlink:label="IncreaseInOperationGuarantee" xlink:title="IncreaseInOperationGuarantee"/>
    <link:presentationArc xlink:type="arc" xlink:arcrole="http://www.xbrl.org/2003/arcrole/parent-child" xlink:from="CashFlowsFromUsedInInvestingActivitiesAbstract" xlink:to="IncreaseInOperationGuarantee" xlink:title="presentation: CashFlowsFromUsedInInvestingActivitiesAbstract to IncreaseInOperationGuarantee" order="21.3"/>
    <link:loc xlink:type="locator" xlink:href="../tifrs-scf-2013-03-31.xsd#tifrs-SCF_IncreaseInDepositsSettlementFund" xlink:label="IncreaseInDepositsSettlementFund" xlink:title="IncreaseInDepositsSettlementFund"/>
    <link:presentationArc xlink:type="arc" xlink:arcrole="http://www.xbrl.org/2003/arcrole/parent-child" xlink:from="CashFlowsFromUsedInInvestingActivitiesAbstract" xlink:to="IncreaseInDepositsSettlementFund" xlink:title="presentation: CashFlowsFromUsedInInvestingActivitiesAbstract to IncreaseInDepositsSettlementFund" order="21.5"/>
    <link:loc xlink:type="locator" xlink:href="../tifrs-scf-2013-03-31.xsd#tifrs-SCF_DecreaseInDepositsSettlementFund" xlink:label="DecreaseInDepositsSettlementFund" xlink:title="DecreaseInDepositsSettlementFund"/>
    <link:presentationArc xlink:type="arc" xlink:arcrole="http://www.xbrl.org/2003/arcrole/parent-child" xlink:from="CashFlowsFromUsedInInvestingActivitiesAbstract" xlink:to="DecreaseInDepositsSettlementFund" xlink:title="presentation: CashFlowsFromUsedInInvestingActivitiesAbstract to DecreaseInDepositsSettlementFund" order="21.6"/>
    <link:loc xlink:type="locator" xlink:href="../tifrs-scf-2013-03-31.xsd#tifrs-SCF_ProceedFromDisposalOfForeclosedCollateral" xlink:label="ProceedFromDisposalOfForeclosedCollateral" xlink:title="ProceedFromDisposalOfForeclosedCollateral"/>
    <link:presentationArc xlink:type="arc" xlink:arcrole="http://www.xbrl.org/2003/arcrole/parent-child" xlink:from="CashFlowsFromUsedInInvestingActivitiesAbstract" xlink:to="ProceedFromDisposalOfForeclosedCollateral" xlink:title="presentation: CashFlowsFromUsedInInvestingActivitiesAbstract to ProceedFromDisposalOfForeclosedCollateral" order="29.1"/>
    <link:loc xlink:type="locator" xlink:href="../tifrs-scf-2013-03-31.xsd#tifrs-SCF_PurchaseOfForeclosedCollateral" xlink:label="PurchaseOfForeclosedCollateral" xlink:title="PurchaseOfForeclosedCollateral"/>
    <link:presentationArc xlink:type="arc" xlink:arcrole="http://www.xbrl.org/2003/arcrole/parent-child" xlink:from="CashFlowsFromUsedInInvestingActivitiesAbstract" xlink:to="PurchaseOfForeclosedCollateral" xlink:title="presentation: CashFlowsFromUsedInInvestingActivitiesAbstract to PurchaseOfForeclosedCollateral" order="29.2" preferredLabel="http://www.xbrl.org/2003/role/verboseLabel"/>
    <link:loc xlink:type="locator" xlink:href="../tifrs-scf-2013-03-31.xsd#tifrs-SCF_IncreaseInSecuritiesPurchasedUnderResellAgreements" xlink:label="IncreaseInSecuritiesPurchasedUnderResellAgreements" xlink:title="IncreaseInSecuritiesPurchasedUnderResellAgreements"/>
    <link:presentationArc xlink:type="arc" xlink:arcrole="http://www.xbrl.org/2003/arcrole/parent-child" xlink:from="CashFlowsFromUsedInInvestingActivitiesAbstract" xlink:to="IncreaseInSecuritiesPurchasedUnderResellAgreements" xlink:title="presentation: CashFlowsFromUsedInInvestingActivitiesAbstract to IncreaseInSecuritiesPurchasedUnderResellAgreements" order="34.1"/>
    <link:loc xlink:type="locator" xlink:href="../tifrs-scf-2013-03-31.xsd#tifrs-SCF_DecreaseInSecuritiesPurchasedUnderResellAgreements" xlink:label="DecreaseInSecuritiesPurchasedUnderResellAgreements" xlink:title="DecreaseInSecuritiesPurchasedUnderResellAgreements"/>
    <link:presentationArc xlink:type="arc" xlink:arcrole="http://www.xbrl.org/2003/arcrole/parent-child" xlink:from="CashFlowsFromUsedInInvestingActivitiesAbstract" xlink:to="DecreaseInSecuritiesPurchasedUnderResellAgreements" xlink:title="presentation: CashFlowsFromUsedInInvestingActivitiesAbstract to DecreaseInSecuritiesPurchasedUnderResellAgreements" order="34.2"/>
    <link:loc xlink:type="locator" xlink:href="../tifrs-scf-2013-03-31.xsd#tifrs-SCF_IncreaseInReceivables" xlink:label="IncreaseInReceivables" xlink:title="IncreaseInReceivables"/>
    <link:presentationArc xlink:type="arc" xlink:arcrole="http://www.xbrl.org/2003/arcrole/parent-child" xlink:from="CashFlowsFromUsedInInvestingActivitiesAbstract" xlink:to="IncreaseInReceivables" xlink:title="presentation: CashFlowsFromUsedInInvestingActivitiesAbstract to IncreaseInReceivables" order="34.3"/>
    <link:loc xlink:type="locator" xlink:href="../tifrs-scf-2013-03-31.xsd#tifrs-SCF_DecreaseInReceivables" xlink:label="DecreaseInReceivables" xlink:title="DecreaseInReceivables"/>
    <link:presentationArc xlink:type="arc" xlink:arcrole="http://www.xbrl.org/2003/arcrole/parent-child" xlink:from="CashFlowsFromUsedInInvestingActivitiesAbstract" xlink:to="DecreaseInReceivables" xlink:title="presentation: CashFlowsFromUsedInInvestingActivitiesAbstract to DecreaseInReceivables" order="34.4"/>
    <link:loc xlink:type="locator" xlink:href="../tifrs-scf-2013-03-31.xsd#tifrs-SCF_IncreaseInLongTermLeaseAndInstallmentReceivables" xlink:label="IncreaseInLongTermLeaseAndInstallmentReceivables" xlink:title="IncreaseInLongTermLeaseAndInstallmentReceivables"/>
    <link:presentationArc xlink:type="arc" xlink:arcrole="http://www.xbrl.org/2003/arcrole/parent-child" xlink:from="CashFlowsFromUsedInInvestingActivitiesAbstract" xlink:to="IncreaseInLongTermLeaseAndInstallmentReceivables" xlink:title="presentation: CashFlowsFromUsedInInvestingActivitiesAbstract to IncreaseInLongTermLeaseAndInstallmentReceivables" order="34.5"/>
    <link:loc xlink:type="locator" xlink:href="../tifrs-scf-2013-03-31.xsd#tifrs-SCF_DecreaseInLongTermLeaseAndInstallmentReceivables" xlink:label="DecreaseInLongTermLeaseAndInstallmentReceivables" xlink:title="DecreaseInLongTermLeaseAndInstallmentReceivables"/>
    <link:presentationArc xlink:type="arc" xlink:arcrole="http://www.xbrl.org/2003/arcrole/parent-child" xlink:from="CashFlowsFromUsedInInvestingActivitiesAbstract" xlink:to="DecreaseInLongTermLeaseAndInstallmentReceivables" xlink:title="presentation: CashFlowsFromUsedInInvestingActivitiesAbstract to DecreaseInLongTermLeaseAndInstallmentReceivables" order="34.6"/>
    <link:loc xlink:type="locator" xlink:href="../tifrs-scf-2013-03-31.xsd#tifrs-SCF_CompensationOnDisposalOfNonperformingLoans" xlink:label="CompensationOnDisposalOfNonperformingLoans" xlink:title="CompensationOnDisposalOfNonperformingLoans"/>
    <link:presentationArc xlink:type="arc" xlink:arcrole="http://www.xbrl.org/2003/arcrole/parent-child" xlink:from="CashFlowsFromUsedInInvestingActivitiesAbstract" xlink:to="CompensationOnDisposalOfNonperformingLoans" xlink:title="presentation: CashFlowsFromUsedInInvestingActivitiesAbstract to CompensationOnDisposalOfNonperformingLoans" order="34.7"/>
    <link:loc xlink:type="locator" xlink:href="../tifrs-scf-2013-03-31.xsd#tifrs-SCF_ProceedsFromDisposalOfNonperformingLoan" xlink:label="ProceedsFromDisposalOfNonperformingLoan" xlink:title="ProceedsFromDisposalOfNonperformingLoan"/>
    <link:presentationArc xlink:type="arc" xlink:arcrole="http://www.xbrl.org/2003/arcrole/parent-child" xlink:from="CashFlowsFromUsedInInvestingActivitiesAbstract" xlink:to="ProceedsFromDisposalOfNonperformingLoan" xlink:title="presentation: CashFlowsFromUsedInInvestingActivitiesAbstract to ProceedsFromDisposalOfNonperformingLoan" order="34.8"/>
    <link:loc xlink:type="locator" xlink:href="../tifrs-scf-2013-03-31.xsd#tifrs-SCF_BuybackOfNonperformingLoan" xlink:label="BuybackOfNonperformingLoan" xlink:title="BuybackOfNonperformingLoan"/>
    <link:presentationArc xlink:type="arc" xlink:arcrole="http://www.xbrl.org/2003/arcrole/parent-child" xlink:from="CashFlowsFromUsedInInvestingActivitiesAbstract" xlink:to="BuybackOfNonperformingLoan" xlink:title="presentation: CashFlowsFromUsedInInvestingActivitiesAbstract to BuybackOfNonperformingLoan" order="34.9"/>
    <link:loc xlink:type="locator" xlink:href="../tifrs-scf-2013-03-31.xsd#tifrs-SCF_IncreaseInOtherAssets" xlink:label="IncreaseInOtherAssets" xlink:title="IncreaseInOtherAssets"/>
    <link:presentationArc xlink:type="arc" xlink:arcrole="http://www.xbrl.org/2003/arcrole/parent-child" xlink:from="CashFlowsFromUsedInInvestingActivitiesAbstract" xlink:to="IncreaseInOtherAssets" xlink:title="presentation: CashFlowsFromUsedInInvestingActivitiesAbstract to IncreaseInOtherAssets" order="38.1"/>
    <link:loc xlink:type="locator" xlink:href="../tifrs-scf-2013-03-31.xsd#tifrs-SCF_DecreaseInOtherAssets" xlink:label="DecreaseInOtherAssets" xlink:title="DecreaseInOtherAssets"/>
    <link:presentationArc xlink:type="arc" xlink:arcrole="http://www.xbrl.org/2003/arcrole/parent-child" xlink:from="CashFlowsFromUsedInInvestingActivitiesAbstract" xlink:to="DecreaseInOtherAssets" xlink:title="presentation: CashFlowsFromUsedInInvestingActivitiesAbstract to DecreaseInOtherAssets" order="38.2"/>
    <link:loc xlink:type="locator" xlink:href="../tifrs-scf-2013-03-31.xsd#tifrs-SCF_IncreaseInPrepaymentsForBusinessFacilities" xlink:label="IncreaseInPrepaymentsForBusinessFacilities" xlink:title="IncreaseInPrepaymentsForBusinessFacilities"/>
    <link:presentationArc xlink:type="arc" xlink:arcrole="http://www.xbrl.org/2003/arcrole/parent-child" xlink:from="CashFlowsFromUsedInInvestingActivitiesAbstract" xlink:to="IncreaseInPrepaymentsForBusinessFacilities" xlink:title="presentation: CashFlowsFromUsedInInvestingActivitiesAbstract to IncreaseInPrepaymentsForBusinessFacilities" order="38.3"/>
    <link:loc xlink:type="locator" xlink:href="../tifrs-scf-2013-03-31.xsd#tifrs-SCF_DecreaseInPrepaymentsForBusinessFacilities" xlink:label="DecreaseInPrepaymentsForBusinessFacilities" xlink:title="DecreaseInPrepaymentsForBusinessFacilities"/>
    <link:presentationArc xlink:type="arc" xlink:arcrole="http://www.xbrl.org/2003/arcrole/parent-child" xlink:from="CashFlowsFromUsedInInvestingActivitiesAbstract" xlink:to="DecreaseInPrepaymentsForBusinessFacilities" xlink:title="presentation: CashFlowsFromUsedInInvestingActivitiesAbstract to DecreaseInPrepaymentsForBusinessFacilities" order="38.4"/>
    <link:loc xlink:type="locator" xlink:href="../tifrs-scf-2013-03-31.xsd#tifrs-SCF_IncreaseInOtherPrepayments" xlink:label="IncreaseInOtherPrepayments" xlink:title="IncreaseInOtherPrepayments"/>
    <link:presentationArc xlink:type="arc" xlink:arcrole="http://www.xbrl.org/2003/arcrole/parent-child" xlink:from="CashFlowsFromUsedInInvestingActivitiesAbstract" xlink:to="IncreaseInOtherPrepayments" xlink:title="presentation: CashFlowsFromUsedInInvestingActivitiesAbstract to IncreaseInOtherPrepayments" order="38.5"/>
    <link:loc xlink:type="locator" xlink:href="../tifrs-scf-2013-03-31.xsd#tifrs-SCF_DecreaseInOtherPrepayments" xlink:label="DecreaseInOtherPrepayments" xlink:title="DecreaseInOtherPrepayments"/>
    <link:presentationArc xlink:type="arc" xlink:arcrole="http://www.xbrl.org/2003/arcrole/parent-child" xlink:from="CashFlowsFromUsedInInvestingActivitiesAbstract" xlink:to="DecreaseInOtherPrepayments" xlink:title="presentation: CashFlowsFromUsedInInvestingActivitiesAbstract to DecreaseInOtherPrepayments" order="38.6"/>
    <link:loc xlink:type="locator" xlink:href="../tifrs-scf-2013-03-31.xsd#tifrs-SCF_DecreaseInOperationGuarantee" xlink:label="DecreaseInOperationGuarantee" xlink:title="DecreaseInOperationGuarantee"/>
    <link:presentationArc xlink:type="arc" xlink:arcrole="http://www.xbrl.org/2003/arcrole/parent-child" xlink:from="CashFlowsFromUsedInInvestingActivitiesAbstract" xlink:to="DecreaseInOperationGuarantee" xlink:title="presentation: CashFlowsFromUsedInInvestingActivitiesAbstract to DecreaseInOperationGuarantee" order="21.4"/>
    <link:loc xlink:type="locator" xlink:href="../../ifrs_20100430/ifrs-cor_2010-04-30.xsd#ifrs_CashFlowsFromUsedInFinancingActivitiesAbstract" xlink:label="CashFlowsFromUsedInFinancingActivitiesAbstract" xlink:title="CashFlowsFromUsedInFinancingActivitiesAbstract"/>
    <link:loc xlink:type="locator" xlink:href="../tifrs-scf-2013-03-31.xsd#tifrs-SCF_DecreaseInDueToTheCentralBankAndBanks" xlink:label="DecreaseInDueToTheCentralBankAndBanks" xlink:title="DecreaseInDueToTheCentralBankAndBanks"/>
    <link:presentationArc xlink:type="arc" xlink:arcrole="http://www.xbrl.org/2003/arcrole/parent-child" xlink:from="CashFlowsFromUsedInFinancingActivitiesAbstract" xlink:to="DecreaseInDueToTheCentralBankAndBanks" xlink:title="presentation: CashFlowsFromUsedInFinancingActivitiesAbstract to DecreaseInDueToTheCentralBankAndBanks" order="2.2"/>
    <link:loc xlink:type="locator" xlink:href="../tifrs-scf-2013-03-31.xsd#tifrs-SCF_IncreaseInShortTermNotesAndBillsPayable" xlink:label="IncreaseInShortTermNotesAndBillsPayable" xlink:title="IncreaseInShortTermNotesAndBillsPayable"/>
    <link:presentationArc xlink:type="arc" xlink:arcrole="http://www.xbrl.org/2003/arcrole/parent-child" xlink:from="CashFlowsFromUsedInFinancingActivitiesAbstract" xlink:to="IncreaseInShortTermNotesAndBillsPayable" xlink:title="presentation: CashFlowsFromUsedInFinancingActivitiesAbstract to IncreaseInShortTermNotesAndBillsPayable" order="2.3"/>
    <link:loc xlink:type="locator" xlink:href="../tifrs-scf-2013-03-31.xsd#tifrs-SCF_DecreaseInShortTermNotesAndBillsPayable" xlink:label="DecreaseInShortTermNotesAndBillsPayable" xlink:title="DecreaseInShortTermNotesAndBillsPayable"/>
    <link:presentationArc xlink:type="arc" xlink:arcrole="http://www.xbrl.org/2003/arcrole/parent-child" xlink:from="CashFlowsFromUsedInFinancingActivitiesAbstract" xlink:to="DecreaseInShortTermNotesAndBillsPayable" xlink:title="presentation: CashFlowsFromUsedInFinancingActivitiesAbstract to DecreaseInShortTermNotesAndBillsPayable" order="2.4"/>
    <link:loc xlink:type="locator" xlink:href="../tifrs-scf-2013-03-31.xsd#tifrs-SCF_IncreaseInCommercialPapersPayable" xlink:label="IncreaseInCommercialPapersPayable" xlink:title="IncreaseInCommercialPapersPayable"/>
    <link:presentationArc xlink:type="arc" xlink:arcrole="http://www.xbrl.org/2003/arcrole/parent-child" xlink:from="CashFlowsFromUsedInFinancingActivitiesAbstract" xlink:to="IncreaseInCommercialPapersPayable" xlink:title="presentation: CashFlowsFromUsedInFinancingActivitiesAbstract to IncreaseInCommercialPapersPayable" order="2.5"/>
    <link:loc xlink:type="locator" xlink:href="../tifrs-scf-2013-03-31.xsd#tifrs-SCF_DecreaseInCommercialPapersPayable" xlink:label="DecreaseInCommercialPapersPayable" xlink:title="DecreaseInCommercialPapersPayable"/>
    <link:presentationArc xlink:type="arc" xlink:arcrole="http://www.xbrl.org/2003/arcrole/parent-child" xlink:from="CashFlowsFromUsedInFinancingActivitiesAbstract" xlink:to="DecreaseInCommercialPapersPayable" xlink:title="presentation: CashFlowsFromUsedInFinancingActivitiesAbstract to DecreaseInCommercialPapersPayable" order="2.6"/>
    <link:loc xlink:type="locator" xlink:href="../tifrs-scf-2013-03-31.xsd#tifrs-SCF_AcquisitionOfDerivativeFinancialAssetsForHedging-CashFlowsFromUsedInFinancingActivities" xlink:label="AcquisitionOfDerivativeFinancialAssetsForHedging-CashFlowsFromUsedInFinancingActivities" xlink:title="AcquisitionOfDerivativeFinancialAssetsForHedging-CashFlowsFromUsedInFinancingActivities"/>
    <link:presentationArc xlink:type="arc" xlink:arcrole="http://www.xbrl.org/2003/arcrole/parent-child" xlink:from="CashFlowsFromUsedInFinancingActivitiesAbstract" xlink:to="AcquisitionOfDerivativeFinancialAssetsForHedging-CashFlowsFromUsedInFinancingActivities" xlink:title="presentation: CashFlowsFromUsedInFinancingActivitiesAbstract to AcquisitionOfDerivativeFinancialAssetsForHedging-CashFlowsFromUsedInFinancingActivities" order="2.7"/>
    <link:loc xlink:type="locator" xlink:href="../tifrs-scf-2013-03-31.xsd#tifrs-SCF_ProceedsFromDisposalOfDerivativeFinancialAssetsForHedging-CashFlowsFromUsedInFinancingActivities" xlink:label="ProceedsFromDisposalOfDerivativeFinancialAssetsForHedging-CashFlowsFromUsedInFinancingActivities" xlink:title="ProceedsFromDisposalOfDerivativeFinancialAssetsForHedging-CashFlowsFromUsedInFinancingActivities"/>
    <link:presentationArc xlink:type="arc" xlink:arcrole="http://www.xbrl.org/2003/arcrole/parent-child" xlink:from="CashFlowsFromUsedInFinancingActivitiesAbstract" xlink:to="ProceedsFromDisposalOfDerivativeFinancialAssetsForHedging-CashFlowsFromUsedInFinancingActivities" xlink:title="presentation: CashFlowsFromUsedInFinancingActivitiesAbstract to ProceedsFromDisposalOfDerivativeFinancialAssetsForHedging-CashFlowsFromUsedInFinancingActivities" order="2.8"/>
    <link:loc xlink:type="locator" xlink:href="../tifrs-scf-2013-03-31.xsd#tifrs-SCF_DerecognitionOfDerivativeFinancialLiabilitiesForHedging-CashFlowsFromUsedInFinancingActivities" xlink:label="DerecognitionOfDerivativeFinancialLiabilitiesForHedging-CashFlowsFromUsedInFinancingActivities" xlink:title="DerecognitionOfDerivativeFinancialLiabilitiesForHedging-CashFlowsFromUsedInFinancingActivities"/>
    <link:presentationArc xlink:type="arc" xlink:arcrole="http://www.xbrl.org/2003/arcrole/parent-child" xlink:from="CashFlowsFromUsedInFinancingActivitiesAbstract" xlink:to="DerecognitionOfDerivativeFinancialLiabilitiesForHedging-CashFlowsFromUsedInFinancingActivities" xlink:title="presentation: CashFlowsFromUsedInFinancingActivitiesAbstract to DerecognitionOfDerivativeFinancialLiabilitiesForHedging-CashFlowsFromUsedInFinancingActivities" order="2.9"/>
    <link:loc xlink:type="locator" xlink:href="../tifrs-scf-2013-03-31.xsd#tifrs-SCF_IncreaseInDueToTheCentralBankAndBanks" xlink:label="IncreaseInDueToTheCentralBankAndBanks" xlink:title="IncreaseInDueToTheCentralBankAndBanks"/>
    <link:presentationArc xlink:type="arc" xlink:arcrole="http://www.xbrl.org/2003/arcrole/parent-child" xlink:from="CashFlowsFromUsedInFinancingActivitiesAbstract" xlink:to="IncreaseInDueToTheCentralBankAndBanks" xlink:title="presentation: CashFlowsFromUsedInFinancingActivitiesAbstract to IncreaseInDueToTheCentralBankAndBanks" order="2.1"/>
    <link:loc xlink:type="locator" xlink:href="../tifrs-scf-2013-03-31.xsd#tifrs-SCF_ProceedsFromIssuingBankNotesPayable" xlink:label="ProceedsFromIssuingBankNotesPayable" xlink:title="ProceedsFromIssuingBankNotesPayable"/>
    <link:presentationArc xlink:type="arc" xlink:arcrole="http://www.xbrl.org/2003/arcrole/parent-child" xlink:from="CashFlowsFromUsedInFinancingActivitiesAbstract" xlink:to="ProceedsFromIssuingBankNotesPayable" xlink:title="presentation: CashFlowsFromUsedInFinancingActivitiesAbstract to ProceedsFromIssuingBankNotesPayable" order="4.1"/>
    <link:loc xlink:type="locator" xlink:href="../tifrs-scf-2013-03-31.xsd#tifrs-SCF_RepaymentsOfBankNotesPayable" xlink:label="RepaymentsOfBankNotesPayable" xlink:title="RepaymentsOfBankNotesPayable"/>
    <link:presentationArc xlink:type="arc" xlink:arcrole="http://www.xbrl.org/2003/arcrole/parent-child" xlink:from="CashFlowsFromUsedInFinancingActivitiesAbstract" xlink:to="RepaymentsOfBankNotesPayable" xlink:title="presentation: CashFlowsFromUsedInFinancingActivitiesAbstract to RepaymentsOfBankNotesPayable" order="4.2"/>
    <link:loc xlink:type="locator" xlink:href="../tifrs-scf-2013-03-31.xsd#tifrs-SCF_ProceedsFromLongTermDebt" xlink:label="ProceedsFromLongTermDebt" xlink:title="ProceedsFromLongTermDebt"/>
    <link:presentationArc xlink:type="arc" xlink:arcrole="http://www.xbrl.org/2003/arcrole/parent-child" xlink:from="CashFlowsFromUsedInFinancingActivitiesAbstract" xlink:to="ProceedsFromLongTermDebt" xlink:title="presentation: CashFlowsFromUsedInFinancingActivitiesAbstract to ProceedsFromLongTermDebt" order="4.3"/>
    <link:loc xlink:type="locator" xlink:href="../tifrs-scf-2013-03-31.xsd#tifrs-SCF_RepaymentsOfLongTermDebt" xlink:label="RepaymentsOfLongTermDebt" xlink:title="RepaymentsOfLongTermDebt"/>
    <link:presentationArc xlink:type="arc" xlink:arcrole="http://www.xbrl.org/2003/arcrole/parent-child" xlink:from="CashFlowsFromUsedInFinancingActivitiesAbstract" xlink:to="RepaymentsOfLongTermDebt" xlink:title="presentation: CashFlowsFromUsedInFinancingActivitiesAbstract to RepaymentsOfLongTermDebt" order="4.4"/>
    <link:loc xlink:type="locator" xlink:href="../tifrs-scf-2013-03-31.xsd#tifrs-SCF_IncreaseInOtherBorrowings" xlink:label="IncreaseInOtherBorrowings" xlink:title="IncreaseInOtherBorrowings"/>
    <link:presentationArc xlink:type="arc" xlink:arcrole="http://www.xbrl.org/2003/arcrole/parent-child" xlink:from="CashFlowsFromUsedInFinancingActivitiesAbstract" xlink:to="IncreaseInOtherBorrowings" xlink:title="presentation: CashFlowsFromUsedInFinancingActivitiesAbstract to IncreaseInOtherBorrowings" order="4.5"/>
    <link:loc xlink:type="locator" xlink:href="../tifrs-scf-2013-03-31.xsd#tifrs-SCF_DecreaseInOtherBorrowings" xlink:label="DecreaseInOtherBorrowings" xlink:title="DecreaseInOtherBorrowings"/>
    <link:presentationArc xlink:type="arc" xlink:arcrole="http://www.xbrl.org/2003/arcrole/parent-child" xlink:from="CashFlowsFromUsedInFinancingActivitiesAbstract" xlink:to="DecreaseInOtherBorrowings" xlink:title="presentation: CashFlowsFromUsedInFinancingActivitiesAbstract to DecreaseInOtherBorrowings" order="4.6"/>
    <link:loc xlink:type="locator" xlink:href="../tifrs-scf-2013-03-31.xsd#tifrs-SCF_IncreaseInNotesAndBondsIssuedUnderRepurchaseAgreement" xlink:label="IncreaseInNotesAndBondsIssuedUnderRepurchaseAgreement" xlink:title="IncreaseInNotesAndBondsIssuedUnderRepurchaseAgreement"/>
    <link:presentationArc xlink:type="arc" xlink:arcrole="http://www.xbrl.org/2003/arcrole/parent-child" xlink:from="CashFlowsFromUsedInFinancingActivitiesAbstract" xlink:to="IncreaseInNotesAndBondsIssuedUnderRepurchaseAgreement" xlink:title="presentation: CashFlowsFromUsedInFinancingActivitiesAbstract to IncreaseInNotesAndBondsIssuedUnderRepurchaseAgreement" order="4.7"/>
    <link:loc xlink:type="locator" xlink:href="../tifrs-scf-2013-03-31.xsd#tifrs-SCF_DecreaseInNotesAndBondsIssuedUnderRepurchaseAgreement" xlink:label="DecreaseInNotesAndBondsIssuedUnderRepurchaseAgreement" xlink:title="DecreaseInNotesAndBondsIssuedUnderRepurchaseAgreement"/>
    <link:presentationArc xlink:type="arc" xlink:arcrole="http://www.xbrl.org/2003/arcrole/parent-child" xlink:from="CashFlowsFromUsedInFinancingActivitiesAbstract" xlink:to="DecreaseInNotesAndBondsIssuedUnderRepurchaseAgreement" xlink:title="presentation: CashFlowsFromUsedInFinancingActivitiesAbstract to DecreaseInNotesAndBondsIssuedUnderRepurchaseAgreement" order="4.8"/>
    <link:loc xlink:type="locator" xlink:href="../tifrs-scf-2013-03-31.xsd#tifrs-SCF_IncreaseInFinancialLiabilitiesAtFairValueThroughProfitOrLossDesignatedAsUponInitialRecognition" xlink:label="IncreaseInFinancialLiabilitiesAtFairValueThroughProfitOrLossDesignatedAsUponInitialRecognition" xlink:title="IncreaseInFinancialLiabilitiesAtFairValueThroughProfitOrLossDesignatedAsUponInitialRecognition"/>
    <link:presentationArc xlink:type="arc" xlink:arcrole="http://www.xbrl.org/2003/arcrole/parent-child" xlink:from="CashFlowsFromUsedInFinancingActivitiesAbstract" xlink:to="IncreaseInFinancialLiabilitiesAtFairValueThroughProfitOrLossDesignatedAsUponInitialRecognition" xlink:title="presentation: CashFlowsFromUsedInFinancingActivitiesAbstract to IncreaseInFinancialLiabilitiesAtFairValueThroughProfitOrLossDesignatedAsUponInitialRecognition" order="4.9"/>
    <link:loc xlink:type="locator" xlink:href="../tifrs-scf-2013-03-31.xsd#tifrs-SCF_DecreaseInFinancialLiabilitiesAtFairValueThroughProfitOrLossDesignatedAsUponInitialRecognition" xlink:label="DecreaseInFinancialLiabilitiesAtFairValueThroughProfitOrLossDesignatedAsUponInitialRecognition" xlink:title="DecreaseInFinancialLiabilitiesAtFairValueThroughProfitOrLossDesignatedAsUponInitialRecognition"/>
    <link:presentationArc xlink:type="arc" xlink:arcrole="http://www.xbrl.org/2003/arcrole/parent-child" xlink:from="CashFlowsFromUsedInFinancingActivitiesAbstract" xlink:to="DecreaseInFinancialLiabilitiesAtFairValueThroughProfitOrLossDesignatedAsUponInitialRecognition" xlink:title="presentation: CashFlowsFromUsedInFinancingActivitiesAbstract to DecreaseInFinancialLiabilitiesAtFairValueThroughProfitOrLossDesignatedAsUponInitialRecognition" order="4.91"/>
    <link:loc xlink:type="locator" xlink:href="../tifrs-scf-2013-03-31.xsd#tifrs-SCF_IncreaseInPayables" xlink:label="IncreaseInPayables" xlink:title="IncreaseInPayables"/>
    <link:presentationArc xlink:type="arc" xlink:arcrole="http://www.xbrl.org/2003/arcrole/parent-child" xlink:from="CashFlowsFromUsedInFinancingActivitiesAbstract" xlink:to="IncreaseInPayables" xlink:title="presentation: CashFlowsFromUsedInFinancingActivitiesAbstract to IncreaseInPayables" order="11.1"/>
    <link:loc xlink:type="locator" xlink:href="../tifrs-scf-2013-03-31.xsd#tifrs-SCF_DecreaseInPayables" xlink:label="DecreaseInPayables" xlink:title="DecreaseInPayables"/>
    <link:presentationArc xlink:type="arc" xlink:arcrole="http://www.xbrl.org/2003/arcrole/parent-child" xlink:from="CashFlowsFromUsedInFinancingActivitiesAbstract" xlink:to="DecreaseInPayables" xlink:title="presentation: CashFlowsFromUsedInFinancingActivitiesAbstract to DecreaseInPayables" order="11.2"/>
    <link:loc xlink:type="locator" xlink:href="../tifrs-scf-2013-03-31.xsd#tifrs-SCF_IncreaseInLeasePayable" xlink:label="IncreaseInLeasePayable" xlink:title="IncreaseInLeasePayable"/>
    <link:presentationArc xlink:type="arc" xlink:arcrole="http://www.xbrl.org/2003/arcrole/parent-child" xlink:from="CashFlowsFromUsedInFinancingActivitiesAbstract" xlink:to="IncreaseInLeasePayable" xlink:title="presentation: CashFlowsFromUsedInFinancingActivitiesAbstract to IncreaseInLeasePayable" order="13.1"/>
    <link:loc xlink:type="locator" xlink:href="../tifrs-scf-2013-03-31.xsd#tifrs-SCF_DecreaseInLeasePayable" xlink:label="DecreaseInLeasePayable" xlink:title="DecreaseInLeasePayable"/>
    <link:presentationArc xlink:type="arc" xlink:arcrole="http://www.xbrl.org/2003/arcrole/parent-child" xlink:from="CashFlowsFromUsedInFinancingActivitiesAbstract" xlink:to="DecreaseInLeasePayable" xlink:title="presentation: CashFlowsFromUsedInFinancingActivitiesAbstract to DecreaseInLeasePayable" order="13.2"/>
    <link:loc xlink:type="locator" xlink:href="../tifrs-scf-2013-03-31.xsd#tifrs-SCF_IncreaseInOtherLiabilities" xlink:label="IncreaseInOtherLiabilities" xlink:title="IncreaseInOtherLiabilities"/>
    <link:presentationArc xlink:type="arc" xlink:arcrole="http://www.xbrl.org/2003/arcrole/parent-child" xlink:from="CashFlowsFromUsedInFinancingActivitiesAbstract" xlink:to="IncreaseInOtherLiabilities" xlink:title="presentation: CashFlowsFromUsedInFinancingActivitiesAbstract to IncreaseInOtherLiabilities" order="15.1"/>
    <link:loc xlink:type="locator" xlink:href="../tifrs-scf-2013-03-31.xsd#tifrs-SCF_DecreaseInOtherLiabilities" xlink:label="DecreaseInOtherLiabilities" xlink:title="DecreaseInOtherLiabilities"/>
    <link:presentationArc xlink:type="arc" xlink:arcrole="http://www.xbrl.org/2003/arcrole/parent-child" xlink:from="CashFlowsFromUsedInFinancingActivitiesAbstract" xlink:to="DecreaseInOtherLiabilities" xlink:title="presentation: CashFlowsFromUsedInFinancingActivitiesAbstract to DecreaseInOtherLiabilities" order="15.2"/>
    <link:loc xlink:type="locator" xlink:href="../tifrs-scf-2013-03-31.xsd#tifrs-SCF_ChangeInNoncontrollingInterests" xlink:label="ChangeInNoncontrollingInterests" xlink:title="ChangeInNoncontrollingInterests"/>
    <link:presentationArc xlink:type="arc" xlink:arcrole="http://www.xbrl.org/2003/arcrole/parent-child" xlink:from="CashFlowsFromUsedInFinancingActivitiesAbstract" xlink:to="ChangeInNoncontrollingInterests" xlink:title="presentation: CashFlowsFromUsedInFinancingActivitiesAbstract to ChangeInNoncontrollingInterests" order="28.1"/>
    <link:loc xlink:type="locator" xlink:href="../../ifrs_20100430/ifrs-cor_2010-04-30.xsd#ifrs_InterestPaidClassifiedAsFinancingActivities" xlink:label="InterestPaidClassifiedAsFinancingActivities" xlink:title="InterestPaidClassifiedAsFinancingActivities"/>
    <link:presentationArc xlink:type="arc" xlink:arcrole="http://www.xbrl.org/2003/arcrole/parent-child" xlink:from="CashFlowsFromUsedInFinancingActivitiesAbstract" xlink:to="InterestPaidClassifiedAsFinancingActivities" xlink:title="presentation: CashFlowsFromUsedInFinancingActivitiesAbstract to InterestPaidClassifiedAsFinancingActivities" order="27.1"/>
    <link:loc xlink:type="locator" xlink:href="../tifrs-scf-2013-03-31.xsd#tifrs-SCF_CashAndCashEquivalentsAtEndOfPeriod" xlink:label="CashAndCashEquivalentsAtEndOfPeriod" xlink:title="CashAndCashEquivalentsAtEndOfPeriod"/>
    <link:loc xlink:type="locator" xlink:href="../tifrs-scf-2013-03-31.xsd#tifrs-SCF_DueFromTheCentralBankAndCallLoansToBanksQualifyingForCashAndCashEquivalentsUnderTheDefinitionOfIAS7" xlink:label="DueFromTheCentralBankAndCallLoansToBanksQualifyingForCashAndCashEquivalentsUnderTheDefinitionOfIAS7" xlink:title="DueFromTheCentralBankAndCallLoansToBanksQualifyingForCashAndCashEquivalentsUnderTheDefinitionOfIAS7"/>
    <link:presentationArc xlink:type="arc" xlink:arcrole="http://www.xbrl.org/2003/arcrole/parent-child" xlink:from="CashAndCashEquivalentsAtEndOfPeriod" xlink:to="DueFromTheCentralBankAndCallLoansToBanksQualifyingForCashAndCashEquivalentsUnderTheDefinitionOfIAS7" xlink:title="presentation: CashAndCashEquivalentsAtEndOfPeriod to DueFromTheCentralBankAndCallLoansToBanksQualifyingForCashAndCashEquivalentsUnderTheDefinitionOfIAS7" order="1.1"/>
    <link:loc xlink:type="locator" xlink:href="../tifrs-scf-2013-03-31.xsd#tifrs-SCF_SecuritiesPurchasedUnderResellAgreementsQualifyingForCashAndCashEquivalentsUnderTheDefinitionOfIAS7" xlink:label="SecuritiesPurchasedUnderResellAgreementsQualifyingForCashAndCashEquivalentsUnderTheDefinitionOfIAS7" xlink:title="SecuritiesPurchasedUnderResellAgreementsQualifyingForCashAndCashEquivalentsUnderTheDefinitionOfIAS7"/>
    <link:presentationArc xlink:type="arc" xlink:arcrole="http://www.xbrl.org/2003/arcrole/parent-child" xlink:from="CashAndCashEquivalentsAtEndOfPeriod" xlink:to="SecuritiesPurchasedUnderResellAgreementsQualifyingForCashAndCashEquivalentsUnderTheDefinitionOfIAS7" xlink:title="presentation: CashAndCashEquivalentsAtEndOfPeriod to SecuritiesPurchasedUnderResellAgreementsQualifyingForCashAndCashEquivalentsUnderTheDefinitionOfIAS7" order="1.2"/>
  </link:presentationLink>
</link:linkbase>
