<?xml version="1.0" encoding="UTF-8"?>
<!-- Generated by Fujitsu XWand B0184C -->
<link:linkbase xmlns:xsi="http://www.w3.org/2001/XMLSchema-instance" xsi:schemaLocation="http://www.xbrl.org/2003/linkbase http://www.xbrl.org/2003/xbrl-linkbase-2003-12-31.xsd" xmlns:xbrli="http://www.xbrl.org/2003/instance" xmlns:xlink="http://www.w3.org/1999/xlink" xmlns:link="http://www.xbrl.org/2003/linkbase">
  <link:labelLink xlink:type="extended" xlink:role="http://www.xbrl.org/2003/role/link">
    <link:loc xlink:type="locator" xlink:href="../tifrs-scf-2015-03-31.xsd#tifrs-SCF_DecreaseIncreaseInDueFromTheCentralBankAndCallLoansToBanks" xlink:label="DecreaseIncreaseInDueFromTheCentralBankAndCallLoansToBanks" xlink:title="DecreaseIncreaseInDueFromTheCentralBankAndCallLoansToBanks"/>
    <link:label xlink:type="resource" xlink:label="label_DecreaseIncreaseInDueFromTheCentralBankAndCallLoansToBanks" xlink:role="http://www.xbrl.org/2003/role/terseLabel" xlink:title="label_DecreaseIncreaseInDueFromTheCentralBankAndCallLoansToBanks" xml:lang="en" id="label_DecreaseIncreaseInDueFromTheCentralBankAndCallLoansToBanks">A91110</link:label>
    <link:labelArc xlink:type="arc" xlink:arcrole="http://www.xbrl.org/2003/arcrole/concept-label" xlink:from="DecreaseIncreaseInDueFromTheCentralBankAndCallLoansToBanks" xlink:to="label_DecreaseIncreaseInDueFromTheCentralBankAndCallLoansToBanks" xlink:title="label: DecreaseIncreaseInDueFromTheCentralBankAndCallLoansToBanks to label_DecreaseIncreaseInDueFromTheCentralBankAndCallLoansToBanks"/>
    <link:loc xlink:type="locator" xlink:href="../tifrs-scf-2015-03-31.xsd#tifrs-SCF_DecreaseIncreaseInFinancialAssetsAtFairValueThroughProfitOrLoss" xlink:label="DecreaseIncreaseInFinancialAssetsAtFairValueThroughProfitOrLoss" xlink:title="DecreaseIncreaseInFinancialAssetsAtFairValueThroughProfitOrLoss"/>
    <link:label xlink:type="resource" xlink:label="label_DecreaseIncreaseInFinancialAssetsAtFairValueThroughProfitOrLoss" xlink:role="http://www.xbrl.org/2003/role/terseLabel" xlink:title="label_DecreaseIncreaseInFinancialAssetsAtFairValueThroughProfitOrLoss" xml:lang="en" id="label_DecreaseIncreaseInFinancialAssetsAtFairValueThroughProfitOrLoss">A91120</link:label>
    <link:labelArc xlink:type="arc" xlink:arcrole="http://www.xbrl.org/2003/arcrole/concept-label" xlink:from="DecreaseIncreaseInFinancialAssetsAtFairValueThroughProfitOrLoss" xlink:to="label_DecreaseIncreaseInFinancialAssetsAtFairValueThroughProfitOrLoss" xlink:title="label: DecreaseIncreaseInFinancialAssetsAtFairValueThroughProfitOrLoss to label_DecreaseIncreaseInFinancialAssetsAtFairValueThroughProfitOrLoss"/>
    <link:loc xlink:type="locator" xlink:href="../tifrs-scf-2015-03-31.xsd#tifrs-SCF_DecreaseIncreaseInConstructionContractsReceivableDueFromRelatedParties" xlink:label="DecreaseIncreaseInConstructionContractsReceivableDueFromRelatedParties" xlink:title="DecreaseIncreaseInConstructionContractsReceivableDueFromRelatedParties"/>
    <link:label xlink:type="resource" xlink:label="label_DecreaseIncreaseInConstructionContractsReceivableDueFromRelatedParties" xlink:role="http://www.xbrl.org/2003/role/terseLabel" xlink:title="label_DecreaseIncreaseInConstructionContractsReceivableDueFromRelatedParties" xml:lang="en" id="label_DecreaseIncreaseInConstructionContractsReceivableDueFromRelatedParties">A91220</link:label>
    <link:labelArc xlink:type="arc" xlink:arcrole="http://www.xbrl.org/2003/arcrole/concept-label" xlink:from="DecreaseIncreaseInConstructionContractsReceivableDueFromRelatedParties" xlink:to="label_DecreaseIncreaseInConstructionContractsReceivableDueFromRelatedParties" xlink:title="label: DecreaseIncreaseInConstructionContractsReceivableDueFromRelatedParties to label_DecreaseIncreaseInConstructionContractsReceivableDueFromRelatedParties"/>
    <link:loc xlink:type="locator" xlink:href="../tifrs-scf-2015-03-31.xsd#tifrs-SCF_DecreaseIncreaseInReceivables" xlink:label="DecreaseIncreaseInReceivables" xlink:title="DecreaseIncreaseInReceivables"/>
    <link:label xlink:type="resource" xlink:label="label_DecreaseIncreaseInReceivables" xlink:role="http://www.xbrl.org/2003/role/terseLabel" xlink:title="label_DecreaseIncreaseInReceivables" xml:lang="en" id="label_DecreaseIncreaseInReceivables">A91190</link:label>
    <link:labelArc xlink:type="arc" xlink:arcrole="http://www.xbrl.org/2003/arcrole/concept-label" xlink:from="DecreaseIncreaseInReceivables" xlink:to="label_DecreaseIncreaseInReceivables" xlink:title="label: DecreaseIncreaseInReceivables to label_DecreaseIncreaseInReceivables"/>
    <link:loc xlink:type="locator" xlink:href="../tifrs-scf-2015-03-31.xsd#tifrs-SCF_DecreaseIncreaseInFinancialAssetsAtCost" xlink:label="DecreaseIncreaseInFinancialAssetsAtCost" xlink:title="DecreaseIncreaseInFinancialAssetsAtCost"/>
    <link:label xlink:type="resource" xlink:label="label_DecreaseIncreaseInFinancialAssetsAtCost" xlink:role="http://www.xbrl.org/2003/role/terseLabel" xlink:title="label_DecreaseIncreaseInFinancialAssetsAtCost" xml:lang="en" id="label_DecreaseIncreaseInFinancialAssetsAtCost">A91160</link:label>
    <link:labelArc xlink:type="arc" xlink:arcrole="http://www.xbrl.org/2003/arcrole/concept-label" xlink:from="DecreaseIncreaseInFinancialAssetsAtCost" xlink:to="label_DecreaseIncreaseInFinancialAssetsAtCost" xlink:title="label: DecreaseIncreaseInFinancialAssetsAtCost to label_DecreaseIncreaseInFinancialAssetsAtCost"/>
    <link:loc xlink:type="locator" xlink:href="../tifrs-scf-2015-03-31.xsd#tifrs-SCF_DecreaseIncreaseInMarginLoansReceivable" xlink:label="DecreaseIncreaseInMarginLoansReceivable" xlink:title="DecreaseIncreaseInMarginLoansReceivable"/>
    <link:label xlink:type="resource" xlink:label="label_DecreaseIncreaseInMarginLoansReceivable" xlink:role="http://www.xbrl.org/2003/role/terseLabel" xlink:title="label_DecreaseIncreaseInMarginLoansReceivable" xml:lang="en" id="label_DecreaseIncreaseInMarginLoansReceivable">A91230</link:label>
    <link:labelArc xlink:type="arc" xlink:arcrole="http://www.xbrl.org/2003/arcrole/concept-label" xlink:from="DecreaseIncreaseInMarginLoansReceivable" xlink:to="label_DecreaseIncreaseInMarginLoansReceivable" xlink:title="label: DecreaseIncreaseInMarginLoansReceivable to label_DecreaseIncreaseInMarginLoansReceivable"/>
    <link:loc xlink:type="locator" xlink:href="../tifrs-scf-2015-03-31.xsd#tifrs-SCF_DecreaseIncreaseInSecuritiesPurchasedUnderAgreementsToResell" xlink:label="DecreaseIncreaseInSecuritiesPurchasedUnderAgreementsToResell" xlink:title="DecreaseIncreaseInSecuritiesPurchasedUnderAgreementsToResell"/>
    <link:label xlink:type="resource" xlink:label="label_DecreaseIncreaseInSecuritiesPurchasedUnderAgreementsToResell" xlink:role="http://www.xbrl.org/2003/role/terseLabel" xlink:title="label_DecreaseIncreaseInSecuritiesPurchasedUnderAgreementsToResell" xml:lang="en" id="label_DecreaseIncreaseInSecuritiesPurchasedUnderAgreementsToResell">A91180</link:label>
    <link:labelArc xlink:type="arc" xlink:arcrole="http://www.xbrl.org/2003/arcrole/concept-label" xlink:from="DecreaseIncreaseInSecuritiesPurchasedUnderAgreementsToResell" xlink:to="label_DecreaseIncreaseInSecuritiesPurchasedUnderAgreementsToResell" xlink:title="label: DecreaseIncreaseInSecuritiesPurchasedUnderAgreementsToResell to label_DecreaseIncreaseInSecuritiesPurchasedUnderAgreementsToResell"/>
    <link:loc xlink:type="locator" xlink:href="../tifrs-scf-2015-03-31.xsd#tifrs-SCF_DecreaseIncreaseInHeldToMaturityFinancialAssets" xlink:label="DecreaseIncreaseInHeldToMaturityFinancialAssets" xlink:title="DecreaseIncreaseInHeldToMaturityFinancialAssets"/>
    <link:label xlink:type="resource" xlink:label="label_DecreaseIncreaseInHeldToMaturityFinancialAssets" xlink:role="http://www.xbrl.org/2003/role/terseLabel" xlink:title="label_DecreaseIncreaseInHeldToMaturityFinancialAssets" xml:lang="en" id="label_DecreaseIncreaseInHeldToMaturityFinancialAssets">A91140</link:label>
    <link:labelArc xlink:type="arc" xlink:arcrole="http://www.xbrl.org/2003/arcrole/concept-label" xlink:from="DecreaseIncreaseInHeldToMaturityFinancialAssets" xlink:to="label_DecreaseIncreaseInHeldToMaturityFinancialAssets" xlink:title="label: DecreaseIncreaseInHeldToMaturityFinancialAssets to label_DecreaseIncreaseInHeldToMaturityFinancialAssets"/>
    <link:loc xlink:type="locator" xlink:href="../tifrs-scf-2015-03-31.xsd#tifrs-SCF_DecreaseIncreaseInDerivativeFinancialAssetsForHedging" xlink:label="DecreaseIncreaseInDerivativeFinancialAssetsForHedging" xlink:title="DecreaseIncreaseInDerivativeFinancialAssetsForHedging"/>
    <link:label xlink:type="resource" xlink:label="label_DecreaseIncreaseInDerivativeFinancialAssetsForHedging" xlink:role="http://www.xbrl.org/2003/role/terseLabel" xlink:title="label_DecreaseIncreaseInDerivativeFinancialAssetsForHedging" xml:lang="en" id="label_DecreaseIncreaseInDerivativeFinancialAssetsForHedging">A91150</link:label>
    <link:labelArc xlink:type="arc" xlink:arcrole="http://www.xbrl.org/2003/arcrole/concept-label" xlink:from="DecreaseIncreaseInDerivativeFinancialAssetsForHedging" xlink:to="label_DecreaseIncreaseInDerivativeFinancialAssetsForHedging" xlink:title="label: DecreaseIncreaseInDerivativeFinancialAssetsForHedging to label_DecreaseIncreaseInDerivativeFinancialAssetsForHedging"/>
    <link:loc xlink:type="locator" xlink:href="../tifrs-scf-2015-03-31.xsd#tifrs-SCF_DecreaseIncreaseInDiscountsAndLoans" xlink:label="DecreaseIncreaseInDiscountsAndLoans" xlink:title="DecreaseIncreaseInDiscountsAndLoans"/>
    <link:label xlink:type="resource" xlink:label="label_DecreaseIncreaseInDiscountsAndLoans" xlink:role="http://www.xbrl.org/2003/role/terseLabel" xlink:title="label_DecreaseIncreaseInDiscountsAndLoans" xml:lang="en" id="label_DecreaseIncreaseInDiscountsAndLoans">A91290</link:label>
    <link:labelArc xlink:type="arc" xlink:arcrole="http://www.xbrl.org/2003/arcrole/concept-label" xlink:from="DecreaseIncreaseInDiscountsAndLoans" xlink:to="label_DecreaseIncreaseInDiscountsAndLoans" xlink:title="label: DecreaseIncreaseInDiscountsAndLoans to label_DecreaseIncreaseInDiscountsAndLoans"/>
    <link:loc xlink:type="locator" xlink:href="../tifrs-scf-2015-03-31.xsd#tifrs-SCF_DecreaseIncreaseInDebtsInvestmentWithoutActiveMarket" xlink:label="DecreaseIncreaseInDebtsInvestmentWithoutActiveMarket" xlink:title="DecreaseIncreaseInDebtsInvestmentWithoutActiveMarket"/>
    <link:label xlink:type="resource" xlink:label="label_DecreaseIncreaseInDebtsInvestmentWithoutActiveMarket" xlink:role="http://www.xbrl.org/2003/role/terseLabel" xlink:title="label_DecreaseIncreaseInDebtsInvestmentWithoutActiveMarket" xml:lang="en" id="label_DecreaseIncreaseInDebtsInvestmentWithoutActiveMarket">A91170</link:label>
    <link:labelArc xlink:type="arc" xlink:arcrole="http://www.xbrl.org/2003/arcrole/concept-label" xlink:from="DecreaseIncreaseInDebtsInvestmentWithoutActiveMarket" xlink:to="label_DecreaseIncreaseInDebtsInvestmentWithoutActiveMarket" xlink:title="label: DecreaseIncreaseInDebtsInvestmentWithoutActiveMarket to label_DecreaseIncreaseInDebtsInvestmentWithoutActiveMarket"/>
    <link:loc xlink:type="locator" xlink:href="../tifrs-scf-2015-03-31.xsd#tifrs-SCF_DecreaseIncreaseInConstructionContractsReceivable" xlink:label="DecreaseIncreaseInConstructionContractsReceivable" xlink:title="DecreaseIncreaseInConstructionContractsReceivable"/>
    <link:label xlink:type="resource" xlink:label="label_DecreaseIncreaseInConstructionContractsReceivable" xlink:role="http://www.xbrl.org/2003/role/terseLabel" xlink:title="label_DecreaseIncreaseInConstructionContractsReceivable" xml:lang="en" id="label_DecreaseIncreaseInConstructionContractsReceivable">A91210</link:label>
    <link:labelArc xlink:type="arc" xlink:arcrole="http://www.xbrl.org/2003/arcrole/concept-label" xlink:from="DecreaseIncreaseInConstructionContractsReceivable" xlink:to="label_DecreaseIncreaseInConstructionContractsReceivable" xlink:title="label: DecreaseIncreaseInConstructionContractsReceivable to label_DecreaseIncreaseInConstructionContractsReceivable"/>
    <link:loc xlink:type="locator" xlink:href="../tifrs-scf-2015-03-31.xsd#tifrs-SCF_DecreaseIncreaseInAvailableForSaleFinancialAssets" xlink:label="DecreaseIncreaseInAvailableForSaleFinancialAssets" xlink:title="DecreaseIncreaseInAvailableForSaleFinancialAssets"/>
    <link:label xlink:type="resource" xlink:label="label_DecreaseIncreaseInAvailableForSaleFinancialAssets" xlink:role="http://www.xbrl.org/2003/role/terseLabel" xlink:title="label_DecreaseIncreaseInAvailableForSaleFinancialAssets" xml:lang="en" id="label_DecreaseIncreaseInAvailableForSaleFinancialAssets">A91130</link:label>
    <link:labelArc xlink:type="arc" xlink:arcrole="http://www.xbrl.org/2003/arcrole/concept-label" xlink:from="DecreaseIncreaseInAvailableForSaleFinancialAssets" xlink:to="label_DecreaseIncreaseInAvailableForSaleFinancialAssets" xlink:title="label: DecreaseIncreaseInAvailableForSaleFinancialAssets to label_DecreaseIncreaseInAvailableForSaleFinancialAssets"/>
    <link:loc xlink:type="locator" xlink:href="../tifrs-scf-2015-03-31.xsd#tifrs-SCF_DecreaseIncreaseInReinsuranceAssets" xlink:label="DecreaseIncreaseInReinsuranceAssets" xlink:title="DecreaseIncreaseInReinsuranceAssets"/>
    <link:label xlink:type="resource" xlink:label="label_DecreaseIncreaseInReinsuranceAssets" xlink:role="http://www.xbrl.org/2003/role/terseLabel" xlink:title="label_DecreaseIncreaseInReinsuranceAssets" xml:lang="en" id="label_DecreaseIncreaseInReinsuranceAssets">A91270</link:label>
    <link:labelArc xlink:type="arc" xlink:arcrole="http://www.xbrl.org/2003/arcrole/concept-label" xlink:from="DecreaseIncreaseInReinsuranceAssets" xlink:to="label_DecreaseIncreaseInReinsuranceAssets" xlink:title="label: DecreaseIncreaseInReinsuranceAssets to label_DecreaseIncreaseInReinsuranceAssets"/>
    <link:loc xlink:type="locator" xlink:href="../tifrs-scf-2015-03-31.xsd#tifrs-SCF_DecreaseIncreaseInInventories" xlink:label="DecreaseIncreaseInInventories" xlink:title="DecreaseIncreaseInInventories"/>
    <link:label xlink:type="resource" xlink:label="label_DecreaseIncreaseInInventories" xlink:role="http://www.xbrl.org/2003/role/terseLabel" xlink:title="label_DecreaseIncreaseInInventories" xml:lang="en" id="label_DecreaseIncreaseInInventories">A91250</link:label>
    <link:labelArc xlink:type="arc" xlink:arcrole="http://www.xbrl.org/2003/arcrole/concept-label" xlink:from="DecreaseIncreaseInInventories" xlink:to="label_DecreaseIncreaseInInventories" xlink:title="label: DecreaseIncreaseInInventories to label_DecreaseIncreaseInInventories"/>
    <link:loc xlink:type="locator" xlink:href="../tifrs-scf-2015-03-31.xsd#tifrs-SCF_DecreaseIncreaseInOtherPrepayments" xlink:label="DecreaseIncreaseInOtherPrepayments" xlink:title="DecreaseIncreaseInOtherPrepayments"/>
    <link:label xlink:type="resource" xlink:label="label_DecreaseIncreaseInOtherPrepayments" xlink:role="http://www.xbrl.org/2003/role/terseLabel" xlink:title="label_DecreaseIncreaseInOtherPrepayments" xml:lang="en" id="label_DecreaseIncreaseInOtherPrepayments">A91260</link:label>
    <link:labelArc xlink:type="arc" xlink:arcrole="http://www.xbrl.org/2003/arcrole/concept-label" xlink:from="DecreaseIncreaseInOtherPrepayments" xlink:to="label_DecreaseIncreaseInOtherPrepayments" xlink:title="label: DecreaseIncreaseInOtherPrepayments to label_DecreaseIncreaseInOtherPrepayments"/>
    <link:loc xlink:type="locator" xlink:href="../tifrs-scf-2015-03-31.xsd#tifrs-SCF_DecreaseIncreaseInBiologicalAssets" xlink:label="DecreaseIncreaseInBiologicalAssets" xlink:title="DecreaseIncreaseInBiologicalAssets"/>
    <link:label xlink:type="resource" xlink:label="label_DecreaseIncreaseInBiologicalAssets" xlink:role="http://www.xbrl.org/2003/role/terseLabel" xlink:title="label_DecreaseIncreaseInBiologicalAssets" xml:lang="en" id="label_DecreaseIncreaseInBiologicalAssets">A91300</link:label>
    <link:labelArc xlink:type="arc" xlink:arcrole="http://www.xbrl.org/2003/arcrole/concept-label" xlink:from="DecreaseIncreaseInBiologicalAssets" xlink:to="label_DecreaseIncreaseInBiologicalAssets" xlink:title="label: DecreaseIncreaseInBiologicalAssets to label_DecreaseIncreaseInBiologicalAssets"/>
    <link:loc xlink:type="locator" xlink:href="../tifrs-scf-2015-03-31.xsd#tifrs-SCF_DecreaseIncreaseInOtherCurrentAssets" xlink:label="DecreaseIncreaseInOtherCurrentAssets" xlink:title="DecreaseIncreaseInOtherCurrentAssets"/>
    <link:label xlink:type="resource" xlink:label="label_DecreaseIncreaseInOtherCurrentAssets" xlink:role="http://www.xbrl.org/2003/role/terseLabel" xlink:title="label_DecreaseIncreaseInOtherCurrentAssets" xml:lang="en" id="label_DecreaseIncreaseInOtherCurrentAssets">A91280</link:label>
    <link:labelArc xlink:type="arc" xlink:arcrole="http://www.xbrl.org/2003/arcrole/concept-label" xlink:from="DecreaseIncreaseInOtherCurrentAssets" xlink:to="label_DecreaseIncreaseInOtherCurrentAssets" xlink:title="label: DecreaseIncreaseInOtherCurrentAssets to label_DecreaseIncreaseInOtherCurrentAssets"/>
    <link:loc xlink:type="locator" xlink:href="../tifrs-scf-2015-03-31.xsd#tifrs-SCF_DecreaseIncreaseInBalanceOfTheConstructionInProgressAccountExceedsTheBalanceOfBillingsOnConstructionInProgress" xlink:label="DecreaseIncreaseInBalanceOfTheConstructionInProgressAccountExceedsTheBalanceOfBillingsOnConstructionInProgress" xlink:title="DecreaseIncreaseInBalanceOfTheConstructionInProgressAccountExceedsTheBalanceOfBillingsOnConstructionInProgress"/>
    <link:label xlink:type="resource" xlink:label="label_DecreaseIncreaseInBalanceOfTheConstructionInProgressAccountExceedsTheBalanceOfBillingsOnConstructionInProgress" xlink:role="http://www.xbrl.org/2003/role/terseLabel" xlink:title="label_DecreaseIncreaseInBalanceOfTheConstructionInProgressAccountExceedsTheBalanceOfBillingsOnConstructionInProgress" xml:lang="en" id="label_DecreaseIncreaseInBalanceOfTheConstructionInProgressAccountExceedsTheBalanceOfBillingsOnConstructionInProgress">A91240</link:label>
    <link:labelArc xlink:type="arc" xlink:arcrole="http://www.xbrl.org/2003/arcrole/concept-label" xlink:from="DecreaseIncreaseInBalanceOfTheConstructionInProgressAccountExceedsTheBalanceOfBillingsOnConstructionInProgress" xlink:to="label_DecreaseIncreaseInBalanceOfTheConstructionInProgressAccountExceedsTheBalanceOfBillingsOnConstructionInProgress" xlink:title="label: DecreaseIncreaseInBalanceOfTheConstructionInProgressAccountExceedsTheBalanceOfBillingsOnConstructionInProgress to label_DecreaseIncreaseInBalanceOfTheConstructionInProgressAccountExceedsTheBalanceOfBillingsOnConstructionInProgress"/>
    <link:loc xlink:type="locator" xlink:href="../tifrs-scf-2015-03-31.xsd#tifrs-SCF_DecreaseIncreaseInOtherFinancialAssets" xlink:label="DecreaseIncreaseInOtherFinancialAssets" xlink:title="DecreaseIncreaseInOtherFinancialAssets"/>
    <link:label xlink:type="resource" xlink:label="label_DecreaseIncreaseInOtherFinancialAssets" xlink:role="http://www.xbrl.org/2003/role/terseLabel" xlink:title="label_DecreaseIncreaseInOtherFinancialAssets" xml:lang="en" id="label_DecreaseIncreaseInOtherFinancialAssets">A91320</link:label>
    <link:labelArc xlink:type="arc" xlink:arcrole="http://www.xbrl.org/2003/arcrole/concept-label" xlink:from="DecreaseIncreaseInOtherFinancialAssets" xlink:to="label_DecreaseIncreaseInOtherFinancialAssets" xlink:title="label: DecreaseIncreaseInOtherFinancialAssets to label_DecreaseIncreaseInOtherFinancialAssets"/>
    <link:loc xlink:type="locator" xlink:href="../tifrs-scf-2015-03-31.xsd#tifrs-SCF_DecreaseIncreaseInReceivablesDueFromRelatedParties" xlink:label="DecreaseIncreaseInReceivablesDueFromRelatedParties" xlink:title="DecreaseIncreaseInReceivablesDueFromRelatedParties"/>
    <link:label xlink:type="resource" xlink:label="label_DecreaseIncreaseInReceivablesDueFromRelatedParties" xlink:role="http://www.xbrl.org/2003/role/terseLabel" xlink:title="label_DecreaseIncreaseInReceivablesDueFromRelatedParties" xml:lang="en" id="label_DecreaseIncreaseInReceivablesDueFromRelatedParties">A91200</link:label>
    <link:labelArc xlink:type="arc" xlink:arcrole="http://www.xbrl.org/2003/arcrole/concept-label" xlink:from="DecreaseIncreaseInReceivablesDueFromRelatedParties" xlink:to="label_DecreaseIncreaseInReceivablesDueFromRelatedParties" xlink:title="label: DecreaseIncreaseInReceivablesDueFromRelatedParties to label_DecreaseIncreaseInReceivablesDueFromRelatedParties"/>
    <link:loc xlink:type="locator" xlink:href="../tifrs-scf-2015-03-31.xsd#tifrs-SCF_DecreaseIncreaseInDeferredDebits" xlink:label="DecreaseIncreaseInDeferredDebits" xlink:title="DecreaseIncreaseInDeferredDebits"/>
    <link:label xlink:type="resource" xlink:label="label_DecreaseIncreaseInDeferredDebits" xlink:role="http://www.xbrl.org/2003/role/terseLabel" xlink:title="label_DecreaseIncreaseInDeferredDebits" xml:lang="en" id="label_DecreaseIncreaseInDeferredDebits">A91310</link:label>
    <link:labelArc xlink:type="arc" xlink:arcrole="http://www.xbrl.org/2003/arcrole/concept-label" xlink:from="DecreaseIncreaseInDeferredDebits" xlink:to="label_DecreaseIncreaseInDeferredDebits" xlink:title="label: DecreaseIncreaseInDeferredDebits to label_DecreaseIncreaseInDeferredDebits"/>
    <link:loc xlink:type="locator" xlink:href="../tifrs-scf-2015-03-31.xsd#tifrs-SCF_DecreaseIncreaseInOtherOperatingAssets" xlink:label="DecreaseIncreaseInOtherOperatingAssets" xlink:title="DecreaseIncreaseInOtherOperatingAssets"/>
    <link:label xlink:type="resource" xlink:label="label_DecreaseIncreaseInOtherOperatingAssets" xlink:role="http://www.xbrl.org/2003/role/terseLabel" xlink:title="label_DecreaseIncreaseInOtherOperatingAssets" xml:lang="en" id="label_DecreaseIncreaseInOtherOperatingAssets">A91990</link:label>
    <link:labelArc xlink:type="arc" xlink:arcrole="http://www.xbrl.org/2003/arcrole/concept-label" xlink:from="DecreaseIncreaseInOtherOperatingAssets" xlink:to="label_DecreaseIncreaseInOtherOperatingAssets" xlink:title="label: DecreaseIncreaseInOtherOperatingAssets to label_DecreaseIncreaseInOtherOperatingAssets"/>
    <link:loc xlink:type="locator" xlink:href="../tifrs-scf-2015-03-31.xsd#tifrs-SCF_ChangesInOperatingAssets" xlink:label="ChangesInOperatingAssets" xlink:title="ChangesInOperatingAssets"/>
    <link:label xlink:type="resource" xlink:label="label_ChangesInOperatingAssets" xlink:role="http://www.xbrl.org/2003/role/terseLabel" xlink:title="label_ChangesInOperatingAssets" xml:lang="en" id="label_ChangesInOperatingAssets">A91000</link:label>
    <link:labelArc xlink:type="arc" xlink:arcrole="http://www.xbrl.org/2003/arcrole/concept-label" xlink:from="ChangesInOperatingAssets" xlink:to="label_ChangesInOperatingAssets" xlink:title="label: ChangesInOperatingAssets to label_ChangesInOperatingAssets"/>
    <link:loc xlink:type="locator" xlink:href="../tifrs-scf-2015-03-31.xsd#tifrs-SCF_DecreaseIncreaseInNotesAndBondsIssuedUnderRepurchaseAgreement" xlink:label="DecreaseIncreaseInNotesAndBondsIssuedUnderRepurchaseAgreement" xlink:title="DecreaseIncreaseInNotesAndBondsIssuedUnderRepurchaseAgreement"/>
    <link:label xlink:type="resource" xlink:label="label_DecreaseIncreaseInNotesAndBondsIssuedUnderRepurchaseAgreement" xlink:role="http://www.xbrl.org/2003/role/terseLabel" xlink:title="label_DecreaseIncreaseInNotesAndBondsIssuedUnderRepurchaseAgreement" xml:lang="en" id="label_DecreaseIncreaseInNotesAndBondsIssuedUnderRepurchaseAgreement">A92110</link:label>
    <link:labelArc xlink:type="arc" xlink:arcrole="http://www.xbrl.org/2003/arcrole/concept-label" xlink:from="DecreaseIncreaseInNotesAndBondsIssuedUnderRepurchaseAgreement" xlink:to="label_DecreaseIncreaseInNotesAndBondsIssuedUnderRepurchaseAgreement" xlink:title="label: DecreaseIncreaseInNotesAndBondsIssuedUnderRepurchaseAgreement to label_DecreaseIncreaseInNotesAndBondsIssuedUnderRepurchaseAgreement"/>
    <link:loc xlink:type="locator" xlink:href="../tifrs-scf-2015-03-31.xsd#tifrs-SCF_DecreaseIncreaseInDepositsFromTheCentralBankAndBanks" xlink:label="DecreaseIncreaseInDepositsFromTheCentralBankAndBanks" xlink:title="DecreaseIncreaseInDepositsFromTheCentralBankAndBanks"/>
    <link:label xlink:type="resource" xlink:label="label_DecreaseIncreaseInDepositsFromTheCentralBankAndBanks" xlink:role="http://www.xbrl.org/2003/role/terseLabel" xlink:title="label_DecreaseIncreaseInDepositsFromTheCentralBankAndBanks" xml:lang="en" id="label_DecreaseIncreaseInDepositsFromTheCentralBankAndBanks">A92150</link:label>
    <link:labelArc xlink:type="arc" xlink:arcrole="http://www.xbrl.org/2003/arcrole/concept-label" xlink:from="DecreaseIncreaseInDepositsFromTheCentralBankAndBanks" xlink:to="label_DecreaseIncreaseInDepositsFromTheCentralBankAndBanks" xlink:title="label: DecreaseIncreaseInDepositsFromTheCentralBankAndBanks to label_DecreaseIncreaseInDepositsFromTheCentralBankAndBanks"/>
    <link:loc xlink:type="locator" xlink:href="../tifrs-scf-2015-03-31.xsd#tifrs-SCF_DecreaseIncreaseInDerivativeFinancialLiabilitiesForHedging" xlink:label="DecreaseIncreaseInDerivativeFinancialLiabilitiesForHedging" xlink:title="DecreaseIncreaseInDerivativeFinancialLiabilitiesForHedging"/>
    <link:label xlink:type="resource" xlink:label="label_DecreaseIncreaseInDerivativeFinancialLiabilitiesForHedging" xlink:role="http://www.xbrl.org/2003/role/terseLabel" xlink:title="label_DecreaseIncreaseInDerivativeFinancialLiabilitiesForHedging" xml:lang="en" id="label_DecreaseIncreaseInDerivativeFinancialLiabilitiesForHedging">A92130</link:label>
    <link:labelArc xlink:type="arc" xlink:arcrole="http://www.xbrl.org/2003/arcrole/concept-label" xlink:from="DecreaseIncreaseInDerivativeFinancialLiabilitiesForHedging" xlink:to="label_DecreaseIncreaseInDerivativeFinancialLiabilitiesForHedging" xlink:title="label: DecreaseIncreaseInDerivativeFinancialLiabilitiesForHedging to label_DecreaseIncreaseInDerivativeFinancialLiabilitiesForHedging"/>
    <link:loc xlink:type="locator" xlink:href="../tifrs-scf-2015-03-31.xsd#tifrs-SCF_IncreaseDecreaseInReinsuranceIndemnityPayable" xlink:label="IncreaseDecreaseInReinsuranceIndemnityPayable" xlink:title="IncreaseDecreaseInReinsuranceIndemnityPayable"/>
    <link:label xlink:type="resource" xlink:label="label_IncreaseDecreaseInReinsuranceIndemnityPayable" xlink:role="http://www.xbrl.org/2003/role/terseLabel" xlink:title="label_IncreaseDecreaseInReinsuranceIndemnityPayable" xml:lang="en" id="label_IncreaseDecreaseInReinsuranceIndemnityPayable">A92240</link:label>
    <link:labelArc xlink:type="arc" xlink:arcrole="http://www.xbrl.org/2003/arcrole/concept-label" xlink:from="IncreaseDecreaseInReinsuranceIndemnityPayable" xlink:to="label_IncreaseDecreaseInReinsuranceIndemnityPayable" xlink:title="label: IncreaseDecreaseInReinsuranceIndemnityPayable to label_IncreaseDecreaseInReinsuranceIndemnityPayable"/>
    <link:loc xlink:type="locator" xlink:href="../tifrs-scf-2015-03-31.xsd#tifrs-SCF_DecreaseIncreaseInFinancialLiabilitiesAtFairValueThroughProfitOrLoss" xlink:label="DecreaseIncreaseInFinancialLiabilitiesAtFairValueThroughProfitOrLoss" xlink:title="DecreaseIncreaseInFinancialLiabilitiesAtFairValueThroughProfitOrLoss"/>
    <link:label xlink:type="resource" xlink:label="label_DecreaseIncreaseInFinancialLiabilitiesAtFairValueThroughProfitOrLoss" xlink:role="http://www.xbrl.org/2003/role/terseLabel" xlink:title="label_DecreaseIncreaseInFinancialLiabilitiesAtFairValueThroughProfitOrLoss" xml:lang="en" id="label_DecreaseIncreaseInFinancialLiabilitiesAtFairValueThroughProfitOrLoss">A92120</link:label>
    <link:labelArc xlink:type="arc" xlink:arcrole="http://www.xbrl.org/2003/arcrole/concept-label" xlink:from="DecreaseIncreaseInFinancialLiabilitiesAtFairValueThroughProfitOrLoss" xlink:to="label_DecreaseIncreaseInFinancialLiabilitiesAtFairValueThroughProfitOrLoss" xlink:title="label: DecreaseIncreaseInFinancialLiabilitiesAtFairValueThroughProfitOrLoss to label_DecreaseIncreaseInFinancialLiabilitiesAtFairValueThroughProfitOrLoss"/>
    <link:loc xlink:type="locator" xlink:href="../tifrs-scf-2015-03-31.xsd#tifrs-SCF_IncreaseDecreaseInClaimsPayable" xlink:label="IncreaseDecreaseInClaimsPayable" xlink:title="IncreaseDecreaseInClaimsPayable"/>
    <link:label xlink:type="resource" xlink:label="label_IncreaseDecreaseInClaimsPayable" xlink:role="http://www.xbrl.org/2003/role/terseLabel" xlink:title="label_IncreaseDecreaseInClaimsPayable" xml:lang="en" id="label_IncreaseDecreaseInClaimsPayable">A92230</link:label>
    <link:labelArc xlink:type="arc" xlink:arcrole="http://www.xbrl.org/2003/arcrole/concept-label" xlink:from="IncreaseDecreaseInClaimsPayable" xlink:to="label_IncreaseDecreaseInClaimsPayable" xlink:title="label: IncreaseDecreaseInClaimsPayable to label_IncreaseDecreaseInClaimsPayable"/>
    <link:loc xlink:type="locator" xlink:href="../tifrs-scf-2015-03-31.xsd#tifrs-SCF_DecreaseIncreaseInFinancialLiabilitiesAtCost" xlink:label="DecreaseIncreaseInFinancialLiabilitiesAtCost" xlink:title="DecreaseIncreaseInFinancialLiabilitiesAtCost"/>
    <link:label xlink:type="resource" xlink:label="label_DecreaseIncreaseInFinancialLiabilitiesAtCost" xlink:role="http://www.xbrl.org/2003/role/terseLabel" xlink:title="label_DecreaseIncreaseInFinancialLiabilitiesAtCost" xml:lang="en" id="label_DecreaseIncreaseInFinancialLiabilitiesAtCost">A92140</link:label>
    <link:labelArc xlink:type="arc" xlink:arcrole="http://www.xbrl.org/2003/arcrole/concept-label" xlink:from="DecreaseIncreaseInFinancialLiabilitiesAtCost" xlink:to="label_DecreaseIncreaseInFinancialLiabilitiesAtCost" xlink:title="label: DecreaseIncreaseInFinancialLiabilitiesAtCost to label_DecreaseIncreaseInFinancialLiabilitiesAtCost"/>
    <link:loc xlink:type="locator" xlink:href="../tifrs-scf-2015-03-31.xsd#tifrs-SCF_IncreaseDecreaseInCommissionsPayable" xlink:label="IncreaseDecreaseInCommissionsPayable" xlink:title="IncreaseDecreaseInCommissionsPayable"/>
    <link:label xlink:type="resource" xlink:label="label_IncreaseDecreaseInCommissionsPayable" xlink:role="http://www.xbrl.org/2003/role/terseLabel" xlink:title="label_IncreaseDecreaseInCommissionsPayable" xml:lang="en" id="label_IncreaseDecreaseInCommissionsPayable">A92210</link:label>
    <link:labelArc xlink:type="arc" xlink:arcrole="http://www.xbrl.org/2003/arcrole/concept-label" xlink:from="IncreaseDecreaseInCommissionsPayable" xlink:to="label_IncreaseDecreaseInCommissionsPayable" xlink:title="label: IncreaseDecreaseInCommissionsPayable to label_IncreaseDecreaseInCommissionsPayable"/>
    <link:loc xlink:type="locator" xlink:href="../tifrs-scf-2015-03-31.xsd#tifrs-SCF_IncreaseDecreaseInPayables" xlink:label="IncreaseDecreaseInPayables" xlink:title="IncreaseDecreaseInPayables"/>
    <link:label xlink:type="resource" xlink:label="label_IncreaseDecreaseInPayables" xlink:role="http://www.xbrl.org/2003/role/terseLabel" xlink:title="label_IncreaseDecreaseInPayables" xml:lang="en" id="label_IncreaseDecreaseInPayables">A92160</link:label>
    <link:labelArc xlink:type="arc" xlink:arcrole="http://www.xbrl.org/2003/arcrole/concept-label" xlink:from="IncreaseDecreaseInPayables" xlink:to="label_IncreaseDecreaseInPayables" xlink:title="label: IncreaseDecreaseInPayables to label_IncreaseDecreaseInPayables"/>
    <link:loc xlink:type="locator" xlink:href="../tifrs-scf-2015-03-31.xsd#tifrs-SCF_IncreaseDecreaseInDueToReinsurersAndCedingCompanies" xlink:label="IncreaseDecreaseInDueToReinsurersAndCedingCompanies" xlink:title="IncreaseDecreaseInDueToReinsurersAndCedingCompanies"/>
    <link:label xlink:type="resource" xlink:label="label_IncreaseDecreaseInDueToReinsurersAndCedingCompanies" xlink:role="http://www.xbrl.org/2003/role/terseLabel" xlink:title="label_IncreaseDecreaseInDueToReinsurersAndCedingCompanies" xml:lang="en" id="label_IncreaseDecreaseInDueToReinsurersAndCedingCompanies">A92220</link:label>
    <link:labelArc xlink:type="arc" xlink:arcrole="http://www.xbrl.org/2003/arcrole/concept-label" xlink:from="IncreaseDecreaseInDueToReinsurersAndCedingCompanies" xlink:to="label_IncreaseDecreaseInDueToReinsurersAndCedingCompanies" xlink:title="label: IncreaseDecreaseInDueToReinsurersAndCedingCompanies to label_IncreaseDecreaseInDueToReinsurersAndCedingCompanies"/>
    <link:loc xlink:type="locator" xlink:href="../tifrs-scf-2015-03-31.xsd#tifrs-SCF_IncreaseDecreaseInDepositsAndRemittances" xlink:label="IncreaseDecreaseInDepositsAndRemittances" xlink:title="IncreaseDecreaseInDepositsAndRemittances"/>
    <link:label xlink:type="resource" xlink:label="label_IncreaseDecreaseInDepositsAndRemittances" xlink:role="http://www.xbrl.org/2003/role/terseLabel" xlink:title="label_IncreaseDecreaseInDepositsAndRemittances" xml:lang="en" id="label_IncreaseDecreaseInDepositsAndRemittances">A92290</link:label>
    <link:labelArc xlink:type="arc" xlink:arcrole="http://www.xbrl.org/2003/arcrole/concept-label" xlink:from="IncreaseDecreaseInDepositsAndRemittances" xlink:to="label_IncreaseDecreaseInDepositsAndRemittances" xlink:title="label: IncreaseDecreaseInDepositsAndRemittances to label_IncreaseDecreaseInDepositsAndRemittances"/>
    <link:loc xlink:type="locator" xlink:href="../tifrs-scf-2015-03-31.xsd#tifrs-SCF_IncreaseDecreaseInPayableToRelatedParties" xlink:label="IncreaseDecreaseInPayableToRelatedParties" xlink:title="IncreaseDecreaseInPayableToRelatedParties"/>
    <link:label xlink:type="resource" xlink:label="label_IncreaseDecreaseInPayableToRelatedParties" xlink:role="http://www.xbrl.org/2003/role/terseLabel" xlink:title="label_IncreaseDecreaseInPayableToRelatedParties" xml:lang="en" id="label_IncreaseDecreaseInPayableToRelatedParties">A92170</link:label>
    <link:labelArc xlink:type="arc" xlink:arcrole="http://www.xbrl.org/2003/arcrole/concept-label" xlink:from="IncreaseDecreaseInPayableToRelatedParties" xlink:to="label_IncreaseDecreaseInPayableToRelatedParties" xlink:title="label: IncreaseDecreaseInPayableToRelatedParties to label_IncreaseDecreaseInPayableToRelatedParties"/>
    <link:loc xlink:type="locator" xlink:href="../tifrs-scf-2015-03-31.xsd#tifrs-SCF_IncreaseDecreaseInProvisionsForEmployeeBenefits" xlink:label="IncreaseDecreaseInProvisionsForEmployeeBenefits" xlink:title="IncreaseDecreaseInProvisionsForEmployeeBenefits"/>
    <link:label xlink:type="resource" xlink:label="label_IncreaseDecreaseInProvisionsForEmployeeBenefits" xlink:role="http://www.xbrl.org/2003/role/terseLabel" xlink:title="label_IncreaseDecreaseInProvisionsForEmployeeBenefits" xml:lang="en" id="label_IncreaseDecreaseInProvisionsForEmployeeBenefits">A92310</link:label>
    <link:labelArc xlink:type="arc" xlink:arcrole="http://www.xbrl.org/2003/arcrole/concept-label" xlink:from="IncreaseDecreaseInProvisionsForEmployeeBenefits" xlink:to="label_IncreaseDecreaseInProvisionsForEmployeeBenefits" xlink:title="label: IncreaseDecreaseInProvisionsForEmployeeBenefits to label_IncreaseDecreaseInProvisionsForEmployeeBenefits"/>
    <link:loc xlink:type="locator" xlink:href="../tifrs-scf-2015-03-31.xsd#tifrs-SCF_IncreaseDecreaseInFuturesTradersEquity" xlink:label="IncreaseDecreaseInFuturesTradersEquity" xlink:title="IncreaseDecreaseInFuturesTradersEquity"/>
    <link:label xlink:type="resource" xlink:label="label_IncreaseDecreaseInFuturesTradersEquity" xlink:role="http://www.xbrl.org/2003/role/terseLabel" xlink:title="label_IncreaseDecreaseInFuturesTradersEquity" xml:lang="en" id="label_IncreaseDecreaseInFuturesTradersEquity">A92260</link:label>
    <link:labelArc xlink:type="arc" xlink:arcrole="http://www.xbrl.org/2003/arcrole/concept-label" xlink:from="IncreaseDecreaseInFuturesTradersEquity" xlink:to="label_IncreaseDecreaseInFuturesTradersEquity" xlink:title="label: IncreaseDecreaseInFuturesTradersEquity to label_IncreaseDecreaseInFuturesTradersEquity"/>
    <link:loc xlink:type="locator" xlink:href="../tifrs-scf-2015-03-31.xsd#tifrs-SCF_IncreaseDecreaseInConstructionContractsPayable" xlink:label="IncreaseDecreaseInConstructionContractsPayable" xlink:title="IncreaseDecreaseInConstructionContractsPayable"/>
    <link:label xlink:type="resource" xlink:label="label_IncreaseDecreaseInConstructionContractsPayable" xlink:role="http://www.xbrl.org/2003/role/terseLabel" xlink:title="label_IncreaseDecreaseInConstructionContractsPayable" xml:lang="en" id="label_IncreaseDecreaseInConstructionContractsPayable">A92180</link:label>
    <link:labelArc xlink:type="arc" xlink:arcrole="http://www.xbrl.org/2003/arcrole/concept-label" xlink:from="IncreaseDecreaseInConstructionContractsPayable" xlink:to="label_IncreaseDecreaseInConstructionContractsPayable" xlink:title="label: IncreaseDecreaseInConstructionContractsPayable to label_IncreaseDecreaseInConstructionContractsPayable"/>
    <link:loc xlink:type="locator" xlink:href="../tifrs-scf-2015-03-31.xsd#tifrs-SCF_IncreaseDecreaseInProvisions" xlink:label="IncreaseDecreaseInProvisions" xlink:title="IncreaseDecreaseInProvisions"/>
    <link:label xlink:type="resource" xlink:label="label_IncreaseDecreaseInProvisions" xlink:role="http://www.xbrl.org/2003/role/terseLabel" xlink:title="label_IncreaseDecreaseInProvisions" xml:lang="en" id="label_IncreaseDecreaseInProvisions">A92300</link:label>
    <link:labelArc xlink:type="arc" xlink:arcrole="http://www.xbrl.org/2003/arcrole/concept-label" xlink:from="IncreaseDecreaseInProvisions" xlink:to="label_IncreaseDecreaseInProvisions" xlink:title="label: IncreaseDecreaseInProvisions to label_IncreaseDecreaseInProvisions"/>
    <link:loc xlink:type="locator" xlink:href="../tifrs-scf-2015-03-31.xsd#tifrs-SCF_IncreaseDecreaseInConstructionContractsPayableToRelatedParties" xlink:label="IncreaseDecreaseInConstructionContractsPayableToRelatedParties" xlink:title="IncreaseDecreaseInConstructionContractsPayableToRelatedParties"/>
    <link:label xlink:type="resource" xlink:label="label_IncreaseDecreaseInConstructionContractsPayableToRelatedParties" xlink:role="http://www.xbrl.org/2003/role/terseLabel" xlink:title="label_IncreaseDecreaseInConstructionContractsPayableToRelatedParties" xml:lang="en" id="label_IncreaseDecreaseInConstructionContractsPayableToRelatedParties">A92190</link:label>
    <link:labelArc xlink:type="arc" xlink:arcrole="http://www.xbrl.org/2003/arcrole/concept-label" xlink:from="IncreaseDecreaseInConstructionContractsPayableToRelatedParties" xlink:to="label_IncreaseDecreaseInConstructionContractsPayableToRelatedParties" xlink:title="label: IncreaseDecreaseInConstructionContractsPayableToRelatedParties to label_IncreaseDecreaseInConstructionContractsPayableToRelatedParties"/>
    <link:loc xlink:type="locator" xlink:href="../tifrs-scf-2015-03-31.xsd#tifrs-SCF_IncreaseDecreaseInReceiptsInAdvance" xlink:label="IncreaseDecreaseInReceiptsInAdvance" xlink:title="IncreaseDecreaseInReceiptsInAdvance"/>
    <link:label xlink:type="resource" xlink:label="label_IncreaseDecreaseInReceiptsInAdvance" xlink:role="http://www.xbrl.org/2003/role/terseLabel" xlink:title="label_IncreaseDecreaseInReceiptsInAdvance" xml:lang="en" id="label_IncreaseDecreaseInReceiptsInAdvance">A92270</link:label>
    <link:labelArc xlink:type="arc" xlink:arcrole="http://www.xbrl.org/2003/arcrole/concept-label" xlink:from="IncreaseDecreaseInReceiptsInAdvance" xlink:to="label_IncreaseDecreaseInReceiptsInAdvance" xlink:title="label: IncreaseDecreaseInReceiptsInAdvance to label_IncreaseDecreaseInReceiptsInAdvance"/>
    <link:loc xlink:type="locator" xlink:href="../tifrs-scf-2015-03-31.xsd#tifrs-SCF_IncreaseDecreaseInOtherFinancialLiabilities" xlink:label="IncreaseDecreaseInOtherFinancialLiabilities" xlink:title="IncreaseDecreaseInOtherFinancialLiabilities"/>
    <link:label xlink:type="resource" xlink:label="label_IncreaseDecreaseInOtherFinancialLiabilities" xlink:role="http://www.xbrl.org/2003/role/terseLabel" xlink:title="label_IncreaseDecreaseInOtherFinancialLiabilities" xml:lang="en" id="label_IncreaseDecreaseInOtherFinancialLiabilities">A92330</link:label>
    <link:labelArc xlink:type="arc" xlink:arcrole="http://www.xbrl.org/2003/arcrole/concept-label" xlink:from="IncreaseDecreaseInOtherFinancialLiabilities" xlink:to="label_IncreaseDecreaseInOtherFinancialLiabilities" xlink:title="label: IncreaseDecreaseInOtherFinancialLiabilities to label_IncreaseDecreaseInOtherFinancialLiabilities"/>
    <link:loc xlink:type="locator" xlink:href="../tifrs-scf-2015-03-31.xsd#tifrs-SCF_IncreaseDecreaseInDepositsReceivedFromSecuritiesBorrowers" xlink:label="IncreaseDecreaseInDepositsReceivedFromSecuritiesBorrowers" xlink:title="IncreaseDecreaseInDepositsReceivedFromSecuritiesBorrowers"/>
    <link:label xlink:type="resource" xlink:label="label_IncreaseDecreaseInDepositsReceivedFromSecuritiesBorrowers" xlink:role="http://www.xbrl.org/2003/role/terseLabel" xlink:title="label_IncreaseDecreaseInDepositsReceivedFromSecuritiesBorrowers" xml:lang="en" id="label_IncreaseDecreaseInDepositsReceivedFromSecuritiesBorrowers">A92200</link:label>
    <link:labelArc xlink:type="arc" xlink:arcrole="http://www.xbrl.org/2003/arcrole/concept-label" xlink:from="IncreaseDecreaseInDepositsReceivedFromSecuritiesBorrowers" xlink:to="label_IncreaseDecreaseInDepositsReceivedFromSecuritiesBorrowers" xlink:title="label: IncreaseDecreaseInDepositsReceivedFromSecuritiesBorrowers to label_IncreaseDecreaseInDepositsReceivedFromSecuritiesBorrowers"/>
    <link:loc xlink:type="locator" xlink:href="../tifrs-scf-2015-03-31.xsd#tifrs-SCF_IncreaseDecreaseInOtherCurrentLiabilities" xlink:label="IncreaseDecreaseInOtherCurrentLiabilities" xlink:title="IncreaseDecreaseInOtherCurrentLiabilities"/>
    <link:label xlink:type="resource" xlink:label="label_IncreaseDecreaseInOtherCurrentLiabilities" xlink:role="http://www.xbrl.org/2003/role/terseLabel" xlink:title="label_IncreaseDecreaseInOtherCurrentLiabilities" xml:lang="en" id="label_IncreaseDecreaseInOtherCurrentLiabilities">A92280</link:label>
    <link:labelArc xlink:type="arc" xlink:arcrole="http://www.xbrl.org/2003/arcrole/concept-label" xlink:from="IncreaseDecreaseInOtherCurrentLiabilities" xlink:to="label_IncreaseDecreaseInOtherCurrentLiabilities" xlink:title="label: IncreaseDecreaseInOtherCurrentLiabilities to label_IncreaseDecreaseInOtherCurrentLiabilities"/>
    <link:loc xlink:type="locator" xlink:href="../tifrs-scf-2015-03-31.xsd#tifrs-SCF_IncreaseDecreaseInDeferredCredits" xlink:label="IncreaseDecreaseInDeferredCredits" xlink:title="IncreaseDecreaseInDeferredCredits"/>
    <link:label xlink:type="resource" xlink:label="label_IncreaseDecreaseInDeferredCredits" xlink:role="http://www.xbrl.org/2003/role/terseLabel" xlink:title="label_IncreaseDecreaseInDeferredCredits" xml:lang="en" id="label_IncreaseDecreaseInDeferredCredits">A92320</link:label>
    <link:labelArc xlink:type="arc" xlink:arcrole="http://www.xbrl.org/2003/arcrole/concept-label" xlink:from="IncreaseDecreaseInDeferredCredits" xlink:to="label_IncreaseDecreaseInDeferredCredits" xlink:title="label: IncreaseDecreaseInDeferredCredits to label_IncreaseDecreaseInDeferredCredits"/>
    <link:loc xlink:type="locator" xlink:href="../tifrs-scf-2015-03-31.xsd#tifrs-SCF_IncreaseDecreaseInGuaranteedPriceDepositsReceivedFromSecuritiesBorrowers" xlink:label="IncreaseDecreaseInGuaranteedPriceDepositsReceivedFromSecuritiesBorrowers" xlink:title="IncreaseDecreaseInGuaranteedPriceDepositsReceivedFromSecuritiesBorrowers"/>
    <link:label xlink:type="resource" xlink:label="label_IncreaseDecreaseInGuaranteedPriceDepositsReceivedFromSecuritiesBorrowers" xlink:role="http://www.xbrl.org/2003/role/terseLabel" xlink:title="label_IncreaseDecreaseInGuaranteedPriceDepositsReceivedFromSecuritiesBorrowers" xml:lang="en" id="label_IncreaseDecreaseInGuaranteedPriceDepositsReceivedFromSecuritiesBorrowers">A92250</link:label>
    <link:labelArc xlink:type="arc" xlink:arcrole="http://www.xbrl.org/2003/arcrole/concept-label" xlink:from="IncreaseDecreaseInGuaranteedPriceDepositsReceivedFromSecuritiesBorrowers" xlink:to="label_IncreaseDecreaseInGuaranteedPriceDepositsReceivedFromSecuritiesBorrowers" xlink:title="label: IncreaseDecreaseInGuaranteedPriceDepositsReceivedFromSecuritiesBorrowers to label_IncreaseDecreaseInGuaranteedPriceDepositsReceivedFromSecuritiesBorrowers"/>
    <link:loc xlink:type="locator" xlink:href="../tifrs-scf-2015-03-31.xsd#tifrs-SCF_IncreaseDecreaseInOtherOperatingLiabilities" xlink:label="IncreaseDecreaseInOtherOperatingLiabilities" xlink:title="IncreaseDecreaseInOtherOperatingLiabilities"/>
    <link:label xlink:type="resource" xlink:label="label_IncreaseDecreaseInOtherOperatingLiabilities" xlink:role="http://www.xbrl.org/2003/role/terseLabel" xlink:title="label_IncreaseDecreaseInOtherOperatingLiabilities" xml:lang="en" id="label_IncreaseDecreaseInOtherOperatingLiabilities">A92990</link:label>
    <link:labelArc xlink:type="arc" xlink:arcrole="http://www.xbrl.org/2003/arcrole/concept-label" xlink:from="IncreaseDecreaseInOtherOperatingLiabilities" xlink:to="label_IncreaseDecreaseInOtherOperatingLiabilities" xlink:title="label: IncreaseDecreaseInOtherOperatingLiabilities to label_IncreaseDecreaseInOtherOperatingLiabilities"/>
    <link:loc xlink:type="locator" xlink:href="../tifrs-scf-2015-03-31.xsd#tifrs-SCF_ChangesInOperatingLiabilities" xlink:label="ChangesInOperatingLiabilities" xlink:title="ChangesInOperatingLiabilities"/>
    <link:label xlink:type="resource" xlink:label="label_ChangesInOperatingLiabilities" xlink:role="http://www.xbrl.org/2003/role/terseLabel" xlink:title="label_ChangesInOperatingLiabilities" xml:lang="en" id="label_ChangesInOperatingLiabilities">A92000</link:label>
    <link:labelArc xlink:type="arc" xlink:arcrole="http://www.xbrl.org/2003/arcrole/concept-label" xlink:from="ChangesInOperatingLiabilities" xlink:to="label_ChangesInOperatingLiabilities" xlink:title="label: ChangesInOperatingLiabilities to label_ChangesInOperatingLiabilities"/>
    <link:loc xlink:type="locator" xlink:href="../tifrs-scf-2015-03-31.xsd#tifrs-SCF_ChangesInOperatingAssetsAndLiabilities" xlink:label="ChangesInOperatingAssetsAndLiabilities" xlink:title="ChangesInOperatingAssetsAndLiabilities"/>
    <link:label xlink:type="resource" xlink:label="label_ChangesInOperatingAssetsAndLiabilities" xlink:role="http://www.xbrl.org/2003/role/terseLabel" xlink:title="label_ChangesInOperatingAssetsAndLiabilities" xml:lang="en" id="label_ChangesInOperatingAssetsAndLiabilities">A90000</link:label>
    <link:labelArc xlink:type="arc" xlink:arcrole="http://www.xbrl.org/2003/arcrole/concept-label" xlink:from="ChangesInOperatingAssetsAndLiabilities" xlink:to="label_ChangesInOperatingAssetsAndLiabilities" xlink:title="label: ChangesInOperatingAssetsAndLiabilities to label_ChangesInOperatingAssetsAndLiabilities"/>
  </link:labelLink>
</link:linkbase>
