<?xml version="1.0" encoding="UTF-8"?>
<!-- Generated by Fujitsu XWand B0184C -->
<link:linkbase xmlns:xsi="http://www.w3.org/2001/XMLSchema-instance" xsi:schemaLocation="http://www.xbrl.org/2003/linkbase http://www.xbrl.org/2003/xbrl-linkbase-2003-12-31.xsd" xmlns:link="http://www.xbrl.org/2003/linkbase" xmlns:xbrli="http://www.xbrl.org/2003/instance" xmlns:xlink="http://www.w3.org/1999/xlink">
  <link:roleRef roleURI="http://www.xbrl.org/tifrs/fr/role/StatementOfCashFlows" xlink:type="simple" xlink:href="../tifrs-scf-2015-03-31.xsd#RT_1"/>
  <link:roleRef roleURI="http://www.xbrl.org/tifrs/fr/role/StatementOfCashFlows-DirectMethod" xlink:type="simple" xlink:href="../tifrs-scf-2015-03-31.xsd#RT_2"/>
  <link:calculationLink xlink:type="extended" xlink:role="http://www.xbrl.org/tifrs/fr/role/StatementOfCashFlows">
    <link:loc xlink:type="locator" xlink:href="../tifrs-scf-2015-03-31.xsd#tifrs-SCF_AdjustmentsToReconcileProfitLoss" xlink:label="AdjustmentsToReconcileProfitLoss" xlink:title="AdjustmentsToReconcileProfitLoss"/>
    <link:loc xlink:type="locator" xlink:href="../tifrs-scf-2015-03-31.xsd#tifrs-SCF_ProvisionReversalOfProvisionForBadDebtExpense" xlink:label="ProvisionReversalOfProvisionForBadDebtExpense" xlink:title="ProvisionReversalOfProvisionForBadDebtExpense"/>
    <link:calculationArc xlink:type="arc" xlink:arcrole="http://www.xbrl.org/2003/arcrole/summation-item" xlink:from="AdjustmentsToReconcileProfitLoss" xlink:to="ProvisionReversalOfProvisionForBadDebtExpense" xlink:title="calculation: AdjustmentsToReconcileProfitLoss to ProvisionReversalOfProvisionForBadDebtExpense" order="2.1" weight="1.0"/>
    <link:loc xlink:type="locator" xlink:href="../tifrs-scf-2015-03-31.xsd#tifrs-SCF_NetLossGainArisingFromDerecognitionOfFinancialAssetsMeasuredAtAmortisedCost" xlink:label="NetLossGainArisingFromDerecognitionOfFinancialAssetsMeasuredAtAmortisedCost" xlink:title="NetLossGainArisingFromDerecognitionOfFinancialAssetsMeasuredAtAmortisedCost"/>
    <link:calculationArc xlink:type="arc" xlink:arcrole="http://www.xbrl.org/2003/arcrole/summation-item" xlink:from="AdjustmentsToReconcileProfitLoss" xlink:to="NetLossGainArisingFromDerecognitionOfFinancialAssetsMeasuredAtAmortisedCost" xlink:title="calculation: AdjustmentsToReconcileProfitLoss to NetLossGainArisingFromDerecognitionOfFinancialAssetsMeasuredAtAmortisedCost" order="5.1" weight="1.0"/>
    <link:loc xlink:type="locator" xlink:href="../tifrs-scf-2015-03-31.xsd#tifrs-SCF_InterestIncome" xlink:label="InterestIncome" xlink:title="InterestIncome"/>
    <link:calculationArc xlink:type="arc" xlink:arcrole="http://www.xbrl.org/2003/arcrole/summation-item" xlink:from="AdjustmentsToReconcileProfitLoss" xlink:to="InterestIncome" xlink:title="calculation: AdjustmentsToReconcileProfitLoss to InterestIncome" order="6.1" weight="1.0"/>
    <link:loc xlink:type="locator" xlink:href="../tifrs-scf-2015-03-31.xsd#tifrs-SCF_LossGainOnDisposalOfPropertyPlanAndEquipment" xlink:label="LossGainOnDisposalOfPropertyPlanAndEquipment" xlink:title="LossGainOnDisposalOfPropertyPlanAndEquipment"/>
    <link:calculationArc xlink:type="arc" xlink:arcrole="http://www.xbrl.org/2003/arcrole/summation-item" xlink:from="AdjustmentsToReconcileProfitLoss" xlink:to="LossGainOnDisposalOfPropertyPlanAndEquipment" xlink:title="calculation: AdjustmentsToReconcileProfitLoss to LossGainOnDisposalOfPropertyPlanAndEquipment" order="12.1" weight="1.0"/>
    <link:loc xlink:type="locator" xlink:href="../tifrs-scf-2015-03-31.xsd#tifrs-SCF_PropertyPlanAndEquipmentTransferredToExpenses" xlink:label="PropertyPlanAndEquipmentTransferredToExpenses" xlink:title="PropertyPlanAndEquipmentTransferredToExpenses"/>
    <link:calculationArc xlink:type="arc" xlink:arcrole="http://www.xbrl.org/2003/arcrole/summation-item" xlink:from="AdjustmentsToReconcileProfitLoss" xlink:to="PropertyPlanAndEquipmentTransferredToExpenses" xlink:title="calculation: AdjustmentsToReconcileProfitLoss to PropertyPlanAndEquipmentTransferredToExpenses" order="12.2" weight="1.0"/>
    <link:loc xlink:type="locator" xlink:href="../tifrs-scf-2015-03-31.xsd#tifrs-SCF_LossGainOnDisposalOfInvestmentProperties" xlink:label="LossGainOnDisposalOfInvestmentProperties" xlink:title="LossGainOnDisposalOfInvestmentProperties"/>
    <link:calculationArc xlink:type="arc" xlink:arcrole="http://www.xbrl.org/2003/arcrole/summation-item" xlink:from="AdjustmentsToReconcileProfitLoss" xlink:to="LossGainOnDisposalOfInvestmentProperties" xlink:title="calculation: AdjustmentsToReconcileProfitLoss to LossGainOnDisposalOfInvestmentProperties" order="12.3" weight="1.0"/>
    <link:loc xlink:type="locator" xlink:href="../tifrs-scf-2015-03-31.xsd#tifrs-SCF_LossGainOnDisposalOfOtherAssets" xlink:label="LossGainOnDisposalOfOtherAssets" xlink:title="LossGainOnDisposalOfOtherAssets"/>
    <link:calculationArc xlink:type="arc" xlink:arcrole="http://www.xbrl.org/2003/arcrole/summation-item" xlink:from="AdjustmentsToReconcileProfitLoss" xlink:to="LossGainOnDisposalOfOtherAssets" xlink:title="calculation: AdjustmentsToReconcileProfitLoss to LossGainOnDisposalOfOtherAssets" order="14.1" weight="1.0"/>
    <link:loc xlink:type="locator" xlink:href="../tifrs-scf-2015-03-31.xsd#tifrs-SCF_LossGainOnDisposalOfNoncurrentAssetsClassifiedAsHeldForSale" xlink:label="LossGainOnDisposalOfNoncurrentAssetsClassifiedAsHeldForSale" xlink:title="LossGainOnDisposalOfNoncurrentAssetsClassifiedAsHeldForSale"/>
    <link:calculationArc xlink:type="arc" xlink:arcrole="http://www.xbrl.org/2003/arcrole/summation-item" xlink:from="AdjustmentsToReconcileProfitLoss" xlink:to="LossGainOnDisposalOfNoncurrentAssetsClassifiedAsHeldForSale" xlink:title="calculation: AdjustmentsToReconcileProfitLoss to LossGainOnDisposalOfNoncurrentAssetsClassifiedAsHeldForSale" order="14.2" weight="1.0"/>
    <link:loc xlink:type="locator" xlink:href="../tifrs-scf-2015-03-31.xsd#tifrs-SCF_LossGainOnDisposalOfInvestments" xlink:label="LossGainOnDisposalOfInvestments" xlink:title="LossGainOnDisposalOfInvestments"/>
    <link:calculationArc xlink:type="arc" xlink:arcrole="http://www.xbrl.org/2003/arcrole/summation-item" xlink:from="AdjustmentsToReconcileProfitLoss" xlink:to="LossGainOnDisposalOfInvestments" xlink:title="calculation: AdjustmentsToReconcileProfitLoss to LossGainOnDisposalOfInvestments" order="14.3" weight="1.0"/>
    <link:loc xlink:type="locator" xlink:href="../tifrs-scf-2015-03-31.xsd#tifrs-SCF_ShareOfLossProfitOfAssociatesAndJointVenturesAccountedForUsingEquityMethod" xlink:label="ShareOfLossProfitOfAssociatesAndJointVenturesAccountedForUsingEquityMethod" xlink:title="ShareOfLossProfitOfAssociatesAndJointVenturesAccountedForUsingEquityMethod"/>
    <link:calculationArc xlink:type="arc" xlink:arcrole="http://www.xbrl.org/2003/arcrole/summation-item" xlink:from="AdjustmentsToReconcileProfitLoss" xlink:to="ShareOfLossProfitOfAssociatesAndJointVenturesAccountedForUsingEquityMethod" xlink:title="calculation: AdjustmentsToReconcileProfitLoss to ShareOfLossProfitOfAssociatesAndJointVenturesAccountedForUsingEquityMethod" use="optional" order="10.1" weight="1.0"/>
    <link:loc xlink:type="locator" xlink:href="../tifrs-scf-2015-03-31.xsd#tifrs-SCF_UnrealizedProfitLossFromSales" xlink:label="UnrealizedProfitLossFromSales" xlink:title="UnrealizedProfitLossFromSales"/>
    <link:calculationArc xlink:type="arc" xlink:arcrole="http://www.xbrl.org/2003/arcrole/summation-item" xlink:from="AdjustmentsToReconcileProfitLoss" xlink:to="UnrealizedProfitLossFromSales" xlink:title="calculation: AdjustmentsToReconcileProfitLoss to UnrealizedProfitLossFromSales" order="20.1" weight="1.0"/>
    <link:loc xlink:type="locator" xlink:href="../tifrs-scf-2015-03-31.xsd#tifrs-SCF_RealizedLossProfitOnFromSales" xlink:label="RealizedLossProfitOnFromSales" xlink:title="RealizedLossProfitOnFromSales"/>
    <link:calculationArc xlink:type="arc" xlink:arcrole="http://www.xbrl.org/2003/arcrole/summation-item" xlink:from="AdjustmentsToReconcileProfitLoss" xlink:to="RealizedLossProfitOnFromSales" xlink:title="calculation: AdjustmentsToReconcileProfitLoss to RealizedLossProfitOnFromSales" order="20.2" weight="1.0"/>
    <link:loc xlink:type="locator" xlink:href="../tifrs-scf-2015-03-31.xsd#tifrs-SCF_ChangesInOperatingAssets" xlink:label="ChangesInOperatingAssets" xlink:title="ChangesInOperatingAssets"/>
    <link:loc xlink:type="locator" xlink:href="../tifrs-scf-2015-03-31.xsd#tifrs-SCF_DecreaseIncreaseInFinancialAssetsHeldForTrading" xlink:label="DecreaseIncreaseInFinancialAssetsHeldForTrading" xlink:title="DecreaseIncreaseInFinancialAssetsHeldForTrading"/>
    <link:calculationArc xlink:type="arc" xlink:arcrole="http://www.xbrl.org/2003/arcrole/summation-item" xlink:from="ChangesInOperatingAssets" xlink:to="DecreaseIncreaseInFinancialAssetsHeldForTrading" xlink:title="calculation: ChangesInOperatingAssets to DecreaseIncreaseInFinancialAssetsHeldForTrading" use="optional" order="1.0" weight="1.0"/>
    <link:loc xlink:type="locator" xlink:href="../tifrs-scf-2015-03-31.xsd#tifrs-SCF_DecreaseIncreaseInDerivativeFinancialAssetsForHedging" xlink:label="DecreaseIncreaseInDerivativeFinancialAssetsForHedging" xlink:title="DecreaseIncreaseInDerivativeFinancialAssetsForHedging"/>
    <link:calculationArc xlink:type="arc" xlink:arcrole="http://www.xbrl.org/2003/arcrole/summation-item" xlink:from="ChangesInOperatingAssets" xlink:to="DecreaseIncreaseInDerivativeFinancialAssetsForHedging" xlink:title="calculation: ChangesInOperatingAssets to DecreaseIncreaseInDerivativeFinancialAssetsForHedging" use="optional" order="2.0" weight="1.0"/>
    <link:loc xlink:type="locator" xlink:href="../tifrs-scf-2015-03-31.xsd#tifrs-SCF_DecreaseIncreaseInNotesReceivable" xlink:label="DecreaseIncreaseInNotesReceivable" xlink:title="DecreaseIncreaseInNotesReceivable"/>
    <link:calculationArc xlink:type="arc" xlink:arcrole="http://www.xbrl.org/2003/arcrole/summation-item" xlink:from="ChangesInOperatingAssets" xlink:to="DecreaseIncreaseInNotesReceivable" xlink:title="calculation: ChangesInOperatingAssets to DecreaseIncreaseInNotesReceivable" use="optional" order="3.0" weight="1.0"/>
    <link:loc xlink:type="locator" xlink:href="../tifrs-scf-2015-03-31.xsd#tifrs-SCF_DecreaseIncreaseInNotesReceivableDueFromRelatedParties" xlink:label="DecreaseIncreaseInNotesReceivableDueFromRelatedParties" xlink:title="DecreaseIncreaseInNotesReceivableDueFromRelatedParties"/>
    <link:calculationArc xlink:type="arc" xlink:arcrole="http://www.xbrl.org/2003/arcrole/summation-item" xlink:from="ChangesInOperatingAssets" xlink:to="DecreaseIncreaseInNotesReceivableDueFromRelatedParties" xlink:title="calculation: ChangesInOperatingAssets to DecreaseIncreaseInNotesReceivableDueFromRelatedParties" use="optional" order="4.0" weight="1.0"/>
    <link:loc xlink:type="locator" xlink:href="../tifrs-scf-2015-03-31.xsd#tifrs-SCF_DecreaseIncreaseInAccountsReceivable" xlink:label="DecreaseIncreaseInAccountsReceivable" xlink:title="DecreaseIncreaseInAccountsReceivable"/>
    <link:calculationArc xlink:type="arc" xlink:arcrole="http://www.xbrl.org/2003/arcrole/summation-item" xlink:from="ChangesInOperatingAssets" xlink:to="DecreaseIncreaseInAccountsReceivable" xlink:title="calculation: ChangesInOperatingAssets to DecreaseIncreaseInAccountsReceivable" use="optional" order="5.0" weight="1.0"/>
    <link:loc xlink:type="locator" xlink:href="../tifrs-scf-2015-03-31.xsd#tifrs-SCF_DecreaseIncreaseInAccountsReceivableDueFromRelatedParties" xlink:label="DecreaseIncreaseInAccountsReceivableDueFromRelatedParties" xlink:title="DecreaseIncreaseInAccountsReceivableDueFromRelatedParties"/>
    <link:calculationArc xlink:type="arc" xlink:arcrole="http://www.xbrl.org/2003/arcrole/summation-item" xlink:from="ChangesInOperatingAssets" xlink:to="DecreaseIncreaseInAccountsReceivableDueFromRelatedParties" xlink:title="calculation: ChangesInOperatingAssets to DecreaseIncreaseInAccountsReceivableDueFromRelatedParties" use="optional" order="6.0" weight="1.0"/>
    <link:loc xlink:type="locator" xlink:href="../tifrs-scf-2015-03-31.xsd#tifrs-SCF_DecreaseIncreaseInConstructionContractsReceivable" xlink:label="DecreaseIncreaseInConstructionContractsReceivable" xlink:title="DecreaseIncreaseInConstructionContractsReceivable"/>
    <link:calculationArc xlink:type="arc" xlink:arcrole="http://www.xbrl.org/2003/arcrole/summation-item" xlink:from="ChangesInOperatingAssets" xlink:to="DecreaseIncreaseInConstructionContractsReceivable" xlink:title="calculation: ChangesInOperatingAssets to DecreaseIncreaseInConstructionContractsReceivable" use="optional" order="7.0" weight="1.0"/>
    <link:loc xlink:type="locator" xlink:href="../tifrs-scf-2015-03-31.xsd#tifrs-SCF_DecreaseIncreaseInOtherReceivables" xlink:label="DecreaseIncreaseInOtherReceivables" xlink:title="DecreaseIncreaseInOtherReceivables"/>
    <link:calculationArc xlink:type="arc" xlink:arcrole="http://www.xbrl.org/2003/arcrole/summation-item" xlink:from="ChangesInOperatingAssets" xlink:to="DecreaseIncreaseInOtherReceivables" xlink:title="calculation: ChangesInOperatingAssets to DecreaseIncreaseInOtherReceivables" use="optional" order="8.0" weight="1.0"/>
    <link:loc xlink:type="locator" xlink:href="../tifrs-scf-2015-03-31.xsd#tifrs-SCF_DecreaseIncreaseInOtherReceivableDueFromRelatedParties" xlink:label="DecreaseIncreaseInOtherReceivableDueFromRelatedParties" xlink:title="DecreaseIncreaseInOtherReceivableDueFromRelatedParties"/>
    <link:calculationArc xlink:type="arc" xlink:arcrole="http://www.xbrl.org/2003/arcrole/summation-item" xlink:from="ChangesInOperatingAssets" xlink:to="DecreaseIncreaseInOtherReceivableDueFromRelatedParties" xlink:title="calculation: ChangesInOperatingAssets to DecreaseIncreaseInOtherReceivableDueFromRelatedParties" use="optional" order="9.0" weight="1.0"/>
    <link:loc xlink:type="locator" xlink:href="../tifrs-scf-2015-03-31.xsd#tifrs-SCF_DecreaseIncreaseInInventories" xlink:label="DecreaseIncreaseInInventories" xlink:title="DecreaseIncreaseInInventories"/>
    <link:calculationArc xlink:type="arc" xlink:arcrole="http://www.xbrl.org/2003/arcrole/summation-item" xlink:from="ChangesInOperatingAssets" xlink:to="DecreaseIncreaseInInventories" xlink:title="calculation: ChangesInOperatingAssets to DecreaseIncreaseInInventories" use="optional" order="10.0" weight="1.0"/>
    <link:loc xlink:type="locator" xlink:href="../tifrs-scf-2015-03-31.xsd#tifrs-SCF_DecreaseIncreaseInBiologicalAssets" xlink:label="DecreaseIncreaseInBiologicalAssets" xlink:title="DecreaseIncreaseInBiologicalAssets"/>
    <link:calculationArc xlink:type="arc" xlink:arcrole="http://www.xbrl.org/2003/arcrole/summation-item" xlink:from="ChangesInOperatingAssets" xlink:to="DecreaseIncreaseInBiologicalAssets" xlink:title="calculation: ChangesInOperatingAssets to DecreaseIncreaseInBiologicalAssets" use="optional" order="11.0" weight="1.0"/>
    <link:loc xlink:type="locator" xlink:href="../tifrs-scf-2015-03-31.xsd#tifrs-SCF_DecreaseIncreaseInPrepaidExpenses" xlink:label="DecreaseIncreaseInPrepaidExpenses" xlink:title="DecreaseIncreaseInPrepaidExpenses"/>
    <link:calculationArc xlink:type="arc" xlink:arcrole="http://www.xbrl.org/2003/arcrole/summation-item" xlink:from="ChangesInOperatingAssets" xlink:to="DecreaseIncreaseInPrepaidExpenses" xlink:title="calculation: ChangesInOperatingAssets to DecreaseIncreaseInPrepaidExpenses" use="optional" order="12.0" weight="1.0"/>
    <link:loc xlink:type="locator" xlink:href="../tifrs-scf-2015-03-31.xsd#tifrs-SCF_DecreaseIncreaseInPrepayments" xlink:label="DecreaseIncreaseInPrepayments" xlink:title="DecreaseIncreaseInPrepayments"/>
    <link:calculationArc xlink:type="arc" xlink:arcrole="http://www.xbrl.org/2003/arcrole/summation-item" xlink:from="ChangesInOperatingAssets" xlink:to="DecreaseIncreaseInPrepayments" xlink:title="calculation: ChangesInOperatingAssets to DecreaseIncreaseInPrepayments" use="optional" order="13.0" weight="1.0"/>
    <link:loc xlink:type="locator" xlink:href="../tifrs-scf-2015-03-31.xsd#tifrs-SCF_DecreaseIncreaseInOtherCurrentAssets" xlink:label="DecreaseIncreaseInOtherCurrentAssets" xlink:title="DecreaseIncreaseInOtherCurrentAssets"/>
    <link:calculationArc xlink:type="arc" xlink:arcrole="http://www.xbrl.org/2003/arcrole/summation-item" xlink:from="ChangesInOperatingAssets" xlink:to="DecreaseIncreaseInOtherCurrentAssets" xlink:title="calculation: ChangesInOperatingAssets to DecreaseIncreaseInOtherCurrentAssets" use="optional" order="14.0" weight="1.0"/>
    <link:loc xlink:type="locator" xlink:href="../tifrs-scf-2015-03-31.xsd#tifrs-SCF_DecreaseIncreaseInOtherFinancialAssets" xlink:label="DecreaseIncreaseInOtherFinancialAssets" xlink:title="DecreaseIncreaseInOtherFinancialAssets"/>
    <link:calculationArc xlink:type="arc" xlink:arcrole="http://www.xbrl.org/2003/arcrole/summation-item" xlink:from="ChangesInOperatingAssets" xlink:to="DecreaseIncreaseInOtherFinancialAssets" xlink:title="calculation: ChangesInOperatingAssets to DecreaseIncreaseInOtherFinancialAssets" use="optional" order="15.0" weight="1.0"/>
    <link:loc xlink:type="locator" xlink:href="../tifrs-scf-2015-03-31.xsd#tifrs-SCF_DecreaseIncreaseInDeferredDebits" xlink:label="DecreaseIncreaseInDeferredDebits" xlink:title="DecreaseIncreaseInDeferredDebits"/>
    <link:calculationArc xlink:type="arc" xlink:arcrole="http://www.xbrl.org/2003/arcrole/summation-item" xlink:from="ChangesInOperatingAssets" xlink:to="DecreaseIncreaseInDeferredDebits" xlink:title="calculation: ChangesInOperatingAssets to DecreaseIncreaseInDeferredDebits" use="optional" order="16.0" weight="1.0"/>
    <link:loc xlink:type="locator" xlink:href="../tifrs-scf-2015-03-31.xsd#tifrs-SCF_DecreaseIncreaseInOtherOperatingAssets" xlink:label="DecreaseIncreaseInOtherOperatingAssets" xlink:title="DecreaseIncreaseInOtherOperatingAssets"/>
    <link:calculationArc xlink:type="arc" xlink:arcrole="http://www.xbrl.org/2003/arcrole/summation-item" xlink:from="ChangesInOperatingAssets" xlink:to="DecreaseIncreaseInOtherOperatingAssets" xlink:title="calculation: ChangesInOperatingAssets to DecreaseIncreaseInOtherOperatingAssets" use="optional" order="17.0" weight="1.0"/>
    <link:loc xlink:type="locator" xlink:href="../tifrs-scf-2015-03-31.xsd#tifrs-SCF_ChangesInOperatingLiabilities" xlink:label="ChangesInOperatingLiabilities" xlink:title="ChangesInOperatingLiabilities"/>
    <link:loc xlink:type="locator" xlink:href="../tifrs-scf-2015-03-31.xsd#tifrs-SCF_IncreaseDecreaseInFinancialLiabilitiesHeldForTrading" xlink:label="IncreaseDecreaseInFinancialLiabilitiesHeldForTrading" xlink:title="IncreaseDecreaseInFinancialLiabilitiesHeldForTrading"/>
    <link:calculationArc xlink:type="arc" xlink:arcrole="http://www.xbrl.org/2003/arcrole/summation-item" xlink:from="ChangesInOperatingLiabilities" xlink:to="IncreaseDecreaseInFinancialLiabilitiesHeldForTrading" xlink:title="calculation: ChangesInOperatingLiabilities to IncreaseDecreaseInFinancialLiabilitiesHeldForTrading" use="optional" order="1.0" weight="1.0"/>
    <link:loc xlink:type="locator" xlink:href="../tifrs-scf-2015-03-31.xsd#tifrs-SCF_IncreaseDecreaseInDerivativeFinancialLiabilitiesForHedging" xlink:label="IncreaseDecreaseInDerivativeFinancialLiabilitiesForHedging" xlink:title="IncreaseDecreaseInDerivativeFinancialLiabilitiesForHedging"/>
    <link:calculationArc xlink:type="arc" xlink:arcrole="http://www.xbrl.org/2003/arcrole/summation-item" xlink:from="ChangesInOperatingLiabilities" xlink:to="IncreaseDecreaseInDerivativeFinancialLiabilitiesForHedging" xlink:title="calculation: ChangesInOperatingLiabilities to IncreaseDecreaseInDerivativeFinancialLiabilitiesForHedging" use="optional" order="2.0" weight="1.0"/>
    <link:loc xlink:type="locator" xlink:href="../tifrs-scf-2015-03-31.xsd#tifrs-SCF_IncreaseDecreaseInNotesPayable" xlink:label="IncreaseDecreaseInNotesPayable" xlink:title="IncreaseDecreaseInNotesPayable"/>
    <link:calculationArc xlink:type="arc" xlink:arcrole="http://www.xbrl.org/2003/arcrole/summation-item" xlink:from="ChangesInOperatingLiabilities" xlink:to="IncreaseDecreaseInNotesPayable" xlink:title="calculation: ChangesInOperatingLiabilities to IncreaseDecreaseInNotesPayable" use="optional" order="3.0" weight="1.0"/>
    <link:loc xlink:type="locator" xlink:href="../tifrs-scf-2015-03-31.xsd#tifrs-SCF_IncreaseDecreaseInNotesPayableToRelatedParties" xlink:label="IncreaseDecreaseInNotesPayableToRelatedParties" xlink:title="IncreaseDecreaseInNotesPayableToRelatedParties"/>
    <link:calculationArc xlink:type="arc" xlink:arcrole="http://www.xbrl.org/2003/arcrole/summation-item" xlink:from="ChangesInOperatingLiabilities" xlink:to="IncreaseDecreaseInNotesPayableToRelatedParties" xlink:title="calculation: ChangesInOperatingLiabilities to IncreaseDecreaseInNotesPayableToRelatedParties" use="optional" order="4.0" weight="1.0"/>
    <link:loc xlink:type="locator" xlink:href="../tifrs-scf-2015-03-31.xsd#tifrs-SCF_IncreaseDecreaseInAccountsPayable" xlink:label="IncreaseDecreaseInAccountsPayable" xlink:title="IncreaseDecreaseInAccountsPayable"/>
    <link:calculationArc xlink:type="arc" xlink:arcrole="http://www.xbrl.org/2003/arcrole/summation-item" xlink:from="ChangesInOperatingLiabilities" xlink:to="IncreaseDecreaseInAccountsPayable" xlink:title="calculation: ChangesInOperatingLiabilities to IncreaseDecreaseInAccountsPayable" use="optional" order="5.0" weight="1.0"/>
    <link:loc xlink:type="locator" xlink:href="../tifrs-scf-2015-03-31.xsd#tifrs-SCF_IncreaseDecreaseInAccountsPayableToRelatedParties" xlink:label="IncreaseDecreaseInAccountsPayableToRelatedParties" xlink:title="IncreaseDecreaseInAccountsPayableToRelatedParties"/>
    <link:calculationArc xlink:type="arc" xlink:arcrole="http://www.xbrl.org/2003/arcrole/summation-item" xlink:from="ChangesInOperatingLiabilities" xlink:to="IncreaseDecreaseInAccountsPayableToRelatedParties" xlink:title="calculation: ChangesInOperatingLiabilities to IncreaseDecreaseInAccountsPayableToRelatedParties" use="optional" order="6.0" weight="1.0"/>
    <link:loc xlink:type="locator" xlink:href="../tifrs-scf-2015-03-31.xsd#tifrs-SCF_IncreaseDecreaseInConstructionContractsReceivable" xlink:label="IncreaseDecreaseInConstructionContractsReceivable" xlink:title="IncreaseDecreaseInConstructionContractsReceivable"/>
    <link:calculationArc xlink:type="arc" xlink:arcrole="http://www.xbrl.org/2003/arcrole/summation-item" xlink:from="ChangesInOperatingLiabilities" xlink:to="IncreaseDecreaseInConstructionContractsReceivable" xlink:title="calculation: ChangesInOperatingLiabilities to IncreaseDecreaseInConstructionContractsReceivable" use="optional" order="7.0" weight="1.0"/>
    <link:loc xlink:type="locator" xlink:href="../tifrs-scf-2015-03-31.xsd#tifrs-SCF_IncreaseDecreaseInOtherPayables" xlink:label="IncreaseDecreaseInOtherPayables" xlink:title="IncreaseDecreaseInOtherPayables"/>
    <link:calculationArc xlink:type="arc" xlink:arcrole="http://www.xbrl.org/2003/arcrole/summation-item" xlink:from="ChangesInOperatingLiabilities" xlink:to="IncreaseDecreaseInOtherPayables" xlink:title="calculation: ChangesInOperatingLiabilities to IncreaseDecreaseInOtherPayables" use="optional" order="8.0" weight="1.0"/>
    <link:loc xlink:type="locator" xlink:href="../tifrs-scf-2015-03-31.xsd#tifrs-SCF_IncreaseDecreaseInOtherPayableToRelatedParties" xlink:label="IncreaseDecreaseInOtherPayableToRelatedParties" xlink:title="IncreaseDecreaseInOtherPayableToRelatedParties"/>
    <link:calculationArc xlink:type="arc" xlink:arcrole="http://www.xbrl.org/2003/arcrole/summation-item" xlink:from="ChangesInOperatingLiabilities" xlink:to="IncreaseDecreaseInOtherPayableToRelatedParties" xlink:title="calculation: ChangesInOperatingLiabilities to IncreaseDecreaseInOtherPayableToRelatedParties" use="optional" order="9.0" weight="1.0"/>
    <link:loc xlink:type="locator" xlink:href="../tifrs-scf-2015-03-31.xsd#tifrs-SCF_IncreaseDecreaseInProvisions" xlink:label="IncreaseDecreaseInProvisions" xlink:title="IncreaseDecreaseInProvisions"/>
    <link:calculationArc xlink:type="arc" xlink:arcrole="http://www.xbrl.org/2003/arcrole/summation-item" xlink:from="ChangesInOperatingLiabilities" xlink:to="IncreaseDecreaseInProvisions" xlink:title="calculation: ChangesInOperatingLiabilities to IncreaseDecreaseInProvisions" use="optional" order="10.0" weight="1.0"/>
    <link:loc xlink:type="locator" xlink:href="../tifrs-scf-2015-03-31.xsd#tifrs-SCF_IncreaseDecreaseInReceiptsInAdvance" xlink:label="IncreaseDecreaseInReceiptsInAdvance" xlink:title="IncreaseDecreaseInReceiptsInAdvance"/>
    <link:calculationArc xlink:type="arc" xlink:arcrole="http://www.xbrl.org/2003/arcrole/summation-item" xlink:from="ChangesInOperatingLiabilities" xlink:to="IncreaseDecreaseInReceiptsInAdvance" xlink:title="calculation: ChangesInOperatingLiabilities to IncreaseDecreaseInReceiptsInAdvance" use="optional" order="11.0" weight="1.0"/>
    <link:loc xlink:type="locator" xlink:href="../tifrs-scf-2015-03-31.xsd#tifrs-SCF_IncreaseDecreaseInOtherFinancialLiabilities" xlink:label="IncreaseDecreaseInOtherFinancialLiabilities" xlink:title="IncreaseDecreaseInOtherFinancialLiabilities"/>
    <link:calculationArc xlink:type="arc" xlink:arcrole="http://www.xbrl.org/2003/arcrole/summation-item" xlink:from="ChangesInOperatingLiabilities" xlink:to="IncreaseDecreaseInOtherFinancialLiabilities" xlink:title="calculation: ChangesInOperatingLiabilities to IncreaseDecreaseInOtherFinancialLiabilities" use="optional" order="12.0" weight="1.0"/>
    <link:loc xlink:type="locator" xlink:href="../tifrs-scf-2015-03-31.xsd#tifrs-SCF_IncreaseDecreaseInOtherCurrentLiabilities" xlink:label="IncreaseDecreaseInOtherCurrentLiabilities" xlink:title="IncreaseDecreaseInOtherCurrentLiabilities"/>
    <link:calculationArc xlink:type="arc" xlink:arcrole="http://www.xbrl.org/2003/arcrole/summation-item" xlink:from="ChangesInOperatingLiabilities" xlink:to="IncreaseDecreaseInOtherCurrentLiabilities" xlink:title="calculation: ChangesInOperatingLiabilities to IncreaseDecreaseInOtherCurrentLiabilities" use="optional" order="13.0" weight="1.0"/>
    <link:loc xlink:type="locator" xlink:href="../tifrs-scf-2015-03-31.xsd#tifrs-SCF_IncreaseDecreaseInAccruedPensionLiabilities" xlink:label="IncreaseDecreaseInAccruedPensionLiabilities" xlink:title="IncreaseDecreaseInAccruedPensionLiabilities"/>
    <link:calculationArc xlink:type="arc" xlink:arcrole="http://www.xbrl.org/2003/arcrole/summation-item" xlink:from="ChangesInOperatingLiabilities" xlink:to="IncreaseDecreaseInAccruedPensionLiabilities" xlink:title="calculation: ChangesInOperatingLiabilities to IncreaseDecreaseInAccruedPensionLiabilities" use="optional" order="14.0" weight="1.0"/>
    <link:loc xlink:type="locator" xlink:href="../tifrs-scf-2015-03-31.xsd#tifrs-SCF_IncreaseDecreaseInDeferredCredits" xlink:label="IncreaseDecreaseInDeferredCredits" xlink:title="IncreaseDecreaseInDeferredCredits"/>
    <link:calculationArc xlink:type="arc" xlink:arcrole="http://www.xbrl.org/2003/arcrole/summation-item" xlink:from="ChangesInOperatingLiabilities" xlink:to="IncreaseDecreaseInDeferredCredits" xlink:title="calculation: ChangesInOperatingLiabilities to IncreaseDecreaseInDeferredCredits" use="optional" order="15.0" weight="1.0"/>
    <link:loc xlink:type="locator" xlink:href="../tifrs-scf-2015-03-31.xsd#tifrs-SCF_IncreaseDecreaseInFinancialLiabilitiesAtCost" xlink:label="IncreaseDecreaseInFinancialLiabilitiesAtCost" xlink:title="IncreaseDecreaseInFinancialLiabilitiesAtCost"/>
    <link:calculationArc xlink:type="arc" xlink:arcrole="http://www.xbrl.org/2003/arcrole/summation-item" xlink:from="ChangesInOperatingLiabilities" xlink:to="IncreaseDecreaseInFinancialLiabilitiesAtCost" xlink:title="calculation: ChangesInOperatingLiabilities to IncreaseDecreaseInFinancialLiabilitiesAtCost" use="optional" order="16.0" weight="1.0"/>
    <link:loc xlink:type="locator" xlink:href="../tifrs-scf-2015-03-31.xsd#tifrs-SCF_IncreaseDecreaseInOtherOperatingLiabilities" xlink:label="IncreaseDecreaseInOtherOperatingLiabilities" xlink:title="IncreaseDecreaseInOtherOperatingLiabilities"/>
    <link:calculationArc xlink:type="arc" xlink:arcrole="http://www.xbrl.org/2003/arcrole/summation-item" xlink:from="ChangesInOperatingLiabilities" xlink:to="IncreaseDecreaseInOtherOperatingLiabilities" xlink:title="calculation: ChangesInOperatingLiabilities to IncreaseDecreaseInOtherOperatingLiabilities" use="optional" order="17.0" weight="1.0"/>
    <link:loc xlink:type="locator" xlink:href="../tifrs-scf-2015-03-31.xsd#tifrs-SCF_NetCashFlowsFromUsedInInvestingActivities" xlink:label="NetCashFlowsFromUsedInInvestingActivities" xlink:title="NetCashFlowsFromUsedInInvestingActivities"/>
    <link:loc xlink:type="locator" xlink:href="../tifrs-scf-2015-03-31.xsd#tifrs-SCF_AcquisitionOfFinancialAssetsAtFairValueThroughOtherComprehensiveIncome" xlink:label="AcquisitionOfFinancialAssetsAtFairValueThroughOtherComprehensiveIncome" xlink:title="AcquisitionOfFinancialAssetsAtFairValueThroughOtherComprehensiveIncome"/>
    <link:calculationArc xlink:type="arc" xlink:arcrole="http://www.xbrl.org/2003/arcrole/summation-item" xlink:from="NetCashFlowsFromUsedInInvestingActivities" xlink:to="AcquisitionOfFinancialAssetsAtFairValueThroughOtherComprehensiveIncome" xlink:title="calculation: NetCashFlowsFromUsedInInvestingActivities to AcquisitionOfFinancialAssetsAtFairValueThroughOtherComprehensiveIncome" use="optional" order="0.1" weight="1.0"/>
    <link:loc xlink:type="locator" xlink:href="../tifrs-scf-2015-03-31.xsd#tifrs-SCF_ProceedsFromDisposalOfFinancialAssetsAtFairValueThroughOtherComprehensiveIncome" xlink:label="ProceedsFromDisposalOfFinancialAssetsAtFairValueThroughOtherComprehensiveIncome" xlink:title="ProceedsFromDisposalOfFinancialAssetsAtFairValueThroughOtherComprehensiveIncome"/>
    <link:calculationArc xlink:type="arc" xlink:arcrole="http://www.xbrl.org/2003/arcrole/summation-item" xlink:from="NetCashFlowsFromUsedInInvestingActivities" xlink:to="ProceedsFromDisposalOfFinancialAssetsAtFairValueThroughOtherComprehensiveIncome" xlink:title="calculation: NetCashFlowsFromUsedInInvestingActivities to ProceedsFromDisposalOfFinancialAssetsAtFairValueThroughOtherComprehensiveIncome" use="optional" order="0.2" weight="1.0"/>
    <link:loc xlink:type="locator" xlink:href="../tifrs-scf-2015-03-31.xsd#tifrs-SCF_ProceedsFromCapitalReductionOfFinancialAssetsAtFairValueThroughOtherComprehensiveIncome" xlink:label="ProceedsFromCapitalReductionOfFinancialAssetsAtFairValueThroughOtherComprehensiveIncome" xlink:title="ProceedsFromCapitalReductionOfFinancialAssetsAtFairValueThroughOtherComprehensiveIncome"/>
    <link:calculationArc xlink:type="arc" xlink:arcrole="http://www.xbrl.org/2003/arcrole/summation-item" xlink:from="NetCashFlowsFromUsedInInvestingActivities" xlink:to="ProceedsFromCapitalReductionOfFinancialAssetsAtFairValueThroughOtherComprehensiveIncome" xlink:title="calculation: NetCashFlowsFromUsedInInvestingActivities to ProceedsFromCapitalReductionOfFinancialAssetsAtFairValueThroughOtherComprehensiveIncome" use="optional" order="0.3" weight="1.0"/>
    <link:loc xlink:type="locator" xlink:href="../tifrs-scf-2015-03-31.xsd#tifrs-SCF_AcquisitionOfFinancialAssetsAtAmortisedCost" xlink:label="AcquisitionOfFinancialAssetsAtAmortisedCost" xlink:title="AcquisitionOfFinancialAssetsAtAmortisedCost"/>
    <link:calculationArc xlink:type="arc" xlink:arcrole="http://www.xbrl.org/2003/arcrole/summation-item" xlink:from="NetCashFlowsFromUsedInInvestingActivities" xlink:to="AcquisitionOfFinancialAssetsAtAmortisedCost" xlink:title="calculation: NetCashFlowsFromUsedInInvestingActivities to AcquisitionOfFinancialAssetsAtAmortisedCost" use="optional" order="0.4" weight="1.0"/>
    <link:loc xlink:type="locator" xlink:href="../tifrs-scf-2015-03-31.xsd#tifrs-SCF_ProceedsFromDisposalOfFinancialAssetsAtAmortisedCost" xlink:label="ProceedsFromDisposalOfFinancialAssetsAtAmortisedCost" xlink:title="ProceedsFromDisposalOfFinancialAssetsAtAmortisedCost"/>
    <link:calculationArc xlink:type="arc" xlink:arcrole="http://www.xbrl.org/2003/arcrole/summation-item" xlink:from="NetCashFlowsFromUsedInInvestingActivities" xlink:to="ProceedsFromDisposalOfFinancialAssetsAtAmortisedCost" xlink:title="calculation: NetCashFlowsFromUsedInInvestingActivities to ProceedsFromDisposalOfFinancialAssetsAtAmortisedCost" use="optional" order="0.5" weight="1.0"/>
    <link:loc xlink:type="locator" xlink:href="../tifrs-scf-2015-03-31.xsd#tifrs-SCF_ProceedsFromRepaymentsOfFinancialAssetsAtAmortisedCost" xlink:label="ProceedsFromRepaymentsOfFinancialAssetsAtAmortisedCost" xlink:title="ProceedsFromRepaymentsOfFinancialAssetsAtAmortisedCost"/>
    <link:calculationArc xlink:type="arc" xlink:arcrole="http://www.xbrl.org/2003/arcrole/summation-item" xlink:from="NetCashFlowsFromUsedInInvestingActivities" xlink:to="ProceedsFromRepaymentsOfFinancialAssetsAtAmortisedCost" xlink:title="calculation: NetCashFlowsFromUsedInInvestingActivities to ProceedsFromRepaymentsOfFinancialAssetsAtAmortisedCost" use="optional" order="0.6" weight="1.0"/>
    <link:loc xlink:type="locator" xlink:href="../tifrs-scf-2015-03-31.xsd#tifrs-SCF_AcquisitionOfFinancialAssetsAtFairValueThroughProfitOrLossDesignatedAsUponInitialRecognition" xlink:label="AcquisitionOfFinancialAssetsAtFairValueThroughProfitOrLossDesignatedAsUponInitialRecognition" xlink:title="AcquisitionOfFinancialAssetsAtFairValueThroughProfitOrLossDesignatedAsUponInitialRecognition"/>
    <link:calculationArc xlink:type="arc" xlink:arcrole="http://www.xbrl.org/2003/arcrole/summation-item" xlink:from="NetCashFlowsFromUsedInInvestingActivities" xlink:to="AcquisitionOfFinancialAssetsAtFairValueThroughProfitOrLossDesignatedAsUponInitialRecognition" xlink:title="calculation: NetCashFlowsFromUsedInInvestingActivities to AcquisitionOfFinancialAssetsAtFairValueThroughProfitOrLossDesignatedAsUponInitialRecognition" use="optional" order="0.7" weight="1.0"/>
    <link:loc xlink:type="locator" xlink:href="../tifrs-scf-2015-03-31.xsd#tifrs-SCF_ProceedsFromDisposalOfFinancialAssetsAtFairValueThroughProfitOrLossDesignatedAsUponInitialRecognition" xlink:label="ProceedsFromDisposalOfFinancialAssetsAtFairValueThroughProfitOrLossDesignatedAsUponInitialRecognition" xlink:title="ProceedsFromDisposalOfFinancialAssetsAtFairValueThroughProfitOrLossDesignatedAsUponInitialRecognition"/>
    <link:calculationArc xlink:type="arc" xlink:arcrole="http://www.xbrl.org/2003/arcrole/summation-item" xlink:from="NetCashFlowsFromUsedInInvestingActivities" xlink:to="ProceedsFromDisposalOfFinancialAssetsAtFairValueThroughProfitOrLossDesignatedAsUponInitialRecognition" xlink:title="calculation: NetCashFlowsFromUsedInInvestingActivities to ProceedsFromDisposalOfFinancialAssetsAtFairValueThroughProfitOrLossDesignatedAsUponInitialRecognition" use="optional" order="0.8" weight="1.0"/>
    <link:loc xlink:type="locator" xlink:href="../tifrs-scf-2015-03-31.xsd#tifrs-SCF_AcquisitionOfDerivativeFinancialAssetsForHedging-CashFlowsFromUsedInInvestingActivities" xlink:label="AcquisitionOfDerivativeFinancialAssetsForHedging-CashFlowsFromUsedInInvestingActivities" xlink:title="AcquisitionOfDerivativeFinancialAssetsForHedging-CashFlowsFromUsedInInvestingActivities"/>
    <link:calculationArc xlink:type="arc" xlink:arcrole="http://www.xbrl.org/2003/arcrole/summation-item" xlink:from="NetCashFlowsFromUsedInInvestingActivities" xlink:to="AcquisitionOfDerivativeFinancialAssetsForHedging-CashFlowsFromUsedInInvestingActivities" xlink:title="calculation: NetCashFlowsFromUsedInInvestingActivities to AcquisitionOfDerivativeFinancialAssetsForHedging-CashFlowsFromUsedInInvestingActivities" use="optional" order="12.1" weight="1.0"/>
    <link:loc xlink:type="locator" xlink:href="../tifrs-scf-2015-03-31.xsd#tifrs-SCF_DisposalOfDerivativeFinancialAssetsForHedging-CashFlowsFromUsedInInvestingActivities" xlink:label="DisposalOfDerivativeFinancialAssetsForHedging-CashFlowsFromUsedInInvestingActivities" xlink:title="DisposalOfDerivativeFinancialAssetsForHedging-CashFlowsFromUsedInInvestingActivities"/>
    <link:calculationArc xlink:type="arc" xlink:arcrole="http://www.xbrl.org/2003/arcrole/summation-item" xlink:from="NetCashFlowsFromUsedInInvestingActivities" xlink:to="DisposalOfDerivativeFinancialAssetsForHedging-CashFlowsFromUsedInInvestingActivities" xlink:title="calculation: NetCashFlowsFromUsedInInvestingActivities to DisposalOfDerivativeFinancialAssetsForHedging-CashFlowsFromUsedInInvestingActivities" use="optional" order="12.2" weight="1.0"/>
    <link:loc xlink:type="locator" xlink:href="../tifrs-scf-2015-03-31.xsd#tifrs-SCF_DerecognitionOfDerivativeFinancialLiabilitiesForHedging-CashFlowsFromUsedInInvestingActivities" xlink:label="DerecognitionOfDerivativeFinancialLiabilitiesForHedging-CashFlowsFromUsedInInvestingActivities" xlink:title="DerecognitionOfDerivativeFinancialLiabilitiesForHedging-CashFlowsFromUsedInInvestingActivities"/>
    <link:calculationArc xlink:type="arc" xlink:arcrole="http://www.xbrl.org/2003/arcrole/summation-item" xlink:from="NetCashFlowsFromUsedInInvestingActivities" xlink:to="DerecognitionOfDerivativeFinancialLiabilitiesForHedging-CashFlowsFromUsedInInvestingActivities" xlink:title="calculation: NetCashFlowsFromUsedInInvestingActivities to DerecognitionOfDerivativeFinancialLiabilitiesForHedging-CashFlowsFromUsedInInvestingActivities" use="optional" order="12.3" weight="1.0"/>
    <link:loc xlink:type="locator" xlink:href="../tifrs-scf-2015-03-31.xsd#tifrs-SCF_AcquisitionOfNoncurrentAssetsClassifiedAsHeldForSale" xlink:label="AcquisitionOfNoncurrentAssetsClassifiedAsHeldForSale" xlink:title="AcquisitionOfNoncurrentAssetsClassifiedAsHeldForSale"/>
    <link:calculationArc xlink:type="arc" xlink:arcrole="http://www.xbrl.org/2003/arcrole/summation-item" xlink:from="NetCashFlowsFromUsedInInvestingActivities" xlink:to="AcquisitionOfNoncurrentAssetsClassifiedAsHeldForSale" xlink:title="calculation: NetCashFlowsFromUsedInInvestingActivities to AcquisitionOfNoncurrentAssetsClassifiedAsHeldForSale" use="optional" order="19.1" weight="1.0"/>
    <link:loc xlink:type="locator" xlink:href="../tifrs-scf-2015-03-31.xsd#tifrs-SCF_ProceedsFromDisposalOfNoncurrentAssetsClassifiedAsHeldForSale" xlink:label="ProceedsFromDisposalOfNoncurrentAssetsClassifiedAsHeldForSale" xlink:title="ProceedsFromDisposalOfNoncurrentAssetsClassifiedAsHeldForSale"/>
    <link:calculationArc xlink:type="arc" xlink:arcrole="http://www.xbrl.org/2003/arcrole/summation-item" xlink:from="NetCashFlowsFromUsedInInvestingActivities" xlink:to="ProceedsFromDisposalOfNoncurrentAssetsClassifiedAsHeldForSale" xlink:title="calculation: NetCashFlowsFromUsedInInvestingActivities to ProceedsFromDisposalOfNoncurrentAssetsClassifiedAsHeldForSale" use="optional" order="19.2" weight="1.0"/>
    <link:loc xlink:type="locator" xlink:href="../tifrs-scf-2015-03-31.xsd#tifrs-SCF_AcquisitionOfPropertyPlantAndEquipment" xlink:label="AcquisitionOfPropertyPlantAndEquipment" xlink:title="AcquisitionOfPropertyPlantAndEquipment"/>
    <link:calculationArc xlink:type="arc" xlink:arcrole="http://www.xbrl.org/2003/arcrole/summation-item" xlink:from="NetCashFlowsFromUsedInInvestingActivities" xlink:to="AcquisitionOfPropertyPlantAndEquipment" xlink:title="calculation: NetCashFlowsFromUsedInInvestingActivities to AcquisitionOfPropertyPlantAndEquipment" use="optional" order="19.3" weight="1.0"/>
    <link:loc xlink:type="locator" xlink:href="../tifrs-scf-2015-03-31.xsd#tifrs-SCF_ProceedsFromDisposalOfPropertyPlantAndEquipment" xlink:label="ProceedsFromDisposalOfPropertyPlantAndEquipment" xlink:title="ProceedsFromDisposalOfPropertyPlantAndEquipment"/>
    <link:calculationArc xlink:type="arc" xlink:arcrole="http://www.xbrl.org/2003/arcrole/summation-item" xlink:from="NetCashFlowsFromUsedInInvestingActivities" xlink:to="ProceedsFromDisposalOfPropertyPlantAndEquipment" xlink:title="calculation: NetCashFlowsFromUsedInInvestingActivities to ProceedsFromDisposalOfPropertyPlantAndEquipment" use="optional" order="19.4" weight="1.0"/>
    <link:loc xlink:type="locator" xlink:href="../tifrs-scf-2015-03-31.xsd#tifrs-SCF_IncreaseInReceivables" xlink:label="IncreaseInReceivables" xlink:title="IncreaseInReceivables"/>
    <link:calculationArc xlink:type="arc" xlink:arcrole="http://www.xbrl.org/2003/arcrole/summation-item" xlink:from="NetCashFlowsFromUsedInInvestingActivities" xlink:to="IncreaseInReceivables" xlink:title="calculation: NetCashFlowsFromUsedInInvestingActivities to IncreaseInReceivables" use="optional" order="34.1" weight="1.0"/>
    <link:loc xlink:type="locator" xlink:href="../tifrs-scf-2015-03-31.xsd#tifrs-SCF_DecreaseInReceivables" xlink:label="DecreaseInReceivables" xlink:title="DecreaseInReceivables"/>
    <link:calculationArc xlink:type="arc" xlink:arcrole="http://www.xbrl.org/2003/arcrole/summation-item" xlink:from="NetCashFlowsFromUsedInInvestingActivities" xlink:to="DecreaseInReceivables" xlink:title="calculation: NetCashFlowsFromUsedInInvestingActivities to DecreaseInReceivables" use="optional" order="34.2" weight="1.0"/>
    <link:loc xlink:type="locator" xlink:href="../tifrs-scf-2015-03-31.xsd#tifrs-SCF_IncreaseInLongTermLeaseAndInstallmentReceivables" xlink:label="IncreaseInLongTermLeaseAndInstallmentReceivables" xlink:title="IncreaseInLongTermLeaseAndInstallmentReceivables"/>
    <link:calculationArc xlink:type="arc" xlink:arcrole="http://www.xbrl.org/2003/arcrole/summation-item" xlink:from="NetCashFlowsFromUsedInInvestingActivities" xlink:to="IncreaseInLongTermLeaseAndInstallmentReceivables" xlink:title="calculation: NetCashFlowsFromUsedInInvestingActivities to IncreaseInLongTermLeaseAndInstallmentReceivables" use="optional" order="34.3" weight="1.0"/>
    <link:loc xlink:type="locator" xlink:href="../tifrs-scf-2015-03-31.xsd#tifrs-SCF_DecreaseInLongTermLeaseAndInstallmentReceivables" xlink:label="DecreaseInLongTermLeaseAndInstallmentReceivables" xlink:title="DecreaseInLongTermLeaseAndInstallmentReceivables"/>
    <link:calculationArc xlink:type="arc" xlink:arcrole="http://www.xbrl.org/2003/arcrole/summation-item" xlink:from="NetCashFlowsFromUsedInInvestingActivities" xlink:to="DecreaseInLongTermLeaseAndInstallmentReceivables" xlink:title="calculation: NetCashFlowsFromUsedInInvestingActivities to DecreaseInLongTermLeaseAndInstallmentReceivables" use="optional" order="34.4" weight="1.0"/>
    <link:loc xlink:type="locator" xlink:href="../tifrs-scf-2015-03-31.xsd#tifrs-SCF_IncreaseInOtherAssets" xlink:label="IncreaseInOtherAssets" xlink:title="IncreaseInOtherAssets"/>
    <link:calculationArc xlink:type="arc" xlink:arcrole="http://www.xbrl.org/2003/arcrole/summation-item" xlink:from="NetCashFlowsFromUsedInInvestingActivities" xlink:to="IncreaseInOtherAssets" xlink:title="calculation: NetCashFlowsFromUsedInInvestingActivities to IncreaseInOtherAssets" use="optional" order="38.1" weight="1.0"/>
    <link:loc xlink:type="locator" xlink:href="../tifrs-scf-2015-03-31.xsd#tifrs-SCF_DecreaseInOtherAssets" xlink:label="DecreaseInOtherAssets" xlink:title="DecreaseInOtherAssets"/>
    <link:calculationArc xlink:type="arc" xlink:arcrole="http://www.xbrl.org/2003/arcrole/summation-item" xlink:from="NetCashFlowsFromUsedInInvestingActivities" xlink:to="DecreaseInOtherAssets" xlink:title="calculation: NetCashFlowsFromUsedInInvestingActivities to DecreaseInOtherAssets" use="optional" order="38.2" weight="1.0"/>
    <link:loc xlink:type="locator" xlink:href="../tifrs-scf-2015-03-31.xsd#tifrs-SCF_IncreaseInPrepaymentsForBusinessFacilities" xlink:label="IncreaseInPrepaymentsForBusinessFacilities" xlink:title="IncreaseInPrepaymentsForBusinessFacilities"/>
    <link:calculationArc xlink:type="arc" xlink:arcrole="http://www.xbrl.org/2003/arcrole/summation-item" xlink:from="NetCashFlowsFromUsedInInvestingActivities" xlink:to="IncreaseInPrepaymentsForBusinessFacilities" xlink:title="calculation: NetCashFlowsFromUsedInInvestingActivities to IncreaseInPrepaymentsForBusinessFacilities" use="optional" order="38.3" weight="1.0"/>
    <link:loc xlink:type="locator" xlink:href="../tifrs-scf-2015-03-31.xsd#tifrs-SCF_DecreaseInPrepaymentsForBusinessFacilities" xlink:label="DecreaseInPrepaymentsForBusinessFacilities" xlink:title="DecreaseInPrepaymentsForBusinessFacilities"/>
    <link:calculationArc xlink:type="arc" xlink:arcrole="http://www.xbrl.org/2003/arcrole/summation-item" xlink:from="NetCashFlowsFromUsedInInvestingActivities" xlink:to="DecreaseInPrepaymentsForBusinessFacilities" xlink:title="calculation: NetCashFlowsFromUsedInInvestingActivities to DecreaseInPrepaymentsForBusinessFacilities" use="optional" order="38.4" weight="1.0"/>
    <link:loc xlink:type="locator" xlink:href="../tifrs-scf-2015-03-31.xsd#tifrs-SCF_IncreaseInOtherPrepayments" xlink:label="IncreaseInOtherPrepayments" xlink:title="IncreaseInOtherPrepayments"/>
    <link:calculationArc xlink:type="arc" xlink:arcrole="http://www.xbrl.org/2003/arcrole/summation-item" xlink:from="NetCashFlowsFromUsedInInvestingActivities" xlink:to="IncreaseInOtherPrepayments" xlink:title="calculation: NetCashFlowsFromUsedInInvestingActivities to IncreaseInOtherPrepayments" use="optional" order="38.5" weight="1.0"/>
    <link:loc xlink:type="locator" xlink:href="../tifrs-scf-2015-03-31.xsd#tifrs-SCF_DecreaseInOtherPrepayments" xlink:label="DecreaseInOtherPrepayments" xlink:title="DecreaseInOtherPrepayments"/>
    <link:calculationArc xlink:type="arc" xlink:arcrole="http://www.xbrl.org/2003/arcrole/summation-item" xlink:from="NetCashFlowsFromUsedInInvestingActivities" xlink:to="DecreaseInOtherPrepayments" xlink:title="calculation: NetCashFlowsFromUsedInInvestingActivities to DecreaseInOtherPrepayments" use="optional" order="38.6" weight="1.0"/>
    <link:loc xlink:type="locator" xlink:href="../tifrs-scf-2015-03-31.xsd#tifrs-SCF_CashFlowsFromUsedInFinancingActivities" xlink:label="CashFlowsFromUsedInFinancingActivities" xlink:title="CashFlowsFromUsedInFinancingActivities"/>
    <link:loc xlink:type="locator" xlink:href="../tifrs-scf-2015-03-31.xsd#tifrs-SCF_IncreaseInShortTermNotesAndBillsPayable" xlink:label="IncreaseInShortTermNotesAndBillsPayable" xlink:title="IncreaseInShortTermNotesAndBillsPayable"/>
    <link:calculationArc xlink:type="arc" xlink:arcrole="http://www.xbrl.org/2003/arcrole/summation-item" xlink:from="CashFlowsFromUsedInFinancingActivities" xlink:to="IncreaseInShortTermNotesAndBillsPayable" xlink:title="calculation: CashFlowsFromUsedInFinancingActivities to IncreaseInShortTermNotesAndBillsPayable" use="optional" order="2.1" weight="1.0"/>
    <link:loc xlink:type="locator" xlink:href="../tifrs-scf-2015-03-31.xsd#tifrs-SCF_DecreaseInShortTermNotesAndBillsPayable" xlink:label="DecreaseInShortTermNotesAndBillsPayable" xlink:title="DecreaseInShortTermNotesAndBillsPayable"/>
    <link:calculationArc xlink:type="arc" xlink:arcrole="http://www.xbrl.org/2003/arcrole/summation-item" xlink:from="CashFlowsFromUsedInFinancingActivities" xlink:to="DecreaseInShortTermNotesAndBillsPayable" xlink:title="calculation: CashFlowsFromUsedInFinancingActivities to DecreaseInShortTermNotesAndBillsPayable" use="optional" order="2.2" weight="1.0"/>
    <link:loc xlink:type="locator" xlink:href="../tifrs-scf-2015-03-31.xsd#tifrs-SCF_AcquisitionOfDerivativeFinancialAssetsForHedging-CashFlowsFromUsedInFinancingActivities" xlink:label="AcquisitionOfDerivativeFinancialAssetsForHedging-CashFlowsFromUsedInFinancingActivities" xlink:title="AcquisitionOfDerivativeFinancialAssetsForHedging-CashFlowsFromUsedInFinancingActivities"/>
    <link:calculationArc xlink:type="arc" xlink:arcrole="http://www.xbrl.org/2003/arcrole/summation-item" xlink:from="CashFlowsFromUsedInFinancingActivities" xlink:to="AcquisitionOfDerivativeFinancialAssetsForHedging-CashFlowsFromUsedInFinancingActivities" xlink:title="calculation: CashFlowsFromUsedInFinancingActivities to AcquisitionOfDerivativeFinancialAssetsForHedging-CashFlowsFromUsedInFinancingActivities" use="optional" order="2.3" weight="1.0"/>
    <link:loc xlink:type="locator" xlink:href="../tifrs-scf-2015-03-31.xsd#tifrs-SCF_ProceedsFromDisposalOfDerivativeFinancialAssetsForHedging-CashFlowsFromUsedInFinancingActivities" xlink:label="ProceedsFromDisposalOfDerivativeFinancialAssetsForHedging-CashFlowsFromUsedInFinancingActivities" xlink:title="ProceedsFromDisposalOfDerivativeFinancialAssetsForHedging-CashFlowsFromUsedInFinancingActivities"/>
    <link:calculationArc xlink:type="arc" xlink:arcrole="http://www.xbrl.org/2003/arcrole/summation-item" xlink:from="CashFlowsFromUsedInFinancingActivities" xlink:to="ProceedsFromDisposalOfDerivativeFinancialAssetsForHedging-CashFlowsFromUsedInFinancingActivities" xlink:title="calculation: CashFlowsFromUsedInFinancingActivities to ProceedsFromDisposalOfDerivativeFinancialAssetsForHedging-CashFlowsFromUsedInFinancingActivities" use="optional" order="2.4" weight="1.0"/>
    <link:loc xlink:type="locator" xlink:href="../tifrs-scf-2015-03-31.xsd#tifrs-SCF_DerecognitionOfDerivativeFinancialLiabilitiesForHedging-CashFlowsFromUsedInFinancingActivities" xlink:label="DerecognitionOfDerivativeFinancialLiabilitiesForHedging-CashFlowsFromUsedInFinancingActivities" xlink:title="DerecognitionOfDerivativeFinancialLiabilitiesForHedging-CashFlowsFromUsedInFinancingActivities"/>
    <link:calculationArc xlink:type="arc" xlink:arcrole="http://www.xbrl.org/2003/arcrole/summation-item" xlink:from="CashFlowsFromUsedInFinancingActivities" xlink:to="DerecognitionOfDerivativeFinancialLiabilitiesForHedging-CashFlowsFromUsedInFinancingActivities" xlink:title="calculation: CashFlowsFromUsedInFinancingActivities to DerecognitionOfDerivativeFinancialLiabilitiesForHedging-CashFlowsFromUsedInFinancingActivities" use="optional" order="2.5" weight="1.0"/>
    <link:loc xlink:type="locator" xlink:href="../tifrs-scf-2015-03-31.xsd#tifrs-SCF_ProceedsFromLongTermDebt" xlink:label="ProceedsFromLongTermDebt" xlink:title="ProceedsFromLongTermDebt"/>
    <link:calculationArc xlink:type="arc" xlink:arcrole="http://www.xbrl.org/2003/arcrole/summation-item" xlink:from="CashFlowsFromUsedInFinancingActivities" xlink:to="ProceedsFromLongTermDebt" xlink:title="calculation: CashFlowsFromUsedInFinancingActivities to ProceedsFromLongTermDebt" use="optional" order="4.1" weight="1.0"/>
    <link:loc xlink:type="locator" xlink:href="../tifrs-scf-2015-03-31.xsd#tifrs-SCF_RepaymentsOfLongTermDebt" xlink:label="RepaymentsOfLongTermDebt" xlink:title="RepaymentsOfLongTermDebt"/>
    <link:calculationArc xlink:type="arc" xlink:arcrole="http://www.xbrl.org/2003/arcrole/summation-item" xlink:from="CashFlowsFromUsedInFinancingActivities" xlink:to="RepaymentsOfLongTermDebt" xlink:title="calculation: CashFlowsFromUsedInFinancingActivities to RepaymentsOfLongTermDebt" use="optional" order="4.2" weight="1.0"/>
    <link:loc xlink:type="locator" xlink:href="../tifrs-scf-2015-03-31.xsd#tifrs-SCF_IncreaseInOtherBorrowings" xlink:label="IncreaseInOtherBorrowings" xlink:title="IncreaseInOtherBorrowings"/>
    <link:calculationArc xlink:type="arc" xlink:arcrole="http://www.xbrl.org/2003/arcrole/summation-item" xlink:from="CashFlowsFromUsedInFinancingActivities" xlink:to="IncreaseInOtherBorrowings" xlink:title="calculation: CashFlowsFromUsedInFinancingActivities to IncreaseInOtherBorrowings" use="optional" order="4.3" weight="1.0"/>
    <link:loc xlink:type="locator" xlink:href="../tifrs-scf-2015-03-31.xsd#tifrs-SCF_DecreaseInOtherBorrowings" xlink:label="DecreaseInOtherBorrowings" xlink:title="DecreaseInOtherBorrowings"/>
    <link:calculationArc xlink:type="arc" xlink:arcrole="http://www.xbrl.org/2003/arcrole/summation-item" xlink:from="CashFlowsFromUsedInFinancingActivities" xlink:to="DecreaseInOtherBorrowings" xlink:title="calculation: CashFlowsFromUsedInFinancingActivities to DecreaseInOtherBorrowings" use="optional" order="4.4" weight="1.0"/>
    <link:loc xlink:type="locator" xlink:href="../tifrs-scf-2015-03-31.xsd#tifrs-SCF_IncreaseInNotesAndBondsIssuedUnderRepurchaseAgreement" xlink:label="IncreaseInNotesAndBondsIssuedUnderRepurchaseAgreement" xlink:title="IncreaseInNotesAndBondsIssuedUnderRepurchaseAgreement"/>
    <link:calculationArc xlink:type="arc" xlink:arcrole="http://www.xbrl.org/2003/arcrole/summation-item" xlink:from="CashFlowsFromUsedInFinancingActivities" xlink:to="IncreaseInNotesAndBondsIssuedUnderRepurchaseAgreement" xlink:title="calculation: CashFlowsFromUsedInFinancingActivities to IncreaseInNotesAndBondsIssuedUnderRepurchaseAgreement" use="optional" order="4.5" weight="1.0"/>
    <link:loc xlink:type="locator" xlink:href="../tifrs-scf-2015-03-31.xsd#tifrs-SCF_DecreaseInNotesAndBondsIssuedUnderRepurchaseAgreement" xlink:label="DecreaseInNotesAndBondsIssuedUnderRepurchaseAgreement" xlink:title="DecreaseInNotesAndBondsIssuedUnderRepurchaseAgreement"/>
    <link:calculationArc xlink:type="arc" xlink:arcrole="http://www.xbrl.org/2003/arcrole/summation-item" xlink:from="CashFlowsFromUsedInFinancingActivities" xlink:to="DecreaseInNotesAndBondsIssuedUnderRepurchaseAgreement" xlink:title="calculation: CashFlowsFromUsedInFinancingActivities to DecreaseInNotesAndBondsIssuedUnderRepurchaseAgreement" use="optional" order="4.6" weight="1.0"/>
    <link:loc xlink:type="locator" xlink:href="../tifrs-scf-2015-03-31.xsd#tifrs-SCF_IncreaseInFinancialLiabilitiesAtFairValueThroughProfitOrLossDesignatedAsUponInitialRecognition" xlink:label="IncreaseInFinancialLiabilitiesAtFairValueThroughProfitOrLossDesignatedAsUponInitialRecognition" xlink:title="IncreaseInFinancialLiabilitiesAtFairValueThroughProfitOrLossDesignatedAsUponInitialRecognition"/>
    <link:calculationArc xlink:type="arc" xlink:arcrole="http://www.xbrl.org/2003/arcrole/summation-item" xlink:from="CashFlowsFromUsedInFinancingActivities" xlink:to="IncreaseInFinancialLiabilitiesAtFairValueThroughProfitOrLossDesignatedAsUponInitialRecognition" xlink:title="calculation: CashFlowsFromUsedInFinancingActivities to IncreaseInFinancialLiabilitiesAtFairValueThroughProfitOrLossDesignatedAsUponInitialRecognition" use="optional" order="4.7" weight="1.0"/>
    <link:loc xlink:type="locator" xlink:href="../tifrs-scf-2015-03-31.xsd#tifrs-SCF_DecreaseInFinancialLiabilitiesAtFairValueThroughProfitOrLossDesignatedAsUponInitialRecognition" xlink:label="DecreaseInFinancialLiabilitiesAtFairValueThroughProfitOrLossDesignatedAsUponInitialRecognition" xlink:title="DecreaseInFinancialLiabilitiesAtFairValueThroughProfitOrLossDesignatedAsUponInitialRecognition"/>
    <link:calculationArc xlink:type="arc" xlink:arcrole="http://www.xbrl.org/2003/arcrole/summation-item" xlink:from="CashFlowsFromUsedInFinancingActivities" xlink:to="DecreaseInFinancialLiabilitiesAtFairValueThroughProfitOrLossDesignatedAsUponInitialRecognition" xlink:title="calculation: CashFlowsFromUsedInFinancingActivities to DecreaseInFinancialLiabilitiesAtFairValueThroughProfitOrLossDesignatedAsUponInitialRecognition" use="optional" order="4.8" weight="1.0"/>
    <link:loc xlink:type="locator" xlink:href="../tifrs-scf-2015-03-31.xsd#tifrs-SCF_IncreaseInFinancialLiabilitiesAtAmortisedCost" xlink:label="IncreaseInFinancialLiabilitiesAtAmortisedCost" xlink:title="IncreaseInFinancialLiabilitiesAtAmortisedCost"/>
    <link:calculationArc xlink:type="arc" xlink:arcrole="http://www.xbrl.org/2003/arcrole/summation-item" xlink:from="CashFlowsFromUsedInFinancingActivities" xlink:to="IncreaseInFinancialLiabilitiesAtAmortisedCost" xlink:title="calculation: CashFlowsFromUsedInFinancingActivities to IncreaseInFinancialLiabilitiesAtAmortisedCost" use="optional" order="4.9" weight="1.0"/>
    <link:loc xlink:type="locator" xlink:href="../tifrs-scf-2015-03-31.xsd#tifrs-SCF_DecreaseInFinancialLiabilitiesAtAmortisedCost" xlink:label="DecreaseInFinancialLiabilitiesAtAmortisedCost" xlink:title="DecreaseInFinancialLiabilitiesAtAmortisedCost"/>
    <link:calculationArc xlink:type="arc" xlink:arcrole="http://www.xbrl.org/2003/arcrole/summation-item" xlink:from="CashFlowsFromUsedInFinancingActivities" xlink:to="DecreaseInFinancialLiabilitiesAtAmortisedCost" xlink:title="calculation: CashFlowsFromUsedInFinancingActivities to DecreaseInFinancialLiabilitiesAtAmortisedCost" use="optional" order="4.91" weight="1.0"/>
    <link:loc xlink:type="locator" xlink:href="../tifrs-scf-2015-03-31.xsd#tifrs-SCF_IncreaseInPayables" xlink:label="IncreaseInPayables" xlink:title="IncreaseInPayables"/>
    <link:calculationArc xlink:type="arc" xlink:arcrole="http://www.xbrl.org/2003/arcrole/summation-item" xlink:from="CashFlowsFromUsedInFinancingActivities" xlink:to="IncreaseInPayables" xlink:title="calculation: CashFlowsFromUsedInFinancingActivities to IncreaseInPayables" use="optional" order="11.1" weight="1.0"/>
    <link:loc xlink:type="locator" xlink:href="../tifrs-scf-2015-03-31.xsd#tifrs-SCF_DecreaseInPayables" xlink:label="DecreaseInPayables" xlink:title="DecreaseInPayables"/>
    <link:calculationArc xlink:type="arc" xlink:arcrole="http://www.xbrl.org/2003/arcrole/summation-item" xlink:from="CashFlowsFromUsedInFinancingActivities" xlink:to="DecreaseInPayables" xlink:title="calculation: CashFlowsFromUsedInFinancingActivities to DecreaseInPayables" use="optional" order="11.2" weight="1.0"/>
    <link:loc xlink:type="locator" xlink:href="../tifrs-scf-2015-03-31.xsd#tifrs-SCF_IncreaseInLeasePayable" xlink:label="IncreaseInLeasePayable" xlink:title="IncreaseInLeasePayable"/>
    <link:calculationArc xlink:type="arc" xlink:arcrole="http://www.xbrl.org/2003/arcrole/summation-item" xlink:from="CashFlowsFromUsedInFinancingActivities" xlink:to="IncreaseInLeasePayable" xlink:title="calculation: CashFlowsFromUsedInFinancingActivities to IncreaseInLeasePayable" use="optional" order="13.1" weight="1.0"/>
    <link:loc xlink:type="locator" xlink:href="../tifrs-scf-2015-03-31.xsd#tifrs-SCF_DecreaseInLeasePayable" xlink:label="DecreaseInLeasePayable" xlink:title="DecreaseInLeasePayable"/>
    <link:calculationArc xlink:type="arc" xlink:arcrole="http://www.xbrl.org/2003/arcrole/summation-item" xlink:from="CashFlowsFromUsedInFinancingActivities" xlink:to="DecreaseInLeasePayable" xlink:title="calculation: CashFlowsFromUsedInFinancingActivities to DecreaseInLeasePayable" use="optional" order="13.2" weight="1.0"/>
    <link:loc xlink:type="locator" xlink:href="../tifrs-scf-2015-03-31.xsd#tifrs-SCF_IncreaseInOtherLiabilities" xlink:label="IncreaseInOtherLiabilities" xlink:title="IncreaseInOtherLiabilities"/>
    <link:calculationArc xlink:type="arc" xlink:arcrole="http://www.xbrl.org/2003/arcrole/summation-item" xlink:from="CashFlowsFromUsedInFinancingActivities" xlink:to="IncreaseInOtherLiabilities" xlink:title="calculation: CashFlowsFromUsedInFinancingActivities to IncreaseInOtherLiabilities" use="optional" order="15.1" weight="1.0"/>
    <link:loc xlink:type="locator" xlink:href="../tifrs-scf-2015-03-31.xsd#tifrs-SCF_DecreaseInOtherLiabilities" xlink:label="DecreaseInOtherLiabilities" xlink:title="DecreaseInOtherLiabilities"/>
    <link:calculationArc xlink:type="arc" xlink:arcrole="http://www.xbrl.org/2003/arcrole/summation-item" xlink:from="CashFlowsFromUsedInFinancingActivities" xlink:to="DecreaseInOtherLiabilities" xlink:title="calculation: CashFlowsFromUsedInFinancingActivities to DecreaseInOtherLiabilities" use="optional" order="15.2" weight="1.0"/>
    <link:loc xlink:type="locator" xlink:href="../../ifrs_20100430/ifrs-cor_2010-04-30.xsd#ifrs_InterestPaidClassifiedAsFinancingActivities" xlink:label="InterestPaidClassifiedAsFinancingActivities" xlink:title="InterestPaidClassifiedAsFinancingActivities"/>
    <link:calculationArc xlink:type="arc" xlink:arcrole="http://www.xbrl.org/2003/arcrole/summation-item" xlink:from="CashFlowsFromUsedInFinancingActivities" xlink:to="InterestPaidClassifiedAsFinancingActivities" xlink:title="calculation: CashFlowsFromUsedInFinancingActivities to InterestPaidClassifiedAsFinancingActivities" use="optional" order="26.1" weight="1.0"/>
  </link:calculationLink>
  <link:calculationLink xlink:type="extended" xlink:role="http://www.xbrl.org/tifrs/fr/role/StatementOfCashFlows-DirectMethod">
    <link:loc xlink:type="locator" xlink:href="../tifrs-scf-2015-03-31.xsd#tifrs-SCF_ClassesOfCashReceiptsFromOperatingActivities" xlink:label="ClassesOfCashReceiptsFromOperatingActivities" xlink:title="ClassesOfCashReceiptsFromOperatingActivities"/>
    <link:loc xlink:type="locator" xlink:href="../../ifrs_20100430/ifrs-cor_2010-04-30.xsd#ifrs_ReceiptsFromPremiumsAndClaimsAnnuitiesAndOtherPolicyBenefits" xlink:label="ReceiptsFromPremiumsAndClaimsAnnuitiesAndOtherPolicyBenefits" xlink:title="ReceiptsFromPremiumsAndClaimsAnnuitiesAndOtherPolicyBenefits"/>
    <link:calculationArc xlink:type="arc" xlink:arcrole="http://www.xbrl.org/2003/arcrole/summation-item" xlink:from="ClassesOfCashReceiptsFromOperatingActivities" xlink:to="ReceiptsFromPremiumsAndClaimsAnnuitiesAndOtherPolicyBenefits" xlink:title="calculation: ClassesOfCashReceiptsFromOperatingActivities to ReceiptsFromPremiumsAndClaimsAnnuitiesAndOtherPolicyBenefits" use="optional" order="3.1" weight="1.0"/>
    <link:loc xlink:type="locator" xlink:href="../tifrs-scf-2015-03-31.xsd#tifrs-SCF_ClassesOfCashPaymentsFromOperatingActivities" xlink:label="ClassesOfCashPaymentsFromOperatingActivities" xlink:title="ClassesOfCashPaymentsFromOperatingActivities"/>
    <link:loc xlink:type="locator" xlink:href="../../ifrs_20100430/ifrs-cor_2010-04-30.xsd#ifrs_PaymentsForPremiumsAndClaimsAnnuitiesAndOtherPolicyBenefits" xlink:label="PaymentsForPremiumsAndClaimsAnnuitiesAndOtherPolicyBenefits" xlink:title="PaymentsForPremiumsAndClaimsAnnuitiesAndOtherPolicyBenefits"/>
    <link:calculationArc xlink:type="arc" xlink:arcrole="http://www.xbrl.org/2003/arcrole/summation-item" xlink:from="ClassesOfCashPaymentsFromOperatingActivities" xlink:to="PaymentsForPremiumsAndClaimsAnnuitiesAndOtherPolicyBenefits" xlink:title="calculation: ClassesOfCashPaymentsFromOperatingActivities to PaymentsForPremiumsAndClaimsAnnuitiesAndOtherPolicyBenefits" use="optional" order="3.1" weight="1.0"/>
  </link:calculationLink>
</link:linkbase>
