<?xml version="1.0" encoding="UTF-8"?>
<!-- Generated by Fujitsu Interstage XWand B0196 -->
<link:linkbase xmlns:xsi="http://www.w3.org/2001/XMLSchema-instance" xsi:schemaLocation="http://www.xbrl.org/2003/linkbase http://www.xbrl.org/2003/xbrl-linkbase-2003-12-31.xsd" xmlns:link="http://www.xbrl.org/2003/linkbase" xmlns:xbrli="http://www.xbrl.org/2003/instance" xmlns:xlink="http://www.w3.org/1999/xlink">
  <link:roleRef roleURI="http://www.xbrl.org/tifrs/fr/role/StatementOfCashFlows" xlink:type="simple" xlink:href="tifrs-scf-2015-03-31.xsd#RT_1"/>
  <link:presentationLink xlink:type="extended" xlink:role="http://www.xbrl.org/tifrs/fr/role/StatementOfCashFlows">
    <link:loc xlink:type="locator" xlink:href="../ifrs_20100430/ifrs-cor_2010-04-30.xsd#ifrs_StatementOfCashFlowsAbstract" xlink:label="StatementOfCashFlowsAbstract" xlink:title="StatementOfCashFlowsAbstract"/>
    <link:loc xlink:type="locator" xlink:href="../ifrs_20100430/ifrs-cor_2010-04-30.xsd#ifrs_CashFlowsFromUsedInOperatingActivitiesAbstract" xlink:label="CashFlowsFromUsedInOperatingActivitiesAbstract" xlink:title="CashFlowsFromUsedInOperatingActivitiesAbstract"/>
    <link:presentationArc xlink:type="arc" xlink:arcrole="http://www.xbrl.org/2003/arcrole/parent-child" xlink:from="StatementOfCashFlowsAbstract" xlink:to="CashFlowsFromUsedInOperatingActivitiesAbstract" xlink:title="presentation: StatementOfCashFlowsAbstract to CashFlowsFromUsedInOperatingActivitiesAbstract" order="1.0"/>
    <link:loc xlink:type="locator" xlink:href="tifrs-scf-2015-03-31.xsd#tifrs-SCF_ProfitLossFromDiscontinuedOperationsBeforeTax" xlink:label="ProfitLossFromDiscontinuedOperationsBeforeTax" xlink:title="ProfitLossFromDiscontinuedOperationsBeforeTax"/>
    <link:presentationArc xlink:type="arc" xlink:arcrole="http://www.xbrl.org/2003/arcrole/parent-child" xlink:from="CashFlowsFromUsedInOperatingActivitiesAbstract" xlink:to="ProfitLossFromDiscontinuedOperationsBeforeTax" xlink:title="presentation: CashFlowsFromUsedInOperatingActivitiesAbstract to ProfitLossFromDiscontinuedOperationsBeforeTax" order="2.0"/>
    <link:loc xlink:type="locator" xlink:href="tifrs-scf-2015-03-31.xsd#tifrs-SCF_AdjustmentsAbstract" xlink:label="AdjustmentsAbstract" xlink:title="AdjustmentsAbstract"/>
    <link:presentationArc xlink:type="arc" xlink:arcrole="http://www.xbrl.org/2003/arcrole/parent-child" xlink:from="CashFlowsFromUsedInOperatingActivitiesAbstract" xlink:to="AdjustmentsAbstract" xlink:title="presentation: CashFlowsFromUsedInOperatingActivitiesAbstract to AdjustmentsAbstract" order="4.0"/>
    <link:loc xlink:type="locator" xlink:href="tifrs-scf-2015-03-31.xsd#tifrs-SCF_AdjustmentsToReconcileProfitLossAbstract" xlink:label="AdjustmentsToReconcileProfitLossAbstract" xlink:title="AdjustmentsToReconcileProfitLossAbstract"/>
    <link:presentationArc xlink:type="arc" xlink:arcrole="http://www.xbrl.org/2003/arcrole/parent-child" xlink:from="AdjustmentsAbstract" xlink:to="AdjustmentsToReconcileProfitLossAbstract" xlink:title="presentation: AdjustmentsAbstract to AdjustmentsToReconcileProfitLossAbstract" order="1.0"/>
    <link:loc xlink:type="locator" xlink:href="tifrs-scf-2015-03-31.xsd#tifrs-SCF_DepreciationExpense" xlink:label="DepreciationExpense" xlink:title="DepreciationExpense"/>
    <link:presentationArc xlink:type="arc" xlink:arcrole="http://www.xbrl.org/2003/arcrole/parent-child" xlink:from="AdjustmentsToReconcileProfitLossAbstract" xlink:to="DepreciationExpense" xlink:title="presentation: AdjustmentsToReconcileProfitLossAbstract to DepreciationExpense" order="1.0"/>
    <link:loc xlink:type="locator" xlink:href="tifrs-scf-2015-03-31.xsd#tifrs-SCF_AmortizationExpense" xlink:label="AmortizationExpense" xlink:title="AmortizationExpense"/>
    <link:presentationArc xlink:type="arc" xlink:arcrole="http://www.xbrl.org/2003/arcrole/parent-child" xlink:from="AdjustmentsToReconcileProfitLossAbstract" xlink:to="AmortizationExpense" xlink:title="presentation: AdjustmentsToReconcileProfitLossAbstract to AmortizationExpense" order="2.0"/>
    <link:loc xlink:type="locator" xlink:href="tifrs-scf-2015-03-31.xsd#tifrs-SCF_NetLossGainOnFinancialAssetsOrLiabilitiesAtFairValueThroughProfitOrLoss" xlink:label="NetLossGainOnFinancialAssetsOrLiabilitiesAtFairValueThroughProfitOrLoss" xlink:title="NetLossGainOnFinancialAssetsOrLiabilitiesAtFairValueThroughProfitOrLoss"/>
    <link:presentationArc xlink:type="arc" xlink:arcrole="http://www.xbrl.org/2003/arcrole/parent-child" xlink:from="AdjustmentsToReconcileProfitLossAbstract" xlink:to="NetLossGainOnFinancialAssetsOrLiabilitiesAtFairValueThroughProfitOrLoss" xlink:title="presentation: AdjustmentsToReconcileProfitLossAbstract to NetLossGainOnFinancialAssetsOrLiabilitiesAtFairValueThroughProfitOrLoss" order="4.0"/>
    <link:loc xlink:type="locator" xlink:href="tifrs-scf-2015-03-31.xsd#tifrs-SCF_InterestExpense" xlink:label="InterestExpense" xlink:title="InterestExpense"/>
    <link:presentationArc xlink:type="arc" xlink:arcrole="http://www.xbrl.org/2003/arcrole/parent-child" xlink:from="AdjustmentsToReconcileProfitLossAbstract" xlink:to="InterestExpense" xlink:title="presentation: AdjustmentsToReconcileProfitLossAbstract to InterestExpense" order="5.0"/>
    <link:loc xlink:type="locator" xlink:href="tifrs-scf-2015-03-31.xsd#tifrs-SCF_NetLossGainOnReclassificationOfFinancialAssets" xlink:label="NetLossGainOnReclassificationOfFinancialAssets" xlink:title="NetLossGainOnReclassificationOfFinancialAssets"/>
    <link:presentationArc xlink:type="arc" xlink:arcrole="http://www.xbrl.org/2003/arcrole/parent-child" xlink:from="AdjustmentsToReconcileProfitLossAbstract" xlink:to="NetLossGainOnReclassificationOfFinancialAssets" xlink:title="presentation: AdjustmentsToReconcileProfitLossAbstract to NetLossGainOnReclassificationOfFinancialAssets" order="6.0"/>
    <link:loc xlink:type="locator" xlink:href="tifrs-scf-2015-03-31.xsd#tifrs-SCF_DividendIncome" xlink:label="DividendIncome" xlink:title="DividendIncome"/>
    <link:presentationArc xlink:type="arc" xlink:arcrole="http://www.xbrl.org/2003/arcrole/parent-child" xlink:from="AdjustmentsToReconcileProfitLossAbstract" xlink:to="DividendIncome" xlink:title="presentation: AdjustmentsToReconcileProfitLossAbstract to DividendIncome" order="8.0"/>
    <link:loc xlink:type="locator" xlink:href="tifrs-scf-2015-03-31.xsd#tifrs-SCF_ShareBasedPayments" xlink:label="ShareBasedPayments" xlink:title="ShareBasedPayments"/>
    <link:presentationArc xlink:type="arc" xlink:arcrole="http://www.xbrl.org/2003/arcrole/parent-child" xlink:from="AdjustmentsToReconcileProfitLossAbstract" xlink:to="ShareBasedPayments" xlink:title="presentation: AdjustmentsToReconcileProfitLossAbstract to ShareBasedPayments" order="9.0"/>
    <link:loc xlink:type="locator" xlink:href="tifrs-scf-2015-03-31.xsd#tifrs-SCF_EffectOfExchangeRateChangesOfBondsPayable" xlink:label="EffectOfExchangeRateChangesOfBondsPayable" xlink:title="EffectOfExchangeRateChangesOfBondsPayable"/>
    <link:presentationArc xlink:type="arc" xlink:arcrole="http://www.xbrl.org/2003/arcrole/parent-child" xlink:from="AdjustmentsToReconcileProfitLossAbstract" xlink:to="EffectOfExchangeRateChangesOfBondsPayable" xlink:title="presentation: AdjustmentsToReconcileProfitLossAbstract to EffectOfExchangeRateChangesOfBondsPayable" order="10.0"/>
    <link:loc xlink:type="locator" xlink:href="tifrs-scf-2015-03-31.xsd#tifrs-SCF_LossGainOnDisposalOfIntangibleAssets" xlink:label="LossGainOnDisposalOfIntangibleAssets" xlink:title="LossGainOnDisposalOfIntangibleAssets"/>
    <link:presentationArc xlink:type="arc" xlink:arcrole="http://www.xbrl.org/2003/arcrole/parent-child" xlink:from="AdjustmentsToReconcileProfitLossAbstract" xlink:to="LossGainOnDisposalOfIntangibleAssets" xlink:title="presentation: AdjustmentsToReconcileProfitLossAbstract to LossGainOnDisposalOfIntangibleAssets" order="14.0"/>
    <link:loc xlink:type="locator" xlink:href="tifrs-scf-2015-03-31.xsd#tifrs-SCF_LossGainOnDisposalOfInvestmentsAccountedForUsingEquityMethod" xlink:label="LossGainOnDisposalOfInvestmentsAccountedForUsingEquityMethod" xlink:title="LossGainOnDisposalOfInvestmentsAccountedForUsingEquityMethod"/>
    <link:presentationArc xlink:type="arc" xlink:arcrole="http://www.xbrl.org/2003/arcrole/parent-child" xlink:from="AdjustmentsToReconcileProfitLossAbstract" xlink:to="LossGainOnDisposalOfInvestmentsAccountedForUsingEquityMethod" xlink:title="presentation: AdjustmentsToReconcileProfitLossAbstract to LossGainOnDisposalOfInvestmentsAccountedForUsingEquityMethod" order="16.0"/>
    <link:loc xlink:type="locator" xlink:href="tifrs-scf-2015-03-31.xsd#tifrs-SCF_ImpairmentLossOnFinancialAssets" xlink:label="ImpairmentLossOnFinancialAssets" xlink:title="ImpairmentLossOnFinancialAssets"/>
    <link:presentationArc xlink:type="arc" xlink:arcrole="http://www.xbrl.org/2003/arcrole/parent-child" xlink:from="AdjustmentsToReconcileProfitLossAbstract" xlink:to="ImpairmentLossOnFinancialAssets" xlink:title="presentation: AdjustmentsToReconcileProfitLossAbstract to ImpairmentLossOnFinancialAssets" order="17.0"/>
    <link:loc xlink:type="locator" xlink:href="tifrs-scf-2015-03-31.xsd#tifrs-SCF_ReversalOfImpairmentLossOnFinancialAssets" xlink:label="ReversalOfImpairmentLossOnFinancialAssets" xlink:title="ReversalOfImpairmentLossOnFinancialAssets"/>
    <link:presentationArc xlink:type="arc" xlink:arcrole="http://www.xbrl.org/2003/arcrole/parent-child" xlink:from="AdjustmentsToReconcileProfitLossAbstract" xlink:to="ReversalOfImpairmentLossOnFinancialAssets" xlink:title="presentation: AdjustmentsToReconcileProfitLossAbstract to ReversalOfImpairmentLossOnFinancialAssets" order="18.0"/>
    <link:loc xlink:type="locator" xlink:href="tifrs-scf-2015-03-31.xsd#tifrs-SCF_ImpairmentLossOnNonfinancialAssets" xlink:label="ImpairmentLossOnNonfinancialAssets" xlink:title="ImpairmentLossOnNonfinancialAssets"/>
    <link:presentationArc xlink:type="arc" xlink:arcrole="http://www.xbrl.org/2003/arcrole/parent-child" xlink:from="AdjustmentsToReconcileProfitLossAbstract" xlink:to="ImpairmentLossOnNonfinancialAssets" xlink:title="presentation: AdjustmentsToReconcileProfitLossAbstract to ImpairmentLossOnNonfinancialAssets" order="19.0"/>
    <link:loc xlink:type="locator" xlink:href="tifrs-scf-2015-03-31.xsd#tifrs-SCF_ReversalOfImpairmentLossOnNonfinancialAssets" xlink:label="ReversalOfImpairmentLossOnNonfinancialAssets" xlink:title="ReversalOfImpairmentLossOnNonfinancialAssets"/>
    <link:presentationArc xlink:type="arc" xlink:arcrole="http://www.xbrl.org/2003/arcrole/parent-child" xlink:from="AdjustmentsToReconcileProfitLossAbstract" xlink:to="ReversalOfImpairmentLossOnNonfinancialAssets" xlink:title="presentation: AdjustmentsToReconcileProfitLossAbstract to ReversalOfImpairmentLossOnNonfinancialAssets" order="20.0"/>
    <link:loc xlink:type="locator" xlink:href="tifrs-scf-2015-03-31.xsd#tifrs-SCF_UnrealizedForeignExchangeLossGain" xlink:label="UnrealizedForeignExchangeLossGain" xlink:title="UnrealizedForeignExchangeLossGain"/>
    <link:presentationArc xlink:type="arc" xlink:arcrole="http://www.xbrl.org/2003/arcrole/parent-child" xlink:from="AdjustmentsToReconcileProfitLossAbstract" xlink:to="UnrealizedForeignExchangeLossGain" xlink:title="presentation: AdjustmentsToReconcileProfitLossAbstract to UnrealizedForeignExchangeLossGain" order="21.0"/>
    <link:loc xlink:type="locator" xlink:href="tifrs-scf-2015-03-31.xsd#tifrs-SCF_LossGainOnBondRedemption" xlink:label="LossGainOnBondRedemption" xlink:title="LossGainOnBondRedemption"/>
    <link:presentationArc xlink:type="arc" xlink:arcrole="http://www.xbrl.org/2003/arcrole/parent-child" xlink:from="AdjustmentsToReconcileProfitLossAbstract" xlink:to="LossGainOnBondRedemption" xlink:title="presentation: AdjustmentsToReconcileProfitLossAbstract to LossGainOnBondRedemption" order="22.0"/>
    <link:loc xlink:type="locator" xlink:href="tifrs-scf-2015-03-31.xsd#tifrs-SCF_OtherRevenueOverdueDividendsAndCompensationOfBoardAndDirectors" xlink:label="OtherRevenueOverdueDividendsAndCompensationOfBoardAndDirectors" xlink:title="OtherRevenueOverdueDividendsAndCompensationOfBoardAndDirectors"/>
    <link:presentationArc xlink:type="arc" xlink:arcrole="http://www.xbrl.org/2003/arcrole/parent-child" xlink:from="AdjustmentsToReconcileProfitLossAbstract" xlink:to="OtherRevenueOverdueDividendsAndCompensationOfBoardAndDirectors" xlink:title="presentation: AdjustmentsToReconcileProfitLossAbstract to OtherRevenueOverdueDividendsAndCompensationOfBoardAndDirectors" order="23.0"/>
    <link:loc xlink:type="locator" xlink:href="../ifrs_20100430/ifrs-cor_2010-04-30.xsd#ifrs_OtherAdjustmentsToReconcileProfitLoss" xlink:label="OtherAdjustmentsToReconcileProfitLoss" xlink:title="OtherAdjustmentsToReconcileProfitLoss"/>
    <link:presentationArc xlink:type="arc" xlink:arcrole="http://www.xbrl.org/2003/arcrole/parent-child" xlink:from="AdjustmentsToReconcileProfitLossAbstract" xlink:to="OtherAdjustmentsToReconcileProfitLoss" xlink:title="presentation: AdjustmentsToReconcileProfitLossAbstract to OtherAdjustmentsToReconcileProfitLoss" order="25.0"/>
    <link:loc xlink:type="locator" xlink:href="tifrs-scf-2015-03-31.xsd#tifrs-SCF_AdjustmentsToReconcileProfitLoss" xlink:label="AdjustmentsToReconcileProfitLoss" xlink:title="AdjustmentsToReconcileProfitLoss"/>
    <link:presentationArc xlink:type="arc" xlink:arcrole="http://www.xbrl.org/2003/arcrole/parent-child" xlink:from="AdjustmentsToReconcileProfitLossAbstract" xlink:to="AdjustmentsToReconcileProfitLoss" xlink:title="presentation: AdjustmentsToReconcileProfitLossAbstract to AdjustmentsToReconcileProfitLoss" order="26.0" preferredLabel="http://www.xbrl.org/2003/role/totalLabel"/>
    <link:loc xlink:type="locator" xlink:href="tifrs-scf-2015-03-31.xsd#tifrs-SCF_LossGainOnFairValueAdjustmentOfInvestmentProperty" xlink:label="LossGainOnFairValueAdjustmentOfInvestmentProperty" xlink:title="LossGainOnFairValueAdjustmentOfInvestmentProperty"/>
    <link:presentationArc xlink:type="arc" xlink:arcrole="http://www.xbrl.org/2003/arcrole/parent-child" xlink:from="AdjustmentsToReconcileProfitLossAbstract" xlink:to="LossGainOnFairValueAdjustmentOfInvestmentProperty" xlink:title="presentation: AdjustmentsToReconcileProfitLossAbstract to LossGainOnFairValueAdjustmentOfInvestmentProperty" order="24.0"/>
    <link:loc xlink:type="locator" xlink:href="tifrs-scf-2015-03-31.xsd#tifrs-SCF_ChangesInOperatingAssetsAndLiabilitiesAbstract" xlink:label="ChangesInOperatingAssetsAndLiabilitiesAbstract" xlink:title="ChangesInOperatingAssetsAndLiabilitiesAbstract"/>
    <link:presentationArc xlink:type="arc" xlink:arcrole="http://www.xbrl.org/2003/arcrole/parent-child" xlink:from="AdjustmentsAbstract" xlink:to="ChangesInOperatingAssetsAndLiabilitiesAbstract" xlink:title="presentation: AdjustmentsAbstract to ChangesInOperatingAssetsAndLiabilitiesAbstract" order="2.0"/>
    <link:loc xlink:type="locator" xlink:href="tifrs-scf-2015-03-31.xsd#tifrs-SCF_ChangesInOperatingAssetsAbstract" xlink:label="ChangesInOperatingAssetsAbstract" xlink:title="ChangesInOperatingAssetsAbstract"/>
    <link:presentationArc xlink:type="arc" xlink:arcrole="http://www.xbrl.org/2003/arcrole/parent-child" xlink:from="ChangesInOperatingAssetsAndLiabilitiesAbstract" xlink:to="ChangesInOperatingAssetsAbstract" xlink:title="presentation: ChangesInOperatingAssetsAndLiabilitiesAbstract to ChangesInOperatingAssetsAbstract" order="1.0"/>
    <link:loc xlink:type="locator" xlink:href="tifrs-scf-2015-03-31.xsd#tifrs-SCF_ChangesInOperatingAssets" xlink:label="ChangesInOperatingAssets" xlink:title="ChangesInOperatingAssets"/>
    <link:presentationArc xlink:type="arc" xlink:arcrole="http://www.xbrl.org/2003/arcrole/parent-child" xlink:from="ChangesInOperatingAssetsAbstract" xlink:to="ChangesInOperatingAssets" xlink:title="presentation: ChangesInOperatingAssetsAbstract to ChangesInOperatingAssets" order="26.0" preferredLabel="http://www.xbrl.org/2003/role/totalLabel"/>
    <link:loc xlink:type="locator" xlink:href="tifrs-scf-2015-03-31.xsd#tifrs-SCF_ChangesInOperatingLiabilitiesAbstract" xlink:label="ChangesInOperatingLiabilitiesAbstract" xlink:title="ChangesInOperatingLiabilitiesAbstract"/>
    <link:presentationArc xlink:type="arc" xlink:arcrole="http://www.xbrl.org/2003/arcrole/parent-child" xlink:from="ChangesInOperatingAssetsAndLiabilitiesAbstract" xlink:to="ChangesInOperatingLiabilitiesAbstract" xlink:title="presentation: ChangesInOperatingAssetsAndLiabilitiesAbstract to ChangesInOperatingLiabilitiesAbstract" order="2.0"/>
    <link:loc xlink:type="locator" xlink:href="tifrs-scf-2015-03-31.xsd#tifrs-SCF_ChangesInOperatingLiabilities" xlink:label="ChangesInOperatingLiabilities" xlink:title="ChangesInOperatingLiabilities"/>
    <link:presentationArc xlink:type="arc" xlink:arcrole="http://www.xbrl.org/2003/arcrole/parent-child" xlink:from="ChangesInOperatingLiabilitiesAbstract" xlink:to="ChangesInOperatingLiabilities" xlink:title="presentation: ChangesInOperatingLiabilitiesAbstract to ChangesInOperatingLiabilities" order="26.0" preferredLabel="http://www.xbrl.org/2003/role/totalLabel"/>
    <link:loc xlink:type="locator" xlink:href="tifrs-scf-2015-03-31.xsd#tifrs-SCF_ChangesInOperatingAssetsAndLiabilities" xlink:label="ChangesInOperatingAssetsAndLiabilities" xlink:title="ChangesInOperatingAssetsAndLiabilities"/>
    <link:presentationArc xlink:type="arc" xlink:arcrole="http://www.xbrl.org/2003/arcrole/parent-child" xlink:from="ChangesInOperatingAssetsAndLiabilitiesAbstract" xlink:to="ChangesInOperatingAssetsAndLiabilities" xlink:title="presentation: ChangesInOperatingAssetsAndLiabilitiesAbstract to ChangesInOperatingAssetsAndLiabilities" order="3.0" preferredLabel="http://www.xbrl.org/2003/role/totalLabel"/>
    <link:loc xlink:type="locator" xlink:href="tifrs-scf-2015-03-31.xsd#tifrs-SCF_Adjustments" xlink:label="Adjustments" xlink:title="Adjustments"/>
    <link:presentationArc xlink:type="arc" xlink:arcrole="http://www.xbrl.org/2003/arcrole/parent-child" xlink:from="AdjustmentsAbstract" xlink:to="Adjustments" xlink:title="presentation: AdjustmentsAbstract to Adjustments" order="3.0" preferredLabel="http://www.xbrl.org/2003/role/totalLabel"/>
    <link:loc xlink:type="locator" xlink:href="tifrs-scf-2015-03-31.xsd#tifrs-SCF_CashInflowOutflowGeneratedFromOperations" xlink:label="CashInflowOutflowGeneratedFromOperations" xlink:title="CashInflowOutflowGeneratedFromOperations"/>
    <link:presentationArc xlink:type="arc" xlink:arcrole="http://www.xbrl.org/2003/arcrole/parent-child" xlink:from="CashFlowsFromUsedInOperatingActivitiesAbstract" xlink:to="CashInflowOutflowGeneratedFromOperations" xlink:title="presentation: CashFlowsFromUsedInOperatingActivitiesAbstract to CashInflowOutflowGeneratedFromOperations" use="optional" order="5.0" preferredLabel="http://www.xbrl.org/2003/role/label"/>
    <link:loc xlink:type="locator" xlink:href="../ifrs_20100430/ifrs-cor_2010-04-30.xsd#ifrs_InterestReceivedClassifiedAsOperatingActivities" xlink:label="InterestReceivedClassifiedAsOperatingActivities" xlink:title="InterestReceivedClassifiedAsOperatingActivities"/>
    <link:presentationArc xlink:type="arc" xlink:arcrole="http://www.xbrl.org/2003/arcrole/parent-child" xlink:from="CashFlowsFromUsedInOperatingActivitiesAbstract" xlink:to="InterestReceivedClassifiedAsOperatingActivities" xlink:title="presentation: CashFlowsFromUsedInOperatingActivitiesAbstract to InterestReceivedClassifiedAsOperatingActivities" use="optional" order="6.0"/>
    <link:loc xlink:type="locator" xlink:href="../ifrs_20100430/ifrs-cor_2010-04-30.xsd#ifrs_DividendsReceivedClassifiedAsOperatingActivities" xlink:label="DividendsReceivedClassifiedAsOperatingActivities" xlink:title="DividendsReceivedClassifiedAsOperatingActivities"/>
    <link:presentationArc xlink:type="arc" xlink:arcrole="http://www.xbrl.org/2003/arcrole/parent-child" xlink:from="CashFlowsFromUsedInOperatingActivitiesAbstract" xlink:to="DividendsReceivedClassifiedAsOperatingActivities" xlink:title="presentation: CashFlowsFromUsedInOperatingActivitiesAbstract to DividendsReceivedClassifiedAsOperatingActivities" use="optional" order="7.0"/>
    <link:loc xlink:type="locator" xlink:href="../ifrs_20100430/ifrs-cor_2010-04-30.xsd#ifrs_InterestPaidClassifiedAsOperatingActivities" xlink:label="InterestPaidClassifiedAsOperatingActivities" xlink:title="InterestPaidClassifiedAsOperatingActivities"/>
    <link:presentationArc xlink:type="arc" xlink:arcrole="http://www.xbrl.org/2003/arcrole/parent-child" xlink:from="CashFlowsFromUsedInOperatingActivitiesAbstract" xlink:to="InterestPaidClassifiedAsOperatingActivities" xlink:title="presentation: CashFlowsFromUsedInOperatingActivitiesAbstract to InterestPaidClassifiedAsOperatingActivities" use="optional" order="8.0"/>
    <link:loc xlink:type="locator" xlink:href="../ifrs_20100430/ifrs-cor_2010-04-30.xsd#ifrs_DividendsPaidClassifiedAsOperatingActivities" xlink:label="DividendsPaidClassifiedAsOperatingActivities" xlink:title="DividendsPaidClassifiedAsOperatingActivities"/>
    <link:presentationArc xlink:type="arc" xlink:arcrole="http://www.xbrl.org/2003/arcrole/parent-child" xlink:from="CashFlowsFromUsedInOperatingActivitiesAbstract" xlink:to="DividendsPaidClassifiedAsOperatingActivities" xlink:title="presentation: CashFlowsFromUsedInOperatingActivitiesAbstract to DividendsPaidClassifiedAsOperatingActivities" use="optional" order="9.0"/>
    <link:loc xlink:type="locator" xlink:href="../ifrs_20100430/ifrs-cor_2010-04-30.xsd#ifrs_IncomeTaxesPaidRefundClassifiedAsOperatingActivities" xlink:label="IncomeTaxesPaidRefundClassifiedAsOperatingActivities" xlink:title="IncomeTaxesPaidRefundClassifiedAsOperatingActivities"/>
    <link:presentationArc xlink:type="arc" xlink:arcrole="http://www.xbrl.org/2003/arcrole/parent-child" xlink:from="CashFlowsFromUsedInOperatingActivitiesAbstract" xlink:to="IncomeTaxesPaidRefundClassifiedAsOperatingActivities" xlink:title="presentation: CashFlowsFromUsedInOperatingActivitiesAbstract to IncomeTaxesPaidRefundClassifiedAsOperatingActivities" use="optional" order="10.0"/>
    <link:loc xlink:type="locator" xlink:href="tifrs-scf-2015-03-31.xsd#tifrs-SCF_ProfitLossBeforeTax" xlink:label="ProfitLossBeforeTax_2" xlink:title="ProfitLossBeforeTax"/>
    <link:presentationArc xlink:type="arc" xlink:arcrole="http://www.xbrl.org/2003/arcrole/parent-child" xlink:from="CashFlowsFromUsedInOperatingActivitiesAbstract" xlink:to="ProfitLossBeforeTax_2" xlink:title="presentation: CashFlowsFromUsedInOperatingActivitiesAbstract to ProfitLossBeforeTax" order="3.0"/>
    <link:loc xlink:type="locator" xlink:href="../ifrs_20100430/ifrs-cor_2010-04-30.xsd#ifrs_ProfitLossBeforeTax" xlink:label="ProfitLossBeforeTax" xlink:title="ProfitLossBeforeTax"/>
    <link:presentationArc xlink:type="arc" xlink:arcrole="http://www.xbrl.org/2003/arcrole/parent-child" xlink:from="CashFlowsFromUsedInOperatingActivitiesAbstract" xlink:to="ProfitLossBeforeTax" xlink:title="presentation: CashFlowsFromUsedInOperatingActivitiesAbstract to ProfitLossBeforeTax" order="1.0"/>
    <link:loc xlink:type="locator" xlink:href="tifrs-scf-2015-03-31.xsd#tifrs-SCF_CashFlowsFromUsedInOperatingActivitiesDirectMethodAbstract" xlink:label="CashFlowsFromUsedInOperatingActivitiesDirectMethodAbstract" xlink:title="CashFlowsFromUsedInOperatingActivitiesDirectMethodAbstract"/>
    <link:presentationArc xlink:type="arc" xlink:arcrole="http://www.xbrl.org/2003/arcrole/parent-child" xlink:from="StatementOfCashFlowsAbstract" xlink:to="CashFlowsFromUsedInOperatingActivitiesDirectMethodAbstract" xlink:title="presentation: StatementOfCashFlowsAbstract to CashFlowsFromUsedInOperatingActivitiesDirectMethodAbstract" order="2.0"/>
    <link:loc xlink:type="locator" xlink:href="../ifrs_20100430/ifrs-cor_2010-04-30.xsd#ifrs_ClassesOfCashReceiptsFromOperatingActivitiesAbstract" xlink:label="ClassesOfCashReceiptsFromOperatingActivitiesAbstract" xlink:title="ClassesOfCashReceiptsFromOperatingActivitiesAbstract"/>
    <link:presentationArc xlink:type="arc" xlink:arcrole="http://www.xbrl.org/2003/arcrole/parent-child" xlink:from="CashFlowsFromUsedInOperatingActivitiesDirectMethodAbstract" xlink:to="ClassesOfCashReceiptsFromOperatingActivitiesAbstract" xlink:title="presentation: CashFlowsFromUsedInOperatingActivitiesDirectMethodAbstract to ClassesOfCashReceiptsFromOperatingActivitiesAbstract" order="1.0"/>
    <link:loc xlink:type="locator" xlink:href="../ifrs_20100430/ifrs-cor_2010-04-30.xsd#ifrs_ReceiptsFromSalesOfGoodsAndRenderingOfServices" xlink:label="ReceiptsFromSalesOfGoodsAndRenderingOfServices" xlink:title="ReceiptsFromSalesOfGoodsAndRenderingOfServices"/>
    <link:presentationArc xlink:type="arc" xlink:arcrole="http://www.xbrl.org/2003/arcrole/parent-child" xlink:from="ClassesOfCashReceiptsFromOperatingActivitiesAbstract" xlink:to="ReceiptsFromSalesOfGoodsAndRenderingOfServices" xlink:title="presentation: ClassesOfCashReceiptsFromOperatingActivitiesAbstract to ReceiptsFromSalesOfGoodsAndRenderingOfServices" order="1.0"/>
    <link:loc xlink:type="locator" xlink:href="../ifrs_20100430/ifrs-cor_2010-04-30.xsd#ifrs_ReceiptsFromRoyaltiesFeesCommissionsAndOtherRevenue" xlink:label="ReceiptsFromRoyaltiesFeesCommissionsAndOtherRevenue" xlink:title="ReceiptsFromRoyaltiesFeesCommissionsAndOtherRevenue"/>
    <link:presentationArc xlink:type="arc" xlink:arcrole="http://www.xbrl.org/2003/arcrole/parent-child" xlink:from="ClassesOfCashReceiptsFromOperatingActivitiesAbstract" xlink:to="ReceiptsFromRoyaltiesFeesCommissionsAndOtherRevenue" xlink:title="presentation: ClassesOfCashReceiptsFromOperatingActivitiesAbstract to ReceiptsFromRoyaltiesFeesCommissionsAndOtherRevenue" order="2.0"/>
    <link:loc xlink:type="locator" xlink:href="../ifrs_20100430/ifrs-cor_2010-04-30.xsd#ifrs_ReceiptsFromContractsHeldForDealingOrTradingPurpose" xlink:label="ReceiptsFromContractsHeldForDealingOrTradingPurpose" xlink:title="ReceiptsFromContractsHeldForDealingOrTradingPurpose"/>
    <link:presentationArc xlink:type="arc" xlink:arcrole="http://www.xbrl.org/2003/arcrole/parent-child" xlink:from="ClassesOfCashReceiptsFromOperatingActivitiesAbstract" xlink:to="ReceiptsFromContractsHeldForDealingOrTradingPurpose" xlink:title="presentation: ClassesOfCashReceiptsFromOperatingActivitiesAbstract to ReceiptsFromContractsHeldForDealingOrTradingPurpose" order="3.0"/>
    <link:loc xlink:type="locator" xlink:href="../ifrs_20100430/ifrs-cor_2010-04-30.xsd#ifrs_ReceiptsFromRentsAndSubsequentSalesOfSuchAssets" xlink:label="ReceiptsFromRentsAndSubsequentSalesOfSuchAssets" xlink:title="ReceiptsFromRentsAndSubsequentSalesOfSuchAssets"/>
    <link:presentationArc xlink:type="arc" xlink:arcrole="http://www.xbrl.org/2003/arcrole/parent-child" xlink:from="ClassesOfCashReceiptsFromOperatingActivitiesAbstract" xlink:to="ReceiptsFromRentsAndSubsequentSalesOfSuchAssets" xlink:title="presentation: ClassesOfCashReceiptsFromOperatingActivitiesAbstract to ReceiptsFromRentsAndSubsequentSalesOfSuchAssets" order="4.0"/>
    <link:loc xlink:type="locator" xlink:href="../ifrs_20100430/ifrs-cor_2010-04-30.xsd#ifrs_OtherCashReceiptsFromOperatingActivities" xlink:label="OtherCashReceiptsFromOperatingActivities" xlink:title="OtherCashReceiptsFromOperatingActivities"/>
    <link:presentationArc xlink:type="arc" xlink:arcrole="http://www.xbrl.org/2003/arcrole/parent-child" xlink:from="ClassesOfCashReceiptsFromOperatingActivitiesAbstract" xlink:to="OtherCashReceiptsFromOperatingActivities" xlink:title="presentation: ClassesOfCashReceiptsFromOperatingActivitiesAbstract to OtherCashReceiptsFromOperatingActivities" order="5.0"/>
    <link:loc xlink:type="locator" xlink:href="tifrs-scf-2015-03-31.xsd#tifrs-SCF_ClassesOfCashReceiptsFromOperatingActivities" xlink:label="ClassesOfCashReceiptsFromOperatingActivities" xlink:title="ClassesOfCashReceiptsFromOperatingActivities"/>
    <link:presentationArc xlink:type="arc" xlink:arcrole="http://www.xbrl.org/2003/arcrole/parent-child" xlink:from="ClassesOfCashReceiptsFromOperatingActivitiesAbstract" xlink:to="ClassesOfCashReceiptsFromOperatingActivities" xlink:title="presentation: ClassesOfCashReceiptsFromOperatingActivitiesAbstract to ClassesOfCashReceiptsFromOperatingActivities" order="7.0" preferredLabel="http://www.xbrl.org/2003/role/totalLabel"/>
    <link:loc xlink:type="locator" xlink:href="tifrs-scf-2015-03-31.xsd#tifrs-SCF_ClassesOfCashPaymentsFromOperatingActivitiesAbstract" xlink:label="ClassesOfCashPaymentsFromOperatingActivitiesAbstract" xlink:title="ClassesOfCashPaymentsFromOperatingActivitiesAbstract"/>
    <link:presentationArc xlink:type="arc" xlink:arcrole="http://www.xbrl.org/2003/arcrole/parent-child" xlink:from="CashFlowsFromUsedInOperatingActivitiesDirectMethodAbstract" xlink:to="ClassesOfCashPaymentsFromOperatingActivitiesAbstract" xlink:title="presentation: CashFlowsFromUsedInOperatingActivitiesDirectMethodAbstract to ClassesOfCashPaymentsFromOperatingActivitiesAbstract" order="2.0"/>
    <link:loc xlink:type="locator" xlink:href="../ifrs_20100430/ifrs-cor_2010-04-30.xsd#ifrs_PaymentsToSuppliersForGoodsAndServices" xlink:label="PaymentsToSuppliersForGoodsAndServices" xlink:title="PaymentsToSuppliersForGoodsAndServices"/>
    <link:presentationArc xlink:type="arc" xlink:arcrole="http://www.xbrl.org/2003/arcrole/parent-child" xlink:from="ClassesOfCashPaymentsFromOperatingActivitiesAbstract" xlink:to="PaymentsToSuppliersForGoodsAndServices" xlink:title="presentation: ClassesOfCashPaymentsFromOperatingActivitiesAbstract to PaymentsToSuppliersForGoodsAndServices" order="1.0"/>
    <link:loc xlink:type="locator" xlink:href="../ifrs_20100430/ifrs-cor_2010-04-30.xsd#ifrs_PaymentsFromContractsHeldForDealingOrTradingPurpose" xlink:label="PaymentsFromContractsHeldForDealingOrTradingPurpose" xlink:title="PaymentsFromContractsHeldForDealingOrTradingPurpose"/>
    <link:presentationArc xlink:type="arc" xlink:arcrole="http://www.xbrl.org/2003/arcrole/parent-child" xlink:from="ClassesOfCashPaymentsFromOperatingActivitiesAbstract" xlink:to="PaymentsFromContractsHeldForDealingOrTradingPurpose" xlink:title="presentation: ClassesOfCashPaymentsFromOperatingActivitiesAbstract to PaymentsFromContractsHeldForDealingOrTradingPurpose" order="2.0"/>
    <link:loc xlink:type="locator" xlink:href="../ifrs_20100430/ifrs-cor_2010-04-30.xsd#ifrs_PaymentsToAndOnBehalfOfEmployees" xlink:label="PaymentsToAndOnBehalfOfEmployees" xlink:title="PaymentsToAndOnBehalfOfEmployees"/>
    <link:presentationArc xlink:type="arc" xlink:arcrole="http://www.xbrl.org/2003/arcrole/parent-child" xlink:from="ClassesOfCashPaymentsFromOperatingActivitiesAbstract" xlink:to="PaymentsToAndOnBehalfOfEmployees" xlink:title="presentation: ClassesOfCashPaymentsFromOperatingActivitiesAbstract to PaymentsToAndOnBehalfOfEmployees" order="3.0"/>
    <link:loc xlink:type="locator" xlink:href="../ifrs_20100430/ifrs-cor_2010-04-30.xsd#ifrs_OtherCashPaymentsFromOperatingActivities" xlink:label="OtherCashPaymentsFromOperatingActivities" xlink:title="OtherCashPaymentsFromOperatingActivities"/>
    <link:presentationArc xlink:type="arc" xlink:arcrole="http://www.xbrl.org/2003/arcrole/parent-child" xlink:from="ClassesOfCashPaymentsFromOperatingActivitiesAbstract" xlink:to="OtherCashPaymentsFromOperatingActivities" xlink:title="presentation: ClassesOfCashPaymentsFromOperatingActivitiesAbstract to OtherCashPaymentsFromOperatingActivities" order="4.0"/>
    <link:loc xlink:type="locator" xlink:href="tifrs-scf-2015-03-31.xsd#tifrs-SCF_ClassesOfCashPaymentsFromOperatingActivities" xlink:label="ClassesOfCashPaymentsFromOperatingActivities" xlink:title="ClassesOfCashPaymentsFromOperatingActivities"/>
    <link:presentationArc xlink:type="arc" xlink:arcrole="http://www.xbrl.org/2003/arcrole/parent-child" xlink:from="ClassesOfCashPaymentsFromOperatingActivitiesAbstract" xlink:to="ClassesOfCashPaymentsFromOperatingActivities" xlink:title="presentation: ClassesOfCashPaymentsFromOperatingActivitiesAbstract to ClassesOfCashPaymentsFromOperatingActivities" order="6.0" preferredLabel="http://www.xbrl.org/2003/role/totalLabel"/>
    <link:loc xlink:type="locator" xlink:href="tifrs-scf-2015-03-31.xsd#tifrs-SCF_DividendsPaid-CashFlowsFromUsedInOperatingActivitiesDirectMethod" xlink:label="DividendsPaid-CashFlowsFromUsedInOperatingActivitiesDirectMethod" xlink:title="DividendsPaid-CashFlowsFromUsedInOperatingActivitiesDirectMethod"/>
    <link:presentationArc xlink:type="arc" xlink:arcrole="http://www.xbrl.org/2003/arcrole/parent-child" xlink:from="CashFlowsFromUsedInOperatingActivitiesDirectMethodAbstract" xlink:to="DividendsPaid-CashFlowsFromUsedInOperatingActivitiesDirectMethod" xlink:title="presentation: CashFlowsFromUsedInOperatingActivitiesDirectMethodAbstract to DividendsPaid-CashFlowsFromUsedInOperatingActivitiesDirectMethod" order="3.0"/>
    <link:loc xlink:type="locator" xlink:href="tifrs-scf-2015-03-31.xsd#tifrs-SCF_DividendsReceived-CashFlowsFromUsedInOperatingActivitiesDirectMethod" xlink:label="DividendsReceived-CashFlowsFromUsedInOperatingActivitiesDirectMethod" xlink:title="DividendsReceived-CashFlowsFromUsedInOperatingActivitiesDirectMethod"/>
    <link:presentationArc xlink:type="arc" xlink:arcrole="http://www.xbrl.org/2003/arcrole/parent-child" xlink:from="CashFlowsFromUsedInOperatingActivitiesDirectMethodAbstract" xlink:to="DividendsReceived-CashFlowsFromUsedInOperatingActivitiesDirectMethod" xlink:title="presentation: CashFlowsFromUsedInOperatingActivitiesDirectMethodAbstract to DividendsReceived-CashFlowsFromUsedInOperatingActivitiesDirectMethod" order="4.0"/>
    <link:loc xlink:type="locator" xlink:href="tifrs-scf-2015-03-31.xsd#tifrs-SCF_InterestPaid-CashFlowsFromUsedInOperatingActivitiesDirectMethod" xlink:label="InterestPaid-CashFlowsFromUsedInOperatingActivitiesDirectMethod" xlink:title="InterestPaid-CashFlowsFromUsedInOperatingActivitiesDirectMethod"/>
    <link:presentationArc xlink:type="arc" xlink:arcrole="http://www.xbrl.org/2003/arcrole/parent-child" xlink:from="CashFlowsFromUsedInOperatingActivitiesDirectMethodAbstract" xlink:to="InterestPaid-CashFlowsFromUsedInOperatingActivitiesDirectMethod" xlink:title="presentation: CashFlowsFromUsedInOperatingActivitiesDirectMethodAbstract to InterestPaid-CashFlowsFromUsedInOperatingActivitiesDirectMethod" order="5.0"/>
    <link:loc xlink:type="locator" xlink:href="tifrs-scf-2015-03-31.xsd#tifrs-SCF_InterestReceived-CashFlowsFromUsedInOperatingActivitiesDirectMethod" xlink:label="InterestReceived-CashFlowsFromUsedInOperatingActivitiesDirectMethod" xlink:title="InterestReceived-CashFlowsFromUsedInOperatingActivitiesDirectMethod"/>
    <link:presentationArc xlink:type="arc" xlink:arcrole="http://www.xbrl.org/2003/arcrole/parent-child" xlink:from="CashFlowsFromUsedInOperatingActivitiesDirectMethodAbstract" xlink:to="InterestReceived-CashFlowsFromUsedInOperatingActivitiesDirectMethod" xlink:title="presentation: CashFlowsFromUsedInOperatingActivitiesDirectMethodAbstract to InterestReceived-CashFlowsFromUsedInOperatingActivitiesDirectMethod" order="6.0"/>
    <link:loc xlink:type="locator" xlink:href="tifrs-scf-2015-03-31.xsd#tifrs-SCF_IncomeTaxesRefundPaid-CashFlowsFromUsedInOperatingActivitiesDirectMethod" xlink:label="IncomeTaxesRefundPaid-CashFlowsFromUsedInOperatingActivitiesDirectMethod" xlink:title="IncomeTaxesRefundPaid-CashFlowsFromUsedInOperatingActivitiesDirectMethod"/>
    <link:presentationArc xlink:type="arc" xlink:arcrole="http://www.xbrl.org/2003/arcrole/parent-child" xlink:from="CashFlowsFromUsedInOperatingActivitiesDirectMethodAbstract" xlink:to="IncomeTaxesRefundPaid-CashFlowsFromUsedInOperatingActivitiesDirectMethod" xlink:title="presentation: CashFlowsFromUsedInOperatingActivitiesDirectMethodAbstract to IncomeTaxesRefundPaid-CashFlowsFromUsedInOperatingActivitiesDirectMethod" order="7.0"/>
    <link:loc xlink:type="locator" xlink:href="tifrs-scf-2015-03-31.xsd#tifrs-SCF_OtherInflowsOutflowsOfCash" xlink:label="OtherInflowsOutflowsOfCash" xlink:title="OtherInflowsOutflowsOfCash"/>
    <link:presentationArc xlink:type="arc" xlink:arcrole="http://www.xbrl.org/2003/arcrole/parent-child" xlink:from="CashFlowsFromUsedInOperatingActivitiesDirectMethodAbstract" xlink:to="OtherInflowsOutflowsOfCash" xlink:title="presentation: CashFlowsFromUsedInOperatingActivitiesDirectMethodAbstract to OtherInflowsOutflowsOfCash" order="8.0"/>
    <link:loc xlink:type="locator" xlink:href="../ifrs_20100430/ifrs-cor_2010-04-30.xsd#ifrs_CashFlowsFromUsedInOperatingActivities" xlink:label="CashFlowsFromUsedInOperatingActivities" xlink:title="CashFlowsFromUsedInOperatingActivities"/>
    <link:presentationArc xlink:type="arc" xlink:arcrole="http://www.xbrl.org/2003/arcrole/parent-child" xlink:from="StatementOfCashFlowsAbstract" xlink:to="CashFlowsFromUsedInOperatingActivities" xlink:title="presentation: StatementOfCashFlowsAbstract to CashFlowsFromUsedInOperatingActivities" order="3.0"/>
    <link:loc xlink:type="locator" xlink:href="../ifrs_20100430/ifrs-cor_2010-04-30.xsd#ifrs_CashFlowsFromUsedInInvestingActivitiesAbstract" xlink:label="CashFlowsFromUsedInInvestingActivitiesAbstract" xlink:title="CashFlowsFromUsedInInvestingActivitiesAbstract"/>
    <link:presentationArc xlink:type="arc" xlink:arcrole="http://www.xbrl.org/2003/arcrole/parent-child" xlink:from="StatementOfCashFlowsAbstract" xlink:to="CashFlowsFromUsedInInvestingActivitiesAbstract" xlink:title="presentation: StatementOfCashFlowsAbstract to CashFlowsFromUsedInInvestingActivitiesAbstract" order="4.0"/>
    <link:loc xlink:type="locator" xlink:href="tifrs-scf-2015-03-31.xsd#tifrs-SCF_AcquisitionOfAvailableForSaleFinancialAssets" xlink:label="AcquisitionOfAvailableForSaleFinancialAssets" xlink:title="AcquisitionOfAvailableForSaleFinancialAssets"/>
    <link:presentationArc xlink:type="arc" xlink:arcrole="http://www.xbrl.org/2003/arcrole/parent-child" xlink:from="CashFlowsFromUsedInInvestingActivitiesAbstract" xlink:to="AcquisitionOfAvailableForSaleFinancialAssets" xlink:title="presentation: CashFlowsFromUsedInInvestingActivitiesAbstract to AcquisitionOfAvailableForSaleFinancialAssets" order="1.0"/>
    <link:loc xlink:type="locator" xlink:href="tifrs-scf-2015-03-31.xsd#tifrs-SCF_ProceedsFromDisposalOfAvailableForSaleFinancialAssets" xlink:label="ProceedsFromDisposalOfAvailableForSaleFinancialAssets" xlink:title="ProceedsFromDisposalOfAvailableForSaleFinancialAssets"/>
    <link:presentationArc xlink:type="arc" xlink:arcrole="http://www.xbrl.org/2003/arcrole/parent-child" xlink:from="CashFlowsFromUsedInInvestingActivitiesAbstract" xlink:to="ProceedsFromDisposalOfAvailableForSaleFinancialAssets" xlink:title="presentation: CashFlowsFromUsedInInvestingActivitiesAbstract to ProceedsFromDisposalOfAvailableForSaleFinancialAssets" order="2.0"/>
    <link:loc xlink:type="locator" xlink:href="tifrs-scf-2015-03-31.xsd#tifrs-SCF_ProceedsFromCapitalReductionOfAvailableForSaleFinancialAssets" xlink:label="ProceedsFromCapitalReductionOfAvailableForSaleFinancialAssets" xlink:title="ProceedsFromCapitalReductionOfAvailableForSaleFinancialAssets"/>
    <link:presentationArc xlink:type="arc" xlink:arcrole="http://www.xbrl.org/2003/arcrole/parent-child" xlink:from="CashFlowsFromUsedInInvestingActivitiesAbstract" xlink:to="ProceedsFromCapitalReductionOfAvailableForSaleFinancialAssets" xlink:title="presentation: CashFlowsFromUsedInInvestingActivitiesAbstract to ProceedsFromCapitalReductionOfAvailableForSaleFinancialAssets" order="3.0"/>
    <link:loc xlink:type="locator" xlink:href="tifrs-scf-2015-03-31.xsd#tifrs-SCF_AcquisitionOfBondInvestmentsWithoutActiveMarket" xlink:label="AcquisitionOfBondInvestmentsWithoutActiveMarket" xlink:title="AcquisitionOfBondInvestmentsWithoutActiveMarket"/>
    <link:presentationArc xlink:type="arc" xlink:arcrole="http://www.xbrl.org/2003/arcrole/parent-child" xlink:from="CashFlowsFromUsedInInvestingActivitiesAbstract" xlink:to="AcquisitionOfBondInvestmentsWithoutActiveMarket" xlink:title="presentation: CashFlowsFromUsedInInvestingActivitiesAbstract to AcquisitionOfBondInvestmentsWithoutActiveMarket" order="4.0"/>
    <link:loc xlink:type="locator" xlink:href="tifrs-scf-2015-03-31.xsd#tifrs-SCF_ProceedsFromDisposalOfBondInvestmentsWithoutActiveMarket" xlink:label="ProceedsFromDisposalOfBondInvestmentsWithoutActiveMarket" xlink:title="ProceedsFromDisposalOfBondInvestmentsWithoutActiveMarket"/>
    <link:presentationArc xlink:type="arc" xlink:arcrole="http://www.xbrl.org/2003/arcrole/parent-child" xlink:from="CashFlowsFromUsedInInvestingActivitiesAbstract" xlink:to="ProceedsFromDisposalOfBondInvestmentsWithoutActiveMarket" xlink:title="presentation: CashFlowsFromUsedInInvestingActivitiesAbstract to ProceedsFromDisposalOfBondInvestmentsWithoutActiveMarket" order="5.0"/>
    <link:loc xlink:type="locator" xlink:href="tifrs-scf-2015-03-31.xsd#tifrs-SCF_ProceedsFromRepaymentsOfBondInvestmentWithoutActiveMarket" xlink:label="ProceedsFromRepaymentsOfBondInvestmentWithoutActiveMarket" xlink:title="ProceedsFromRepaymentsOfBondInvestmentWithoutActiveMarket"/>
    <link:presentationArc xlink:type="arc" xlink:arcrole="http://www.xbrl.org/2003/arcrole/parent-child" xlink:from="CashFlowsFromUsedInInvestingActivitiesAbstract" xlink:to="ProceedsFromRepaymentsOfBondInvestmentWithoutActiveMarket" xlink:title="presentation: CashFlowsFromUsedInInvestingActivitiesAbstract to ProceedsFromRepaymentsOfBondInvestmentWithoutActiveMarket" order="6.0"/>
    <link:loc xlink:type="locator" xlink:href="tifrs-scf-2015-03-31.xsd#tifrs-SCF_AcquisitionOfHeldToMaturityFinancialAssets" xlink:label="AcquisitionOfHeldToMaturityFinancialAssets" xlink:title="AcquisitionOfHeldToMaturityFinancialAssets"/>
    <link:presentationArc xlink:type="arc" xlink:arcrole="http://www.xbrl.org/2003/arcrole/parent-child" xlink:from="CashFlowsFromUsedInInvestingActivitiesAbstract" xlink:to="AcquisitionOfHeldToMaturityFinancialAssets" xlink:title="presentation: CashFlowsFromUsedInInvestingActivitiesAbstract to AcquisitionOfHeldToMaturityFinancialAssets" order="7.0"/>
    <link:loc xlink:type="locator" xlink:href="tifrs-scf-2015-03-31.xsd#tifrs-SCF_ProceedsFromDisposalOfHeldToMaturityFinancialAssets" xlink:label="ProceedsFromDisposalOfHeldToMaturityFinancialAssets" xlink:title="ProceedsFromDisposalOfHeldToMaturityFinancialAssets"/>
    <link:presentationArc xlink:type="arc" xlink:arcrole="http://www.xbrl.org/2003/arcrole/parent-child" xlink:from="CashFlowsFromUsedInInvestingActivitiesAbstract" xlink:to="ProceedsFromDisposalOfHeldToMaturityFinancialAssets" xlink:title="presentation: CashFlowsFromUsedInInvestingActivitiesAbstract to ProceedsFromDisposalOfHeldToMaturityFinancialAssets" order="8.0"/>
    <link:loc xlink:type="locator" xlink:href="tifrs-scf-2015-03-31.xsd#tifrs-SCF_ProceedsFromRepaymentsOfHeldToMaturityFinancialAssets" xlink:label="ProceedsFromRepaymentsOfHeldToMaturityFinancialAssets" xlink:title="ProceedsFromRepaymentsOfHeldToMaturityFinancialAssets"/>
    <link:presentationArc xlink:type="arc" xlink:arcrole="http://www.xbrl.org/2003/arcrole/parent-child" xlink:from="CashFlowsFromUsedInInvestingActivitiesAbstract" xlink:to="ProceedsFromRepaymentsOfHeldToMaturityFinancialAssets" xlink:title="presentation: CashFlowsFromUsedInInvestingActivitiesAbstract to ProceedsFromRepaymentsOfHeldToMaturityFinancialAssets" order="9.0"/>
    <link:loc xlink:type="locator" xlink:href="tifrs-scf-2015-03-31.xsd#tifrs-SCF_AcquisitionOfFinancialAssetsAtCost" xlink:label="AcquisitionOfFinancialAssetsAtCost" xlink:title="AcquisitionOfFinancialAssetsAtCost"/>
    <link:presentationArc xlink:type="arc" xlink:arcrole="http://www.xbrl.org/2003/arcrole/parent-child" xlink:from="CashFlowsFromUsedInInvestingActivitiesAbstract" xlink:to="AcquisitionOfFinancialAssetsAtCost" xlink:title="presentation: CashFlowsFromUsedInInvestingActivitiesAbstract to AcquisitionOfFinancialAssetsAtCost" order="10.0"/>
    <link:loc xlink:type="locator" xlink:href="tifrs-scf-2015-03-31.xsd#tifrs-SCF_ProceedsFromDisposalOfFinancialAssetsAtCost" xlink:label="ProceedsFromDisposalOfFinancialAssetsAtCost" xlink:title="ProceedsFromDisposalOfFinancialAssetsAtCost"/>
    <link:presentationArc xlink:type="arc" xlink:arcrole="http://www.xbrl.org/2003/arcrole/parent-child" xlink:from="CashFlowsFromUsedInInvestingActivitiesAbstract" xlink:to="ProceedsFromDisposalOfFinancialAssetsAtCost" xlink:title="presentation: CashFlowsFromUsedInInvestingActivitiesAbstract to ProceedsFromDisposalOfFinancialAssetsAtCost" order="11.0"/>
    <link:loc xlink:type="locator" xlink:href="tifrs-scf-2015-03-31.xsd#tifrs-SCF_ProceedsFromCapitalReductionOfFinancialAssetsAtCost" xlink:label="ProceedsFromCapitalReductionOfFinancialAssetsAtCost" xlink:title="ProceedsFromCapitalReductionOfFinancialAssetsAtCost"/>
    <link:presentationArc xlink:type="arc" xlink:arcrole="http://www.xbrl.org/2003/arcrole/parent-child" xlink:from="CashFlowsFromUsedInInvestingActivitiesAbstract" xlink:to="ProceedsFromCapitalReductionOfFinancialAssetsAtCost" xlink:title="presentation: CashFlowsFromUsedInInvestingActivitiesAbstract to ProceedsFromCapitalReductionOfFinancialAssetsAtCost" order="12.0"/>
    <link:loc xlink:type="locator" xlink:href="tifrs-scf-2015-03-31.xsd#tifrs-SCF_AcquisitionOfInvestmentsAccountedForUsingEquityMethod" xlink:label="AcquisitionOfInvestmentsAccountedForUsingEquityMethod" xlink:title="AcquisitionOfInvestmentsAccountedForUsingEquityMethod"/>
    <link:presentationArc xlink:type="arc" xlink:arcrole="http://www.xbrl.org/2003/arcrole/parent-child" xlink:from="CashFlowsFromUsedInInvestingActivitiesAbstract" xlink:to="AcquisitionOfInvestmentsAccountedForUsingEquityMethod" xlink:title="presentation: CashFlowsFromUsedInInvestingActivitiesAbstract to AcquisitionOfInvestmentsAccountedForUsingEquityMethod" order="13.0"/>
    <link:loc xlink:type="locator" xlink:href="tifrs-scf-2015-03-31.xsd#tifrs-SCF_ProceedsFromDisposalOfInvestmentsAccountedForUsingEquityMethod" xlink:label="ProceedsFromDisposalOfInvestmentsAccountedForUsingEquityMethod" xlink:title="ProceedsFromDisposalOfInvestmentsAccountedForUsingEquityMethod"/>
    <link:presentationArc xlink:type="arc" xlink:arcrole="http://www.xbrl.org/2003/arcrole/parent-child" xlink:from="CashFlowsFromUsedInInvestingActivitiesAbstract" xlink:to="ProceedsFromDisposalOfInvestmentsAccountedForUsingEquityMethod" xlink:title="presentation: CashFlowsFromUsedInInvestingActivitiesAbstract to ProceedsFromDisposalOfInvestmentsAccountedForUsingEquityMethod" order="14.0"/>
    <link:loc xlink:type="locator" xlink:href="tifrs-scf-2015-03-31.xsd#tifrs-SCF_IncreaseInPrepaymentsForInvestments" xlink:label="IncreaseInPrepaymentsForInvestments" xlink:title="IncreaseInPrepaymentsForInvestments"/>
    <link:presentationArc xlink:type="arc" xlink:arcrole="http://www.xbrl.org/2003/arcrole/parent-child" xlink:from="CashFlowsFromUsedInInvestingActivitiesAbstract" xlink:to="IncreaseInPrepaymentsForInvestments" xlink:title="presentation: CashFlowsFromUsedInInvestingActivitiesAbstract to IncreaseInPrepaymentsForInvestments" order="15.0"/>
    <link:loc xlink:type="locator" xlink:href="tifrs-scf-2015-03-31.xsd#tifrs-SCF_DecreaseInPrepaymentsForInvestments" xlink:label="DecreaseInPrepaymentsForInvestments" xlink:title="DecreaseInPrepaymentsForInvestments"/>
    <link:presentationArc xlink:type="arc" xlink:arcrole="http://www.xbrl.org/2003/arcrole/parent-child" xlink:from="CashFlowsFromUsedInInvestingActivitiesAbstract" xlink:to="DecreaseInPrepaymentsForInvestments" xlink:title="presentation: CashFlowsFromUsedInInvestingActivitiesAbstract to DecreaseInPrepaymentsForInvestments" order="16.0"/>
    <link:loc xlink:type="locator" xlink:href="tifrs-scf-2015-03-31.xsd#tifrs-SCF_NetCashFlowFromAcquisitionOfSubsidiaries" xlink:label="NetCashFlowFromAcquisitionOfSubsidiaries" xlink:title="NetCashFlowFromAcquisitionOfSubsidiaries"/>
    <link:presentationArc xlink:type="arc" xlink:arcrole="http://www.xbrl.org/2003/arcrole/parent-child" xlink:from="CashFlowsFromUsedInInvestingActivitiesAbstract" xlink:to="NetCashFlowFromAcquisitionOfSubsidiaries" xlink:title="presentation: CashFlowsFromUsedInInvestingActivitiesAbstract to NetCashFlowFromAcquisitionOfSubsidiaries" order="17.0"/>
    <link:loc xlink:type="locator" xlink:href="tifrs-scf-2015-03-31.xsd#tifrs-SCF_ProceedsFromDisposalOfSubsidiaries" xlink:label="ProceedsFromDisposalOfSubsidiaries" xlink:title="ProceedsFromDisposalOfSubsidiaries"/>
    <link:presentationArc xlink:type="arc" xlink:arcrole="http://www.xbrl.org/2003/arcrole/parent-child" xlink:from="CashFlowsFromUsedInInvestingActivitiesAbstract" xlink:to="ProceedsFromDisposalOfSubsidiaries" xlink:title="presentation: CashFlowsFromUsedInInvestingActivitiesAbstract to ProceedsFromDisposalOfSubsidiaries" order="18.0"/>
    <link:loc xlink:type="locator" xlink:href="tifrs-scf-2015-03-31.xsd#tifrs-SCF_ProceedsFromCapitalReductionOfInvestmentsAccountedForUsingEquityMethod" xlink:label="ProceedsFromCapitalReductionOfInvestmentsAccountedForUsingEquityMethod" xlink:title="ProceedsFromCapitalReductionOfInvestmentsAccountedForUsingEquityMethod"/>
    <link:presentationArc xlink:type="arc" xlink:arcrole="http://www.xbrl.org/2003/arcrole/parent-child" xlink:from="CashFlowsFromUsedInInvestingActivitiesAbstract" xlink:to="ProceedsFromCapitalReductionOfInvestmentsAccountedForUsingEquityMethod" xlink:title="presentation: CashFlowsFromUsedInInvestingActivitiesAbstract to ProceedsFromCapitalReductionOfInvestmentsAccountedForUsingEquityMethod" order="19.0"/>
    <link:loc xlink:type="locator" xlink:href="tifrs-scf-2015-03-31.xsd#tifrs-SCF_IncreaseInReceiptsInAdvanceDueToDisposalOfAssets" xlink:label="IncreaseInReceiptsInAdvanceDueToDisposalOfAssets" xlink:title="IncreaseInReceiptsInAdvanceDueToDisposalOfAssets"/>
    <link:presentationArc xlink:type="arc" xlink:arcrole="http://www.xbrl.org/2003/arcrole/parent-child" xlink:from="CashFlowsFromUsedInInvestingActivitiesAbstract" xlink:to="IncreaseInReceiptsInAdvanceDueToDisposalOfAssets" xlink:title="presentation: CashFlowsFromUsedInInvestingActivitiesAbstract to IncreaseInReceiptsInAdvanceDueToDisposalOfAssets" order="20.0"/>
    <link:loc xlink:type="locator" xlink:href="tifrs-scf-2015-03-31.xsd#tifrs-SCF_DecreaseInReceiptsInAdvanceDueToDisposalOfAssets" xlink:label="DecreaseInReceiptsInAdvanceDueToDisposalOfAssets" xlink:title="DecreaseInReceiptsInAdvanceDueToDisposalOfAssets"/>
    <link:presentationArc xlink:type="arc" xlink:arcrole="http://www.xbrl.org/2003/arcrole/parent-child" xlink:from="CashFlowsFromUsedInInvestingActivitiesAbstract" xlink:to="DecreaseInReceiptsInAdvanceDueToDisposalOfAssets" xlink:title="presentation: CashFlowsFromUsedInInvestingActivitiesAbstract to DecreaseInReceiptsInAdvanceDueToDisposalOfAssets" order="21.0"/>
    <link:loc xlink:type="locator" xlink:href="tifrs-scf-2015-03-31.xsd#tifrs-SCF_IncreaseInRefundableDeposits" xlink:label="IncreaseInRefundableDeposits" xlink:title="IncreaseInRefundableDeposits"/>
    <link:presentationArc xlink:type="arc" xlink:arcrole="http://www.xbrl.org/2003/arcrole/parent-child" xlink:from="CashFlowsFromUsedInInvestingActivitiesAbstract" xlink:to="IncreaseInRefundableDeposits" xlink:title="presentation: CashFlowsFromUsedInInvestingActivitiesAbstract to IncreaseInRefundableDeposits" order="22.0"/>
    <link:loc xlink:type="locator" xlink:href="tifrs-scf-2015-03-31.xsd#tifrs-SCF_DecreaseInRefundableDeposits" xlink:label="DecreaseInRefundableDeposits" xlink:title="DecreaseInRefundableDeposits"/>
    <link:presentationArc xlink:type="arc" xlink:arcrole="http://www.xbrl.org/2003/arcrole/parent-child" xlink:from="CashFlowsFromUsedInInvestingActivitiesAbstract" xlink:to="DecreaseInRefundableDeposits" xlink:title="presentation: CashFlowsFromUsedInInvestingActivitiesAbstract to DecreaseInRefundableDeposits" order="23.0"/>
    <link:loc xlink:type="locator" xlink:href="tifrs-scf-2015-03-31.xsd#tifrs-SCF_IncreaseInOtherReceivables" xlink:label="IncreaseInOtherReceivables" xlink:title="IncreaseInOtherReceivables"/>
    <link:presentationArc xlink:type="arc" xlink:arcrole="http://www.xbrl.org/2003/arcrole/parent-child" xlink:from="CashFlowsFromUsedInInvestingActivitiesAbstract" xlink:to="IncreaseInOtherReceivables" xlink:title="presentation: CashFlowsFromUsedInInvestingActivitiesAbstract to IncreaseInOtherReceivables" order="24.0"/>
    <link:loc xlink:type="locator" xlink:href="tifrs-scf-2015-03-31.xsd#tifrs-SCF_DecreaseInOtherReceivables" xlink:label="DecreaseInOtherReceivables" xlink:title="DecreaseInOtherReceivables"/>
    <link:presentationArc xlink:type="arc" xlink:arcrole="http://www.xbrl.org/2003/arcrole/parent-child" xlink:from="CashFlowsFromUsedInInvestingActivitiesAbstract" xlink:to="DecreaseInOtherReceivables" xlink:title="presentation: CashFlowsFromUsedInInvestingActivitiesAbstract to DecreaseInOtherReceivables" order="25.0"/>
    <link:loc xlink:type="locator" xlink:href="tifrs-scf-2015-03-31.xsd#tifrs-SCF_IncreaseInOtherReceivablesDueFromRelatedParties" xlink:label="IncreaseInOtherReceivablesDueFromRelatedParties" xlink:title="IncreaseInOtherReceivablesDueFromRelatedParties"/>
    <link:presentationArc xlink:type="arc" xlink:arcrole="http://www.xbrl.org/2003/arcrole/parent-child" xlink:from="CashFlowsFromUsedInInvestingActivitiesAbstract" xlink:to="IncreaseInOtherReceivablesDueFromRelatedParties" xlink:title="presentation: CashFlowsFromUsedInInvestingActivitiesAbstract to IncreaseInOtherReceivablesDueFromRelatedParties" order="26.0"/>
    <link:loc xlink:type="locator" xlink:href="tifrs-scf-2015-03-31.xsd#tifrs-SCF_DecreaseInOtherReceivablesDueFromRelatedParties" xlink:label="DecreaseInOtherReceivablesDueFromRelatedParties" xlink:title="DecreaseInOtherReceivablesDueFromRelatedParties"/>
    <link:presentationArc xlink:type="arc" xlink:arcrole="http://www.xbrl.org/2003/arcrole/parent-child" xlink:from="CashFlowsFromUsedInInvestingActivitiesAbstract" xlink:to="DecreaseInOtherReceivablesDueFromRelatedParties" xlink:title="presentation: CashFlowsFromUsedInInvestingActivitiesAbstract to DecreaseInOtherReceivablesDueFromRelatedParties" order="27.0"/>
    <link:loc xlink:type="locator" xlink:href="tifrs-scf-2015-03-31.xsd#tifrs-SCF_AcquisitionOfIntangibleAssets" xlink:label="AcquisitionOfIntangibleAssets" xlink:title="AcquisitionOfIntangibleAssets"/>
    <link:presentationArc xlink:type="arc" xlink:arcrole="http://www.xbrl.org/2003/arcrole/parent-child" xlink:from="CashFlowsFromUsedInInvestingActivitiesAbstract" xlink:to="AcquisitionOfIntangibleAssets" xlink:title="presentation: CashFlowsFromUsedInInvestingActivitiesAbstract to AcquisitionOfIntangibleAssets" order="28.0"/>
    <link:loc xlink:type="locator" xlink:href="tifrs-scf-2015-03-31.xsd#tifrs-SCF_ProceedsFromDisposalOfIntangibleAssets" xlink:label="ProceedsFromDisposalOfIntangibleAssets" xlink:title="ProceedsFromDisposalOfIntangibleAssets"/>
    <link:presentationArc xlink:type="arc" xlink:arcrole="http://www.xbrl.org/2003/arcrole/parent-child" xlink:from="CashFlowsFromUsedInInvestingActivitiesAbstract" xlink:to="ProceedsFromDisposalOfIntangibleAssets" xlink:title="presentation: CashFlowsFromUsedInInvestingActivitiesAbstract to ProceedsFromDisposalOfIntangibleAssets" order="29.0"/>
    <link:loc xlink:type="locator" xlink:href="tifrs-scf-2015-03-31.xsd#tifrs-SCF_NetCashReceiptsFromAcquisitionsOfSubsidiariesAndOtherBusinessUnits" xlink:label="NetCashReceiptsFromAcquisitionsOfSubsidiariesAndOtherBusinessUnits" xlink:title="NetCashReceiptsFromAcquisitionsOfSubsidiariesAndOtherBusinessUnits"/>
    <link:presentationArc xlink:type="arc" xlink:arcrole="http://www.xbrl.org/2003/arcrole/parent-child" xlink:from="CashFlowsFromUsedInInvestingActivitiesAbstract" xlink:to="NetCashReceiptsFromAcquisitionsOfSubsidiariesAndOtherBusinessUnits" xlink:title="presentation: CashFlowsFromUsedInInvestingActivitiesAbstract to NetCashReceiptsFromAcquisitionsOfSubsidiariesAndOtherBusinessUnits" order="30.0"/>
    <link:loc xlink:type="locator" xlink:href="tifrs-scf-2015-03-31.xsd#tifrs-SCF_NetCashInflowsFromBusinessCombination" xlink:label="NetCashInflowsFromBusinessCombination" xlink:title="NetCashInflowsFromBusinessCombination"/>
    <link:presentationArc xlink:type="arc" xlink:arcrole="http://www.xbrl.org/2003/arcrole/parent-child" xlink:from="CashFlowsFromUsedInInvestingActivitiesAbstract" xlink:to="NetCashInflowsFromBusinessCombination" xlink:title="presentation: CashFlowsFromUsedInInvestingActivitiesAbstract to NetCashInflowsFromBusinessCombination" order="31.0"/>
    <link:loc xlink:type="locator" xlink:href="tifrs-scf-2015-03-31.xsd#tifrs-SCF_CashPaymentsToAcquireSubsidiariesAndOtherBusinessUnits" xlink:label="CashPaymentsToAcquireSubsidiariesAndOtherBusinessUnits" xlink:title="CashPaymentsToAcquireSubsidiariesAndOtherBusinessUnits"/>
    <link:presentationArc xlink:type="arc" xlink:arcrole="http://www.xbrl.org/2003/arcrole/parent-child" xlink:from="CashFlowsFromUsedInInvestingActivitiesAbstract" xlink:to="CashPaymentsToAcquireSubsidiariesAndOtherBusinessUnits" xlink:title="presentation: CashFlowsFromUsedInInvestingActivitiesAbstract to CashPaymentsToAcquireSubsidiariesAndOtherBusinessUnits" order="32.0"/>
    <link:loc xlink:type="locator" xlink:href="tifrs-scf-2015-03-31.xsd#tifrs-SCF_AcquisitionOfInvestmentProperties" xlink:label="AcquisitionOfInvestmentProperties" xlink:title="AcquisitionOfInvestmentProperties"/>
    <link:presentationArc xlink:type="arc" xlink:arcrole="http://www.xbrl.org/2003/arcrole/parent-child" xlink:from="CashFlowsFromUsedInInvestingActivitiesAbstract" xlink:to="AcquisitionOfInvestmentProperties" xlink:title="presentation: CashFlowsFromUsedInInvestingActivitiesAbstract to AcquisitionOfInvestmentProperties" order="33.0"/>
    <link:loc xlink:type="locator" xlink:href="tifrs-scf-2015-03-31.xsd#tifrs-SCF_ProceedsFromDisposalOfInvestmentProperties" xlink:label="ProceedsFromDisposalOfInvestmentProperties" xlink:title="ProceedsFromDisposalOfInvestmentProperties"/>
    <link:presentationArc xlink:type="arc" xlink:arcrole="http://www.xbrl.org/2003/arcrole/parent-child" xlink:from="CashFlowsFromUsedInInvestingActivitiesAbstract" xlink:to="ProceedsFromDisposalOfInvestmentProperties" xlink:title="presentation: CashFlowsFromUsedInInvestingActivitiesAbstract to ProceedsFromDisposalOfInvestmentProperties" order="34.0"/>
    <link:loc xlink:type="locator" xlink:href="tifrs-scf-2015-03-31.xsd#tifrs-SCF_IncreaseInOtherFinancialAssets" xlink:label="IncreaseInOtherFinancialAssets" xlink:title="IncreaseInOtherFinancialAssets"/>
    <link:presentationArc xlink:type="arc" xlink:arcrole="http://www.xbrl.org/2003/arcrole/parent-child" xlink:from="CashFlowsFromUsedInInvestingActivitiesAbstract" xlink:to="IncreaseInOtherFinancialAssets" xlink:title="presentation: CashFlowsFromUsedInInvestingActivitiesAbstract to IncreaseInOtherFinancialAssets" order="37.0"/>
    <link:loc xlink:type="locator" xlink:href="tifrs-scf-2015-03-31.xsd#tifrs-SCF_DecreaseInOtherFinancialAssets" xlink:label="DecreaseInOtherFinancialAssets" xlink:title="DecreaseInOtherFinancialAssets"/>
    <link:presentationArc xlink:type="arc" xlink:arcrole="http://www.xbrl.org/2003/arcrole/parent-child" xlink:from="CashFlowsFromUsedInInvestingActivitiesAbstract" xlink:to="DecreaseInOtherFinancialAssets" xlink:title="presentation: CashFlowsFromUsedInInvestingActivitiesAbstract to DecreaseInOtherFinancialAssets" order="38.0"/>
    <link:loc xlink:type="locator" xlink:href="../ifrs_20100430/ifrs-cor_2010-04-30.xsd#ifrs_InterestReceivedClassifiedAsInvestingActivities" xlink:label="InterestReceivedClassifiedAsInvestingActivities" xlink:title="InterestReceivedClassifiedAsInvestingActivities"/>
    <link:presentationArc xlink:type="arc" xlink:arcrole="http://www.xbrl.org/2003/arcrole/parent-child" xlink:from="CashFlowsFromUsedInInvestingActivitiesAbstract" xlink:to="InterestReceivedClassifiedAsInvestingActivities" xlink:title="presentation: CashFlowsFromUsedInInvestingActivitiesAbstract to InterestReceivedClassifiedAsInvestingActivities" order="39.0"/>
    <link:loc xlink:type="locator" xlink:href="../ifrs_20100430/ifrs-cor_2010-04-30.xsd#ifrs_DividendsReceivedClassifiedAsInvestingActivities" xlink:label="DividendsReceivedClassifiedAsInvestingActivities" xlink:title="DividendsReceivedClassifiedAsInvestingActivities"/>
    <link:presentationArc xlink:type="arc" xlink:arcrole="http://www.xbrl.org/2003/arcrole/parent-child" xlink:from="CashFlowsFromUsedInInvestingActivitiesAbstract" xlink:to="DividendsReceivedClassifiedAsInvestingActivities" xlink:title="presentation: CashFlowsFromUsedInInvestingActivitiesAbstract to DividendsReceivedClassifiedAsInvestingActivities" order="40.0"/>
    <link:loc xlink:type="locator" xlink:href="../ifrs_20100430/ifrs-cor_2010-04-30.xsd#ifrs_IncomeTaxesPaidRefundClassifiedAsInvestingActivities" xlink:label="IncomeTaxesPaidRefundClassifiedAsInvestingActivities" xlink:title="IncomeTaxesPaidRefundClassifiedAsInvestingActivities"/>
    <link:presentationArc xlink:type="arc" xlink:arcrole="http://www.xbrl.org/2003/arcrole/parent-child" xlink:from="CashFlowsFromUsedInInvestingActivitiesAbstract" xlink:to="IncomeTaxesPaidRefundClassifiedAsInvestingActivities" xlink:title="presentation: CashFlowsFromUsedInInvestingActivitiesAbstract to IncomeTaxesPaidRefundClassifiedAsInvestingActivities" order="41.0"/>
    <link:loc xlink:type="locator" xlink:href="tifrs-scf-2015-03-31.xsd#tifrs-SCF_OtherInvestingActivities" xlink:label="OtherInvestingActivities" xlink:title="OtherInvestingActivities"/>
    <link:presentationArc xlink:type="arc" xlink:arcrole="http://www.xbrl.org/2003/arcrole/parent-child" xlink:from="CashFlowsFromUsedInInvestingActivitiesAbstract" xlink:to="OtherInvestingActivities" xlink:title="presentation: CashFlowsFromUsedInInvestingActivitiesAbstract to OtherInvestingActivities" order="42.0"/>
    <link:loc xlink:type="locator" xlink:href="tifrs-scf-2015-03-31.xsd#tifrs-SCF_NetCashFlowsFromUsedInInvestingActivities" xlink:label="NetCashFlowsFromUsedInInvestingActivities" xlink:title="NetCashFlowsFromUsedInInvestingActivities"/>
    <link:presentationArc xlink:type="arc" xlink:arcrole="http://www.xbrl.org/2003/arcrole/parent-child" xlink:from="CashFlowsFromUsedInInvestingActivitiesAbstract" xlink:to="NetCashFlowsFromUsedInInvestingActivities" xlink:title="presentation: CashFlowsFromUsedInInvestingActivitiesAbstract to NetCashFlowsFromUsedInInvestingActivities" order="43.0"/>
    <link:loc xlink:type="locator" xlink:href="../ifrs_20100430/ifrs-cor_2010-04-30.xsd#ifrs_CashFlowsFromUsedInFinancingActivitiesAbstract" xlink:label="CashFlowsFromUsedInFinancingActivitiesAbstract" xlink:title="CashFlowsFromUsedInFinancingActivitiesAbstract"/>
    <link:presentationArc xlink:type="arc" xlink:arcrole="http://www.xbrl.org/2003/arcrole/parent-child" xlink:from="StatementOfCashFlowsAbstract" xlink:to="CashFlowsFromUsedInFinancingActivitiesAbstract" xlink:title="presentation: StatementOfCashFlowsAbstract to CashFlowsFromUsedInFinancingActivitiesAbstract" order="5.0"/>
    <link:loc xlink:type="locator" xlink:href="tifrs-scf-2015-03-31.xsd#tifrs-SCF_IncreaseInShortTermLoans" xlink:label="IncreaseInShortTermLoans" xlink:title="IncreaseInShortTermLoans"/>
    <link:presentationArc xlink:type="arc" xlink:arcrole="http://www.xbrl.org/2003/arcrole/parent-child" xlink:from="CashFlowsFromUsedInFinancingActivitiesAbstract" xlink:to="IncreaseInShortTermLoans" xlink:title="presentation: CashFlowsFromUsedInFinancingActivitiesAbstract to IncreaseInShortTermLoans" order="1.0"/>
    <link:loc xlink:type="locator" xlink:href="tifrs-scf-2015-03-31.xsd#tifrs-SCF_DecreaseInShortTermLoans" xlink:label="DecreaseInShortTermLoans" xlink:title="DecreaseInShortTermLoans"/>
    <link:presentationArc xlink:type="arc" xlink:arcrole="http://www.xbrl.org/2003/arcrole/parent-child" xlink:from="CashFlowsFromUsedInFinancingActivitiesAbstract" xlink:to="DecreaseInShortTermLoans" xlink:title="presentation: CashFlowsFromUsedInFinancingActivitiesAbstract to DecreaseInShortTermLoans" order="2.0"/>
    <link:loc xlink:type="locator" xlink:href="tifrs-scf-2015-03-31.xsd#tifrs-SCF_ProceedsFromIssuingBonds" xlink:label="ProceedsFromIssuingBonds" xlink:title="ProceedsFromIssuingBonds"/>
    <link:presentationArc xlink:type="arc" xlink:arcrole="http://www.xbrl.org/2003/arcrole/parent-child" xlink:from="CashFlowsFromUsedInFinancingActivitiesAbstract" xlink:to="ProceedsFromIssuingBonds" xlink:title="presentation: CashFlowsFromUsedInFinancingActivitiesAbstract to ProceedsFromIssuingBonds" order="3.0"/>
    <link:loc xlink:type="locator" xlink:href="tifrs-scf-2015-03-31.xsd#tifrs-SCF_RepaymentsOfBonds" xlink:label="RepaymentsOfBonds" xlink:title="RepaymentsOfBonds"/>
    <link:presentationArc xlink:type="arc" xlink:arcrole="http://www.xbrl.org/2003/arcrole/parent-child" xlink:from="CashFlowsFromUsedInFinancingActivitiesAbstract" xlink:to="RepaymentsOfBonds" xlink:title="presentation: CashFlowsFromUsedInFinancingActivitiesAbstract to RepaymentsOfBonds" order="4.0"/>
    <link:loc xlink:type="locator" xlink:href="tifrs-scf-2015-03-31.xsd#tifrs-SCF_IncreaseInFinancialLiabilitiesAtCost" xlink:label="IncreaseInFinancialLiabilitiesAtCost" xlink:title="IncreaseInFinancialLiabilitiesAtCost"/>
    <link:presentationArc xlink:type="arc" xlink:arcrole="http://www.xbrl.org/2003/arcrole/parent-child" xlink:from="CashFlowsFromUsedInFinancingActivitiesAbstract" xlink:to="IncreaseInFinancialLiabilitiesAtCost" xlink:title="presentation: CashFlowsFromUsedInFinancingActivitiesAbstract to IncreaseInFinancialLiabilitiesAtCost" order="5.0"/>
    <link:loc xlink:type="locator" xlink:href="tifrs-scf-2015-03-31.xsd#tifrs-SCF_DecreaseInFinancialLiabilitiesAtCost" xlink:label="DecreaseInFinancialLiabilitiesAtCost" xlink:title="DecreaseInFinancialLiabilitiesAtCost"/>
    <link:presentationArc xlink:type="arc" xlink:arcrole="http://www.xbrl.org/2003/arcrole/parent-child" xlink:from="CashFlowsFromUsedInFinancingActivitiesAbstract" xlink:to="DecreaseInFinancialLiabilitiesAtCost" xlink:title="presentation: CashFlowsFromUsedInFinancingActivitiesAbstract to DecreaseInFinancialLiabilitiesAtCost" order="6.0"/>
    <link:loc xlink:type="locator" xlink:href="tifrs-scf-2015-03-31.xsd#tifrs-SCF_ProceedsFromIssuingPreferenceShareLiabilities" xlink:label="ProceedsFromIssuingPreferenceShareLiabilities" xlink:title="ProceedsFromIssuingPreferenceShareLiabilities"/>
    <link:presentationArc xlink:type="arc" xlink:arcrole="http://www.xbrl.org/2003/arcrole/parent-child" xlink:from="CashFlowsFromUsedInFinancingActivitiesAbstract" xlink:to="ProceedsFromIssuingPreferenceShareLiabilities" xlink:title="presentation: CashFlowsFromUsedInFinancingActivitiesAbstract to ProceedsFromIssuingPreferenceShareLiabilities" order="7.0"/>
    <link:loc xlink:type="locator" xlink:href="tifrs-scf-2015-03-31.xsd#tifrs-SCF_RepaymentsOfPreferenceShareLiabilities" xlink:label="RepaymentsOfPreferenceShareLiabilities" xlink:title="RepaymentsOfPreferenceShareLiabilities"/>
    <link:presentationArc xlink:type="arc" xlink:arcrole="http://www.xbrl.org/2003/arcrole/parent-child" xlink:from="CashFlowsFromUsedInFinancingActivitiesAbstract" xlink:to="RepaymentsOfPreferenceShareLiabilities" xlink:title="presentation: CashFlowsFromUsedInFinancingActivitiesAbstract to RepaymentsOfPreferenceShareLiabilities" order="8.0"/>
    <link:loc xlink:type="locator" xlink:href="tifrs-scf-2015-03-31.xsd#tifrs-SCF_IncreaseInGuaranteeDepositsReceived" xlink:label="IncreaseInGuaranteeDepositsReceived" xlink:title="IncreaseInGuaranteeDepositsReceived"/>
    <link:presentationArc xlink:type="arc" xlink:arcrole="http://www.xbrl.org/2003/arcrole/parent-child" xlink:from="CashFlowsFromUsedInFinancingActivitiesAbstract" xlink:to="IncreaseInGuaranteeDepositsReceived" xlink:title="presentation: CashFlowsFromUsedInFinancingActivitiesAbstract to IncreaseInGuaranteeDepositsReceived" order="9.0"/>
    <link:loc xlink:type="locator" xlink:href="tifrs-scf-2015-03-31.xsd#tifrs-SCF_DecreaseInGuaranteeDepositsReceived" xlink:label="DecreaseInGuaranteeDepositsReceived" xlink:title="DecreaseInGuaranteeDepositsReceived"/>
    <link:presentationArc xlink:type="arc" xlink:arcrole="http://www.xbrl.org/2003/arcrole/parent-child" xlink:from="CashFlowsFromUsedInFinancingActivitiesAbstract" xlink:to="DecreaseInGuaranteeDepositsReceived" xlink:title="presentation: CashFlowsFromUsedInFinancingActivitiesAbstract to DecreaseInGuaranteeDepositsReceived" order="10.0"/>
    <link:loc xlink:type="locator" xlink:href="tifrs-scf-2015-03-31.xsd#tifrs-SCF_ProceedsFromFinancialAssetsSecuritization" xlink:label="ProceedsFromFinancialAssetsSecuritization" xlink:title="ProceedsFromFinancialAssetsSecuritization"/>
    <link:presentationArc xlink:type="arc" xlink:arcrole="http://www.xbrl.org/2003/arcrole/parent-child" xlink:from="CashFlowsFromUsedInFinancingActivitiesAbstract" xlink:to="ProceedsFromFinancialAssetsSecuritization" xlink:title="presentation: CashFlowsFromUsedInFinancingActivitiesAbstract to ProceedsFromFinancialAssetsSecuritization" order="11.0"/>
    <link:loc xlink:type="locator" xlink:href="tifrs-scf-2015-03-31.xsd#tifrs-SCF_IncreaseInOtherPayablesToRelatedParties" xlink:label="IncreaseInOtherPayablesToRelatedParties" xlink:title="IncreaseInOtherPayablesToRelatedParties"/>
    <link:presentationArc xlink:type="arc" xlink:arcrole="http://www.xbrl.org/2003/arcrole/parent-child" xlink:from="CashFlowsFromUsedInFinancingActivitiesAbstract" xlink:to="IncreaseInOtherPayablesToRelatedParties" xlink:title="presentation: CashFlowsFromUsedInFinancingActivitiesAbstract to IncreaseInOtherPayablesToRelatedParties" order="12.0"/>
    <link:loc xlink:type="locator" xlink:href="tifrs-scf-2015-03-31.xsd#tifrs-SCF_DecreaseInOtherPayablesToRelatedParties" xlink:label="DecreaseInOtherPayablesToRelatedParties" xlink:title="DecreaseInOtherPayablesToRelatedParties"/>
    <link:presentationArc xlink:type="arc" xlink:arcrole="http://www.xbrl.org/2003/arcrole/parent-child" xlink:from="CashFlowsFromUsedInFinancingActivitiesAbstract" xlink:to="DecreaseInOtherPayablesToRelatedParties" xlink:title="presentation: CashFlowsFromUsedInFinancingActivitiesAbstract to DecreaseInOtherPayablesToRelatedParties" order="13.0"/>
    <link:loc xlink:type="locator" xlink:href="tifrs-scf-2015-03-31.xsd#tifrs-SCF_IncreaseInOtherFinancialLiabilities" xlink:label="IncreaseInOtherFinancialLiabilities" xlink:title="IncreaseInOtherFinancialLiabilities"/>
    <link:presentationArc xlink:type="arc" xlink:arcrole="http://www.xbrl.org/2003/arcrole/parent-child" xlink:from="CashFlowsFromUsedInFinancingActivitiesAbstract" xlink:to="IncreaseInOtherFinancialLiabilities" xlink:title="presentation: CashFlowsFromUsedInFinancingActivitiesAbstract to IncreaseInOtherFinancialLiabilities" order="14.0"/>
    <link:loc xlink:type="locator" xlink:href="tifrs-scf-2015-03-31.xsd#tifrs-SCF_DecreaseInOtherFinancialLiabilities" xlink:label="DecreaseInOtherFinancialLiabilities" xlink:title="DecreaseInOtherFinancialLiabilities"/>
    <link:presentationArc xlink:type="arc" xlink:arcrole="http://www.xbrl.org/2003/arcrole/parent-child" xlink:from="CashFlowsFromUsedInFinancingActivitiesAbstract" xlink:to="DecreaseInOtherFinancialLiabilities" xlink:title="presentation: CashFlowsFromUsedInFinancingActivitiesAbstract to DecreaseInOtherFinancialLiabilities" order="15.0"/>
    <link:loc xlink:type="locator" xlink:href="tifrs-scf-2015-03-31.xsd#tifrs-SCF_CashDividendsPaid" xlink:label="CashDividendsPaid" xlink:title="CashDividendsPaid"/>
    <link:presentationArc xlink:type="arc" xlink:arcrole="http://www.xbrl.org/2003/arcrole/parent-child" xlink:from="CashFlowsFromUsedInFinancingActivitiesAbstract" xlink:to="CashDividendsPaid" xlink:title="presentation: CashFlowsFromUsedInFinancingActivitiesAbstract to CashDividendsPaid" order="16.0"/>
    <link:loc xlink:type="locator" xlink:href="../ifrs_20100430/ifrs-cor_2010-04-30.xsd#ifrs_ProceedsFromIssuingShares" xlink:label="ProceedsFromIssuingShares" xlink:title="ProceedsFromIssuingShares"/>
    <link:presentationArc xlink:type="arc" xlink:arcrole="http://www.xbrl.org/2003/arcrole/parent-child" xlink:from="CashFlowsFromUsedInFinancingActivitiesAbstract" xlink:to="ProceedsFromIssuingShares" xlink:title="presentation: CashFlowsFromUsedInFinancingActivitiesAbstract to ProceedsFromIssuingShares" order="17.0"/>
    <link:loc xlink:type="locator" xlink:href="tifrs-scf-2015-03-31.xsd#tifrs-SCF_CapitalReductionPaymentsToShareholders" xlink:label="CapitalReductionPaymentsToShareholders" xlink:title="CapitalReductionPaymentsToShareholders"/>
    <link:presentationArc xlink:type="arc" xlink:arcrole="http://www.xbrl.org/2003/arcrole/parent-child" xlink:from="CashFlowsFromUsedInFinancingActivitiesAbstract" xlink:to="CapitalReductionPaymentsToShareholders" xlink:title="presentation: CashFlowsFromUsedInFinancingActivitiesAbstract to CapitalReductionPaymentsToShareholders" order="18.0"/>
    <link:loc xlink:type="locator" xlink:href="tifrs-scf-2015-03-31.xsd#tifrs-SCF_ExerciseOfEmployeeShareOptions" xlink:label="ExerciseOfEmployeeShareOptions" xlink:title="ExerciseOfEmployeeShareOptions"/>
    <link:presentationArc xlink:type="arc" xlink:arcrole="http://www.xbrl.org/2003/arcrole/parent-child" xlink:from="CashFlowsFromUsedInFinancingActivitiesAbstract" xlink:to="ExerciseOfEmployeeShareOptions" xlink:title="presentation: CashFlowsFromUsedInFinancingActivitiesAbstract to ExerciseOfEmployeeShareOptions" order="19.0"/>
    <link:loc xlink:type="locator" xlink:href="tifrs-scf-2015-03-31.xsd#tifrs-SCF_PaymentsToAcquireTreasuryShares" xlink:label="PaymentsToAcquireTreasuryShares" xlink:title="PaymentsToAcquireTreasuryShares"/>
    <link:presentationArc xlink:type="arc" xlink:arcrole="http://www.xbrl.org/2003/arcrole/parent-child" xlink:from="CashFlowsFromUsedInFinancingActivitiesAbstract" xlink:to="PaymentsToAcquireTreasuryShares" xlink:title="presentation: CashFlowsFromUsedInFinancingActivitiesAbstract to PaymentsToAcquireTreasuryShares" order="20.0"/>
    <link:loc xlink:type="locator" xlink:href="tifrs-scf-2015-03-31.xsd#tifrs-SCF_ProceedsFromSaleOfTreasuryShares" xlink:label="ProceedsFromSaleOfTreasuryShares" xlink:title="ProceedsFromSaleOfTreasuryShares"/>
    <link:presentationArc xlink:type="arc" xlink:arcrole="http://www.xbrl.org/2003/arcrole/parent-child" xlink:from="CashFlowsFromUsedInFinancingActivitiesAbstract" xlink:to="ProceedsFromSaleOfTreasuryShares" xlink:title="presentation: CashFlowsFromUsedInFinancingActivitiesAbstract to ProceedsFromSaleOfTreasuryShares" order="21.0"/>
    <link:loc xlink:type="locator" xlink:href="tifrs-scf-2015-03-31.xsd#tifrs-SCF_TreasurySharesSoldToEmployees" xlink:label="TreasurySharesSoldToEmployees" xlink:title="TreasurySharesSoldToEmployees"/>
    <link:presentationArc xlink:type="arc" xlink:arcrole="http://www.xbrl.org/2003/arcrole/parent-child" xlink:from="CashFlowsFromUsedInFinancingActivitiesAbstract" xlink:to="TreasurySharesSoldToEmployees" xlink:title="presentation: CashFlowsFromUsedInFinancingActivitiesAbstract to TreasurySharesSoldToEmployees" order="22.0"/>
    <link:loc xlink:type="locator" xlink:href="tifrs-scf-2015-03-31.xsd#tifrs-SCF_IssuanceOfPreferenceSharesBySubsidiaries" xlink:label="IssuanceOfPreferenceSharesBySubsidiaries" xlink:title="IssuanceOfPreferenceSharesBySubsidiaries"/>
    <link:presentationArc xlink:type="arc" xlink:arcrole="http://www.xbrl.org/2003/arcrole/parent-child" xlink:from="CashFlowsFromUsedInFinancingActivitiesAbstract" xlink:to="IssuanceOfPreferenceSharesBySubsidiaries" xlink:title="presentation: CashFlowsFromUsedInFinancingActivitiesAbstract to IssuanceOfPreferenceSharesBySubsidiaries" order="23.0"/>
    <link:loc xlink:type="locator" xlink:href="tifrs-scf-2015-03-31.xsd#tifrs-SCF_RetroactiveAdjustmentDueToIssuanceOfNewSharesForAMerger" xlink:label="RetroactiveAdjustmentDueToIssuanceOfNewSharesForAMerger" xlink:title="RetroactiveAdjustmentDueToIssuanceOfNewSharesForAMerger"/>
    <link:presentationArc xlink:type="arc" xlink:arcrole="http://www.xbrl.org/2003/arcrole/parent-child" xlink:from="CashFlowsFromUsedInFinancingActivitiesAbstract" xlink:to="RetroactiveAdjustmentDueToIssuanceOfNewSharesForAMerger" xlink:title="presentation: CashFlowsFromUsedInFinancingActivitiesAbstract to RetroactiveAdjustmentDueToIssuanceOfNewSharesForAMerger" order="24.0"/>
    <link:loc xlink:type="locator" xlink:href="tifrs-scf-2015-03-31.xsd#tifrs-SCF_AcquisitionOfOwnershipInterestsInSubsidiaries" xlink:label="AcquisitionOfOwnershipInterestsInSubsidiaries" xlink:title="AcquisitionOfOwnershipInterestsInSubsidiaries"/>
    <link:presentationArc xlink:type="arc" xlink:arcrole="http://www.xbrl.org/2003/arcrole/parent-child" xlink:from="CashFlowsFromUsedInFinancingActivitiesAbstract" xlink:to="AcquisitionOfOwnershipInterestsInSubsidiaries" xlink:title="presentation: CashFlowsFromUsedInFinancingActivitiesAbstract to AcquisitionOfOwnershipInterestsInSubsidiaries" order="25.0"/>
    <link:loc xlink:type="locator" xlink:href="tifrs-scf-2015-03-31.xsd#tifrs-SCF_DisposalOfOwnershipInterestsInSubsidiariesWithoutLosingControl" xlink:label="DisposalOfOwnershipInterestsInSubsidiariesWithoutLosingControl" xlink:title="DisposalOfOwnershipInterestsInSubsidiariesWithoutLosingControl"/>
    <link:presentationArc xlink:type="arc" xlink:arcrole="http://www.xbrl.org/2003/arcrole/parent-child" xlink:from="CashFlowsFromUsedInFinancingActivitiesAbstract" xlink:to="DisposalOfOwnershipInterestsInSubsidiariesWithoutLosingControl" xlink:title="presentation: CashFlowsFromUsedInFinancingActivitiesAbstract to DisposalOfOwnershipInterestsInSubsidiariesWithoutLosingControl" order="26.0"/>
    <link:loc xlink:type="locator" xlink:href="../ifrs_20100430/ifrs-cor_2010-04-30.xsd#ifrs_IncomeTaxesPaidRefundClassifiedAsFinancingActivities" xlink:label="IncomeTaxesPaidRefundClassifiedAsFinancingActivities" xlink:title="IncomeTaxesPaidRefundClassifiedAsFinancingActivities"/>
    <link:presentationArc xlink:type="arc" xlink:arcrole="http://www.xbrl.org/2003/arcrole/parent-child" xlink:from="CashFlowsFromUsedInFinancingActivitiesAbstract" xlink:to="IncomeTaxesPaidRefundClassifiedAsFinancingActivities" xlink:title="presentation: CashFlowsFromUsedInFinancingActivitiesAbstract to IncomeTaxesPaidRefundClassifiedAsFinancingActivities" order="28.0"/>
    <link:loc xlink:type="locator" xlink:href="tifrs-scf-2015-03-31.xsd#tifrs-SCF_OtherFinancingActivities" xlink:label="OtherFinancingActivities" xlink:title="OtherFinancingActivities"/>
    <link:presentationArc xlink:type="arc" xlink:arcrole="http://www.xbrl.org/2003/arcrole/parent-child" xlink:from="CashFlowsFromUsedInFinancingActivitiesAbstract" xlink:to="OtherFinancingActivities" xlink:title="presentation: CashFlowsFromUsedInFinancingActivitiesAbstract to OtherFinancingActivities" order="29.0"/>
    <link:loc xlink:type="locator" xlink:href="tifrs-scf-2015-03-31.xsd#tifrs-SCF_CashFlowsFromUsedInFinancingActivities" xlink:label="CashFlowsFromUsedInFinancingActivities" xlink:title="CashFlowsFromUsedInFinancingActivities"/>
    <link:presentationArc xlink:type="arc" xlink:arcrole="http://www.xbrl.org/2003/arcrole/parent-child" xlink:from="CashFlowsFromUsedInFinancingActivitiesAbstract" xlink:to="CashFlowsFromUsedInFinancingActivities" xlink:title="presentation: CashFlowsFromUsedInFinancingActivitiesAbstract to CashFlowsFromUsedInFinancingActivities" order="30.0"/>
    <link:loc xlink:type="locator" xlink:href="../ifrs_20100430/ifrs-cor_2010-04-30.xsd#ifrs_EffectOfExchangeRateChangesOnCashAndCashEquivalents" xlink:label="EffectOfExchangeRateChangesOnCashAndCashEquivalents" xlink:title="EffectOfExchangeRateChangesOnCashAndCashEquivalents"/>
    <link:presentationArc xlink:type="arc" xlink:arcrole="http://www.xbrl.org/2003/arcrole/parent-child" xlink:from="StatementOfCashFlowsAbstract" xlink:to="EffectOfExchangeRateChangesOnCashAndCashEquivalents" xlink:title="presentation: StatementOfCashFlowsAbstract to EffectOfExchangeRateChangesOnCashAndCashEquivalents" order="6.0"/>
    <link:loc xlink:type="locator" xlink:href="../ifrs_20100430/ifrs-cor_2010-04-30.xsd#ifrs_IncreaseDecreaseInCashAndCashEquivalents" xlink:label="IncreaseDecreaseInCashAndCashEquivalents" xlink:title="IncreaseDecreaseInCashAndCashEquivalents"/>
    <link:presentationArc xlink:type="arc" xlink:arcrole="http://www.xbrl.org/2003/arcrole/parent-child" xlink:from="StatementOfCashFlowsAbstract" xlink:to="IncreaseDecreaseInCashAndCashEquivalents" xlink:title="presentation: StatementOfCashFlowsAbstract to IncreaseDecreaseInCashAndCashEquivalents" order="7.0"/>
    <link:loc xlink:type="locator" xlink:href="tifrs-scf-2015-03-31.xsd#tifrs-SCF_CashAndCashEquivalentsAtEndOfPeriod" xlink:label="CashAndCashEquivalentsAtEndOfPeriod" xlink:title="CashAndCashEquivalentsAtEndOfPeriod"/>
    <link:presentationArc xlink:type="arc" xlink:arcrole="http://www.xbrl.org/2003/arcrole/parent-child" xlink:from="StatementOfCashFlowsAbstract" xlink:to="CashAndCashEquivalentsAtEndOfPeriod" xlink:title="presentation: StatementOfCashFlowsAbstract to CashAndCashEquivalentsAtEndOfPeriod" order="9.0"/>
    <link:loc xlink:type="locator" xlink:href="../ifrs_20100430/ifrs-cor_2010-04-30.xsd#ifrs_CashAndCashEquivalents" xlink:label="CashAndCashEquivalents" xlink:title="CashAndCashEquivalents"/>
    <link:presentationArc xlink:type="arc" xlink:arcrole="http://www.xbrl.org/2003/arcrole/parent-child" xlink:from="CashAndCashEquivalentsAtEndOfPeriod" xlink:to="CashAndCashEquivalents" xlink:title="presentation: CashAndCashEquivalentsAtEndOfPeriod to CashAndCashEquivalents" use="optional" order="1.0" preferredLabel="http://www.xbrl.org/2003/role/periodEndLabel"/>
    <link:loc xlink:type="locator" xlink:href="tifrs-scf-2015-03-31.xsd#tifrs-SCF_OtherItemsQualifyingForCashAndCashEquivalentsUnderTheDefinitionOfIas7" xlink:label="OtherItemsQualifyingForCashAndCashEquivalentsUnderTheDefinitionOfIas7" xlink:title="OtherItemsQualifyingForCashAndCashEquivalentsUnderTheDefinitionOfIas7"/>
    <link:presentationArc xlink:type="arc" xlink:arcrole="http://www.xbrl.org/2003/arcrole/parent-child" xlink:from="CashAndCashEquivalentsAtEndOfPeriod" xlink:to="OtherItemsQualifyingForCashAndCashEquivalentsUnderTheDefinitionOfIas7" xlink:title="presentation: CashAndCashEquivalentsAtEndOfPeriod to OtherItemsQualifyingForCashAndCashEquivalentsUnderTheDefinitionOfIas7" order="2.0"/>
    <link:loc xlink:type="locator" xlink:href="tifrs-scf-2015-03-31.xsd#tifrs-SCF_CashAndCashEquivalentsAtBeginningOfPeriod" xlink:label="CashAndCashEquivalentsAtBeginningOfPeriod" xlink:title="CashAndCashEquivalentsAtBeginningOfPeriod"/>
    <link:presentationArc xlink:type="arc" xlink:arcrole="http://www.xbrl.org/2003/arcrole/parent-child" xlink:from="StatementOfCashFlowsAbstract" xlink:to="CashAndCashEquivalentsAtBeginningOfPeriod" xlink:title="presentation: StatementOfCashFlowsAbstract to CashAndCashEquivalentsAtBeginningOfPeriod" order="8.0"/>
  </link:presentationLink>
</link:linkbase>
