<?xml version="1.0" encoding="UTF-8"?><!--
        Taxonomy: 2010-04-30 (Final)
        ********************** 
        Copyright © 2010 International Accounting Standards Committee (IASC) Foundation*
        All rights reserved.  No part of this publication may be translated, reprinted or reproduced 
        or utilised in any form either in whole or in part without prior permission in writing from the IASC Foundation.
        For more information on the IASC Foundation’s copyright, please refer to http://www.iasb.org/XBRL/Legal/
        **********************
        *To become IFRS Foundation
    --><link:linkbase xmlns:gen="http://xbrl.org/2008/generic" xmlns:link="http://www.xbrl.org/2003/linkbase" xmlns:ref="http://www.xbrl.org/2006/ref" xmlns:reference="http://xbrl.org/2008/reference" xmlns:xlink="http://www.w3.org/1999/xlink" xmlns:xsi="http://www.w3.org/2001/XMLSchema-instance" xsi:schemaLocation="http://www.xbrl.org/2006/ref http://www.xbrl.org/2006/ref-2006-02-27.xsd http://www.xbrl.org/2003/linkbase http://www.xbrl.org/2003/xbrl-linkbase-2003-12-31.xsd http://xbrl.org/2008/reference http://www.xbrl.org/2008/generic-reference.xsd http://xbrl.org/2008/generic http://www.xbrl.org/2008/generic-link.xsd http://www.w3.org/1999/xlink http://www.xbrl.org/2003/xlink-2003-12-31.xsd">
  <link:roleRef roleURI="http://www.xbrl.org/2008/role/link" xlink:href="http://www.xbrl.org/2008/generic-link.xsd#standard-link-role" xlink:type="simple"/>
  <link:roleRef roleURI="http://www.xbrl.org/2008/role/reference" xlink:href="http://www.xbrl.org/2008/generic-reference.xsd#standard-reference" xlink:type="simple"/>
  <link:arcroleRef arcroleURI="http://xbrl.org/arcrole/2008/element-reference" xlink:href="http://www.xbrl.org/2008/generic-reference.xsd#element-reference" xlink:type="simple"/>
  <gen:link xlink:role="http://www.xbrl.org/2008/role/link" xlink:type="extended">
    <link:loc xlink:href="rol_ifrs_for_smes-dim_2010-04-30.xsd#ifrs_for_smes-dim_role-913000" xlink:label="loc" xlink:type="locator"/>
    <reference:reference xlink:label="loc_4" xlink:role="http://www.xbrl.org/2008/role/reference" xlink:type="resource">
      
      <ref:Name>IFRS for SMEs</ref:Name>
      <ref:IssueDate>2009-07-09</ref:IssueDate>
</reference:reference>
    <gen:arc xlink:arcrole="http://xbrl.org/arcrole/2008/element-reference" xlink:from="loc" xlink:to="loc_4" xlink:type="arc"/>
    <link:loc xlink:href="rol_ifrs_for_smes-dim_2010-04-30.xsd#ifrs_for_smes-dim_role-901000" xlink:label="loc_2" xlink:type="locator"/>
    <gen:arc xlink:arcrole="http://xbrl.org/arcrole/2008/element-reference" xlink:from="loc_2" xlink:to="loc_4" xlink:type="arc"/>
    <link:loc xlink:href="rol_ifrs_for_smes-dim_2010-04-30.xsd#ifrs_for_smes-dim_role-901500" xlink:label="loc_3" xlink:type="locator"/>
    <gen:arc xlink:arcrole="http://xbrl.org/arcrole/2008/element-reference" xlink:from="loc_3" xlink:to="loc_4" xlink:type="arc"/>
  </gen:link>
</link:linkbase>