<?xml version="1.0" encoding="UTF-8"?><!--
        Taxonomy: 2010-04-30 (Final)
        ********************** 
        Copyright © 2010 International Accounting Standards Committee (IASC) Foundation*
        All rights reserved.  No part of this publication may be translated, reprinted or reproduced 
        or utilised in any form either in whole or in part without prior permission in writing from the IASC Foundation.
        For more information on the IASC Foundation’s copyright, please refer to http://www.iasb.org/XBRL/Legal/
        **********************
        *To become IFRS Foundation
    --><link:linkbase xmlns:link="http://www.xbrl.org/2003/linkbase" xmlns:xlink="http://www.w3.org/1999/xlink" xmlns:xsi="http://www.w3.org/2001/XMLSchema-instance" xsi:schemaLocation="http://www.xbrl.org/2003/linkbase http://www.xbrl.org/2003/xbrl-linkbase-2003-12-31.xsd">
  <link:roleRef roleURI="http://xbrl.iasb.org/role/ifrs/ias_40_2010-04-30_role-825100" xlink:href="rol_ias_40_2010-04-30.xsd#ias_40_2010-04-30_role-825100" xlink:type="simple"/>
  <link:calculationLink xlink:role="http://xbrl.iasb.org/role/ifrs/ias_40_2010-04-30_role-825100" xlink:title="[825100] Notes - Investment property" xlink:type="extended">
    <link:loc xlink:href="../../ifrs-cor_2010-04-30.xsd#ifrs_InvestmentProperty" xlink:label="loc" xlink:type="locator"/>
    <link:loc xlink:href="../../ifrs-cor_2010-04-30.xsd#ifrs_InvestmentPropertyGross" xlink:label="loc_3" xlink:type="locator"/>
    <link:calculationArc order="10.0" use="optional" weight="1" xlink:arcrole="http://www.xbrl.org/2003/arcrole/summation-item" xlink:from="loc" xlink:to="loc_3" xlink:type="arc"/>
    <link:loc xlink:href="../../ifrs-cor_2010-04-30.xsd#ifrs_InvestmentPropertyAccumulatedDepreciationAndImpairment" xlink:label="loc_2" xlink:type="locator"/>
    <link:calculationArc order="20.0" use="optional" weight="-1" xlink:arcrole="http://www.xbrl.org/2003/arcrole/summation-item" xlink:from="loc" xlink:to="loc_2" xlink:type="arc"/>
    <link:loc xlink:href="../../ifrs-cor_2010-04-30.xsd#ifrs_ChangesInInvestmentProperty" xlink:label="loc_4" xlink:type="locator"/>
    <link:loc xlink:href="../../ifrs-cor_2010-04-30.xsd#ifrs_IncreaseDecreaseThroughNetExchangeDifferencesInvestmentProperty" xlink:label="loc_6" xlink:type="locator"/>
    <link:calculationArc order="30.0" use="optional" weight="1" xlink:arcrole="http://www.xbrl.org/2003/arcrole/summation-item" xlink:from="loc_4" xlink:to="loc_6" xlink:type="arc"/>
    <link:loc xlink:href="../../ifrs-cor_2010-04-30.xsd#ifrs_AdditionsOtherThanThroughBusinessCombinationsInvestmentProperty" xlink:label="loc_7" xlink:type="locator"/>
    <link:calculationArc order="10.0" use="optional" weight="1" xlink:arcrole="http://www.xbrl.org/2003/arcrole/summation-item" xlink:from="loc_4" xlink:to="loc_7" xlink:type="arc"/>
    <link:loc xlink:href="../../ifrs-cor_2010-04-30.xsd#ifrs_AcquisitionsThroughBusinessCombinationsInvestmentProperty" xlink:label="loc_8" xlink:type="locator"/>
    <link:calculationArc order="20.0" use="optional" weight="1" xlink:arcrole="http://www.xbrl.org/2003/arcrole/summation-item" xlink:from="loc_4" xlink:to="loc_8" xlink:type="arc"/>
    <link:loc xlink:href="../../ifrs-cor_2010-04-30.xsd#ifrs_DisposalsInvestmentProperty" xlink:label="loc_9" xlink:type="locator"/>
    <link:calculationArc order="90.0" use="optional" weight="-1" xlink:arcrole="http://www.xbrl.org/2003/arcrole/summation-item" xlink:from="loc_4" xlink:to="loc_9" xlink:type="arc"/>
    <link:loc xlink:href="../../ifrs-cor_2010-04-30.xsd#ifrs_DecreaseThroughClassifiedAsHeldForSaleInvestmentProperty" xlink:label="loc_10" xlink:type="locator"/>
    <link:calculationArc order="100.0" use="optional" weight="-1" xlink:arcrole="http://www.xbrl.org/2003/arcrole/summation-item" xlink:from="loc_4" xlink:to="loc_10" xlink:type="arc"/>
    <link:loc xlink:href="../../ifrs-cor_2010-04-30.xsd#ifrs_DepreciationInvestmentProperty" xlink:label="loc_11" xlink:type="locator"/>
    <link:calculationArc order="40.0" use="optional" weight="-1" xlink:arcrole="http://www.xbrl.org/2003/arcrole/summation-item" xlink:from="loc_4" xlink:to="loc_11" xlink:type="arc"/>
    <link:loc xlink:href="../../ifrs-cor_2010-04-30.xsd#ifrs_ImpairmentLossRecognisedInProfitOrLossInvestmentProperty" xlink:label="loc_12" xlink:type="locator"/>
    <link:calculationArc order="50.0" use="optional" weight="-1" xlink:arcrole="http://www.xbrl.org/2003/arcrole/summation-item" xlink:from="loc_4" xlink:to="loc_12" xlink:type="arc"/>
    <link:loc xlink:href="../../ifrs-cor_2010-04-30.xsd#ifrs_ReversalOfImpairmentLossRecognisedInProfitOrLossInvestmentProperty" xlink:label="loc_13" xlink:type="locator"/>
    <link:calculationArc order="60.0" use="optional" weight="1" xlink:arcrole="http://www.xbrl.org/2003/arcrole/summation-item" xlink:from="loc_4" xlink:to="loc_13" xlink:type="arc"/>
    <link:loc xlink:href="../../ifrs-cor_2010-04-30.xsd#ifrs_GainsLossesOnFairValueAdjustmentInvestmentProperty" xlink:label="loc_14" xlink:type="locator"/>
    <link:calculationArc order="70.0" use="optional" weight="1" xlink:arcrole="http://www.xbrl.org/2003/arcrole/summation-item" xlink:from="loc_4" xlink:to="loc_14" xlink:type="arc"/>
    <link:loc xlink:href="../../ifrs-cor_2010-04-30.xsd#ifrs_IncreaseDecreaseThroughTransfersAndOtherChangesInvestmentProperty" xlink:label="loc_15" xlink:type="locator"/>
    <link:calculationArc order="80.0" use="optional" weight="1" xlink:arcrole="http://www.xbrl.org/2003/arcrole/summation-item" xlink:from="loc_4" xlink:to="loc_15" xlink:type="arc"/>
    <link:loc xlink:href="../../ifrs-cor_2010-04-30.xsd#ifrs_IncreaseDecreaseThroughOtherChangesInvestmentProperty" xlink:label="loc_5" xlink:type="locator"/>
    <link:calculationArc order="110.0" use="optional" weight="1" xlink:arcrole="http://www.xbrl.org/2003/arcrole/summation-item" xlink:from="loc_4" xlink:to="loc_5" xlink:type="arc"/>
  </link:calculationLink>
</link:linkbase>