<?xml version="1.0" encoding="UTF-8"?>
<!-- Generated by Fujitsu XWand B0184C -->
<link:linkbase xmlns:xsi="http://www.w3.org/2001/XMLSchema-instance" xsi:schemaLocation="http://www.xbrl.org/2003/linkbase http://www.xbrl.org/2003/xbrl-linkbase-2003-12-31.xsd" xmlns:xbrli="http://www.xbrl.org/2003/instance" xmlns:xlink="http://www.w3.org/1999/xlink" xmlns:link="http://www.xbrl.org/2003/linkbase">
  <link:roleRef roleURI="http://www.xbrl.org/tifrs/notes/role/CapitalAdequacyInformation" xlink:type="simple" xlink:href="tifrs-notes-fh-2013-03-31.xsd#RT_1"/>
  <link:roleRef roleURI="http://www.xbrl.org/tifrs/notes/role/AssetQualityOfBankingSubsidiaries" xlink:type="simple" xlink:href="tifrs-notes-fh-2013-03-31.xsd#RT_2"/>
  <link:roleRef roleURI="http://www.xbrl.org/tifrs/notes/role/InformationOnInvesteeCompanies" xlink:type="simple" xlink:href="tifrs-notes-fh-2013-03-31.xsd#RT_4"/>
  <link:roleRef roleURI="http://www.xbrl.org/tifrs/notes/role/InformationRegardingNonPerformingLoansDisposalBySubsidiaries" xlink:type="simple" xlink:href="tifrs-notes-fh-2013-03-31.xsd#RT_3"/>
  <link:roleRef roleURI="http://www.xbrl.org/tifrs/notes/role/InvestmentInMainlandChina" xlink:type="simple" xlink:href="tifrs-notes-fh-2013-03-31.xsd#RT_5"/>
  <link:roleRef roleURI="http://www.xbrl.org/tifrs/notes/role/SummaryOfSignificantAccountingPolicies" xlink:type="simple" xlink:href="../tifrs-notes-2013-03-31.xsd#RT_5"/>
  <link:presentationLink xlink:type="extended" xlink:role="http://www.xbrl.org/tifrs/notes/role/SummaryOfSignificantAccountingPolicies">
    <link:loc xlink:type="locator" xlink:href="../tifrs-notes-2013-03-31.xsd#tifrs-notes_SummaryOfSignificantAccountingPoliciesAbstract" xlink:label="SummaryOfSignificantAccountingPoliciesAbstract" xlink:title="SummaryOfSignificantAccountingPoliciesAbstract"/>
    <link:loc xlink:type="locator" xlink:href="../tifrs-notes-2013-03-31.xsd#tifrs-notes_CashSurrenderValueOfLifeInsuranc" xlink:label="CashSurrenderValueOfLifeInsuranc" xlink:title="CashSurrenderValueOfLifeInsuranc"/>
    <link:presentationArc xlink:type="arc" xlink:arcrole="http://www.xbrl.org/2003/arcrole/parent-child" xlink:from="SummaryOfSignificantAccountingPoliciesAbstract" xlink:to="CashSurrenderValueOfLifeInsuranc" xlink:title="presentation: SummaryOfSignificantAccountingPoliciesAbstract to CashSurrenderValueOfLifeInsuranc" order="14.0"/>
  </link:presentationLink>
  <link:presentationLink xlink:type="extended" xlink:role="http://www.xbrl.org/tifrs/notes/role/CapitalAdequacyInformation">
    <link:loc xlink:type="locator" xlink:href="../tifrs-notes-2013-03-31.xsd#tifrs-notes_CapitalAdequacyInformationAbstract" xlink:label="CapitalAdequacyInformationAbstract" xlink:title="CapitalAdequacyInformationAbstract"/>
    <link:loc xlink:type="locator" xlink:href="../tifrs-notes-2013-03-31.xsd#tifrs-notes_GroupCapitalAdequacyRatioAbstract" xlink:label="GroupCapitalAdequacyRatioAbstract" xlink:title="GroupCapitalAdequacyRatioAbstract"/>
    <link:presentationArc xlink:type="arc" xlink:arcrole="http://www.xbrl.org/2003/arcrole/parent-child" xlink:from="CapitalAdequacyInformationAbstract" xlink:to="GroupCapitalAdequacyRatioAbstract" xlink:title="presentation: CapitalAdequacyInformationAbstract to GroupCapitalAdequacyRatioAbstract" order="1.0"/>
    <link:loc xlink:type="locator" xlink:href="../tifrs-notes-2013-03-31.xsd#tifrs-notes_GroupCapitalAdequacyRatioTuple" xlink:label="GroupCapitalAdequacyRatioTuple" xlink:title="GroupCapitalAdequacyRatioTuple"/>
    <link:presentationArc xlink:type="arc" xlink:arcrole="http://www.xbrl.org/2003/arcrole/parent-child" xlink:from="GroupCapitalAdequacyRatioAbstract" xlink:to="GroupCapitalAdequacyRatioTuple" xlink:title="presentation: GroupCapitalAdequacyRatioAbstract to GroupCapitalAdequacyRatioTuple" order="1.0"/>
    <link:loc xlink:type="locator" xlink:href="../tifrs-notes-2013-03-31.xsd#tifrs-notes_NameOfTheCompany" xlink:label="NameOfTheCompany" xlink:title="NameOfTheCompany"/>
    <link:presentationArc xlink:type="arc" xlink:arcrole="http://www.xbrl.org/2003/arcrole/parent-child" xlink:from="GroupCapitalAdequacyRatioTuple" xlink:to="NameOfTheCompany" xlink:title="presentation: GroupCapitalAdequacyRatioTuple to NameOfTheCompany" order="1.0"/>
    <link:loc xlink:type="locator" xlink:href="../tifrs-notes-2013-03-31.xsd#tifrs-notes_PercentageOfOwnershipByTheFinancialHoldingCompany" xlink:label="PercentageOfOwnershipByTheFinancialHoldingCompany" xlink:title="PercentageOfOwnershipByTheFinancialHoldingCompany"/>
    <link:presentationArc xlink:type="arc" xlink:arcrole="http://www.xbrl.org/2003/arcrole/parent-child" xlink:from="GroupCapitalAdequacyRatioTuple" xlink:to="PercentageOfOwnershipByTheFinancialHoldingCompany" xlink:title="presentation: GroupCapitalAdequacyRatioTuple to PercentageOfOwnershipByTheFinancialHoldingCompany" order="2.0"/>
    <link:loc xlink:type="locator" xlink:href="../tifrs-notes-2013-03-31.xsd#tifrs-notes_GroupEligibleCapital" xlink:label="GroupEligibleCapital" xlink:title="GroupEligibleCapital"/>
    <link:presentationArc xlink:type="arc" xlink:arcrole="http://www.xbrl.org/2003/arcrole/parent-child" xlink:from="GroupCapitalAdequacyRatioTuple" xlink:to="GroupEligibleCapital" xlink:title="presentation: GroupCapitalAdequacyRatioTuple to GroupEligibleCapital" order="3.0"/>
    <link:loc xlink:type="locator" xlink:href="../tifrs-notes-2013-03-31.xsd#tifrs-notes_GroupStatutoryCapitalRequirement" xlink:label="GroupStatutoryCapitalRequirement" xlink:title="GroupStatutoryCapitalRequirement"/>
    <link:presentationArc xlink:type="arc" xlink:arcrole="http://www.xbrl.org/2003/arcrole/parent-child" xlink:from="GroupCapitalAdequacyRatioTuple" xlink:to="GroupStatutoryCapitalRequirement" xlink:title="presentation: GroupCapitalAdequacyRatioTuple to GroupStatutoryCapitalRequirement" order="4.0"/>
    <link:loc xlink:type="locator" xlink:href="../tifrs-notes-2013-03-31.xsd#tifrs-notes_GroupEligibleCapital-Deduction" xlink:label="GroupEligibleCapital-Deduction" xlink:title="GroupEligibleCapital-Deduction"/>
    <link:presentationArc xlink:type="arc" xlink:arcrole="http://www.xbrl.org/2003/arcrole/parent-child" xlink:from="GroupCapitalAdequacyRatioAbstract" xlink:to="GroupEligibleCapital-Deduction" xlink:title="presentation: GroupCapitalAdequacyRatioAbstract to GroupEligibleCapital-Deduction" order="2.0"/>
    <link:loc xlink:type="locator" xlink:href="../tifrs-notes-2013-03-31.xsd#tifrs-notes_GroupStatutoryCapitalRequirement-Deduction" xlink:label="GroupStatutoryCapitalRequirement-Deduction" xlink:title="GroupStatutoryCapitalRequirement-Deduction"/>
    <link:presentationArc xlink:type="arc" xlink:arcrole="http://www.xbrl.org/2003/arcrole/parent-child" xlink:from="GroupCapitalAdequacyRatioAbstract" xlink:to="GroupStatutoryCapitalRequirement-Deduction" xlink:title="presentation: GroupCapitalAdequacyRatioAbstract to GroupStatutoryCapitalRequirement-Deduction" order="3.0"/>
    <link:loc xlink:type="locator" xlink:href="../tifrs-notes-2013-03-31.xsd#tifrs-notes_GroupEligibleCapital-Subtotal" xlink:label="GroupEligibleCapital-Subtotal" xlink:title="GroupEligibleCapital-Subtotal"/>
    <link:presentationArc xlink:type="arc" xlink:arcrole="http://www.xbrl.org/2003/arcrole/parent-child" xlink:from="GroupCapitalAdequacyRatioAbstract" xlink:to="GroupEligibleCapital-Subtotal" xlink:title="presentation: GroupCapitalAdequacyRatioAbstract to GroupEligibleCapital-Subtotal" order="4.0"/>
    <link:loc xlink:type="locator" xlink:href="../tifrs-notes-2013-03-31.xsd#tifrs-notes_GroupStatutoryCapitalRequirement-Subtotal" xlink:label="GroupStatutoryCapitalRequirement-Subtotal" xlink:title="GroupStatutoryCapitalRequirement-Subtotal"/>
    <link:presentationArc xlink:type="arc" xlink:arcrole="http://www.xbrl.org/2003/arcrole/parent-child" xlink:from="GroupCapitalAdequacyRatioAbstract" xlink:to="GroupStatutoryCapitalRequirement-Subtotal" xlink:title="presentation: GroupCapitalAdequacyRatioAbstract to GroupStatutoryCapitalRequirement-Subtotal" order="5.0"/>
    <link:loc xlink:type="locator" xlink:href="../tifrs-notes-2013-03-31.xsd#tifrs-notes_GroupCapitalAdequacyRatio" xlink:label="GroupCapitalAdequacyRatio" xlink:title="GroupCapitalAdequacyRatio"/>
    <link:presentationArc xlink:type="arc" xlink:arcrole="http://www.xbrl.org/2003/arcrole/parent-child" xlink:from="GroupCapitalAdequacyRatioAbstract" xlink:to="GroupCapitalAdequacyRatio" xlink:title="presentation: GroupCapitalAdequacyRatioAbstract to GroupCapitalAdequacyRatio" order="6.0"/>
    <link:loc xlink:type="locator" xlink:href="../tifrs-notes-2013-03-31.xsd#tifrs-notes_FinancialHoldingCompanyEligibleCapitalAbstract" xlink:label="FinancialHoldingCompanyEligibleCapitalAbstract" xlink:title="FinancialHoldingCompanyEligibleCapitalAbstract"/>
    <link:presentationArc xlink:type="arc" xlink:arcrole="http://www.xbrl.org/2003/arcrole/parent-child" xlink:from="CapitalAdequacyInformationAbstract" xlink:to="FinancialHoldingCompanyEligibleCapitalAbstract" xlink:title="presentation: CapitalAdequacyInformationAbstract to FinancialHoldingCompanyEligibleCapitalAbstract" order="2.0"/>
    <link:loc xlink:type="locator" xlink:href="../tifrs-notes-2013-03-31.xsd#tifrs-notes_OrdinaryShare" xlink:label="OrdinaryShare" xlink:title="OrdinaryShare"/>
    <link:presentationArc xlink:type="arc" xlink:arcrole="http://www.xbrl.org/2003/arcrole/parent-child" xlink:from="FinancialHoldingCompanyEligibleCapitalAbstract" xlink:to="OrdinaryShare" xlink:title="presentation: FinancialHoldingCompanyEligibleCapitalAbstract to OrdinaryShare" order="1.0"/>
    <link:loc xlink:type="locator" xlink:href="../tifrs-notes-2013-03-31.xsd#tifrs-notes_EquityInstrumentsWhichComplyWithEligibleTierICapital" xlink:label="EquityInstrumentsWhichComplyWithEligibleTierICapital" xlink:title="EquityInstrumentsWhichComplyWithEligibleTierICapital"/>
    <link:presentationArc xlink:type="arc" xlink:arcrole="http://www.xbrl.org/2003/arcrole/parent-child" xlink:from="FinancialHoldingCompanyEligibleCapitalAbstract" xlink:to="EquityInstrumentsWhichComplyWithEligibleTierICapital" xlink:title="presentation: FinancialHoldingCompanyEligibleCapitalAbstract to EquityInstrumentsWhichComplyWithEligibleTierICapital" order="2.0"/>
    <link:loc xlink:type="locator" xlink:href="../tifrs-notes-2013-03-31.xsd#tifrs-notes_OtherPreferredStocksAndSubordinatedBonds" xlink:label="OtherPreferredStocksAndSubordinatedBonds" xlink:title="OtherPreferredStocksAndSubordinatedBonds"/>
    <link:presentationArc xlink:type="arc" xlink:arcrole="http://www.xbrl.org/2003/arcrole/parent-child" xlink:from="FinancialHoldingCompanyEligibleCapitalAbstract" xlink:to="OtherPreferredStocksAndSubordinatedBonds" xlink:title="presentation: FinancialHoldingCompanyEligibleCapitalAbstract to OtherPreferredStocksAndSubordinatedBonds" order="3.0"/>
    <link:loc xlink:type="locator" xlink:href="../tifrs-notes-2013-03-31.xsd#tifrs-notes_AdvancedReceiptsForCapitalStock" xlink:label="AdvancedReceiptsForCapitalStock" xlink:title="AdvancedReceiptsForCapitalStock"/>
    <link:presentationArc xlink:type="arc" xlink:arcrole="http://www.xbrl.org/2003/arcrole/parent-child" xlink:from="FinancialHoldingCompanyEligibleCapitalAbstract" xlink:to="AdvancedReceiptsForCapitalStock" xlink:title="presentation: FinancialHoldingCompanyEligibleCapitalAbstract to AdvancedReceiptsForCapitalStock" order="4.0"/>
    <link:loc xlink:type="locator" xlink:href="../tifrs-notes-2013-03-31.xsd#tifrs-notes_CapitalSurplus" xlink:label="CapitalSurplus" xlink:title="CapitalSurplus"/>
    <link:presentationArc xlink:type="arc" xlink:arcrole="http://www.xbrl.org/2003/arcrole/parent-child" xlink:from="FinancialHoldingCompanyEligibleCapitalAbstract" xlink:to="CapitalSurplus" xlink:title="presentation: FinancialHoldingCompanyEligibleCapitalAbstract to CapitalSurplus" order="5.0"/>
    <link:loc xlink:type="locator" xlink:href="../tifrs-notes-2013-03-31.xsd#tifrs-notes_LegalReserve" xlink:label="LegalReserve" xlink:title="LegalReserve"/>
    <link:presentationArc xlink:type="arc" xlink:arcrole="http://www.xbrl.org/2003/arcrole/parent-child" xlink:from="FinancialHoldingCompanyEligibleCapitalAbstract" xlink:to="LegalReserve" xlink:title="presentation: FinancialHoldingCompanyEligibleCapitalAbstract to LegalReserve" order="6.0"/>
    <link:loc xlink:type="locator" xlink:href="../tifrs-notes-2013-03-31.xsd#tifrs-notes_SpecialReserve" xlink:label="SpecialReserve" xlink:title="SpecialReserve"/>
    <link:presentationArc xlink:type="arc" xlink:arcrole="http://www.xbrl.org/2003/arcrole/parent-child" xlink:from="FinancialHoldingCompanyEligibleCapitalAbstract" xlink:to="SpecialReserve" xlink:title="presentation: FinancialHoldingCompanyEligibleCapitalAbstract to SpecialReserve" order="7.0"/>
    <link:loc xlink:type="locator" xlink:href="../tifrs-notes-2013-03-31.xsd#tifrs-notes_RetainedEarnings" xlink:label="RetainedEarnings" xlink:title="RetainedEarnings"/>
    <link:presentationArc xlink:type="arc" xlink:arcrole="http://www.xbrl.org/2003/arcrole/parent-child" xlink:from="FinancialHoldingCompanyEligibleCapitalAbstract" xlink:to="RetainedEarnings" xlink:title="presentation: FinancialHoldingCompanyEligibleCapitalAbstract to RetainedEarnings" order="8.0"/>
    <link:loc xlink:type="locator" xlink:href="../tifrs-notes-2013-03-31.xsd#tifrs-notes_EquityAdjustments" xlink:label="EquityAdjustments" xlink:title="EquityAdjustments"/>
    <link:presentationArc xlink:type="arc" xlink:arcrole="http://www.xbrl.org/2003/arcrole/parent-child" xlink:from="FinancialHoldingCompanyEligibleCapitalAbstract" xlink:to="EquityAdjustments" xlink:title="presentation: FinancialHoldingCompanyEligibleCapitalAbstract to EquityAdjustments" order="9.0"/>
    <link:loc xlink:type="locator" xlink:href="../tifrs-notes-2013-03-31.xsd#tifrs-notes_LessDeduction" xlink:label="LessDeduction" xlink:title="LessDeduction"/>
    <link:presentationArc xlink:type="arc" xlink:arcrole="http://www.xbrl.org/2003/arcrole/parent-child" xlink:from="FinancialHoldingCompanyEligibleCapitalAbstract" xlink:to="LessDeduction" xlink:title="presentation: FinancialHoldingCompanyEligibleCapitalAbstract to LessDeduction" order="10.0"/>
    <link:loc xlink:type="locator" xlink:href="../tifrs-notes-2013-03-31.xsd#tifrs-notes_TotalEligibleCapital" xlink:label="TotalEligibleCapital" xlink:title="TotalEligibleCapital"/>
    <link:presentationArc xlink:type="arc" xlink:arcrole="http://www.xbrl.org/2003/arcrole/parent-child" xlink:from="FinancialHoldingCompanyEligibleCapitalAbstract" xlink:to="TotalEligibleCapital" xlink:title="presentation: FinancialHoldingCompanyEligibleCapitalAbstract to TotalEligibleCapital" order="11.0"/>
  </link:presentationLink>
  <link:presentationLink xlink:type="extended" xlink:role="http://www.xbrl.org/tifrs/notes/role/AssetQualityOfBankingSubsidiaries">
    <link:loc xlink:type="locator" xlink:href="../tifrs-notes-2013-03-31.xsd#tifrs-notes_AssetQualityForBankSubsidiariesAbstract" xlink:label="AssetQualityForBankSubsidiariesAbstract" xlink:title="AssetQualityForBankSubsidiariesAbstract"/>
    <link:loc xlink:type="locator" xlink:href="../tifrs-notes-2013-03-31.xsd#tifrs-notes_NonPerformingLoansAbstract" xlink:label="NonPerformingLoansAbstract" xlink:title="NonPerformingLoansAbstract"/>
    <link:presentationArc xlink:type="arc" xlink:arcrole="http://www.xbrl.org/2003/arcrole/parent-child" xlink:from="AssetQualityForBankSubsidiariesAbstract" xlink:to="NonPerformingLoansAbstract" xlink:title="presentation: AssetQualityForBankSubsidiariesAbstract to NonPerformingLoansAbstract" order="1.0"/>
    <link:loc xlink:type="locator" xlink:href="../tifrs-notes-2013-03-31.xsd#tifrs-notes_NonPerformingLoans" xlink:label="NonPerformingLoans" xlink:title="NonPerformingLoans"/>
    <link:presentationArc xlink:type="arc" xlink:arcrole="http://www.xbrl.org/2003/arcrole/parent-child" xlink:from="NonPerformingLoansAbstract" xlink:to="NonPerformingLoans" xlink:title="presentation: NonPerformingLoansAbstract to NonPerformingLoans" order="1.0"/>
    <link:loc xlink:type="locator" xlink:href="../tifrs-notes-2013-03-31.xsd#tifrs-notes_NameOfTheCompany" xlink:label="NameOfTheCompany" xlink:title="NameOfTheCompany"/>
    <link:presentationArc xlink:type="arc" xlink:arcrole="http://www.xbrl.org/2003/arcrole/parent-child" xlink:from="NonPerformingLoans" xlink:to="NameOfTheCompany" xlink:title="presentation: NonPerformingLoans to NameOfTheCompany" order="1.0"/>
    <link:loc xlink:type="locator" xlink:href="../tifrs-notes-2013-03-31.xsd#tifrs-notes_CorporateFinance" xlink:label="CorporateFinance" xlink:title="CorporateFinance"/>
    <link:presentationArc xlink:type="arc" xlink:arcrole="http://www.xbrl.org/2003/arcrole/parent-child" xlink:from="NonPerformingLoans" xlink:to="CorporateFinance" xlink:title="presentation: NonPerformingLoans to CorporateFinance" order="2.0"/>
    <link:loc xlink:type="locator" xlink:href="../tifrs-notes-2013-03-31.xsd#tifrs-notes_Secured-CorporateFinance" xlink:label="Secured-CorporateFinance" xlink:title="Secured-CorporateFinance"/>
    <link:presentationArc xlink:type="arc" xlink:arcrole="http://www.xbrl.org/2003/arcrole/parent-child" xlink:from="CorporateFinance" xlink:to="Secured-CorporateFinance" xlink:title="presentation: CorporateFinance to Secured-CorporateFinance" order="1.0"/>
    <link:loc xlink:type="locator" xlink:href="../tifrs-notes-2013-03-31.xsd#tifrs-notes_AmountOfNon-PerformingLoans" xlink:label="AmountOfNon-PerformingLoans" xlink:title="AmountOfNon-PerformingLoans"/>
    <link:presentationArc xlink:type="arc" xlink:arcrole="http://www.xbrl.org/2003/arcrole/parent-child" xlink:from="Secured-CorporateFinance" xlink:to="AmountOfNon-PerformingLoans" xlink:title="presentation: Secured-CorporateFinance to AmountOfNon-PerformingLoans" order="1.0"/>
    <link:loc xlink:type="locator" xlink:href="../tifrs-notes-2013-03-31.xsd#tifrs-notes_GrossLoans" xlink:label="GrossLoans" xlink:title="GrossLoans"/>
    <link:presentationArc xlink:type="arc" xlink:arcrole="http://www.xbrl.org/2003/arcrole/parent-child" xlink:from="Secured-CorporateFinance" xlink:to="GrossLoans" xlink:title="presentation: Secured-CorporateFinance to GrossLoans" order="2.0"/>
    <link:loc xlink:type="locator" xlink:href="../tifrs-notes-2013-03-31.xsd#tifrs-notes_Non-PerformingLoansRatio" xlink:label="Non-PerformingLoansRatio" xlink:title="Non-PerformingLoansRatio"/>
    <link:presentationArc xlink:type="arc" xlink:arcrole="http://www.xbrl.org/2003/arcrole/parent-child" xlink:from="Secured-CorporateFinance" xlink:to="Non-PerformingLoansRatio" xlink:title="presentation: Secured-CorporateFinance to Non-PerformingLoansRatio" order="3.0"/>
    <link:loc xlink:type="locator" xlink:href="../tifrs-notes-2013-03-31.xsd#tifrs-notes_AllowanceForBadDebts-AssetQualityForBankSubsidiaries" xlink:label="AllowanceForBadDebts-AssetQualityForBankSubsidiaries" xlink:title="AllowanceForBadDebts-AssetQualityForBankSubsidiaries"/>
    <link:presentationArc xlink:type="arc" xlink:arcrole="http://www.xbrl.org/2003/arcrole/parent-child" xlink:from="Secured-CorporateFinance" xlink:to="AllowanceForBadDebts-AssetQualityForBankSubsidiaries" xlink:title="presentation: Secured-CorporateFinance to AllowanceForBadDebts-AssetQualityForBankSubsidiaries" order="4.0"/>
    <link:loc xlink:type="locator" xlink:href="../tifrs-notes-2013-03-31.xsd#tifrs-notes_CoverageRatio" xlink:label="CoverageRatio" xlink:title="CoverageRatio"/>
    <link:presentationArc xlink:type="arc" xlink:arcrole="http://www.xbrl.org/2003/arcrole/parent-child" xlink:from="Secured-CorporateFinance" xlink:to="CoverageRatio" xlink:title="presentation: Secured-CorporateFinance to CoverageRatio" order="5.0"/>
    <link:loc xlink:type="locator" xlink:href="../tifrs-notes-2013-03-31.xsd#tifrs-notes_Unsecured-CorporateFinance" xlink:label="Unsecured-CorporateFinance" xlink:title="Unsecured-CorporateFinance"/>
    <link:presentationArc xlink:type="arc" xlink:arcrole="http://www.xbrl.org/2003/arcrole/parent-child" xlink:from="CorporateFinance" xlink:to="Unsecured-CorporateFinance" xlink:title="presentation: CorporateFinance to Unsecured-CorporateFinance" order="2.0"/>
    <link:presentationArc xlink:type="arc" xlink:arcrole="http://www.xbrl.org/2003/arcrole/parent-child" xlink:from="Unsecured-CorporateFinance" xlink:to="AmountOfNon-PerformingLoans" xlink:title="presentation: Unsecured-CorporateFinance to AmountOfNon-PerformingLoans" order="1.0"/>
    <link:presentationArc xlink:type="arc" xlink:arcrole="http://www.xbrl.org/2003/arcrole/parent-child" xlink:from="Unsecured-CorporateFinance" xlink:to="GrossLoans" xlink:title="presentation: Unsecured-CorporateFinance to GrossLoans" order="2.0"/>
    <link:presentationArc xlink:type="arc" xlink:arcrole="http://www.xbrl.org/2003/arcrole/parent-child" xlink:from="Unsecured-CorporateFinance" xlink:to="Non-PerformingLoansRatio" xlink:title="presentation: Unsecured-CorporateFinance to Non-PerformingLoansRatio" order="3.0"/>
    <link:presentationArc xlink:type="arc" xlink:arcrole="http://www.xbrl.org/2003/arcrole/parent-child" xlink:from="Unsecured-CorporateFinance" xlink:to="AllowanceForBadDebts-AssetQualityForBankSubsidiaries" xlink:title="presentation: Unsecured-CorporateFinance to AllowanceForBadDebts-AssetQualityForBankSubsidiaries" order="4.0"/>
    <link:presentationArc xlink:type="arc" xlink:arcrole="http://www.xbrl.org/2003/arcrole/parent-child" xlink:from="Unsecured-CorporateFinance" xlink:to="CoverageRatio" xlink:title="presentation: Unsecured-CorporateFinance to CoverageRatio" order="5.0"/>
    <link:loc xlink:type="locator" xlink:href="../tifrs-notes-2013-03-31.xsd#tifrs-notes_ConsumerFinance" xlink:label="ConsumerFinance" xlink:title="ConsumerFinance"/>
    <link:presentationArc xlink:type="arc" xlink:arcrole="http://www.xbrl.org/2003/arcrole/parent-child" xlink:from="NonPerformingLoans" xlink:to="ConsumerFinance" xlink:title="presentation: NonPerformingLoans to ConsumerFinance" order="3.0"/>
    <link:loc xlink:type="locator" xlink:href="../tifrs-notes-2013-03-31.xsd#tifrs-notes_ResidentialMortgage-ConsumerFinance" xlink:label="ResidentialMortgage-ConsumerFinance" xlink:title="ResidentialMortgage-ConsumerFinance"/>
    <link:presentationArc xlink:type="arc" xlink:arcrole="http://www.xbrl.org/2003/arcrole/parent-child" xlink:from="ConsumerFinance" xlink:to="ResidentialMortgage-ConsumerFinance" xlink:title="presentation: ConsumerFinance to ResidentialMortgage-ConsumerFinance" order="1.0"/>
    <link:presentationArc xlink:type="arc" xlink:arcrole="http://www.xbrl.org/2003/arcrole/parent-child" xlink:from="ResidentialMortgage-ConsumerFinance" xlink:to="AmountOfNon-PerformingLoans" xlink:title="presentation: ResidentialMortgage-ConsumerFinance to AmountOfNon-PerformingLoans" order="1.0"/>
    <link:presentationArc xlink:type="arc" xlink:arcrole="http://www.xbrl.org/2003/arcrole/parent-child" xlink:from="ResidentialMortgage-ConsumerFinance" xlink:to="GrossLoans" xlink:title="presentation: ResidentialMortgage-ConsumerFinance to GrossLoans" order="2.0"/>
    <link:presentationArc xlink:type="arc" xlink:arcrole="http://www.xbrl.org/2003/arcrole/parent-child" xlink:from="ResidentialMortgage-ConsumerFinance" xlink:to="Non-PerformingLoansRatio" xlink:title="presentation: ResidentialMortgage-ConsumerFinance to Non-PerformingLoansRatio" order="3.0"/>
    <link:presentationArc xlink:type="arc" xlink:arcrole="http://www.xbrl.org/2003/arcrole/parent-child" xlink:from="ResidentialMortgage-ConsumerFinance" xlink:to="AllowanceForBadDebts-AssetQualityForBankSubsidiaries" xlink:title="presentation: ResidentialMortgage-ConsumerFinance to AllowanceForBadDebts-AssetQualityForBankSubsidiaries" order="4.0"/>
    <link:presentationArc xlink:type="arc" xlink:arcrole="http://www.xbrl.org/2003/arcrole/parent-child" xlink:from="ResidentialMortgage-ConsumerFinance" xlink:to="CoverageRatio" xlink:title="presentation: ResidentialMortgage-ConsumerFinance to CoverageRatio" order="5.0"/>
    <link:loc xlink:type="locator" xlink:href="../tifrs-notes-2013-03-31.xsd#tifrs-notes_CashCard-ConsumerFinance" xlink:label="CashCard-ConsumerFinance" xlink:title="CashCard-ConsumerFinance"/>
    <link:presentationArc xlink:type="arc" xlink:arcrole="http://www.xbrl.org/2003/arcrole/parent-child" xlink:from="ConsumerFinance" xlink:to="CashCard-ConsumerFinance" xlink:title="presentation: ConsumerFinance to CashCard-ConsumerFinance" order="2.0"/>
    <link:presentationArc xlink:type="arc" xlink:arcrole="http://www.xbrl.org/2003/arcrole/parent-child" xlink:from="CashCard-ConsumerFinance" xlink:to="AmountOfNon-PerformingLoans" xlink:title="presentation: CashCard-ConsumerFinance to AmountOfNon-PerformingLoans" order="1.0"/>
    <link:presentationArc xlink:type="arc" xlink:arcrole="http://www.xbrl.org/2003/arcrole/parent-child" xlink:from="CashCard-ConsumerFinance" xlink:to="GrossLoans" xlink:title="presentation: CashCard-ConsumerFinance to GrossLoans" order="2.0"/>
    <link:presentationArc xlink:type="arc" xlink:arcrole="http://www.xbrl.org/2003/arcrole/parent-child" xlink:from="CashCard-ConsumerFinance" xlink:to="Non-PerformingLoansRatio" xlink:title="presentation: CashCard-ConsumerFinance to Non-PerformingLoansRatio" order="3.0"/>
    <link:presentationArc xlink:type="arc" xlink:arcrole="http://www.xbrl.org/2003/arcrole/parent-child" xlink:from="CashCard-ConsumerFinance" xlink:to="AllowanceForBadDebts-AssetQualityForBankSubsidiaries" xlink:title="presentation: CashCard-ConsumerFinance to AllowanceForBadDebts-AssetQualityForBankSubsidiaries" order="4.0"/>
    <link:presentationArc xlink:type="arc" xlink:arcrole="http://www.xbrl.org/2003/arcrole/parent-child" xlink:from="CashCard-ConsumerFinance" xlink:to="CoverageRatio" xlink:title="presentation: CashCard-ConsumerFinance to CoverageRatio" order="5.0"/>
    <link:loc xlink:type="locator" xlink:href="../tifrs-notes-2013-03-31.xsd#tifrs-notes_SmallAmountOfCreditLoans-ConsumerFinance" xlink:label="SmallAmountOfCreditLoans-ConsumerFinance" xlink:title="SmallAmountOfCreditLoans-ConsumerFinance"/>
    <link:presentationArc xlink:type="arc" xlink:arcrole="http://www.xbrl.org/2003/arcrole/parent-child" xlink:from="ConsumerFinance" xlink:to="SmallAmountOfCreditLoans-ConsumerFinance" xlink:title="presentation: ConsumerFinance to SmallAmountOfCreditLoans-ConsumerFinance" order="3.0"/>
    <link:presentationArc xlink:type="arc" xlink:arcrole="http://www.xbrl.org/2003/arcrole/parent-child" xlink:from="SmallAmountOfCreditLoans-ConsumerFinance" xlink:to="AmountOfNon-PerformingLoans" xlink:title="presentation: SmallAmountOfCreditLoans-ConsumerFinance to AmountOfNon-PerformingLoans" order="1.0"/>
    <link:presentationArc xlink:type="arc" xlink:arcrole="http://www.xbrl.org/2003/arcrole/parent-child" xlink:from="SmallAmountOfCreditLoans-ConsumerFinance" xlink:to="GrossLoans" xlink:title="presentation: SmallAmountOfCreditLoans-ConsumerFinance to GrossLoans" order="2.0"/>
    <link:presentationArc xlink:type="arc" xlink:arcrole="http://www.xbrl.org/2003/arcrole/parent-child" xlink:from="SmallAmountOfCreditLoans-ConsumerFinance" xlink:to="Non-PerformingLoansRatio" xlink:title="presentation: SmallAmountOfCreditLoans-ConsumerFinance to Non-PerformingLoansRatio" order="3.0"/>
    <link:presentationArc xlink:type="arc" xlink:arcrole="http://www.xbrl.org/2003/arcrole/parent-child" xlink:from="SmallAmountOfCreditLoans-ConsumerFinance" xlink:to="AllowanceForBadDebts-AssetQualityForBankSubsidiaries" xlink:title="presentation: SmallAmountOfCreditLoans-ConsumerFinance to AllowanceForBadDebts-AssetQualityForBankSubsidiaries" order="4.0"/>
    <link:presentationArc xlink:type="arc" xlink:arcrole="http://www.xbrl.org/2003/arcrole/parent-child" xlink:from="SmallAmountOfCreditLoans-ConsumerFinance" xlink:to="CoverageRatio" xlink:title="presentation: SmallAmountOfCreditLoans-ConsumerFinance to CoverageRatio" order="5.0"/>
    <link:loc xlink:type="locator" xlink:href="../tifrs-notes-2013-03-31.xsd#tifrs-notes_OthersSecuredUnsecured-ConsumerFinance" xlink:label="OthersSecuredUnsecured-ConsumerFinance" xlink:title="OthersSecuredUnsecured-ConsumerFinance"/>
    <link:presentationArc xlink:type="arc" xlink:arcrole="http://www.xbrl.org/2003/arcrole/parent-child" xlink:from="ConsumerFinance" xlink:to="OthersSecuredUnsecured-ConsumerFinance" xlink:title="presentation: ConsumerFinance to OthersSecuredUnsecured-ConsumerFinance" order="4.0"/>
    <link:presentationArc xlink:type="arc" xlink:arcrole="http://www.xbrl.org/2003/arcrole/parent-child" xlink:from="OthersSecuredUnsecured-ConsumerFinance" xlink:to="AmountOfNon-PerformingLoans" xlink:title="presentation: OthersSecuredUnsecured-ConsumerFinance to AmountOfNon-PerformingLoans" order="1.0"/>
    <link:presentationArc xlink:type="arc" xlink:arcrole="http://www.xbrl.org/2003/arcrole/parent-child" xlink:from="OthersSecuredUnsecured-ConsumerFinance" xlink:to="GrossLoans" xlink:title="presentation: OthersSecuredUnsecured-ConsumerFinance to GrossLoans" order="2.0"/>
    <link:presentationArc xlink:type="arc" xlink:arcrole="http://www.xbrl.org/2003/arcrole/parent-child" xlink:from="OthersSecuredUnsecured-ConsumerFinance" xlink:to="Non-PerformingLoansRatio" xlink:title="presentation: OthersSecuredUnsecured-ConsumerFinance to Non-PerformingLoansRatio" order="3.0"/>
    <link:presentationArc xlink:type="arc" xlink:arcrole="http://www.xbrl.org/2003/arcrole/parent-child" xlink:from="OthersSecuredUnsecured-ConsumerFinance" xlink:to="AllowanceForBadDebts-AssetQualityForBankSubsidiaries" xlink:title="presentation: OthersSecuredUnsecured-ConsumerFinance to AllowanceForBadDebts-AssetQualityForBankSubsidiaries" order="4.0"/>
    <link:presentationArc xlink:type="arc" xlink:arcrole="http://www.xbrl.org/2003/arcrole/parent-child" xlink:from="OthersSecuredUnsecured-ConsumerFinance" xlink:to="CoverageRatio" xlink:title="presentation: OthersSecuredUnsecured-ConsumerFinance to CoverageRatio" order="5.0"/>
    <link:loc xlink:type="locator" xlink:href="../tifrs-notes-2013-03-31.xsd#tifrs-notes_TotalLoans" xlink:label="TotalLoans" xlink:title="TotalLoans"/>
    <link:presentationArc xlink:type="arc" xlink:arcrole="http://www.xbrl.org/2003/arcrole/parent-child" xlink:from="NonPerformingLoans" xlink:to="TotalLoans" xlink:title="presentation: NonPerformingLoans to TotalLoans" order="4.0"/>
    <link:presentationArc xlink:type="arc" xlink:arcrole="http://www.xbrl.org/2003/arcrole/parent-child" xlink:from="TotalLoans" xlink:to="AmountOfNon-PerformingLoans" xlink:title="presentation: TotalLoans to AmountOfNon-PerformingLoans" order="1.0"/>
    <link:presentationArc xlink:type="arc" xlink:arcrole="http://www.xbrl.org/2003/arcrole/parent-child" xlink:from="TotalLoans" xlink:to="GrossLoans" xlink:title="presentation: TotalLoans to GrossLoans" order="2.0"/>
    <link:presentationArc xlink:type="arc" xlink:arcrole="http://www.xbrl.org/2003/arcrole/parent-child" xlink:from="TotalLoans" xlink:to="Non-PerformingLoansRatio" xlink:title="presentation: TotalLoans to Non-PerformingLoansRatio" order="3.0"/>
    <link:presentationArc xlink:type="arc" xlink:arcrole="http://www.xbrl.org/2003/arcrole/parent-child" xlink:from="TotalLoans" xlink:to="AllowanceForBadDebts-AssetQualityForBankSubsidiaries" xlink:title="presentation: TotalLoans to AllowanceForBadDebts-AssetQualityForBankSubsidiaries" order="4.0"/>
    <link:presentationArc xlink:type="arc" xlink:arcrole="http://www.xbrl.org/2003/arcrole/parent-child" xlink:from="TotalLoans" xlink:to="CoverageRatio" xlink:title="presentation: TotalLoans to CoverageRatio" order="5.0"/>
    <link:loc xlink:type="locator" xlink:href="../tifrs-notes-2013-03-31.xsd#tifrs-notes_NonPerformingReceivablesAbstract" xlink:label="NonPerformingReceivablesAbstract" xlink:title="NonPerformingReceivablesAbstract"/>
    <link:presentationArc xlink:type="arc" xlink:arcrole="http://www.xbrl.org/2003/arcrole/parent-child" xlink:from="AssetQualityForBankSubsidiariesAbstract" xlink:to="NonPerformingReceivablesAbstract" xlink:title="presentation: AssetQualityForBankSubsidiariesAbstract to NonPerformingReceivablesAbstract" order="2.0"/>
    <link:loc xlink:type="locator" xlink:href="../tifrs-notes-2013-03-31.xsd#tifrs-notes_NonPerformingReceivables" xlink:label="NonPerformingReceivables" xlink:title="NonPerformingReceivables"/>
    <link:presentationArc xlink:type="arc" xlink:arcrole="http://www.xbrl.org/2003/arcrole/parent-child" xlink:from="NonPerformingReceivablesAbstract" xlink:to="NonPerformingReceivables" xlink:title="presentation: NonPerformingReceivablesAbstract to NonPerformingReceivables" order="1.0"/>
    <link:presentationArc xlink:type="arc" xlink:arcrole="http://www.xbrl.org/2003/arcrole/parent-child" xlink:from="NonPerformingReceivables" xlink:to="NameOfTheCompany" xlink:title="presentation: NonPerformingReceivables to NameOfTheCompany" order="1.0"/>
    <link:loc xlink:type="locator" xlink:href="../tifrs-notes-2013-03-31.xsd#tifrs-notes_CreditCardService" xlink:label="CreditCardService" xlink:title="CreditCardService"/>
    <link:presentationArc xlink:type="arc" xlink:arcrole="http://www.xbrl.org/2003/arcrole/parent-child" xlink:from="NonPerformingReceivables" xlink:to="CreditCardService" xlink:title="presentation: NonPerformingReceivables to CreditCardService" order="2.0"/>
    <link:loc xlink:type="locator" xlink:href="../tifrs-notes-2013-03-31.xsd#tifrs-notes_AmountOfNonPerformingReceivables" xlink:label="AmountOfNonPerformingReceivables" xlink:title="AmountOfNonPerformingReceivables"/>
    <link:presentationArc xlink:type="arc" xlink:arcrole="http://www.xbrl.org/2003/arcrole/parent-child" xlink:from="CreditCardService" xlink:to="AmountOfNonPerformingReceivables" xlink:title="presentation: CreditCardService to AmountOfNonPerformingReceivables" order="1.0"/>
    <link:loc xlink:type="locator" xlink:href="../tifrs-notes-2013-03-31.xsd#tifrs-notes_GrossReceivables" xlink:label="GrossReceivables" xlink:title="GrossReceivables"/>
    <link:presentationArc xlink:type="arc" xlink:arcrole="http://www.xbrl.org/2003/arcrole/parent-child" xlink:from="CreditCardService" xlink:to="GrossReceivables" xlink:title="presentation: CreditCardService to GrossReceivables" order="2.0"/>
    <link:loc xlink:type="locator" xlink:href="../tifrs-notes-2013-03-31.xsd#tifrs-notes_NonPerformingReceivablesRatio" xlink:label="NonPerformingReceivablesRatio" xlink:title="NonPerformingReceivablesRatio"/>
    <link:presentationArc xlink:type="arc" xlink:arcrole="http://www.xbrl.org/2003/arcrole/parent-child" xlink:from="CreditCardService" xlink:to="NonPerformingReceivablesRatio" xlink:title="presentation: CreditCardService to NonPerformingReceivablesRatio" order="3.0"/>
    <link:presentationArc xlink:type="arc" xlink:arcrole="http://www.xbrl.org/2003/arcrole/parent-child" xlink:from="CreditCardService" xlink:to="AllowanceForBadDebts-AssetQualityForBankSubsidiaries" xlink:title="presentation: CreditCardService to AllowanceForBadDebts-AssetQualityForBankSubsidiaries" order="4.0"/>
    <link:presentationArc xlink:type="arc" xlink:arcrole="http://www.xbrl.org/2003/arcrole/parent-child" xlink:from="CreditCardService" xlink:to="CoverageRatio" xlink:title="presentation: CreditCardService to CoverageRatio" order="5.0"/>
    <link:loc xlink:type="locator" xlink:href="../tifrs-notes-2013-03-31.xsd#tifrs-notes_AccountsReceivableFactoredWithoutRecourse" xlink:label="AccountsReceivableFactoredWithoutRecourse" xlink:title="AccountsReceivableFactoredWithoutRecourse"/>
    <link:presentationArc xlink:type="arc" xlink:arcrole="http://www.xbrl.org/2003/arcrole/parent-child" xlink:from="NonPerformingReceivables" xlink:to="AccountsReceivableFactoredWithoutRecourse" xlink:title="presentation: NonPerformingReceivables to AccountsReceivableFactoredWithoutRecourse" order="3.0"/>
    <link:presentationArc xlink:type="arc" xlink:arcrole="http://www.xbrl.org/2003/arcrole/parent-child" xlink:from="AccountsReceivableFactoredWithoutRecourse" xlink:to="AmountOfNonPerformingReceivables" xlink:title="presentation: AccountsReceivableFactoredWithoutRecourse to AmountOfNonPerformingReceivables" order="1.0"/>
    <link:presentationArc xlink:type="arc" xlink:arcrole="http://www.xbrl.org/2003/arcrole/parent-child" xlink:from="AccountsReceivableFactoredWithoutRecourse" xlink:to="GrossReceivables" xlink:title="presentation: AccountsReceivableFactoredWithoutRecourse to GrossReceivables" order="2.0"/>
    <link:presentationArc xlink:type="arc" xlink:arcrole="http://www.xbrl.org/2003/arcrole/parent-child" xlink:from="AccountsReceivableFactoredWithoutRecourse" xlink:to="NonPerformingReceivablesRatio" xlink:title="presentation: AccountsReceivableFactoredWithoutRecourse to NonPerformingReceivablesRatio" order="3.0"/>
    <link:presentationArc xlink:type="arc" xlink:arcrole="http://www.xbrl.org/2003/arcrole/parent-child" xlink:from="AccountsReceivableFactoredWithoutRecourse" xlink:to="AllowanceForBadDebts-AssetQualityForBankSubsidiaries" xlink:title="presentation: AccountsReceivableFactoredWithoutRecourse to AllowanceForBadDebts-AssetQualityForBankSubsidiaries" order="4.0"/>
    <link:presentationArc xlink:type="arc" xlink:arcrole="http://www.xbrl.org/2003/arcrole/parent-child" xlink:from="AccountsReceivableFactoredWithoutRecourse" xlink:to="CoverageRatio" xlink:title="presentation: AccountsReceivableFactoredWithoutRecourse to CoverageRatio" order="5.0"/>
    <link:loc xlink:type="locator" xlink:href="../tifrs-notes-2013-03-31.xsd#tifrs-notes_NonPerformingLoansAndNonPerformingReceivablesExemptedFromReportingToTheCompetentAuthorityAbstract" xlink:label="NonPerformingLoansAndNonPerformingReceivablesExemptedFromReportingToTheCompetentAuthorityAbstract" xlink:title="NonPerformingLoansAndNonPerformingReceivablesExemptedFromReportingToTheCompetentAuthorityAbstract"/>
    <link:presentationArc xlink:type="arc" xlink:arcrole="http://www.xbrl.org/2003/arcrole/parent-child" xlink:from="AssetQualityForBankSubsidiariesAbstract" xlink:to="NonPerformingLoansAndNonPerformingReceivablesExemptedFromReportingToTheCompetentAuthorityAbstract" xlink:title="presentation: AssetQualityForBankSubsidiariesAbstract to NonPerformingLoansAndNonPerformingReceivablesExemptedFromReportingToTheCompetentAuthorityAbstract" order="3.0"/>
    <link:loc xlink:type="locator" xlink:href="../tifrs-notes-2013-03-31.xsd#tifrs-notes_NonPerformingLoansAndNonPerformingReceivablesExemptedFromReportingToTheCompetentAuthority" xlink:label="NonPerformingLoansAndNonPerformingReceivablesExemptedFromReportingToTheCompetentAuthority" xlink:title="NonPerformingLoansAndNonPerformingReceivablesExemptedFromReportingToTheCompetentAuthority"/>
    <link:presentationArc xlink:type="arc" xlink:arcrole="http://www.xbrl.org/2003/arcrole/parent-child" xlink:from="NonPerformingLoansAndNonPerformingReceivablesExemptedFromReportingToTheCompetentAuthorityAbstract" xlink:to="NonPerformingLoansAndNonPerformingReceivablesExemptedFromReportingToTheCompetentAuthority" xlink:title="presentation: NonPerformingLoansAndNonPerformingReceivablesExemptedFromReportingToTheCompetentAuthorityAbstract to NonPerformingLoansAndNonPerformingReceivablesExemptedFromReportingToTheCompetentAuthority" order="1.0"/>
    <link:presentationArc xlink:type="arc" xlink:arcrole="http://www.xbrl.org/2003/arcrole/parent-child" xlink:from="NonPerformingLoansAndNonPerformingReceivablesExemptedFromReportingToTheCompetentAuthority" xlink:to="NameOfTheCompany" xlink:title="presentation: NonPerformingLoansAndNonPerformingReceivablesExemptedFromReportingToTheCompetentAuthority to NameOfTheCompany" order="1.0"/>
    <link:loc xlink:type="locator" xlink:href="../tifrs-notes-2013-03-31.xsd#tifrs-notes_NonPerformingLoansExemptedFromReporting" xlink:label="NonPerformingLoansExemptedFromReporting" xlink:title="NonPerformingLoansExemptedFromReporting"/>
    <link:presentationArc xlink:type="arc" xlink:arcrole="http://www.xbrl.org/2003/arcrole/parent-child" xlink:from="NonPerformingLoansAndNonPerformingReceivablesExemptedFromReportingToTheCompetentAuthority" xlink:to="NonPerformingLoansExemptedFromReporting" xlink:title="presentation: NonPerformingLoansAndNonPerformingReceivablesExemptedFromReportingToTheCompetentAuthority to NonPerformingLoansExemptedFromReporting" order="2.0"/>
    <link:loc xlink:type="locator" xlink:href="../tifrs-notes-2013-03-31.xsd#tifrs-notes_NegotiatedLoansInAccordanceWithTheAgreementThatExemptedFromReporting" xlink:label="NegotiatedLoansInAccordanceWithTheAgreementThatExemptedFromReporting" xlink:title="NegotiatedLoansInAccordanceWithTheAgreementThatExemptedFromReporting"/>
    <link:presentationArc xlink:type="arc" xlink:arcrole="http://www.xbrl.org/2003/arcrole/parent-child" xlink:from="NonPerformingLoansExemptedFromReporting" xlink:to="NegotiatedLoansInAccordanceWithTheAgreementThatExemptedFromReporting" xlink:title="presentation: NonPerformingLoansExemptedFromReporting to NegotiatedLoansInAccordanceWithTheAgreementThatExemptedFromReporting" order="1.0"/>
    <link:loc xlink:type="locator" xlink:href="../tifrs-notes-2013-03-31.xsd#tifrs-notes_NegotiatedAccountsReceivableInAccordanceWithDebtLiquidationProgramAndRestructuringProgram" xlink:label="NegotiatedAccountsReceivableInAccordanceWithDebtLiquidationProgramAndRestructuringProgram" xlink:title="NegotiatedAccountsReceivableInAccordanceWithDebtLiquidationProgramAndRestructuringProgram"/>
    <link:presentationArc xlink:type="arc" xlink:arcrole="http://www.xbrl.org/2003/arcrole/parent-child" xlink:from="NonPerformingLoansExemptedFromReporting" xlink:to="NegotiatedAccountsReceivableInAccordanceWithDebtLiquidationProgramAndRestructuringProgram" xlink:title="presentation: NonPerformingLoansExemptedFromReporting to NegotiatedAccountsReceivableInAccordanceWithDebtLiquidationProgramAndRestructuringProgram" order="2.0"/>
    <link:loc xlink:type="locator" xlink:href="../tifrs-notes-2013-03-31.xsd#tifrs-notes_Total1" xlink:label="Total1" xlink:title="Total1"/>
    <link:presentationArc xlink:type="arc" xlink:arcrole="http://www.xbrl.org/2003/arcrole/parent-child" xlink:from="NonPerformingLoansExemptedFromReporting" xlink:to="Total1" xlink:title="presentation: NonPerformingLoansExemptedFromReporting to Total1" order="3.0"/>
    <link:loc xlink:type="locator" xlink:href="../tifrs-notes-2013-03-31.xsd#tifrs-notes_NonPerformingReceivablesExemptedFromReporting" xlink:label="NonPerformingReceivablesExemptedFromReporting" xlink:title="NonPerformingReceivablesExemptedFromReporting"/>
    <link:presentationArc xlink:type="arc" xlink:arcrole="http://www.xbrl.org/2003/arcrole/parent-child" xlink:from="NonPerformingLoansAndNonPerformingReceivablesExemptedFromReportingToTheCompetentAuthority" xlink:to="NonPerformingReceivablesExemptedFromReporting" xlink:title="presentation: NonPerformingLoansAndNonPerformingReceivablesExemptedFromReportingToTheCompetentAuthority to NonPerformingReceivablesExemptedFromReporting" order="3.0"/>
    <link:presentationArc xlink:type="arc" xlink:arcrole="http://www.xbrl.org/2003/arcrole/parent-child" xlink:from="NonPerformingReceivablesExemptedFromReporting" xlink:to="NegotiatedLoansInAccordanceWithTheAgreementThatExemptedFromReporting" xlink:title="presentation: NonPerformingReceivablesExemptedFromReporting to NegotiatedLoansInAccordanceWithTheAgreementThatExemptedFromReporting" order="1.0"/>
    <link:presentationArc xlink:type="arc" xlink:arcrole="http://www.xbrl.org/2003/arcrole/parent-child" xlink:from="NonPerformingReceivablesExemptedFromReporting" xlink:to="NegotiatedAccountsReceivableInAccordanceWithDebtLiquidationProgramAndRestructuringProgram" xlink:title="presentation: NonPerformingReceivablesExemptedFromReporting to NegotiatedAccountsReceivableInAccordanceWithDebtLiquidationProgramAndRestructuringProgram" order="2.0"/>
    <link:presentationArc xlink:type="arc" xlink:arcrole="http://www.xbrl.org/2003/arcrole/parent-child" xlink:from="NonPerformingReceivablesExemptedFromReporting" xlink:to="Total1" xlink:title="presentation: NonPerformingReceivablesExemptedFromReporting to Total1" order="3.0"/>
  </link:presentationLink>
  <link:presentationLink xlink:type="extended" xlink:role="http://www.xbrl.org/tifrs/notes/role/InformationRegardingNonPerformingLoansDisposalBySubsidiaries">
    <link:loc xlink:type="locator" xlink:href="../tifrs-notes-2013-03-31.xsd#tifrs-notes_InformationRegardingNon-PerformingLoansDisposalBySubsidiariesAbstract" xlink:label="InformationRegardingNon-PerformingLoansDisposalBySubsidiariesAbstract" xlink:title="InformationRegardingNon-PerformingLoansDisposalBySubsidiariesAbstract"/>
    <link:loc xlink:type="locator" xlink:href="../tifrs-notes-2013-03-31.xsd#tifrs-notes_SummaryOfNon-PerformingLoansDisposalAbstract" xlink:label="SummaryOfNon-PerformingLoansDisposalAbstract" xlink:title="SummaryOfNon-PerformingLoansDisposalAbstract"/>
    <link:presentationArc xlink:type="arc" xlink:arcrole="http://www.xbrl.org/2003/arcrole/parent-child" xlink:from="InformationRegardingNon-PerformingLoansDisposalBySubsidiariesAbstract" xlink:to="SummaryOfNon-PerformingLoansDisposalAbstract" xlink:title="presentation: InformationRegardingNon-PerformingLoansDisposalBySubsidiariesAbstract to SummaryOfNon-PerformingLoansDisposalAbstract" order="1.0"/>
    <link:loc xlink:type="locator" xlink:href="../tifrs-notes-2013-03-31.xsd#tifrs-notes_SummaryOfNon-PerformingLoansDisposal" xlink:label="SummaryOfNon-PerformingLoansDisposal" xlink:title="SummaryOfNon-PerformingLoansDisposal"/>
    <link:presentationArc xlink:type="arc" xlink:arcrole="http://www.xbrl.org/2003/arcrole/parent-child" xlink:from="SummaryOfNon-PerformingLoansDisposalAbstract" xlink:to="SummaryOfNon-PerformingLoansDisposal" xlink:title="presentation: SummaryOfNon-PerformingLoansDisposalAbstract to SummaryOfNon-PerformingLoansDisposal" order="1.0"/>
    <link:loc xlink:type="locator" xlink:href="../tifrs-notes-2013-03-31.xsd#tifrs-notes_NameOfTheCompany" xlink:label="NameOfTheCompany" xlink:title="NameOfTheCompany"/>
    <link:presentationArc xlink:type="arc" xlink:arcrole="http://www.xbrl.org/2003/arcrole/parent-child" xlink:from="SummaryOfNon-PerformingLoansDisposal" xlink:to="NameOfTheCompany" xlink:title="presentation: SummaryOfNon-PerformingLoansDisposal to NameOfTheCompany" order="1.0"/>
    <link:loc xlink:type="locator" xlink:href="../tifrs-notes-2013-03-31.xsd#tifrs-notes_TransactionDate" xlink:label="TransactionDate" xlink:title="TransactionDate"/>
    <link:presentationArc xlink:type="arc" xlink:arcrole="http://www.xbrl.org/2003/arcrole/parent-child" xlink:from="SummaryOfNon-PerformingLoansDisposal" xlink:to="TransactionDate" xlink:title="presentation: SummaryOfNon-PerformingLoansDisposal to TransactionDate" order="2.0"/>
    <link:loc xlink:type="locator" xlink:href="../tifrs-notes-2013-03-31.xsd#tifrs-notes_Counterparty3" xlink:label="Counterparty3" xlink:title="Counterparty3"/>
    <link:presentationArc xlink:type="arc" xlink:arcrole="http://www.xbrl.org/2003/arcrole/parent-child" xlink:from="SummaryOfNon-PerformingLoansDisposal" xlink:to="Counterparty3" xlink:title="presentation: SummaryOfNon-PerformingLoansDisposal to Counterparty3" order="3.0"/>
    <link:loc xlink:type="locator" xlink:href="../tifrs-notes-2013-03-31.xsd#tifrs-notes_CompositionOfNon-PerformingLoans" xlink:label="CompositionOfNon-PerformingLoans" xlink:title="CompositionOfNon-PerformingLoans"/>
    <link:presentationArc xlink:type="arc" xlink:arcrole="http://www.xbrl.org/2003/arcrole/parent-child" xlink:from="SummaryOfNon-PerformingLoansDisposal" xlink:to="CompositionOfNon-PerformingLoans" xlink:title="presentation: SummaryOfNon-PerformingLoansDisposal to CompositionOfNon-PerformingLoans" order="4.0"/>
    <link:loc xlink:type="locator" xlink:href="../tifrs-notes-2013-03-31.xsd#tifrs-notes_BookValue" xlink:label="BookValue" xlink:title="BookValue"/>
    <link:presentationArc xlink:type="arc" xlink:arcrole="http://www.xbrl.org/2003/arcrole/parent-child" xlink:from="SummaryOfNon-PerformingLoansDisposal" xlink:to="BookValue" xlink:title="presentation: SummaryOfNon-PerformingLoansDisposal to BookValue" order="5.0"/>
    <link:loc xlink:type="locator" xlink:href="../tifrs-notes-2013-03-31.xsd#tifrs-notes_SellingPrice" xlink:label="SellingPrice" xlink:title="SellingPrice"/>
    <link:presentationArc xlink:type="arc" xlink:arcrole="http://www.xbrl.org/2003/arcrole/parent-child" xlink:from="SummaryOfNon-PerformingLoansDisposal" xlink:to="SellingPrice" xlink:title="presentation: SummaryOfNon-PerformingLoansDisposal to SellingPrice" order="6.0"/>
    <link:loc xlink:type="locator" xlink:href="../tifrs-notes-2013-03-31.xsd#tifrs-notes_GainLossOnDisposal" xlink:label="GainLossOnDisposal" xlink:title="GainLossOnDisposal"/>
    <link:presentationArc xlink:type="arc" xlink:arcrole="http://www.xbrl.org/2003/arcrole/parent-child" xlink:from="SummaryOfNon-PerformingLoansDisposal" xlink:to="GainLossOnDisposal" xlink:title="presentation: SummaryOfNon-PerformingLoansDisposal to GainLossOnDisposal" order="7.0"/>
    <link:loc xlink:type="locator" xlink:href="../tifrs-notes-2013-03-31.xsd#tifrs-notes_TermsOfTheAgreement" xlink:label="TermsOfTheAgreement" xlink:title="TermsOfTheAgreement"/>
    <link:presentationArc xlink:type="arc" xlink:arcrole="http://www.xbrl.org/2003/arcrole/parent-child" xlink:from="SummaryOfNon-PerformingLoansDisposal" xlink:to="TermsOfTheAgreement" xlink:title="presentation: SummaryOfNon-PerformingLoansDisposal to TermsOfTheAgreement" order="8.0"/>
    <link:loc xlink:type="locator" xlink:href="../tifrs-notes-2013-03-31.xsd#tifrs-notes_RelationshipWithTheBank" xlink:label="RelationshipWithTheBank" xlink:title="RelationshipWithTheBank"/>
    <link:presentationArc xlink:type="arc" xlink:arcrole="http://www.xbrl.org/2003/arcrole/parent-child" xlink:from="SummaryOfNon-PerformingLoansDisposal" xlink:to="RelationshipWithTheBank" xlink:title="presentation: SummaryOfNon-PerformingLoansDisposal to RelationshipWithTheBank" order="9.0"/>
    <link:loc xlink:type="locator" xlink:href="../tifrs-notes-2013-03-31.xsd#tifrs-notes_Note-SummaryOfNon-PerformingLoansDisposal" xlink:label="Note-SummaryOfNon-PerformingLoansDisposal" xlink:title="Note-SummaryOfNon-PerformingLoansDisposal"/>
    <link:presentationArc xlink:type="arc" xlink:arcrole="http://www.xbrl.org/2003/arcrole/parent-child" xlink:from="SummaryOfNon-PerformingLoansDisposalAbstract" xlink:to="Note-SummaryOfNon-PerformingLoansDisposal" xlink:title="presentation: SummaryOfNon-PerformingLoansDisposalAbstract to Note-SummaryOfNon-PerformingLoansDisposal" order="2.0"/>
    <link:loc xlink:type="locator" xlink:href="../tifrs-notes-2013-03-31.xsd#tifrs-notes_SaleOfNonperformingLoansAmountingTo1BillionAbstract" xlink:label="SaleOfNonperformingLoansAmountingTo1BillionAbstract" xlink:title="SaleOfNonperformingLoansAmountingTo1BillionAbstract"/>
    <link:presentationArc xlink:type="arc" xlink:arcrole="http://www.xbrl.org/2003/arcrole/parent-child" xlink:from="InformationRegardingNon-PerformingLoansDisposalBySubsidiariesAbstract" xlink:to="SaleOfNonperformingLoansAmountingTo1BillionAbstract" xlink:title="presentation: InformationRegardingNon-PerformingLoansDisposalBySubsidiariesAbstract to SaleOfNonperformingLoansAmountingTo1BillionAbstract" order="2.0"/>
    <link:loc xlink:type="locator" xlink:href="../tifrs-notes-2013-03-31.xsd#tifrs-notes_SaleOfNonperformingLoansAmountingTo1Billion" xlink:label="SaleOfNonperformingLoansAmountingTo1Billion" xlink:title="SaleOfNonperformingLoansAmountingTo1Billion"/>
    <link:presentationArc xlink:type="arc" xlink:arcrole="http://www.xbrl.org/2003/arcrole/parent-child" xlink:from="SaleOfNonperformingLoansAmountingTo1BillionAbstract" xlink:to="SaleOfNonperformingLoansAmountingTo1Billion" xlink:title="presentation: SaleOfNonperformingLoansAmountingTo1BillionAbstract to SaleOfNonperformingLoansAmountingTo1Billion" order="1.0"/>
    <link:presentationArc xlink:type="arc" xlink:arcrole="http://www.xbrl.org/2003/arcrole/parent-child" xlink:from="SaleOfNonperformingLoansAmountingTo1Billion" xlink:to="Counterparty3" xlink:title="presentation: SaleOfNonperformingLoansAmountingTo1Billion to Counterparty3" order="1.0"/>
    <link:loc xlink:type="locator" xlink:href="../tifrs-notes-2013-03-31.xsd#tifrs-notes_DisposalDate" xlink:label="DisposalDate" xlink:title="DisposalDate"/>
    <link:presentationArc xlink:type="arc" xlink:arcrole="http://www.xbrl.org/2003/arcrole/parent-child" xlink:from="SaleOfNonperformingLoansAmountingTo1Billion" xlink:to="DisposalDate" xlink:title="presentation: SaleOfNonperformingLoansAmountingTo1Billion to DisposalDate" order="2.0"/>
    <link:loc xlink:type="locator" xlink:href="../tifrs-notes-2013-03-31.xsd#tifrs-notes_OriginalAmount" xlink:label="OriginalAmount" xlink:title="OriginalAmount"/>
    <link:presentationArc xlink:type="arc" xlink:arcrole="http://www.xbrl.org/2003/arcrole/parent-child" xlink:from="SaleOfNonperformingLoansAmountingTo1Billion" xlink:to="OriginalAmount" xlink:title="presentation: SaleOfNonperformingLoansAmountingTo1Billion to OriginalAmount" order="3.0"/>
    <link:loc xlink:type="locator" xlink:href="../tifrs-notes-2013-03-31.xsd#tifrs-notes_CorporateCustomers" xlink:label="CorporateCustomers" xlink:title="CorporateCustomers"/>
    <link:presentationArc xlink:type="arc" xlink:arcrole="http://www.xbrl.org/2003/arcrole/parent-child" xlink:from="OriginalAmount" xlink:to="CorporateCustomers" xlink:title="presentation: OriginalAmount to CorporateCustomers" order="1.0"/>
    <link:loc xlink:type="locator" xlink:href="../tifrs-notes-2013-03-31.xsd#tifrs-notes_Secured" xlink:label="Secured" xlink:title="Secured"/>
    <link:presentationArc xlink:type="arc" xlink:arcrole="http://www.xbrl.org/2003/arcrole/parent-child" xlink:from="CorporateCustomers" xlink:to="Secured" xlink:title="presentation: CorporateCustomers to Secured" order="1.0"/>
    <link:loc xlink:type="locator" xlink:href="../tifrs-notes-2013-03-31.xsd#tifrs-notes_Unsecured" xlink:label="Unsecured" xlink:title="Unsecured"/>
    <link:presentationArc xlink:type="arc" xlink:arcrole="http://www.xbrl.org/2003/arcrole/parent-child" xlink:from="CorporateCustomers" xlink:to="Unsecured" xlink:title="presentation: CorporateCustomers to Unsecured" order="2.0"/>
    <link:loc xlink:type="locator" xlink:href="../tifrs-notes-2013-03-31.xsd#tifrs-notes_IndividualsCustomers" xlink:label="IndividualsCustomers" xlink:title="IndividualsCustomers"/>
    <link:presentationArc xlink:type="arc" xlink:arcrole="http://www.xbrl.org/2003/arcrole/parent-child" xlink:from="OriginalAmount" xlink:to="IndividualsCustomers" xlink:title="presentation: OriginalAmount to IndividualsCustomers" order="2.0"/>
    <link:loc xlink:type="locator" xlink:href="../tifrs-notes-2013-03-31.xsd#tifrs-notes_Secured-Individual" xlink:label="Secured-Individual" xlink:title="Secured-Individual"/>
    <link:presentationArc xlink:type="arc" xlink:arcrole="http://www.xbrl.org/2003/arcrole/parent-child" xlink:from="IndividualsCustomers" xlink:to="Secured-Individual" xlink:title="presentation: IndividualsCustomers to Secured-Individual" order="1.0"/>
    <link:loc xlink:type="locator" xlink:href="../tifrs-notes-2013-03-31.xsd#tifrs-notes_ResidentialMortgage" xlink:label="ResidentialMortgage" xlink:title="ResidentialMortgage"/>
    <link:presentationArc xlink:type="arc" xlink:arcrole="http://www.xbrl.org/2003/arcrole/parent-child" xlink:from="Secured-Individual" xlink:to="ResidentialMortgage" xlink:title="presentation: Secured-Individual to ResidentialMortgage" order="1.0"/>
    <link:loc xlink:type="locator" xlink:href="../tifrs-notes-2013-03-31.xsd#tifrs-notes_CarLoan" xlink:label="CarLoan" xlink:title="CarLoan"/>
    <link:presentationArc xlink:type="arc" xlink:arcrole="http://www.xbrl.org/2003/arcrole/parent-child" xlink:from="Secured-Individual" xlink:to="CarLoan" xlink:title="presentation: Secured-Individual to CarLoan" order="2.0"/>
    <link:loc xlink:type="locator" xlink:href="../tifrs-notes-2013-03-31.xsd#tifrs-notes_Others-Secured" xlink:label="Others-Secured" xlink:title="Others-Secured"/>
    <link:presentationArc xlink:type="arc" xlink:arcrole="http://www.xbrl.org/2003/arcrole/parent-child" xlink:from="Secured-Individual" xlink:to="Others-Secured" xlink:title="presentation: Secured-Individual to Others-Secured" order="3.0"/>
    <link:loc xlink:type="locator" xlink:href="../tifrs-notes-2013-03-31.xsd#tifrs-notes_Unsecured-Individual" xlink:label="Unsecured-Individual" xlink:title="Unsecured-Individual"/>
    <link:presentationArc xlink:type="arc" xlink:arcrole="http://www.xbrl.org/2003/arcrole/parent-child" xlink:from="IndividualsCustomers" xlink:to="Unsecured-Individual" xlink:title="presentation: IndividualsCustomers to Unsecured-Individual" order="2.0"/>
    <link:loc xlink:type="locator" xlink:href="../tifrs-notes-2013-03-31.xsd#tifrs-notes_CreditCard" xlink:label="CreditCard" xlink:title="CreditCard"/>
    <link:presentationArc xlink:type="arc" xlink:arcrole="http://www.xbrl.org/2003/arcrole/parent-child" xlink:from="Unsecured-Individual" xlink:to="CreditCard" xlink:title="presentation: Unsecured-Individual to CreditCard" order="1.0"/>
    <link:loc xlink:type="locator" xlink:href="../tifrs-notes-2013-03-31.xsd#tifrs-notes_CashCard" xlink:label="CashCard" xlink:title="CashCard"/>
    <link:presentationArc xlink:type="arc" xlink:arcrole="http://www.xbrl.org/2003/arcrole/parent-child" xlink:from="Unsecured-Individual" xlink:to="CashCard" xlink:title="presentation: Unsecured-Individual to CashCard" order="2.0"/>
    <link:loc xlink:type="locator" xlink:href="../tifrs-notes-2013-03-31.xsd#tifrs-notes_Small-AmountCreditLoans" xlink:label="Small-AmountCreditLoans" xlink:title="Small-AmountCreditLoans"/>
    <link:presentationArc xlink:type="arc" xlink:arcrole="http://www.xbrl.org/2003/arcrole/parent-child" xlink:from="Unsecured-Individual" xlink:to="Small-AmountCreditLoans" xlink:title="presentation: Unsecured-Individual to Small-AmountCreditLoans" order="3.0"/>
    <link:loc xlink:type="locator" xlink:href="../tifrs-notes-2013-03-31.xsd#tifrs-notes_Others-Unsecured" xlink:label="Others-Unsecured" xlink:title="Others-Unsecured"/>
    <link:presentationArc xlink:type="arc" xlink:arcrole="http://www.xbrl.org/2003/arcrole/parent-child" xlink:from="Unsecured-Individual" xlink:to="Others-Unsecured" xlink:title="presentation: Unsecured-Individual to Others-Unsecured" order="4.0"/>
    <link:loc xlink:type="locator" xlink:href="../tifrs-notes-2013-03-31.xsd#tifrs-notes_Total1" xlink:label="Total1" xlink:title="Total1"/>
    <link:presentationArc xlink:type="arc" xlink:arcrole="http://www.xbrl.org/2003/arcrole/parent-child" xlink:from="OriginalAmount" xlink:to="Total1" xlink:title="presentation: OriginalAmount to Total1" order="3.0"/>
    <link:loc xlink:type="locator" xlink:href="../tifrs-notes-2013-03-31.xsd#tifrs-notes_BookValue-SaleOfNonperformingLoansAmountedTo1Billion" xlink:label="BookValue-SaleOfNonperformingLoansAmountedTo1Billion" xlink:title="BookValue-SaleOfNonperformingLoansAmountedTo1Billion"/>
    <link:presentationArc xlink:type="arc" xlink:arcrole="http://www.xbrl.org/2003/arcrole/parent-child" xlink:from="SaleOfNonperformingLoansAmountingTo1Billion" xlink:to="BookValue-SaleOfNonperformingLoansAmountedTo1Billion" xlink:title="presentation: SaleOfNonperformingLoansAmountingTo1Billion to BookValue-SaleOfNonperformingLoansAmountedTo1Billion" order="4.0"/>
    <link:presentationArc xlink:type="arc" xlink:arcrole="http://www.xbrl.org/2003/arcrole/parent-child" xlink:from="BookValue-SaleOfNonperformingLoansAmountedTo1Billion" xlink:to="CorporateCustomers" xlink:title="presentation: BookValue-SaleOfNonperformingLoansAmountedTo1Billion to CorporateCustomers" order="1.0"/>
    <link:presentationArc xlink:type="arc" xlink:arcrole="http://www.xbrl.org/2003/arcrole/parent-child" xlink:from="BookValue-SaleOfNonperformingLoansAmountedTo1Billion" xlink:to="IndividualsCustomers" xlink:title="presentation: BookValue-SaleOfNonperformingLoansAmountedTo1Billion to IndividualsCustomers" order="2.0"/>
    <link:presentationArc xlink:type="arc" xlink:arcrole="http://www.xbrl.org/2003/arcrole/parent-child" xlink:from="BookValue-SaleOfNonperformingLoansAmountedTo1Billion" xlink:to="Total1" xlink:title="presentation: BookValue-SaleOfNonperformingLoansAmountedTo1Billion to Total1" order="3.0"/>
    <link:loc xlink:type="locator" xlink:href="../tifrs-notes-2013-03-31.xsd#tifrs-notes_AllocationOfSellingPrice" xlink:label="AllocationOfSellingPrice" xlink:title="AllocationOfSellingPrice"/>
    <link:presentationArc xlink:type="arc" xlink:arcrole="http://www.xbrl.org/2003/arcrole/parent-child" xlink:from="SaleOfNonperformingLoansAmountingTo1Billion" xlink:to="AllocationOfSellingPrice" xlink:title="presentation: SaleOfNonperformingLoansAmountingTo1Billion to AllocationOfSellingPrice" order="5.0"/>
    <link:presentationArc xlink:type="arc" xlink:arcrole="http://www.xbrl.org/2003/arcrole/parent-child" xlink:from="AllocationOfSellingPrice" xlink:to="CorporateCustomers" xlink:title="presentation: AllocationOfSellingPrice to CorporateCustomers" order="1.0"/>
    <link:presentationArc xlink:type="arc" xlink:arcrole="http://www.xbrl.org/2003/arcrole/parent-child" xlink:from="AllocationOfSellingPrice" xlink:to="IndividualsCustomers" xlink:title="presentation: AllocationOfSellingPrice to IndividualsCustomers" order="2.0"/>
    <link:presentationArc xlink:type="arc" xlink:arcrole="http://www.xbrl.org/2003/arcrole/parent-child" xlink:from="AllocationOfSellingPrice" xlink:to="Total1" xlink:title="presentation: AllocationOfSellingPrice to Total1" order="3.0"/>
    <link:loc xlink:type="locator" xlink:href="../tifrs-notes-2013-03-31.xsd#tifrs-notes_Note-SaleOfNonperformingLoansAmountingTo1Billion" xlink:label="Note-SaleOfNonperformingLoansAmountingTo1Billion" xlink:title="Note-SaleOfNonperformingLoansAmountingTo1Billion"/>
    <link:presentationArc xlink:type="arc" xlink:arcrole="http://www.xbrl.org/2003/arcrole/parent-child" xlink:from="SaleOfNonperformingLoansAmountingTo1BillionAbstract" xlink:to="Note-SaleOfNonperformingLoansAmountingTo1Billion" xlink:title="presentation: SaleOfNonperformingLoansAmountingTo1BillionAbstract to Note-SaleOfNonperformingLoansAmountingTo1Billion" order="2.0"/>
  </link:presentationLink>
  <link:presentationLink xlink:type="extended" xlink:role="http://www.xbrl.org/tifrs/notes/role/InformationOnInvesteeCompanies">
    <link:loc xlink:type="locator" xlink:href="../tifrs-notes-2013-03-31.xsd#tifrs-notes_InformationOnInvesteeCompaniesAbstract" xlink:label="InformationOnInvesteeCompaniesAbstract" xlink:title="InformationOnInvesteeCompaniesAbstract"/>
    <link:loc xlink:type="locator" xlink:href="../tifrs-notes-2013-03-31.xsd#tifrs-notes_InformationOnInvesteeCompanies" xlink:label="InformationOnInvesteeCompanies" xlink:title="InformationOnInvesteeCompanies"/>
    <link:presentationArc xlink:type="arc" xlink:arcrole="http://www.xbrl.org/2003/arcrole/parent-child" xlink:from="InformationOnInvesteeCompaniesAbstract" xlink:to="InformationOnInvesteeCompanies" xlink:title="presentation: InformationOnInvesteeCompaniesAbstract to InformationOnInvesteeCompanies" order="1.0"/>
    <link:loc xlink:type="locator" xlink:href="../tifrs-notes-2013-03-31.xsd#tifrs-notes_CompanyNameOfTheInvestor" xlink:label="CompanyNameOfTheInvestor" xlink:title="CompanyNameOfTheInvestor"/>
    <link:presentationArc xlink:type="arc" xlink:arcrole="http://www.xbrl.org/2003/arcrole/parent-child" xlink:from="InformationOnInvesteeCompanies" xlink:to="CompanyNameOfTheInvestor" xlink:title="presentation: InformationOnInvesteeCompanies to CompanyNameOfTheInvestor" order="1.0"/>
    <link:loc xlink:type="locator" xlink:href="../tifrs-notes-2013-03-31.xsd#tifrs-notes_CompanyNameOfTheInvestee" xlink:label="CompanyNameOfTheInvestee" xlink:title="CompanyNameOfTheInvestee"/>
    <link:presentationArc xlink:type="arc" xlink:arcrole="http://www.xbrl.org/2003/arcrole/parent-child" xlink:from="InformationOnInvesteeCompanies" xlink:to="CompanyNameOfTheInvestee" xlink:title="presentation: InformationOnInvesteeCompanies to CompanyNameOfTheInvestee" order="2.0"/>
    <link:loc xlink:type="locator" xlink:href="../tifrs-notes-2013-03-31.xsd#tifrs-notes_LocationCode" xlink:label="LocationCode" xlink:title="LocationCode"/>
    <link:presentationArc xlink:type="arc" xlink:arcrole="http://www.xbrl.org/2003/arcrole/parent-child" xlink:from="InformationOnInvesteeCompanies" xlink:to="LocationCode" xlink:title="presentation: InformationOnInvesteeCompanies to LocationCode" order="3.0"/>
    <link:loc xlink:type="locator" xlink:href="../tifrs-notes-2013-03-31.xsd#tifrs-notes_Location" xlink:label="Location" xlink:title="Location"/>
    <link:presentationArc xlink:type="arc" xlink:arcrole="http://www.xbrl.org/2003/arcrole/parent-child" xlink:from="InformationOnInvesteeCompanies" xlink:to="Location" xlink:title="presentation: InformationOnInvesteeCompanies to Location" order="4.0"/>
    <link:loc xlink:type="locator" xlink:href="../tifrs-notes-2013-03-31.xsd#tifrs-notes_MainBusinessesAndProducts" xlink:label="MainBusinessesAndProducts" xlink:title="MainBusinessesAndProducts"/>
    <link:presentationArc xlink:type="arc" xlink:arcrole="http://www.xbrl.org/2003/arcrole/parent-child" xlink:from="InformationOnInvesteeCompanies" xlink:to="MainBusinessesAndProducts" xlink:title="presentation: InformationOnInvesteeCompanies to MainBusinessesAndProducts" order="5.0"/>
    <link:loc xlink:type="locator" xlink:href="../tifrs-notes-2013-03-31.xsd#tifrs-notes_PercentageOfOwnershipAtTheEndingOfThePeriod" xlink:label="PercentageOfOwnershipAtTheEndingOfThePeriod" xlink:title="PercentageOfOwnershipAtTheEndingOfThePeriod"/>
    <link:presentationArc xlink:type="arc" xlink:arcrole="http://www.xbrl.org/2003/arcrole/parent-child" xlink:from="InformationOnInvesteeCompanies" xlink:to="PercentageOfOwnershipAtTheEndingOfThePeriod" xlink:title="presentation: InformationOnInvesteeCompanies to PercentageOfOwnershipAtTheEndingOfThePeriod" order="6.0"/>
    <link:loc xlink:type="locator" xlink:href="../tifrs-notes-2013-03-31.xsd#tifrs-notes_BookValueOfInvestment" xlink:label="BookValueOfInvestment" xlink:title="BookValueOfInvestment"/>
    <link:presentationArc xlink:type="arc" xlink:arcrole="http://www.xbrl.org/2003/arcrole/parent-child" xlink:from="InformationOnInvesteeCompanies" xlink:to="BookValueOfInvestment" xlink:title="presentation: InformationOnInvesteeCompanies to BookValueOfInvestment" order="7.0"/>
    <link:loc xlink:type="locator" xlink:href="../tifrs-notes-2013-03-31.xsd#tifrs-notes_InvestmentIncomeLossesRecognized1" xlink:label="InvestmentIncomeLossesRecognized1" xlink:title="InvestmentIncomeLossesRecognized1"/>
    <link:presentationArc xlink:type="arc" xlink:arcrole="http://www.xbrl.org/2003/arcrole/parent-child" xlink:from="InformationOnInvesteeCompanies" xlink:to="InvestmentIncomeLossesRecognized1" xlink:title="presentation: InformationOnInvesteeCompanies to InvestmentIncomeLossesRecognized1" order="8.0"/>
    <link:loc xlink:type="locator" xlink:href="../tifrs-notes-2013-03-31.xsd#tifrs-notes_OwnershipsOfTheCompanyAndRelatedParties" xlink:label="OwnershipsOfTheCompanyAndRelatedParties" xlink:title="OwnershipsOfTheCompanyAndRelatedParties"/>
    <link:presentationArc xlink:type="arc" xlink:arcrole="http://www.xbrl.org/2003/arcrole/parent-child" xlink:from="InformationOnInvesteeCompanies" xlink:to="OwnershipsOfTheCompanyAndRelatedParties" xlink:title="presentation: InformationOnInvesteeCompanies to OwnershipsOfTheCompanyAndRelatedParties" order="9.0"/>
    <link:loc xlink:type="locator" xlink:href="../tifrs-notes-2013-03-31.xsd#tifrs-notes_NumberOfShares2" xlink:label="NumberOfShares2" xlink:title="NumberOfShares2"/>
    <link:presentationArc xlink:type="arc" xlink:arcrole="http://www.xbrl.org/2003/arcrole/parent-child" xlink:from="OwnershipsOfTheCompanyAndRelatedParties" xlink:to="NumberOfShares2" xlink:title="presentation: OwnershipsOfTheCompanyAndRelatedParties to NumberOfShares2" order="1.0"/>
    <link:loc xlink:type="locator" xlink:href="../tifrs-notes-2013-03-31.xsd#tifrs-notes_Pro-formaShareOfOwnership" xlink:label="Pro-formaShareOfOwnership" xlink:title="Pro-formaShareOfOwnership"/>
    <link:presentationArc xlink:type="arc" xlink:arcrole="http://www.xbrl.org/2003/arcrole/parent-child" xlink:from="OwnershipsOfTheCompanyAndRelatedParties" xlink:to="Pro-formaShareOfOwnership" xlink:title="presentation: OwnershipsOfTheCompanyAndRelatedParties to Pro-formaShareOfOwnership" order="2.0"/>
    <link:loc xlink:type="locator" xlink:href="../tifrs-notes-2013-03-31.xsd#tifrs-notes_Total2" xlink:label="Total2" xlink:title="Total2"/>
    <link:presentationArc xlink:type="arc" xlink:arcrole="http://www.xbrl.org/2003/arcrole/parent-child" xlink:from="OwnershipsOfTheCompanyAndRelatedParties" xlink:to="Total2" xlink:title="presentation: OwnershipsOfTheCompanyAndRelatedParties to Total2" order="3.0"/>
    <link:loc xlink:type="locator" xlink:href="../tifrs-notes-2013-03-31.xsd#tifrs-notes_NumberOfShares1" xlink:label="NumberOfShares1" xlink:title="NumberOfShares1"/>
    <link:presentationArc xlink:type="arc" xlink:arcrole="http://www.xbrl.org/2003/arcrole/parent-child" xlink:from="Total2" xlink:to="NumberOfShares1" xlink:title="presentation: Total2 to NumberOfShares1" order="1.0"/>
    <link:loc xlink:type="locator" xlink:href="../tifrs-notes-2013-03-31.xsd#tifrs-notes_PercentageOfOwnership2" xlink:label="PercentageOfOwnership2" xlink:title="PercentageOfOwnership2"/>
    <link:presentationArc xlink:type="arc" xlink:arcrole="http://www.xbrl.org/2003/arcrole/parent-child" xlink:from="Total2" xlink:to="PercentageOfOwnership2" xlink:title="presentation: Total2 to PercentageOfOwnership2" order="2.0"/>
    <link:loc xlink:type="locator" xlink:href="../tifrs-notes-2013-03-31.xsd#tifrs-notes_Note" xlink:label="Note" xlink:title="Note"/>
    <link:presentationArc xlink:type="arc" xlink:arcrole="http://www.xbrl.org/2003/arcrole/parent-child" xlink:from="InformationOnInvesteeCompanies" xlink:to="Note" xlink:title="presentation: InformationOnInvesteeCompanies to Note" order="10.0"/>
    <link:loc xlink:type="locator" xlink:href="../tifrs-notes-2013-03-31.xsd#tifrs-notes_Note-InformationOnInvesteeCompanies" xlink:label="Note-InformationOnInvesteeCompanies" xlink:title="Note-InformationOnInvesteeCompanies"/>
    <link:presentationArc xlink:type="arc" xlink:arcrole="http://www.xbrl.org/2003/arcrole/parent-child" xlink:from="InformationOnInvesteeCompaniesAbstract" xlink:to="Note-InformationOnInvesteeCompanies" xlink:title="presentation: InformationOnInvesteeCompaniesAbstract to Note-InformationOnInvesteeCompanies" order="2.0"/>
  </link:presentationLink>
  <link:presentationLink xlink:type="extended" xlink:role="http://www.xbrl.org/tifrs/notes/role/InvestmentInMainlandChina">
    <link:loc xlink:type="locator" xlink:href="../tifrs-notes-2013-03-31.xsd#tifrs-notes_InvestmentInMainlandChinaAbstract" xlink:label="InvestmentInMainlandChinaAbstract" xlink:title="InvestmentInMainlandChinaAbstract"/>
    <link:loc xlink:type="locator" xlink:href="../tifrs-notes-2013-03-31.xsd#tifrs-notes_InformationOfInvestmentInMainlandChinaAbstract" xlink:label="InformationOfInvestmentInMainlandChinaAbstract" xlink:title="InformationOfInvestmentInMainlandChinaAbstract"/>
    <link:presentationArc xlink:type="arc" xlink:arcrole="http://www.xbrl.org/2003/arcrole/parent-child" xlink:from="InvestmentInMainlandChinaAbstract" xlink:to="InformationOfInvestmentInMainlandChinaAbstract" xlink:title="presentation: InvestmentInMainlandChinaAbstract to InformationOfInvestmentInMainlandChinaAbstract" order="1.0"/>
    <link:loc xlink:type="locator" xlink:href="../tifrs-notes-2013-03-31.xsd#tifrs-notes_InformationOfInvestmentInMainlandChina" xlink:label="InformationOfInvestmentInMainlandChina" xlink:title="InformationOfInvestmentInMainlandChina"/>
    <link:presentationArc xlink:type="arc" xlink:arcrole="http://www.xbrl.org/2003/arcrole/parent-child" xlink:from="InformationOfInvestmentInMainlandChinaAbstract" xlink:to="InformationOfInvestmentInMainlandChina" xlink:title="presentation: InformationOfInvestmentInMainlandChinaAbstract to InformationOfInvestmentInMainlandChina" order="1.0"/>
    <link:loc xlink:type="locator" xlink:href="../tifrs-notes-2013-03-31.xsd#tifrs-notes_CompanyNameOfTheInvesteeInMainlandChina" xlink:label="CompanyNameOfTheInvesteeInMainlandChina" xlink:title="CompanyNameOfTheInvesteeInMainlandChina"/>
    <link:presentationArc xlink:type="arc" xlink:arcrole="http://www.xbrl.org/2003/arcrole/parent-child" xlink:from="InformationOfInvestmentInMainlandChina" xlink:to="CompanyNameOfTheInvesteeInMainlandChina" xlink:title="presentation: InformationOfInvestmentInMainlandChina to CompanyNameOfTheInvesteeInMainlandChina" order="1.0"/>
    <link:loc xlink:type="locator" xlink:href="../tifrs-notes-2013-03-31.xsd#tifrs-notes_MainBusinessesAndProducts" xlink:label="MainBusinessesAndProducts" xlink:title="MainBusinessesAndProducts"/>
    <link:presentationArc xlink:type="arc" xlink:arcrole="http://www.xbrl.org/2003/arcrole/parent-child" xlink:from="InformationOfInvestmentInMainlandChina" xlink:to="MainBusinessesAndProducts" xlink:title="presentation: InformationOfInvestmentInMainlandChina to MainBusinessesAndProducts" order="2.0"/>
    <link:loc xlink:type="locator" xlink:href="../tifrs-notes-2013-03-31.xsd#tifrs-notes_TotalAmountOfPaid-inCapital" xlink:label="TotalAmountOfPaid-inCapital" xlink:title="TotalAmountOfPaid-inCapital"/>
    <link:presentationArc xlink:type="arc" xlink:arcrole="http://www.xbrl.org/2003/arcrole/parent-child" xlink:from="InformationOfInvestmentInMainlandChina" xlink:to="TotalAmountOfPaid-inCapital" xlink:title="presentation: InformationOfInvestmentInMainlandChina to TotalAmountOfPaid-inCapital" order="3.0"/>
    <link:loc xlink:type="locator" xlink:href="../tifrs-notes-2013-03-31.xsd#tifrs-notes_MethodOfInvestment" xlink:label="MethodOfInvestment" xlink:title="MethodOfInvestment"/>
    <link:presentationArc xlink:type="arc" xlink:arcrole="http://www.xbrl.org/2003/arcrole/parent-child" xlink:from="InformationOfInvestmentInMainlandChina" xlink:to="MethodOfInvestment" xlink:title="presentation: InformationOfInvestmentInMainlandChina to MethodOfInvestment" order="4.0"/>
    <link:loc xlink:type="locator" xlink:href="../tifrs-notes-2013-03-31.xsd#tifrs-notes_AccumulatedOutflowOfInvestmentFromTaiwanAtTheBeginningOfThePeriod" xlink:label="AccumulatedOutflowOfInvestmentFromTaiwanAtTheBeginningOfThePeriod" xlink:title="AccumulatedOutflowOfInvestmentFromTaiwanAtTheBeginningOfThePeriod"/>
    <link:presentationArc xlink:type="arc" xlink:arcrole="http://www.xbrl.org/2003/arcrole/parent-child" xlink:from="InformationOfInvestmentInMainlandChina" xlink:to="AccumulatedOutflowOfInvestmentFromTaiwanAtTheBeginningOfThePeriod" xlink:title="presentation: InformationOfInvestmentInMainlandChina to AccumulatedOutflowOfInvestmentFromTaiwanAtTheBeginningOfThePeriod" order="5.0"/>
    <link:loc xlink:type="locator" xlink:href="../tifrs-notes-2013-03-31.xsd#tifrs-notes_InvestmentFlowsForThePeriod" xlink:label="InvestmentFlowsForThePeriod" xlink:title="InvestmentFlowsForThePeriod"/>
    <link:presentationArc xlink:type="arc" xlink:arcrole="http://www.xbrl.org/2003/arcrole/parent-child" xlink:from="InformationOfInvestmentInMainlandChina" xlink:to="InvestmentFlowsForThePeriod" xlink:title="presentation: InformationOfInvestmentInMainlandChina to InvestmentFlowsForThePeriod" order="6.0"/>
    <link:loc xlink:type="locator" xlink:href="../tifrs-notes-2013-03-31.xsd#tifrs-notes_Outflow" xlink:label="Outflow" xlink:title="Outflow"/>
    <link:presentationArc xlink:type="arc" xlink:arcrole="http://www.xbrl.org/2003/arcrole/parent-child" xlink:from="InvestmentFlowsForThePeriod" xlink:to="Outflow" xlink:title="presentation: InvestmentFlowsForThePeriod to Outflow" order="1.0"/>
    <link:loc xlink:type="locator" xlink:href="../tifrs-notes-2013-03-31.xsd#tifrs-notes_Inflow" xlink:label="Inflow" xlink:title="Inflow"/>
    <link:presentationArc xlink:type="arc" xlink:arcrole="http://www.xbrl.org/2003/arcrole/parent-child" xlink:from="InvestmentFlowsForThePeriod" xlink:to="Inflow" xlink:title="presentation: InvestmentFlowsForThePeriod to Inflow" order="2.0"/>
    <link:loc xlink:type="locator" xlink:href="../tifrs-notes-2013-03-31.xsd#tifrs-notes_AccumulatedOutflowOfInvestmentFromTaiwanAtTheEndOfThePeriod" xlink:label="AccumulatedOutflowOfInvestmentFromTaiwanAtTheEndOfThePeriod" xlink:title="AccumulatedOutflowOfInvestmentFromTaiwanAtTheEndOfThePeriod"/>
    <link:presentationArc xlink:type="arc" xlink:arcrole="http://www.xbrl.org/2003/arcrole/parent-child" xlink:from="InformationOfInvestmentInMainlandChina" xlink:to="AccumulatedOutflowOfInvestmentFromTaiwanAtTheEndOfThePeriod" xlink:title="presentation: InformationOfInvestmentInMainlandChina to AccumulatedOutflowOfInvestmentFromTaiwanAtTheEndOfThePeriod" order="7.0"/>
    <link:loc xlink:type="locator" xlink:href="../tifrs-notes-2013-03-31.xsd#tifrs-notes_PercentageOfOwnershipThroughDirectAndIndirectInvestmentByTheCompany" xlink:label="PercentageOfOwnershipThroughDirectAndIndirectInvestmentByTheCompany" xlink:title="PercentageOfOwnershipThroughDirectAndIndirectInvestmentByTheCompany"/>
    <link:presentationArc xlink:type="arc" xlink:arcrole="http://www.xbrl.org/2003/arcrole/parent-child" xlink:from="InformationOfInvestmentInMainlandChina" xlink:to="PercentageOfOwnershipThroughDirectAndIndirectInvestmentByTheCompany" xlink:title="presentation: InformationOfInvestmentInMainlandChina to PercentageOfOwnershipThroughDirectAndIndirectInvestmentByTheCompany" order="8.0"/>
    <link:loc xlink:type="locator" xlink:href="../tifrs-notes-2013-03-31.xsd#tifrs-notes_InvestmentIncomeLossesRecognized2" xlink:label="InvestmentIncomeLossesRecognized2" xlink:title="InvestmentIncomeLossesRecognized2"/>
    <link:presentationArc xlink:type="arc" xlink:arcrole="http://www.xbrl.org/2003/arcrole/parent-child" xlink:from="InformationOfInvestmentInMainlandChina" xlink:to="InvestmentIncomeLossesRecognized2" xlink:title="presentation: InformationOfInvestmentInMainlandChina to InvestmentIncomeLossesRecognized2" order="9.0"/>
    <link:loc xlink:type="locator" xlink:href="../tifrs-notes-2013-03-31.xsd#tifrs-notes_BookValueAtTheEndOfThePeriod" xlink:label="BookValueAtTheEndOfThePeriod" xlink:title="BookValueAtTheEndOfThePeriod"/>
    <link:presentationArc xlink:type="arc" xlink:arcrole="http://www.xbrl.org/2003/arcrole/parent-child" xlink:from="InformationOfInvestmentInMainlandChina" xlink:to="BookValueAtTheEndOfThePeriod" xlink:title="presentation: InformationOfInvestmentInMainlandChina to BookValueAtTheEndOfThePeriod" order="10.0"/>
    <link:loc xlink:type="locator" xlink:href="../tifrs-notes-2013-03-31.xsd#tifrs-notes_AccumulatedInwardRemittanceOfEarningsAsOfTheEndOfThePeriod" xlink:label="AccumulatedInwardRemittanceOfEarningsAsOfTheEndOfThePeriod" xlink:title="AccumulatedInwardRemittanceOfEarningsAsOfTheEndOfThePeriod"/>
    <link:presentationArc xlink:type="arc" xlink:arcrole="http://www.xbrl.org/2003/arcrole/parent-child" xlink:from="InformationOfInvestmentInMainlandChina" xlink:to="AccumulatedInwardRemittanceOfEarningsAsOfTheEndOfThePeriod" xlink:title="presentation: InformationOfInvestmentInMainlandChina to AccumulatedInwardRemittanceOfEarningsAsOfTheEndOfThePeriod" order="11.0"/>
    <link:loc xlink:type="locator" xlink:href="../tifrs-notes-2013-03-31.xsd#tifrs-notes_Note" xlink:label="Note" xlink:title="Note"/>
    <link:presentationArc xlink:type="arc" xlink:arcrole="http://www.xbrl.org/2003/arcrole/parent-child" xlink:from="InformationOfInvestmentInMainlandChina" xlink:to="Note" xlink:title="presentation: InformationOfInvestmentInMainlandChina to Note" order="12.0"/>
    <link:loc xlink:type="locator" xlink:href="../tifrs-notes-2013-03-31.xsd#tifrs-notes_Note-InformationOfInvestmentInMainlandChina" xlink:label="Note-InformationOfInvestmentInMainlandChina" xlink:title="Note-InformationOfInvestmentInMainlandChina"/>
    <link:presentationArc xlink:type="arc" xlink:arcrole="http://www.xbrl.org/2003/arcrole/parent-child" xlink:from="InformationOfInvestmentInMainlandChinaAbstract" xlink:to="Note-InformationOfInvestmentInMainlandChina" xlink:title="presentation: InformationOfInvestmentInMainlandChinaAbstract to Note-InformationOfInvestmentInMainlandChina" order="2.0"/>
    <link:loc xlink:type="locator" xlink:href="../tifrs-notes-2013-03-31.xsd#tifrs-notes_LimitOnInvestmentInMainlandChinaAbstract" xlink:label="LimitOnInvestmentInMainlandChinaAbstract" xlink:title="LimitOnInvestmentInMainlandChinaAbstract"/>
    <link:presentationArc xlink:type="arc" xlink:arcrole="http://www.xbrl.org/2003/arcrole/parent-child" xlink:from="InvestmentInMainlandChinaAbstract" xlink:to="LimitOnInvestmentInMainlandChinaAbstract" xlink:title="presentation: InvestmentInMainlandChinaAbstract to LimitOnInvestmentInMainlandChinaAbstract" order="2.0"/>
    <link:loc xlink:type="locator" xlink:href="../tifrs-notes-2013-03-31.xsd#tifrs-notes_LimitOnInvestmentInMainlandChina" xlink:label="LimitOnInvestmentInMainlandChina" xlink:title="LimitOnInvestmentInMainlandChina"/>
    <link:presentationArc xlink:type="arc" xlink:arcrole="http://www.xbrl.org/2003/arcrole/parent-child" xlink:from="LimitOnInvestmentInMainlandChinaAbstract" xlink:to="LimitOnInvestmentInMainlandChina" xlink:title="presentation: LimitOnInvestmentInMainlandChinaAbstract to LimitOnInvestmentInMainlandChina" order="1.0"/>
    <link:loc xlink:type="locator" xlink:href="../tifrs-notes-2013-03-31.xsd#tifrs-notes_NameOfTheCompany" xlink:label="NameOfTheCompany" xlink:title="NameOfTheCompany"/>
    <link:presentationArc xlink:type="arc" xlink:arcrole="http://www.xbrl.org/2003/arcrole/parent-child" xlink:from="LimitOnInvestmentInMainlandChina" xlink:to="NameOfTheCompany" xlink:title="presentation: LimitOnInvestmentInMainlandChina to NameOfTheCompany" order="1.0"/>
    <link:loc xlink:type="locator" xlink:href="../tifrs-notes-2013-03-31.xsd#tifrs-notes_AccumulatedInvestmentInMainlandChinaAtTheEndOfThePeriod" xlink:label="AccumulatedInvestmentInMainlandChinaAtTheEndOfThePeriod" xlink:title="AccumulatedInvestmentInMainlandChinaAtTheEndOfThePeriod"/>
    <link:presentationArc xlink:type="arc" xlink:arcrole="http://www.xbrl.org/2003/arcrole/parent-child" xlink:from="LimitOnInvestmentInMainlandChina" xlink:to="AccumulatedInvestmentInMainlandChinaAtTheEndOfThePeriod" xlink:title="presentation: LimitOnInvestmentInMainlandChina to AccumulatedInvestmentInMainlandChinaAtTheEndOfThePeriod" order="2.0"/>
    <link:loc xlink:type="locator" xlink:href="../tifrs-notes-2013-03-31.xsd#tifrs-notes_InvestmentAmountAuthorizedByTheInvestmentCommissionOfMOEA" xlink:label="InvestmentAmountAuthorizedByTheInvestmentCommissionOfMOEA" xlink:title="InvestmentAmountAuthorizedByTheInvestmentCommissionOfMOEA"/>
    <link:presentationArc xlink:type="arc" xlink:arcrole="http://www.xbrl.org/2003/arcrole/parent-child" xlink:from="LimitOnInvestmentInMainlandChina" xlink:to="InvestmentAmountAuthorizedByTheInvestmentCommissionOfMOEA" xlink:title="presentation: LimitOnInvestmentInMainlandChina to InvestmentAmountAuthorizedByTheInvestmentCommissionOfMOEA" order="3.0"/>
    <link:loc xlink:type="locator" xlink:href="../tifrs-notes-2013-03-31.xsd#tifrs-notes_UpperLimitOnInvestmentInMainlandChinaImposedByTheInvestmentCommissionOfMOEA" xlink:label="UpperLimitOnInvestmentInMainlandChinaImposedByTheInvestmentCommissionOfMOEA" xlink:title="UpperLimitOnInvestmentInMainlandChinaImposedByTheInvestmentCommissionOfMOEA"/>
    <link:presentationArc xlink:type="arc" xlink:arcrole="http://www.xbrl.org/2003/arcrole/parent-child" xlink:from="LimitOnInvestmentInMainlandChina" xlink:to="UpperLimitOnInvestmentInMainlandChinaImposedByTheInvestmentCommissionOfMOEA" xlink:title="presentation: LimitOnInvestmentInMainlandChina to UpperLimitOnInvestmentInMainlandChinaImposedByTheInvestmentCommissionOfMOEA" order="4.0"/>
    <link:loc xlink:type="locator" xlink:href="../tifrs-notes-2013-03-31.xsd#tifrs-notes_Note-LimitOnInvestmentInMainlandChina" xlink:label="Note-LimitOnInvestmentInMainlandChina" xlink:title="Note-LimitOnInvestmentInMainlandChina"/>
    <link:presentationArc xlink:type="arc" xlink:arcrole="http://www.xbrl.org/2003/arcrole/parent-child" xlink:from="LimitOnInvestmentInMainlandChinaAbstract" xlink:to="Note-LimitOnInvestmentInMainlandChina" xlink:title="presentation: LimitOnInvestmentInMainlandChinaAbstract to Note-LimitOnInvestmentInMainlandChina" order="2.0"/>
  </link:presentationLink>
</link:linkbase>
