<?xml version="1.0" encoding="UTF-8"?>
<!-- Generated by Fujitsu Interstage XWand B0196 -->
<link:linkbase xmlns:xsi="http://www.w3.org/2001/XMLSchema-instance" xsi:schemaLocation="http://www.xbrl.org/2003/linkbase http://www.xbrl.org/2003/xbrl-linkbase-2003-12-31.xsd" xmlns:link="http://www.xbrl.org/2003/linkbase" xmlns:xbrli="http://www.xbrl.org/2003/instance" xmlns:xlink="http://www.w3.org/1999/xlink">
  <link:roleRef roleURI="http://www.xbrl.org/tifrs/fr/role/StatementOfCashFlows" xlink:type="simple" xlink:href="../tifrs-scf-2015-03-31.xsd#RT_1"/>
  <link:roleRef roleURI="http://www.xbrl.org/tifrs/fr/role/StatementOfCashFlows-DirectMethod" xlink:type="simple" xlink:href="../tifrs-scf-2015-03-31.xsd#RT_2"/>
  <link:calculationLink xlink:type="extended" xlink:role="http://www.xbrl.org/tifrs/fr/role/StatementOfCashFlows">
    <link:loc xlink:type="locator" xlink:href="../tifrs-scf-2015-03-31.xsd#tifrs-SCF_AdjustmentsToReconcileProfitLoss" xlink:label="AdjustmentsToReconcileProfitLoss" xlink:title="AdjustmentsToReconcileProfitLoss"/>
    <link:loc xlink:type="locator" xlink:href="../tifrs-scf-2015-03-31.xsd#tifrs-SCF_ProvisionReversalOfProvisionForBadDebtExpense" xlink:label="ProvisionReversalOfProvisionForBadDebtExpense" xlink:title="ProvisionReversalOfProvisionForBadDebtExpense"/>
    <link:calculationArc xlink:type="arc" xlink:arcrole="http://www.xbrl.org/2003/arcrole/summation-item" xlink:from="AdjustmentsToReconcileProfitLoss" xlink:to="ProvisionReversalOfProvisionForBadDebtExpense" xlink:title="calculation: AdjustmentsToReconcileProfitLoss to ProvisionReversalOfProvisionForBadDebtExpense" order="3.0" weight="1.0"/>
    <link:loc xlink:type="locator" xlink:href="../tifrs-scf-2015-03-31.xsd#tifrs-SCF_NetLossGainOnAvailableForSaleFinancialAssets" xlink:label="NetLossGainOnAvailableForSaleFinancialAssets" xlink:title="NetLossGainOnAvailableForSaleFinancialAssets"/>
    <link:calculationArc xlink:type="arc" xlink:arcrole="http://www.xbrl.org/2003/arcrole/summation-item" xlink:from="AdjustmentsToReconcileProfitLoss" xlink:to="NetLossGainOnAvailableForSaleFinancialAssets" xlink:title="calculation: AdjustmentsToReconcileProfitLoss to NetLossGainOnAvailableForSaleFinancialAssets" order="4.1" weight="1.0"/>
    <link:loc xlink:type="locator" xlink:href="../tifrs-scf-2015-03-31.xsd#tifrs-SCF_NetlossGainOnFinancialAssetsOrLiabilitiesAtCost" xlink:label="NetlossGainOnFinancialAssetsOrLiabilitiesAtCost" xlink:title="NetlossGainOnFinancialAssetsOrLiabilitiesAtCost"/>
    <link:calculationArc xlink:type="arc" xlink:arcrole="http://www.xbrl.org/2003/arcrole/summation-item" xlink:from="AdjustmentsToReconcileProfitLoss" xlink:to="NetlossGainOnFinancialAssetsOrLiabilitiesAtCost" xlink:title="calculation: AdjustmentsToReconcileProfitLoss to NetlossGainOnFinancialAssetsOrLiabilitiesAtCost" order="4.2" weight="1.0"/>
    <link:loc xlink:type="locator" xlink:href="../tifrs-scf-2015-03-31.xsd#tifrs-SCF_NetLossGainOnBondInvestmentWithoutActive" xlink:label="NetLossGainOnBondInvestmentWithoutActive" xlink:title="NetLossGainOnBondInvestmentWithoutActive"/>
    <link:calculationArc xlink:type="arc" xlink:arcrole="http://www.xbrl.org/2003/arcrole/summation-item" xlink:from="AdjustmentsToReconcileProfitLoss" xlink:to="NetLossGainOnBondInvestmentWithoutActive" xlink:title="calculation: AdjustmentsToReconcileProfitLoss to NetLossGainOnBondInvestmentWithoutActive" order="4.3" weight="1.0"/>
    <link:loc xlink:type="locator" xlink:href="../tifrs-scf-2015-03-31.xsd#tifrs-SCF_NetLossGainOnHeldToMaturityFinancialAssets" xlink:label="NetLossGainOnHeldToMaturityFinancialAssets" xlink:title="NetLossGainOnHeldToMaturityFinancialAssets"/>
    <link:calculationArc xlink:type="arc" xlink:arcrole="http://www.xbrl.org/2003/arcrole/summation-item" xlink:from="AdjustmentsToReconcileProfitLoss" xlink:to="NetLossGainOnHeldToMaturityFinancialAssets" xlink:title="calculation: AdjustmentsToReconcileProfitLoss to NetLossGainOnHeldToMaturityFinancialAssets" order="4.4" weight="1.0"/>
    <link:loc xlink:type="locator" xlink:href="../tifrs-scf-2015-03-31.xsd#tifrs-SCF_InterestIncome" xlink:label="InterestIncome" xlink:title="InterestIncome"/>
    <link:calculationArc xlink:type="arc" xlink:arcrole="http://www.xbrl.org/2003/arcrole/summation-item" xlink:from="AdjustmentsToReconcileProfitLoss" xlink:to="InterestIncome" xlink:title="calculation: AdjustmentsToReconcileProfitLoss to InterestIncome" order="7.0" weight="1.0"/>
    <link:loc xlink:type="locator" xlink:href="../tifrs-scf-2015-03-31.xsd#tifrs-SCF_NetChangeInInsuranceLiabilities" xlink:label="NetChangeInInsuranceLiabilities" xlink:title="NetChangeInInsuranceLiabilities"/>
    <link:calculationArc xlink:type="arc" xlink:arcrole="http://www.xbrl.org/2003/arcrole/summation-item" xlink:from="AdjustmentsToReconcileProfitLoss" xlink:to="NetChangeInInsuranceLiabilities" xlink:title="calculation: AdjustmentsToReconcileProfitLoss to NetChangeInInsuranceLiabilities" order="8.1" weight="1.0"/>
    <link:loc xlink:type="locator" xlink:href="../tifrs-scf-2015-03-31.xsd#tifrs-SCF_NetChangeInReserveForInsuranceWithNatureOfFinancialInstrument" xlink:label="NetChangeInReserveForInsuranceWithNatureOfFinancialInstrument" xlink:title="NetChangeInReserveForInsuranceWithNatureOfFinancialInstrument"/>
    <link:calculationArc xlink:type="arc" xlink:arcrole="http://www.xbrl.org/2003/arcrole/summation-item" xlink:from="AdjustmentsToReconcileProfitLoss" xlink:to="NetChangeInReserveForInsuranceWithNatureOfFinancialInstrument" xlink:title="calculation: AdjustmentsToReconcileProfitLoss to NetChangeInReserveForInsuranceWithNatureOfFinancialInstrument" order="8.2" weight="1.0"/>
    <link:loc xlink:type="locator" xlink:href="../tifrs-scf-2015-03-31.xsd#tifrs-SCF_NetChangeInReserveForForeignExchangeValuation" xlink:label="NetChangeInReserveForForeignExchangeValuation" xlink:title="NetChangeInReserveForForeignExchangeValuation"/>
    <link:calculationArc xlink:type="arc" xlink:arcrole="http://www.xbrl.org/2003/arcrole/summation-item" xlink:from="AdjustmentsToReconcileProfitLoss" xlink:to="NetChangeInReserveForForeignExchangeValuation" xlink:title="calculation: AdjustmentsToReconcileProfitLoss to NetChangeInReserveForForeignExchangeValuation" order="8.3" weight="1.0"/>
    <link:loc xlink:type="locator" xlink:href="../tifrs-scf-2015-03-31.xsd#tifrs-SCF_NetChangeInOtherProvisions" xlink:label="NetChangeInOtherProvisions" xlink:title="NetChangeInOtherProvisions"/>
    <link:calculationArc xlink:type="arc" xlink:arcrole="http://www.xbrl.org/2003/arcrole/summation-item" xlink:from="AdjustmentsToReconcileProfitLoss" xlink:to="NetChangeInOtherProvisions" xlink:title="calculation: AdjustmentsToReconcileProfitLoss to NetChangeInOtherProvisions" order="8.4" weight="1.0"/>
    <link:loc xlink:type="locator" xlink:href="../tifrs-scf-2015-03-31.xsd#tifrs-SCF_LossGainOnDisposalOfPropertyPlanAndEquipment" xlink:label="LossGainOnDisposalOfPropertyPlanAndEquipment" xlink:title="LossGainOnDisposalOfPropertyPlanAndEquipment"/>
    <link:calculationArc xlink:type="arc" xlink:arcrole="http://www.xbrl.org/2003/arcrole/summation-item" xlink:from="AdjustmentsToReconcileProfitLoss" xlink:to="LossGainOnDisposalOfPropertyPlanAndEquipment" xlink:title="calculation: AdjustmentsToReconcileProfitLoss to LossGainOnDisposalOfPropertyPlanAndEquipment" order="10.2" weight="1.0"/>
    <link:loc xlink:type="locator" xlink:href="../tifrs-scf-2015-03-31.xsd#tifrs-SCF_PropertyPlanAndEquipmentTransferredToExpenses" xlink:label="PropertyPlanAndEquipmentTransferredToExpenses" xlink:title="PropertyPlanAndEquipmentTransferredToExpenses"/>
    <link:calculationArc xlink:type="arc" xlink:arcrole="http://www.xbrl.org/2003/arcrole/summation-item" xlink:from="AdjustmentsToReconcileProfitLoss" xlink:to="PropertyPlanAndEquipmentTransferredToExpenses" xlink:title="calculation: AdjustmentsToReconcileProfitLoss to PropertyPlanAndEquipmentTransferredToExpenses" order="10.3" weight="1.0"/>
    <link:loc xlink:type="locator" xlink:href="../tifrs-scf-2015-03-31.xsd#tifrs-SCF_ProvisionLossGainOnDisposalOfForeclosedCollaterals" xlink:label="ProvisionLossGainOnDisposalOfForeclosedCollaterals" xlink:title="ProvisionLossGainOnDisposalOfForeclosedCollaterals"/>
    <link:calculationArc xlink:type="arc" xlink:arcrole="http://www.xbrl.org/2003/arcrole/summation-item" xlink:from="AdjustmentsToReconcileProfitLoss" xlink:to="ProvisionLossGainOnDisposalOfForeclosedCollaterals" xlink:title="calculation: AdjustmentsToReconcileProfitLoss to ProvisionLossGainOnDisposalOfForeclosedCollaterals" order="10.1" weight="1.0"/>
    <link:loc xlink:type="locator" xlink:href="../tifrs-scf-2015-03-31.xsd#tifrs-SCF_LossGainOnDisposalOfInvestmentProperties" xlink:label="LossGainOnDisposalOfInvestmentProperties" xlink:title="LossGainOnDisposalOfInvestmentProperties"/>
    <link:calculationArc xlink:type="arc" xlink:arcrole="http://www.xbrl.org/2003/arcrole/summation-item" xlink:from="AdjustmentsToReconcileProfitLoss" xlink:to="LossGainOnDisposalOfInvestmentProperties" xlink:title="calculation: AdjustmentsToReconcileProfitLoss to LossGainOnDisposalOfInvestmentProperties" order="10.4" weight="1.0"/>
    <link:loc xlink:type="locator" xlink:href="../tifrs-scf-2015-03-31.xsd#tifrs-SCF_LossGainOnDisposalOfOtherAssets" xlink:label="LossGainOnDisposalOfOtherAssets" xlink:title="LossGainOnDisposalOfOtherAssets"/>
    <link:calculationArc xlink:type="arc" xlink:arcrole="http://www.xbrl.org/2003/arcrole/summation-item" xlink:from="AdjustmentsToReconcileProfitLoss" xlink:to="LossGainOnDisposalOfOtherAssets" xlink:title="calculation: AdjustmentsToReconcileProfitLoss to LossGainOnDisposalOfOtherAssets" order="14.1" weight="1.0"/>
    <link:loc xlink:type="locator" xlink:href="../tifrs-scf-2015-03-31.xsd#tifrs-SCF_LossGainOnDisposalOfNoncurrentAssetsClassifiedAsHeldForSale" xlink:label="LossGainOnDisposalOfNoncurrentAssetsClassifiedAsHeldForSale" xlink:title="LossGainOnDisposalOfNoncurrentAssetsClassifiedAsHeldForSale"/>
    <link:calculationArc xlink:type="arc" xlink:arcrole="http://www.xbrl.org/2003/arcrole/summation-item" xlink:from="AdjustmentsToReconcileProfitLoss" xlink:to="LossGainOnDisposalOfNoncurrentAssetsClassifiedAsHeldForSale" xlink:title="calculation: AdjustmentsToReconcileProfitLoss to LossGainOnDisposalOfNoncurrentAssetsClassifiedAsHeldForSale" order="14.2" weight="1.0"/>
    <link:loc xlink:type="locator" xlink:href="../tifrs-scf-2015-03-31.xsd#tifrs-SCF_LossOnDisposalOfNonPerformingLoans" xlink:label="LossOnDisposalOfNonPerformingLoans" xlink:title="LossOnDisposalOfNonPerformingLoans"/>
    <link:calculationArc xlink:type="arc" xlink:arcrole="http://www.xbrl.org/2003/arcrole/summation-item" xlink:from="AdjustmentsToReconcileProfitLoss" xlink:to="LossOnDisposalOfNonPerformingLoans" xlink:title="calculation: AdjustmentsToReconcileProfitLoss to LossOnDisposalOfNonPerformingLoans" order="22.1" weight="1.0"/>
    <link:loc xlink:type="locator" xlink:href="../tifrs-scf-2015-03-31.xsd#tifrs-SCF_LossGainOnDisposalOfForeclosedProperties" xlink:label="LossGainOnDisposalOfForeclosedProperties" xlink:title="LossGainOnDisposalOfForeclosedProperties"/>
    <link:calculationArc xlink:type="arc" xlink:arcrole="http://www.xbrl.org/2003/arcrole/summation-item" xlink:from="AdjustmentsToReconcileProfitLoss" xlink:to="LossGainOnDisposalOfForeclosedProperties" xlink:title="calculation: AdjustmentsToReconcileProfitLoss to LossGainOnDisposalOfForeclosedProperties" order="22.2" weight="1.0"/>
    <link:loc xlink:type="locator" xlink:href="../tifrs-scf-2015-03-31.xsd#tifrs-SCF_ShareOfLossProfitOfAssociatesAndJointVenturesAccountedForUsingEquityMethod" xlink:label="ShareOfLossProfitOfAssociatesAndJointVenturesAccountedForUsingEquityMethod" xlink:title="ShareOfLossProfitOfAssociatesAndJointVenturesAccountedForUsingEquityMethod"/>
    <link:calculationArc xlink:type="arc" xlink:arcrole="http://www.xbrl.org/2003/arcrole/summation-item" xlink:from="AdjustmentsToReconcileProfitLoss" xlink:to="ShareOfLossProfitOfAssociatesAndJointVenturesAccountedForUsingEquityMethod" xlink:title="calculation: AdjustmentsToReconcileProfitLoss to ShareOfLossProfitOfAssociatesAndJointVenturesAccountedForUsingEquityMethod" order="10.11" weight="1.0"/>
    <link:loc xlink:type="locator" xlink:href="../tifrs-scf-2015-03-31.xsd#tifrs-SCF_ChangesInOperatingAssets" xlink:label="ChangesInOperatingAssets" xlink:title="ChangesInOperatingAssets"/>
    <link:loc xlink:type="locator" xlink:href="../tifrs-scf-2015-03-31.xsd#tifrs-SCF_DecreaseIncreaseInNotesReceivable" xlink:label="DecreaseIncreaseInNotesReceivable" xlink:title="DecreaseIncreaseInNotesReceivable"/>
    <link:calculationArc xlink:type="arc" xlink:arcrole="http://www.xbrl.org/2003/arcrole/summation-item" xlink:from="ChangesInOperatingAssets" xlink:to="DecreaseIncreaseInNotesReceivable" xlink:title="calculation: ChangesInOperatingAssets to DecreaseIncreaseInNotesReceivable" order="1.0" weight="1.0"/>
    <link:loc xlink:type="locator" xlink:href="../tifrs-scf-2015-03-31.xsd#tifrs-SCF_DecreaseIncreaseInPremiumsReceivable" xlink:label="DecreaseIncreaseInPremiumsReceivable" xlink:title="DecreaseIncreaseInPremiumsReceivable"/>
    <link:calculationArc xlink:type="arc" xlink:arcrole="http://www.xbrl.org/2003/arcrole/summation-item" xlink:from="ChangesInOperatingAssets" xlink:to="DecreaseIncreaseInPremiumsReceivable" xlink:title="calculation: ChangesInOperatingAssets to DecreaseIncreaseInPremiumsReceivable" order="2.0" weight="1.0"/>
    <link:loc xlink:type="locator" xlink:href="../tifrs-scf-2015-03-31.xsd#tifrs-SCF_DecreaseIncreaseInOtherReceivables" xlink:label="DecreaseIncreaseInOtherReceivables" xlink:title="DecreaseIncreaseInOtherReceivables"/>
    <link:calculationArc xlink:type="arc" xlink:arcrole="http://www.xbrl.org/2003/arcrole/summation-item" xlink:from="ChangesInOperatingAssets" xlink:to="DecreaseIncreaseInOtherReceivables" xlink:title="calculation: ChangesInOperatingAssets to DecreaseIncreaseInOtherReceivables" order="3.0" weight="1.0"/>
    <link:loc xlink:type="locator" xlink:href="../tifrs-scf-2015-03-31.xsd#tifrs-SCF_DecreaseIncreaseInFinancialAssetsAtFairValueThroughProfitOrLoss" xlink:label="DecreaseIncreaseInFinancialAssetsAtFairValueThroughProfitOrLoss" xlink:title="DecreaseIncreaseInFinancialAssetsAtFairValueThroughProfitOrLoss"/>
    <link:calculationArc xlink:type="arc" xlink:arcrole="http://www.xbrl.org/2003/arcrole/summation-item" xlink:from="ChangesInOperatingAssets" xlink:to="DecreaseIncreaseInFinancialAssetsAtFairValueThroughProfitOrLoss" xlink:title="calculation: ChangesInOperatingAssets to DecreaseIncreaseInFinancialAssetsAtFairValueThroughProfitOrLoss" order="4.0" weight="1.0"/>
    <link:loc xlink:type="locator" xlink:href="../tifrs-scf-2015-03-31.xsd#tifrs-SCF_DecreaseIncreaseInHedgingDerivativesAssets" xlink:label="DecreaseIncreaseInHedgingDerivativesAssets" xlink:title="DecreaseIncreaseInHedgingDerivativesAssets"/>
    <link:calculationArc xlink:type="arc" xlink:arcrole="http://www.xbrl.org/2003/arcrole/summation-item" xlink:from="ChangesInOperatingAssets" xlink:to="DecreaseIncreaseInHedgingDerivativesAssets" xlink:title="calculation: ChangesInOperatingAssets to DecreaseIncreaseInHedgingDerivativesAssets" order="5.0" weight="1.0"/>
    <link:loc xlink:type="locator" xlink:href="../tifrs-scf-2015-03-31.xsd#tifrs-SCF_DecreaseIncreaseInOtherFinancialAssets" xlink:label="DecreaseIncreaseInOtherFinancialAssets" xlink:title="DecreaseIncreaseInOtherFinancialAssets"/>
    <link:calculationArc xlink:type="arc" xlink:arcrole="http://www.xbrl.org/2003/arcrole/summation-item" xlink:from="ChangesInOperatingAssets" xlink:to="DecreaseIncreaseInOtherFinancialAssets" xlink:title="calculation: ChangesInOperatingAssets to DecreaseIncreaseInOtherFinancialAssets" order="6.0" weight="1.0"/>
    <link:loc xlink:type="locator" xlink:href="../tifrs-scf-2015-03-31.xsd#tifrs-SCF_DecreaseIncreaseInReinsuranceAssets" xlink:label="DecreaseIncreaseInReinsuranceAssets" xlink:title="DecreaseIncreaseInReinsuranceAssets"/>
    <link:calculationArc xlink:type="arc" xlink:arcrole="http://www.xbrl.org/2003/arcrole/summation-item" xlink:from="ChangesInOperatingAssets" xlink:to="DecreaseIncreaseInReinsuranceAssets" xlink:title="calculation: ChangesInOperatingAssets to DecreaseIncreaseInReinsuranceAssets" order="7.0" weight="1.0"/>
    <link:loc xlink:type="locator" xlink:href="../tifrs-scf-2015-03-31.xsd#tifrs-SCF_DecreaseIncreaseInPrepaidExpensesAndOtherPrepayments" xlink:label="DecreaseIncreaseInPrepaidExpensesAndOtherPrepayments" xlink:title="DecreaseIncreaseInPrepaidExpensesAndOtherPrepayments"/>
    <link:calculationArc xlink:type="arc" xlink:arcrole="http://www.xbrl.org/2003/arcrole/summation-item" xlink:from="ChangesInOperatingAssets" xlink:to="DecreaseIncreaseInPrepaidExpensesAndOtherPrepayments" xlink:title="calculation: ChangesInOperatingAssets to DecreaseIncreaseInPrepaidExpensesAndOtherPrepayments" order="8.0" weight="1.0"/>
    <link:loc xlink:type="locator" xlink:href="../tifrs-scf-2015-03-31.xsd#tifrs-SCF_DecreaseIncreaseInGuaranteeDepositsPaid" xlink:label="DecreaseIncreaseInGuaranteeDepositsPaid" xlink:title="DecreaseIncreaseInGuaranteeDepositsPaid"/>
    <link:calculationArc xlink:type="arc" xlink:arcrole="http://www.xbrl.org/2003/arcrole/summation-item" xlink:from="ChangesInOperatingAssets" xlink:to="DecreaseIncreaseInGuaranteeDepositsPaid" xlink:title="calculation: ChangesInOperatingAssets to DecreaseIncreaseInGuaranteeDepositsPaid" order="9.0" weight="1.0"/>
    <link:loc xlink:type="locator" xlink:href="../tifrs-scf-2015-03-31.xsd#tifrs-SCF_DecreaseIncreaseInReinsuranceLiabilityReserveContributed" xlink:label="DecreaseIncreaseInReinsuranceLiabilityReserveContributed" xlink:title="DecreaseIncreaseInReinsuranceLiabilityReserveContributed"/>
    <link:calculationArc xlink:type="arc" xlink:arcrole="http://www.xbrl.org/2003/arcrole/summation-item" xlink:from="ChangesInOperatingAssets" xlink:to="DecreaseIncreaseInReinsuranceLiabilityReserveContributed" xlink:title="calculation: ChangesInOperatingAssets to DecreaseIncreaseInReinsuranceLiabilityReserveContributed" order="10.0" weight="1.0"/>
    <link:loc xlink:type="locator" xlink:href="../tifrs-scf-2015-03-31.xsd#tifrs-SCF_DecreaseIncreaseInTemporaryPaymentsAndSuspenseAccounts" xlink:label="DecreaseIncreaseInTemporaryPaymentsAndSuspenseAccounts" xlink:title="DecreaseIncreaseInTemporaryPaymentsAndSuspenseAccounts"/>
    <link:calculationArc xlink:type="arc" xlink:arcrole="http://www.xbrl.org/2003/arcrole/summation-item" xlink:from="ChangesInOperatingAssets" xlink:to="DecreaseIncreaseInTemporaryPaymentsAndSuspenseAccounts" xlink:title="calculation: ChangesInOperatingAssets to DecreaseIncreaseInTemporaryPaymentsAndSuspenseAccounts" order="11.0" weight="1.0"/>
    <link:loc xlink:type="locator" xlink:href="../tifrs-scf-2015-03-31.xsd#tifrs-SCF_DecreaseIncreaseInOtherAssets" xlink:label="DecreaseIncreaseInOtherAssets" xlink:title="DecreaseIncreaseInOtherAssets"/>
    <link:calculationArc xlink:type="arc" xlink:arcrole="http://www.xbrl.org/2003/arcrole/summation-item" xlink:from="ChangesInOperatingAssets" xlink:to="DecreaseIncreaseInOtherAssets" xlink:title="calculation: ChangesInOperatingAssets to DecreaseIncreaseInOtherAssets" order="17.0" weight="1.0"/>
    <link:loc xlink:type="locator" xlink:href="../tifrs-scf-2015-03-31.xsd#tifrs-SCF_DecreaseIncreaseInAvailableForSaleFinancialAssetsForIns" xlink:label="DecreaseIncreaseInAvailableForSaleFinancialAssetsForIns" xlink:title="DecreaseIncreaseInAvailableForSaleFinancialAssetsForIns"/>
    <link:calculationArc xlink:type="arc" xlink:arcrole="http://www.xbrl.org/2003/arcrole/summation-item" xlink:from="ChangesInOperatingAssets" xlink:to="DecreaseIncreaseInAvailableForSaleFinancialAssetsForIns" xlink:title="calculation: ChangesInOperatingAssets to DecreaseIncreaseInAvailableForSaleFinancialAssetsForIns" order="12.0" weight="1.0"/>
    <link:loc xlink:type="locator" xlink:href="../tifrs-scf-2015-03-31.xsd#tifrs-SCF_DecreaseIincreaseInFinancialAssetsAtCostForIns" xlink:label="DecreaseIincreaseInFinancialAssetsAtCostForIns" xlink:title="DecreaseIincreaseInFinancialAssetsAtCostForIns"/>
    <link:calculationArc xlink:type="arc" xlink:arcrole="http://www.xbrl.org/2003/arcrole/summation-item" xlink:from="ChangesInOperatingAssets" xlink:to="DecreaseIincreaseInFinancialAssetsAtCostForIns" xlink:title="calculation: ChangesInOperatingAssets to DecreaseIincreaseInFinancialAssetsAtCostForIns" order="13.0" weight="1.0"/>
    <link:loc xlink:type="locator" xlink:href="../tifrs-scf-2015-03-31.xsd#tifrs-SCF_DecreaseIncreaseInDebtsInvestmentWithoutActiveMarketForIns" xlink:label="DecreaseIncreaseInDebtsInvestmentWithoutActiveMarketForIns" xlink:title="DecreaseIncreaseInDebtsInvestmentWithoutActiveMarketForIns"/>
    <link:calculationArc xlink:type="arc" xlink:arcrole="http://www.xbrl.org/2003/arcrole/summation-item" xlink:from="ChangesInOperatingAssets" xlink:to="DecreaseIncreaseInDebtsInvestmentWithoutActiveMarketForIns" xlink:title="calculation: ChangesInOperatingAssets to DecreaseIncreaseInDebtsInvestmentWithoutActiveMarketForIns" order="14.0" weight="1.0"/>
    <link:loc xlink:type="locator" xlink:href="../tifrs-scf-2015-03-31.xsd#tifrs-SCF_DecreaseIncreaseInHeldToMaturityFinancialAssetsForIns" xlink:label="DecreaseIncreaseInHeldToMaturityFinancialAssetsForIns" xlink:title="DecreaseIncreaseInHeldToMaturityFinancialAssetsForIns"/>
    <link:calculationArc xlink:type="arc" xlink:arcrole="http://www.xbrl.org/2003/arcrole/summation-item" xlink:from="ChangesInOperatingAssets" xlink:to="DecreaseIncreaseInHeldToMaturityFinancialAssetsForIns" xlink:title="calculation: ChangesInOperatingAssets to DecreaseIncreaseInHeldToMaturityFinancialAssetsForIns" order="15.0" weight="1.0"/>
    <link:loc xlink:type="locator" xlink:href="../tifrs-scf-2015-03-31.xsd#tifrs-SCF_DecreaseIncreaseInLoans" xlink:label="DecreaseIncreaseInLoans" xlink:title="DecreaseIncreaseInLoans"/>
    <link:calculationArc xlink:type="arc" xlink:arcrole="http://www.xbrl.org/2003/arcrole/summation-item" xlink:from="ChangesInOperatingAssets" xlink:to="DecreaseIncreaseInLoans" xlink:title="calculation: ChangesInOperatingAssets to DecreaseIncreaseInLoans" order="16.0" weight="1.0"/>
    <link:loc xlink:type="locator" xlink:href="../tifrs-scf-2015-03-31.xsd#tifrs-SCF_ChangesInOperatingLiabilities" xlink:label="ChangesInOperatingLiabilities" xlink:title="ChangesInOperatingLiabilities"/>
    <link:loc xlink:type="locator" xlink:href="../tifrs-scf-2015-03-31.xsd#tifrs-SCF_IncreaseDecreaseInNotesPayable" xlink:label="IncreaseDecreaseInNotesPayable" xlink:title="IncreaseDecreaseInNotesPayable"/>
    <link:calculationArc xlink:type="arc" xlink:arcrole="http://www.xbrl.org/2003/arcrole/summation-item" xlink:from="ChangesInOperatingLiabilities" xlink:to="IncreaseDecreaseInNotesPayable" xlink:title="calculation: ChangesInOperatingLiabilities to IncreaseDecreaseInNotesPayable" order="1.0" weight="1.0"/>
    <link:loc xlink:type="locator" xlink:href="../tifrs-scf-2015-03-31.xsd#tifrs-SCF_IncreaseDecreaseInClaimsPayable" xlink:label="IncreaseDecreaseInClaimsPayable" xlink:title="IncreaseDecreaseInClaimsPayable"/>
    <link:calculationArc xlink:type="arc" xlink:arcrole="http://www.xbrl.org/2003/arcrole/summation-item" xlink:from="ChangesInOperatingLiabilities" xlink:to="IncreaseDecreaseInClaimsPayable" xlink:title="calculation: ChangesInOperatingLiabilities to IncreaseDecreaseInClaimsPayable" order="2.0" weight="1.0"/>
    <link:loc xlink:type="locator" xlink:href="../tifrs-scf-2015-03-31.xsd#tifrs-SCF_IncreaseDecreaseInReinsuranceIndemnityPayable" xlink:label="IncreaseDecreaseInReinsuranceIndemnityPayable" xlink:title="IncreaseDecreaseInReinsuranceIndemnityPayable"/>
    <link:calculationArc xlink:type="arc" xlink:arcrole="http://www.xbrl.org/2003/arcrole/summation-item" xlink:from="ChangesInOperatingLiabilities" xlink:to="IncreaseDecreaseInReinsuranceIndemnityPayable" xlink:title="calculation: ChangesInOperatingLiabilities to IncreaseDecreaseInReinsuranceIndemnityPayable" order="3.0" weight="1.0"/>
    <link:loc xlink:type="locator" xlink:href="../tifrs-scf-2015-03-31.xsd#tifrs-SCF_IncreaseDecreaseInCommissionsPayable" xlink:label="IncreaseDecreaseInCommissionsPayable" xlink:title="IncreaseDecreaseInCommissionsPayable"/>
    <link:calculationArc xlink:type="arc" xlink:arcrole="http://www.xbrl.org/2003/arcrole/summation-item" xlink:from="ChangesInOperatingLiabilities" xlink:to="IncreaseDecreaseInCommissionsPayable" xlink:title="calculation: ChangesInOperatingLiabilities to IncreaseDecreaseInCommissionsPayable" order="4.0" weight="1.0"/>
    <link:loc xlink:type="locator" xlink:href="../tifrs-scf-2015-03-31.xsd#tifrs-SCF_IncreaseDecreaseInDueToReinsurersAndCedingCompanies" xlink:label="IncreaseDecreaseInDueToReinsurersAndCedingCompanies" xlink:title="IncreaseDecreaseInDueToReinsurersAndCedingCompanies"/>
    <link:calculationArc xlink:type="arc" xlink:arcrole="http://www.xbrl.org/2003/arcrole/summation-item" xlink:from="ChangesInOperatingLiabilities" xlink:to="IncreaseDecreaseInDueToReinsurersAndCedingCompanies" xlink:title="calculation: ChangesInOperatingLiabilities to IncreaseDecreaseInDueToReinsurersAndCedingCompanies" order="5.0" weight="1.0"/>
    <link:loc xlink:type="locator" xlink:href="../tifrs-scf-2015-03-31.xsd#tifrs-SCF_IncreaseDecreaseInOtherPayables" xlink:label="IncreaseDecreaseInOtherPayables" xlink:title="IncreaseDecreaseInOtherPayables"/>
    <link:calculationArc xlink:type="arc" xlink:arcrole="http://www.xbrl.org/2003/arcrole/summation-item" xlink:from="ChangesInOperatingLiabilities" xlink:to="IncreaseDecreaseInOtherPayables" xlink:title="calculation: ChangesInOperatingLiabilities to IncreaseDecreaseInOtherPayables" order="6.0" weight="1.0"/>
    <link:loc xlink:type="locator" xlink:href="../tifrs-scf-2015-03-31.xsd#tifrs-SCF_IncreaseDecreaseInFinancialLiabilitiesAtFairValueThroughProfitOrLoss" xlink:label="IncreaseDecreaseInFinancialLiabilitiesAtFairValueThroughProfitOrLoss" xlink:title="IncreaseDecreaseInFinancialLiabilitiesAtFairValueThroughProfitOrLoss"/>
    <link:calculationArc xlink:type="arc" xlink:arcrole="http://www.xbrl.org/2003/arcrole/summation-item" xlink:from="ChangesInOperatingLiabilities" xlink:to="IncreaseDecreaseInFinancialLiabilitiesAtFairValueThroughProfitOrLoss" xlink:title="calculation: ChangesInOperatingLiabilities to IncreaseDecreaseInFinancialLiabilitiesAtFairValueThroughProfitOrLoss" order="7.0" weight="1.0"/>
    <link:loc xlink:type="locator" xlink:href="../tifrs-scf-2015-03-31.xsd#tifrs-SCF_IncreaseDecreaseInOtherFinancialLiabilities" xlink:label="IncreaseDecreaseInOtherFinancialLiabilities" xlink:title="IncreaseDecreaseInOtherFinancialLiabilities"/>
    <link:calculationArc xlink:type="arc" xlink:arcrole="http://www.xbrl.org/2003/arcrole/summation-item" xlink:from="ChangesInOperatingLiabilities" xlink:to="IncreaseDecreaseInOtherFinancialLiabilities" xlink:title="calculation: ChangesInOperatingLiabilities to IncreaseDecreaseInOtherFinancialLiabilities" order="8.0" weight="1.0"/>
    <link:loc xlink:type="locator" xlink:href="../tifrs-scf-2015-03-31.xsd#tifrs-SCF_IncreaseDecreaseInProvisions" xlink:label="IncreaseDecreaseInProvisions" xlink:title="IncreaseDecreaseInProvisions"/>
    <link:calculationArc xlink:type="arc" xlink:arcrole="http://www.xbrl.org/2003/arcrole/summation-item" xlink:from="ChangesInOperatingLiabilities" xlink:to="IncreaseDecreaseInProvisions" xlink:title="calculation: ChangesInOperatingLiabilities to IncreaseDecreaseInProvisions" order="9.0" weight="1.0"/>
    <link:loc xlink:type="locator" xlink:href="../tifrs-scf-2015-03-31.xsd#tifrs-SCF_IncreaseDecreaseInProvisionsForEmployeeBenefits" xlink:label="IncreaseDecreaseInProvisionsForEmployeeBenefits" xlink:title="IncreaseDecreaseInProvisionsForEmployeeBenefits"/>
    <link:calculationArc xlink:type="arc" xlink:arcrole="http://www.xbrl.org/2003/arcrole/summation-item" xlink:from="ChangesInOperatingLiabilities" xlink:to="IncreaseDecreaseInProvisionsForEmployeeBenefits" xlink:title="calculation: ChangesInOperatingLiabilities to IncreaseDecreaseInProvisionsForEmployeeBenefits" order="10.0" weight="1.0"/>
    <link:loc xlink:type="locator" xlink:href="../tifrs-scf-2015-03-31.xsd#tifrs-SCF_IncreaseDecreaseInIncomesCollectedInAdvance" xlink:label="IncreaseDecreaseInIncomesCollectedInAdvance" xlink:title="IncreaseDecreaseInIncomesCollectedInAdvance"/>
    <link:calculationArc xlink:type="arc" xlink:arcrole="http://www.xbrl.org/2003/arcrole/summation-item" xlink:from="ChangesInOperatingLiabilities" xlink:to="IncreaseDecreaseInIncomesCollectedInAdvance" xlink:title="calculation: ChangesInOperatingLiabilities to IncreaseDecreaseInIncomesCollectedInAdvance" order="11.0" weight="1.0"/>
    <link:loc xlink:type="locator" xlink:href="../tifrs-scf-2015-03-31.xsd#tifrs-SCF_IncreaseDecreaseInAdvanceReceipts" xlink:label="IncreaseDecreaseInAdvanceReceipts" xlink:title="IncreaseDecreaseInAdvanceReceipts"/>
    <link:calculationArc xlink:type="arc" xlink:arcrole="http://www.xbrl.org/2003/arcrole/summation-item" xlink:from="ChangesInOperatingLiabilities" xlink:to="IncreaseDecreaseInAdvanceReceipts" xlink:title="calculation: ChangesInOperatingLiabilities to IncreaseDecreaseInAdvanceReceipts" order="12.0" weight="1.0"/>
    <link:loc xlink:type="locator" xlink:href="../tifrs-scf-2015-03-31.xsd#tifrs-SCF_IncreaseDecreaseInDeferredFeeIncome" xlink:label="IncreaseDecreaseInDeferredFeeIncome" xlink:title="IncreaseDecreaseInDeferredFeeIncome"/>
    <link:calculationArc xlink:type="arc" xlink:arcrole="http://www.xbrl.org/2003/arcrole/summation-item" xlink:from="ChangesInOperatingLiabilities" xlink:to="IncreaseDecreaseInDeferredFeeIncome" xlink:title="calculation: ChangesInOperatingLiabilities to IncreaseDecreaseInDeferredFeeIncome" order="13.0" weight="1.0"/>
    <link:loc xlink:type="locator" xlink:href="../tifrs-scf-2015-03-31.xsd#tifrs-SCF_IncreaseDecreaseInGuaranteeDepositsAndMarginsReceived" xlink:label="IncreaseDecreaseInGuaranteeDepositsAndMarginsReceived" xlink:title="IncreaseDecreaseInGuaranteeDepositsAndMarginsReceived"/>
    <link:calculationArc xlink:type="arc" xlink:arcrole="http://www.xbrl.org/2003/arcrole/summation-item" xlink:from="ChangesInOperatingLiabilities" xlink:to="IncreaseDecreaseInGuaranteeDepositsAndMarginsReceived" xlink:title="calculation: ChangesInOperatingLiabilities to IncreaseDecreaseInGuaranteeDepositsAndMarginsReceived" order="14.0" weight="1.0"/>
    <link:loc xlink:type="locator" xlink:href="../tifrs-scf-2015-03-31.xsd#tifrs-SCF_IncreaseDecreaseInReinsuranceLiabilityReserveReceived" xlink:label="IncreaseDecreaseInReinsuranceLiabilityReserveReceived" xlink:title="IncreaseDecreaseInReinsuranceLiabilityReserveReceived"/>
    <link:calculationArc xlink:type="arc" xlink:arcrole="http://www.xbrl.org/2003/arcrole/summation-item" xlink:from="ChangesInOperatingLiabilities" xlink:to="IncreaseDecreaseInReinsuranceLiabilityReserveReceived" xlink:title="calculation: ChangesInOperatingLiabilities to IncreaseDecreaseInReinsuranceLiabilityReserveReceived" order="15.0" weight="1.0"/>
    <link:loc xlink:type="locator" xlink:href="../tifrs-scf-2015-03-31.xsd#tifrs-SCF_IncreaseDecreaseInTemporaryReceiptsAndSuspenseAccounts" xlink:label="IncreaseDecreaseInTemporaryReceiptsAndSuspenseAccounts" xlink:title="IncreaseDecreaseInTemporaryReceiptsAndSuspenseAccounts"/>
    <link:calculationArc xlink:type="arc" xlink:arcrole="http://www.xbrl.org/2003/arcrole/summation-item" xlink:from="ChangesInOperatingLiabilities" xlink:to="IncreaseDecreaseInTemporaryReceiptsAndSuspenseAccounts" xlink:title="calculation: ChangesInOperatingLiabilities to IncreaseDecreaseInTemporaryReceiptsAndSuspenseAccounts" order="16.0" weight="1.0"/>
    <link:loc xlink:type="locator" xlink:href="../tifrs-scf-2015-03-31.xsd#tifrs-SCF_IncreaseDecreaseInOtherLiabilities" xlink:label="IncreaseDecreaseInOtherLiabilities" xlink:title="IncreaseDecreaseInOtherLiabilities"/>
    <link:calculationArc xlink:type="arc" xlink:arcrole="http://www.xbrl.org/2003/arcrole/summation-item" xlink:from="ChangesInOperatingLiabilities" xlink:to="IncreaseDecreaseInOtherLiabilities" xlink:title="calculation: ChangesInOperatingLiabilities to IncreaseDecreaseInOtherLiabilities" order="18.0" weight="1.0"/>
    <link:loc xlink:type="locator" xlink:href="../tifrs-scf-2015-03-31.xsd#tifrs-SCF_DecreaseIncreaseInFinancialLiabilitiesAtCostForIns" xlink:label="DecreaseIncreaseInFinancialLiabilitiesAtCostForIns" xlink:title="DecreaseIncreaseInFinancialLiabilitiesAtCostForIns"/>
    <link:calculationArc xlink:type="arc" xlink:arcrole="http://www.xbrl.org/2003/arcrole/summation-item" xlink:from="ChangesInOperatingLiabilities" xlink:to="DecreaseIncreaseInFinancialLiabilitiesAtCostForIns" xlink:title="calculation: ChangesInOperatingLiabilities to DecreaseIncreaseInFinancialLiabilitiesAtCostForIns" order="17.0" weight="1.0"/>
    <link:loc xlink:type="locator" xlink:href="../tifrs-scf-2015-03-31.xsd#tifrs-SCF_NetCashFlowsFromUsedInInvestingActivities" xlink:label="NetCashFlowsFromUsedInInvestingActivities" xlink:title="NetCashFlowsFromUsedInInvestingActivities"/>
    <link:loc xlink:type="locator" xlink:href="../tifrs-scf-2015-03-31.xsd#tifrs-SCF_AcquisitionOfFinancialAssetsAtFairValueThroughProfitOrLossDesignatedAsUponInitialRecognition" xlink:label="AcquisitionOfFinancialAssetsAtFairValueThroughProfitOrLossDesignatedAsUponInitialRecognition" xlink:title="AcquisitionOfFinancialAssetsAtFairValueThroughProfitOrLossDesignatedAsUponInitialRecognition"/>
    <link:calculationArc xlink:type="arc" xlink:arcrole="http://www.xbrl.org/2003/arcrole/summation-item" xlink:from="NetCashFlowsFromUsedInInvestingActivities" xlink:to="AcquisitionOfFinancialAssetsAtFairValueThroughProfitOrLossDesignatedAsUponInitialRecognition" xlink:title="calculation: NetCashFlowsFromUsedInInvestingActivities to AcquisitionOfFinancialAssetsAtFairValueThroughProfitOrLossDesignatedAsUponInitialRecognition" order="0.1" weight="1.0"/>
    <link:loc xlink:type="locator" xlink:href="../tifrs-scf-2015-03-31.xsd#tifrs-SCF_ProceedsFromDisposalOfFinancialAssetsAtFairValueThroughProfitOrLossDesignatedAsUponInitialRecognition" xlink:label="ProceedsFromDisposalOfFinancialAssetsAtFairValueThroughProfitOrLossDesignatedAsUponInitialRecognition" xlink:title="ProceedsFromDisposalOfFinancialAssetsAtFairValueThroughProfitOrLossDesignatedAsUponInitialRecognition"/>
    <link:calculationArc xlink:type="arc" xlink:arcrole="http://www.xbrl.org/2003/arcrole/summation-item" xlink:from="NetCashFlowsFromUsedInInvestingActivities" xlink:to="ProceedsFromDisposalOfFinancialAssetsAtFairValueThroughProfitOrLossDesignatedAsUponInitialRecognition" xlink:title="calculation: NetCashFlowsFromUsedInInvestingActivities to ProceedsFromDisposalOfFinancialAssetsAtFairValueThroughProfitOrLossDesignatedAsUponInitialRecognition" order="0.2" weight="1.0"/>
    <link:loc xlink:type="locator" xlink:href="../tifrs-scf-2015-03-31.xsd#tifrs-SCF_AcquisitionOfDerivativeFinancialAssetsForHedging-CashFlowsFromUsedInInvestingActivities" xlink:label="AcquisitionOfDerivativeFinancialAssetsForHedging-CashFlowsFromUsedInInvestingActivities" xlink:title="AcquisitionOfDerivativeFinancialAssetsForHedging-CashFlowsFromUsedInInvestingActivities"/>
    <link:calculationArc xlink:type="arc" xlink:arcrole="http://www.xbrl.org/2003/arcrole/summation-item" xlink:from="NetCashFlowsFromUsedInInvestingActivities" xlink:to="AcquisitionOfDerivativeFinancialAssetsForHedging-CashFlowsFromUsedInInvestingActivities" xlink:title="calculation: NetCashFlowsFromUsedInInvestingActivities to AcquisitionOfDerivativeFinancialAssetsForHedging-CashFlowsFromUsedInInvestingActivities" order="12.1" weight="1.0"/>
    <link:loc xlink:type="locator" xlink:href="../tifrs-scf-2015-03-31.xsd#tifrs-SCF_DisposalOfDerivativeFinancialAssetsForHedging-CashFlowsFromUsedInInvestingActivities" xlink:label="DisposalOfDerivativeFinancialAssetsForHedging-CashFlowsFromUsedInInvestingActivities" xlink:title="DisposalOfDerivativeFinancialAssetsForHedging-CashFlowsFromUsedInInvestingActivities"/>
    <link:calculationArc xlink:type="arc" xlink:arcrole="http://www.xbrl.org/2003/arcrole/summation-item" xlink:from="NetCashFlowsFromUsedInInvestingActivities" xlink:to="DisposalOfDerivativeFinancialAssetsForHedging-CashFlowsFromUsedInInvestingActivities" xlink:title="calculation: NetCashFlowsFromUsedInInvestingActivities to DisposalOfDerivativeFinancialAssetsForHedging-CashFlowsFromUsedInInvestingActivities" order="12.2" weight="1.0"/>
    <link:loc xlink:type="locator" xlink:href="../tifrs-scf-2015-03-31.xsd#tifrs-SCF_AcquisitionOfNoncurrentAssetsClassifiedAsHeldForSale" xlink:label="AcquisitionOfNoncurrentAssetsClassifiedAsHeldForSale" xlink:title="AcquisitionOfNoncurrentAssetsClassifiedAsHeldForSale"/>
    <link:calculationArc xlink:type="arc" xlink:arcrole="http://www.xbrl.org/2003/arcrole/summation-item" xlink:from="NetCashFlowsFromUsedInInvestingActivities" xlink:to="AcquisitionOfNoncurrentAssetsClassifiedAsHeldForSale" xlink:title="calculation: NetCashFlowsFromUsedInInvestingActivities to AcquisitionOfNoncurrentAssetsClassifiedAsHeldForSale" order="19.1" weight="1.0"/>
    <link:loc xlink:type="locator" xlink:href="../tifrs-scf-2015-03-31.xsd#tifrs-SCF_ProceedsFromDisposalOfNoncurrentAssetsClassifiedAsHeldForSale" xlink:label="ProceedsFromDisposalOfNoncurrentAssetsClassifiedAsHeldForSale" xlink:title="ProceedsFromDisposalOfNoncurrentAssetsClassifiedAsHeldForSale"/>
    <link:calculationArc xlink:type="arc" xlink:arcrole="http://www.xbrl.org/2003/arcrole/summation-item" xlink:from="NetCashFlowsFromUsedInInvestingActivities" xlink:to="ProceedsFromDisposalOfNoncurrentAssetsClassifiedAsHeldForSale" xlink:title="calculation: NetCashFlowsFromUsedInInvestingActivities to ProceedsFromDisposalOfNoncurrentAssetsClassifiedAsHeldForSale" order="19.2" weight="1.0"/>
    <link:loc xlink:type="locator" xlink:href="../tifrs-scf-2015-03-31.xsd#tifrs-SCF_AcquisitionOfPropertyPlantAndEquipment" xlink:label="AcquisitionOfPropertyPlantAndEquipment" xlink:title="AcquisitionOfPropertyPlantAndEquipment"/>
    <link:calculationArc xlink:type="arc" xlink:arcrole="http://www.xbrl.org/2003/arcrole/summation-item" xlink:from="NetCashFlowsFromUsedInInvestingActivities" xlink:to="AcquisitionOfPropertyPlantAndEquipment" xlink:title="calculation: NetCashFlowsFromUsedInInvestingActivities to AcquisitionOfPropertyPlantAndEquipment" order="19.3" weight="1.0"/>
    <link:loc xlink:type="locator" xlink:href="../tifrs-scf-2015-03-31.xsd#tifrs-SCF_ProceedsFromDisposalOfPropertyPlantAndEquipment" xlink:label="ProceedsFromDisposalOfPropertyPlantAndEquipment" xlink:title="ProceedsFromDisposalOfPropertyPlantAndEquipment"/>
    <link:calculationArc xlink:type="arc" xlink:arcrole="http://www.xbrl.org/2003/arcrole/summation-item" xlink:from="NetCashFlowsFromUsedInInvestingActivities" xlink:to="ProceedsFromDisposalOfPropertyPlantAndEquipment" xlink:title="calculation: NetCashFlowsFromUsedInInvestingActivities to ProceedsFromDisposalOfPropertyPlantAndEquipment" order="19.4" weight="1.0"/>
    <link:loc xlink:type="locator" xlink:href="../tifrs-scf-2015-03-31.xsd#tifrs-SCF_IncreaseInReinsuranceLiabilityReserveContribute" xlink:label="IncreaseInReinsuranceLiabilityReserveContribute" xlink:title="IncreaseInReinsuranceLiabilityReserveContribute"/>
    <link:calculationArc xlink:type="arc" xlink:arcrole="http://www.xbrl.org/2003/arcrole/summation-item" xlink:from="NetCashFlowsFromUsedInInvestingActivities" xlink:to="IncreaseInReinsuranceLiabilityReserveContribute" xlink:title="calculation: NetCashFlowsFromUsedInInvestingActivities to IncreaseInReinsuranceLiabilityReserveContribute" order="23.1" weight="1.0"/>
    <link:loc xlink:type="locator" xlink:href="../tifrs-scf-2015-03-31.xsd#tifrs-SCF_DecreaseInReinsuranceLiabilityReserveContribute" xlink:label="DecreaseInReinsuranceLiabilityReserveContribute" xlink:title="DecreaseInReinsuranceLiabilityReserveContribute"/>
    <link:calculationArc xlink:type="arc" xlink:arcrole="http://www.xbrl.org/2003/arcrole/summation-item" xlink:from="NetCashFlowsFromUsedInInvestingActivities" xlink:to="DecreaseInReinsuranceLiabilityReserveContribute" xlink:title="calculation: NetCashFlowsFromUsedInInvestingActivities to DecreaseInReinsuranceLiabilityReserveContribute" order="23.2" weight="1.0"/>
    <link:loc xlink:type="locator" xlink:href="../tifrs-scf-2015-03-31.xsd#tifrs-SCF_ProceedFromDisposalOfForeclosedCollateral" xlink:label="ProceedFromDisposalOfForeclosedCollateral" xlink:title="ProceedFromDisposalOfForeclosedCollateral"/>
    <link:calculationArc xlink:type="arc" xlink:arcrole="http://www.xbrl.org/2003/arcrole/summation-item" xlink:from="NetCashFlowsFromUsedInInvestingActivities" xlink:to="ProceedFromDisposalOfForeclosedCollateral" xlink:title="calculation: NetCashFlowsFromUsedInInvestingActivities to ProceedFromDisposalOfForeclosedCollateral" order="29.1" weight="1.0"/>
    <link:loc xlink:type="locator" xlink:href="../tifrs-scf-2015-03-31.xsd#tifrs-SCF_PurchaseOfForeclosedCollateral" xlink:label="PurchaseOfForeclosedCollateral" xlink:title="PurchaseOfForeclosedCollateral"/>
    <link:calculationArc xlink:type="arc" xlink:arcrole="http://www.xbrl.org/2003/arcrole/summation-item" xlink:from="NetCashFlowsFromUsedInInvestingActivities" xlink:to="PurchaseOfForeclosedCollateral" xlink:title="calculation: NetCashFlowsFromUsedInInvestingActivities to PurchaseOfForeclosedCollateral" order="29.2" weight="1.0"/>
    <link:loc xlink:type="locator" xlink:href="../tifrs-scf-2015-03-31.xsd#tifrs-SCF_IncreaseInLoans" xlink:label="IncreaseInLoans" xlink:title="IncreaseInLoans"/>
    <link:calculationArc xlink:type="arc" xlink:arcrole="http://www.xbrl.org/2003/arcrole/summation-item" xlink:from="NetCashFlowsFromUsedInInvestingActivities" xlink:to="IncreaseInLoans" xlink:title="calculation: NetCashFlowsFromUsedInInvestingActivities to IncreaseInLoans" order="32.1" weight="1.0"/>
    <link:loc xlink:type="locator" xlink:href="../tifrs-scf-2015-03-31.xsd#tifrs-SCF_DecreaseInLoans" xlink:label="DecreaseInLoans" xlink:title="DecreaseInLoans"/>
    <link:calculationArc xlink:type="arc" xlink:arcrole="http://www.xbrl.org/2003/arcrole/summation-item" xlink:from="NetCashFlowsFromUsedInInvestingActivities" xlink:to="DecreaseInLoans" xlink:title="calculation: NetCashFlowsFromUsedInInvestingActivities to DecreaseInLoans" order="32.2" weight="1.0"/>
    <link:loc xlink:type="locator" xlink:href="../tifrs-scf-2015-03-31.xsd#tifrs-SCF_IncreaseInReceivables" xlink:label="IncreaseInReceivables" xlink:title="IncreaseInReceivables"/>
    <link:calculationArc xlink:type="arc" xlink:arcrole="http://www.xbrl.org/2003/arcrole/summation-item" xlink:from="NetCashFlowsFromUsedInInvestingActivities" xlink:to="IncreaseInReceivables" xlink:title="calculation: NetCashFlowsFromUsedInInvestingActivities to IncreaseInReceivables" order="34.1" weight="1.0"/>
    <link:loc xlink:type="locator" xlink:href="../tifrs-scf-2015-03-31.xsd#tifrs-SCF_DecreaseInReceivables" xlink:label="DecreaseInReceivables" xlink:title="DecreaseInReceivables"/>
    <link:calculationArc xlink:type="arc" xlink:arcrole="http://www.xbrl.org/2003/arcrole/summation-item" xlink:from="NetCashFlowsFromUsedInInvestingActivities" xlink:to="DecreaseInReceivables" xlink:title="calculation: NetCashFlowsFromUsedInInvestingActivities to DecreaseInReceivables" order="34.2" weight="1.0"/>
    <link:loc xlink:type="locator" xlink:href="../tifrs-scf-2015-03-31.xsd#tifrs-SCF_IncreaseInLongTermLeaseAndInstallmentReceivables" xlink:label="IncreaseInLongTermLeaseAndInstallmentReceivables" xlink:title="IncreaseInLongTermLeaseAndInstallmentReceivables"/>
    <link:calculationArc xlink:type="arc" xlink:arcrole="http://www.xbrl.org/2003/arcrole/summation-item" xlink:from="NetCashFlowsFromUsedInInvestingActivities" xlink:to="IncreaseInLongTermLeaseAndInstallmentReceivables" xlink:title="calculation: NetCashFlowsFromUsedInInvestingActivities to IncreaseInLongTermLeaseAndInstallmentReceivables" order="34.3" weight="1.0"/>
    <link:loc xlink:type="locator" xlink:href="../tifrs-scf-2015-03-31.xsd#tifrs-SCF_DecreaseInLongTermLeaseAndInstallmentReceivables" xlink:label="DecreaseInLongTermLeaseAndInstallmentReceivables" xlink:title="DecreaseInLongTermLeaseAndInstallmentReceivables"/>
    <link:calculationArc xlink:type="arc" xlink:arcrole="http://www.xbrl.org/2003/arcrole/summation-item" xlink:from="NetCashFlowsFromUsedInInvestingActivities" xlink:to="DecreaseInLongTermLeaseAndInstallmentReceivables" xlink:title="calculation: NetCashFlowsFromUsedInInvestingActivities to DecreaseInLongTermLeaseAndInstallmentReceivables" order="34.4" weight="1.0"/>
    <link:loc xlink:type="locator" xlink:href="../tifrs-scf-2015-03-31.xsd#tifrs-SCF_IncreaseInOtherAssets" xlink:label="IncreaseInOtherAssets" xlink:title="IncreaseInOtherAssets"/>
    <link:calculationArc xlink:type="arc" xlink:arcrole="http://www.xbrl.org/2003/arcrole/summation-item" xlink:from="NetCashFlowsFromUsedInInvestingActivities" xlink:to="IncreaseInOtherAssets" xlink:title="calculation: NetCashFlowsFromUsedInInvestingActivities to IncreaseInOtherAssets" order="38.1" weight="1.0"/>
    <link:loc xlink:type="locator" xlink:href="../tifrs-scf-2015-03-31.xsd#tifrs-SCF_DecreaseInOtherAssets" xlink:label="DecreaseInOtherAssets" xlink:title="DecreaseInOtherAssets"/>
    <link:calculationArc xlink:type="arc" xlink:arcrole="http://www.xbrl.org/2003/arcrole/summation-item" xlink:from="NetCashFlowsFromUsedInInvestingActivities" xlink:to="DecreaseInOtherAssets" xlink:title="calculation: NetCashFlowsFromUsedInInvestingActivities to DecreaseInOtherAssets" order="38.2" weight="1.0"/>
    <link:loc xlink:type="locator" xlink:href="../tifrs-scf-2015-03-31.xsd#tifrs-SCF_CompensationOnDisposalOfNonperformingLoans" xlink:label="CompensationOnDisposalOfNonperformingLoans" xlink:title="CompensationOnDisposalOfNonperformingLoans"/>
    <link:calculationArc xlink:type="arc" xlink:arcrole="http://www.xbrl.org/2003/arcrole/summation-item" xlink:from="NetCashFlowsFromUsedInInvestingActivities" xlink:to="CompensationOnDisposalOfNonperformingLoans" xlink:title="calculation: NetCashFlowsFromUsedInInvestingActivities to CompensationOnDisposalOfNonperformingLoans" order="34.5" weight="1.0"/>
    <link:loc xlink:type="locator" xlink:href="../tifrs-scf-2015-03-31.xsd#tifrs-SCF_ProceedsFromDisposalOfNonperformingLoan" xlink:label="ProceedsFromDisposalOfNonperformingLoan" xlink:title="ProceedsFromDisposalOfNonperformingLoan"/>
    <link:calculationArc xlink:type="arc" xlink:arcrole="http://www.xbrl.org/2003/arcrole/summation-item" xlink:from="NetCashFlowsFromUsedInInvestingActivities" xlink:to="ProceedsFromDisposalOfNonperformingLoan" xlink:title="calculation: NetCashFlowsFromUsedInInvestingActivities to ProceedsFromDisposalOfNonperformingLoan" order="34.6" weight="1.0"/>
    <link:loc xlink:type="locator" xlink:href="../tifrs-scf-2015-03-31.xsd#tifrs-SCF_BuybackOfNonperformingLoan" xlink:label="BuybackOfNonperformingLoan" xlink:title="BuybackOfNonperformingLoan"/>
    <link:calculationArc xlink:type="arc" xlink:arcrole="http://www.xbrl.org/2003/arcrole/summation-item" xlink:from="NetCashFlowsFromUsedInInvestingActivities" xlink:to="BuybackOfNonperformingLoan" xlink:title="calculation: NetCashFlowsFromUsedInInvestingActivities to BuybackOfNonperformingLoan" order="34.7" weight="1.0"/>
    <link:loc xlink:type="locator" xlink:href="../tifrs-scf-2015-03-31.xsd#tifrs-SCF_CashFlowsFromUsedInFinancingActivities" xlink:label="CashFlowsFromUsedInFinancingActivities" xlink:title="CashFlowsFromUsedInFinancingActivities"/>
    <link:loc xlink:type="locator" xlink:href="../tifrs-scf-2015-03-31.xsd#tifrs-SCF_IncreaseInCommercialPapersPayable" xlink:label="IncreaseInCommercialPapersPayable" xlink:title="IncreaseInCommercialPapersPayable"/>
    <link:calculationArc xlink:type="arc" xlink:arcrole="http://www.xbrl.org/2003/arcrole/summation-item" xlink:from="CashFlowsFromUsedInFinancingActivities" xlink:to="IncreaseInCommercialPapersPayable" xlink:title="calculation: CashFlowsFromUsedInFinancingActivities to IncreaseInCommercialPapersPayable" order="2.1" weight="1.0"/>
    <link:loc xlink:type="locator" xlink:href="../tifrs-scf-2015-03-31.xsd#tifrs-SCF_DecreaseInCommercialPapersPayable" xlink:label="DecreaseInCommercialPapersPayable" xlink:title="DecreaseInCommercialPapersPayable"/>
    <link:calculationArc xlink:type="arc" xlink:arcrole="http://www.xbrl.org/2003/arcrole/summation-item" xlink:from="CashFlowsFromUsedInFinancingActivities" xlink:to="DecreaseInCommercialPapersPayable" xlink:title="calculation: CashFlowsFromUsedInFinancingActivities to DecreaseInCommercialPapersPayable" order="2.2" weight="1.0"/>
    <link:loc xlink:type="locator" xlink:href="../tifrs-scf-2015-03-31.xsd#tifrs-SCF_AcquisitionOfDerivativeFinancialAssetsForHedging-CashFlowsFromUsedInFinancingActivities" xlink:label="AcquisitionOfDerivativeFinancialAssetsForHedging-CashFlowsFromUsedInFinancingActivities" xlink:title="AcquisitionOfDerivativeFinancialAssetsForHedging-CashFlowsFromUsedInFinancingActivities"/>
    <link:calculationArc xlink:type="arc" xlink:arcrole="http://www.xbrl.org/2003/arcrole/summation-item" xlink:from="CashFlowsFromUsedInFinancingActivities" xlink:to="AcquisitionOfDerivativeFinancialAssetsForHedging-CashFlowsFromUsedInFinancingActivities" xlink:title="calculation: CashFlowsFromUsedInFinancingActivities to AcquisitionOfDerivativeFinancialAssetsForHedging-CashFlowsFromUsedInFinancingActivities" order="2.3" weight="1.0"/>
    <link:loc xlink:type="locator" xlink:href="../tifrs-scf-2015-03-31.xsd#tifrs-SCF_ProceedsFromDisposalOfDerivativeFinancialAssetsForHedging-CashFlowsFromUsedInFinancingActivities" xlink:label="ProceedsFromDisposalOfDerivativeFinancialAssetsForHedging-CashFlowsFromUsedInFinancingActivities" xlink:title="ProceedsFromDisposalOfDerivativeFinancialAssetsForHedging-CashFlowsFromUsedInFinancingActivities"/>
    <link:calculationArc xlink:type="arc" xlink:arcrole="http://www.xbrl.org/2003/arcrole/summation-item" xlink:from="CashFlowsFromUsedInFinancingActivities" xlink:to="ProceedsFromDisposalOfDerivativeFinancialAssetsForHedging-CashFlowsFromUsedInFinancingActivities" xlink:title="calculation: CashFlowsFromUsedInFinancingActivities to ProceedsFromDisposalOfDerivativeFinancialAssetsForHedging-CashFlowsFromUsedInFinancingActivities" order="2.4" weight="1.0"/>
    <link:loc xlink:type="locator" xlink:href="../tifrs-scf-2015-03-31.xsd#tifrs-SCF_IncreaseInNotesAndBondsIssuedUnderRepurchaseAgreement" xlink:label="IncreaseInNotesAndBondsIssuedUnderRepurchaseAgreement" xlink:title="IncreaseInNotesAndBondsIssuedUnderRepurchaseAgreement"/>
    <link:calculationArc xlink:type="arc" xlink:arcrole="http://www.xbrl.org/2003/arcrole/summation-item" xlink:from="CashFlowsFromUsedInFinancingActivities" xlink:to="IncreaseInNotesAndBondsIssuedUnderRepurchaseAgreement" xlink:title="calculation: CashFlowsFromUsedInFinancingActivities to IncreaseInNotesAndBondsIssuedUnderRepurchaseAgreement" order="4.1" weight="1.0"/>
    <link:loc xlink:type="locator" xlink:href="../tifrs-scf-2015-03-31.xsd#tifrs-SCF_DecreaseInNotesAndBondsIssuedUnderRepurchaseAgreement" xlink:label="DecreaseInNotesAndBondsIssuedUnderRepurchaseAgreement" xlink:title="DecreaseInNotesAndBondsIssuedUnderRepurchaseAgreement"/>
    <link:calculationArc xlink:type="arc" xlink:arcrole="http://www.xbrl.org/2003/arcrole/summation-item" xlink:from="CashFlowsFromUsedInFinancingActivities" xlink:to="DecreaseInNotesAndBondsIssuedUnderRepurchaseAgreement" xlink:title="calculation: CashFlowsFromUsedInFinancingActivities to DecreaseInNotesAndBondsIssuedUnderRepurchaseAgreement" order="4.2" weight="1.0"/>
    <link:loc xlink:type="locator" xlink:href="../tifrs-scf-2015-03-31.xsd#tifrs-SCF_IncreaseInFinancialLiabilitiesAtFairValueThroughProfitOrLossDesignatedAsUponInitialRecognition" xlink:label="IncreaseInFinancialLiabilitiesAtFairValueThroughProfitOrLossDesignatedAsUponInitialRecognition" xlink:title="IncreaseInFinancialLiabilitiesAtFairValueThroughProfitOrLossDesignatedAsUponInitialRecognition"/>
    <link:calculationArc xlink:type="arc" xlink:arcrole="http://www.xbrl.org/2003/arcrole/summation-item" xlink:from="CashFlowsFromUsedInFinancingActivities" xlink:to="IncreaseInFinancialLiabilitiesAtFairValueThroughProfitOrLossDesignatedAsUponInitialRecognition" xlink:title="calculation: CashFlowsFromUsedInFinancingActivities to IncreaseInFinancialLiabilitiesAtFairValueThroughProfitOrLossDesignatedAsUponInitialRecognition" order="4.3" weight="1.0"/>
    <link:loc xlink:type="locator" xlink:href="../tifrs-scf-2015-03-31.xsd#tifrs-SCF_DecreaseInFinancialLiabilitiesAtFairValueThroughProfitOrLossDesignatedAsUponInitialRecognition" xlink:label="DecreaseInFinancialLiabilitiesAtFairValueThroughProfitOrLossDesignatedAsUponInitialRecognition" xlink:title="DecreaseInFinancialLiabilitiesAtFairValueThroughProfitOrLossDesignatedAsUponInitialRecognition"/>
    <link:calculationArc xlink:type="arc" xlink:arcrole="http://www.xbrl.org/2003/arcrole/summation-item" xlink:from="CashFlowsFromUsedInFinancingActivities" xlink:to="DecreaseInFinancialLiabilitiesAtFairValueThroughProfitOrLossDesignatedAsUponInitialRecognition" xlink:title="calculation: CashFlowsFromUsedInFinancingActivities to DecreaseInFinancialLiabilitiesAtFairValueThroughProfitOrLossDesignatedAsUponInitialRecognition" order="4.4" weight="1.0"/>
    <link:loc xlink:type="locator" xlink:href="../tifrs-scf-2015-03-31.xsd#tifrs-SCF_IncreaseInReinsuranceLiabilityReserveReceived" xlink:label="IncreaseInReinsuranceLiabilityReserveReceived" xlink:title="IncreaseInReinsuranceLiabilityReserveReceived"/>
    <link:calculationArc xlink:type="arc" xlink:arcrole="http://www.xbrl.org/2003/arcrole/summation-item" xlink:from="CashFlowsFromUsedInFinancingActivities" xlink:to="IncreaseInReinsuranceLiabilityReserveReceived" xlink:title="calculation: CashFlowsFromUsedInFinancingActivities to IncreaseInReinsuranceLiabilityReserveReceived" order="11.1" weight="1.0"/>
    <link:loc xlink:type="locator" xlink:href="../tifrs-scf-2015-03-31.xsd#tifrs-SCF_DecreaseInReinsuranceLiabilityReserveReceived" xlink:label="DecreaseInReinsuranceLiabilityReserveReceived" xlink:title="DecreaseInReinsuranceLiabilityReserveReceived"/>
    <link:calculationArc xlink:type="arc" xlink:arcrole="http://www.xbrl.org/2003/arcrole/summation-item" xlink:from="CashFlowsFromUsedInFinancingActivities" xlink:to="DecreaseInReinsuranceLiabilityReserveReceived" xlink:title="calculation: CashFlowsFromUsedInFinancingActivities to DecreaseInReinsuranceLiabilityReserveReceived" order="11.2" weight="1.0"/>
    <link:loc xlink:type="locator" xlink:href="../tifrs-scf-2015-03-31.xsd#tifrs-SCF_IncreaseInPayables" xlink:label="IncreaseInPayables" xlink:title="IncreaseInPayables"/>
    <link:calculationArc xlink:type="arc" xlink:arcrole="http://www.xbrl.org/2003/arcrole/summation-item" xlink:from="CashFlowsFromUsedInFinancingActivities" xlink:to="IncreaseInPayables" xlink:title="calculation: CashFlowsFromUsedInFinancingActivities to IncreaseInPayables" order="11.3" weight="1.0"/>
    <link:loc xlink:type="locator" xlink:href="../tifrs-scf-2015-03-31.xsd#tifrs-SCF_DecreaseInPayables" xlink:label="DecreaseInPayables" xlink:title="DecreaseInPayables"/>
    <link:calculationArc xlink:type="arc" xlink:arcrole="http://www.xbrl.org/2003/arcrole/summation-item" xlink:from="CashFlowsFromUsedInFinancingActivities" xlink:to="DecreaseInPayables" xlink:title="calculation: CashFlowsFromUsedInFinancingActivities to DecreaseInPayables" order="11.4" weight="1.0"/>
    <link:loc xlink:type="locator" xlink:href="../tifrs-scf-2015-03-31.xsd#tifrs-SCF_IncreaseInLeasePayable" xlink:label="IncreaseInLeasePayable" xlink:title="IncreaseInLeasePayable"/>
    <link:calculationArc xlink:type="arc" xlink:arcrole="http://www.xbrl.org/2003/arcrole/summation-item" xlink:from="CashFlowsFromUsedInFinancingActivities" xlink:to="IncreaseInLeasePayable" xlink:title="calculation: CashFlowsFromUsedInFinancingActivities to IncreaseInLeasePayable" order="13.1" weight="1.0"/>
    <link:loc xlink:type="locator" xlink:href="../tifrs-scf-2015-03-31.xsd#tifrs-SCF_DecreaseInLeasePayable" xlink:label="DecreaseInLeasePayable" xlink:title="DecreaseInLeasePayable"/>
    <link:calculationArc xlink:type="arc" xlink:arcrole="http://www.xbrl.org/2003/arcrole/summation-item" xlink:from="CashFlowsFromUsedInFinancingActivities" xlink:to="DecreaseInLeasePayable" xlink:title="calculation: CashFlowsFromUsedInFinancingActivities to DecreaseInLeasePayable" order="13.2" weight="1.0"/>
    <link:loc xlink:type="locator" xlink:href="../tifrs-scf-2015-03-31.xsd#tifrs-SCF_IncreaseInOtherLiabilities" xlink:label="IncreaseInOtherLiabilities" xlink:title="IncreaseInOtherLiabilities"/>
    <link:calculationArc xlink:type="arc" xlink:arcrole="http://www.xbrl.org/2003/arcrole/summation-item" xlink:from="CashFlowsFromUsedInFinancingActivities" xlink:to="IncreaseInOtherLiabilities" xlink:title="calculation: CashFlowsFromUsedInFinancingActivities to IncreaseInOtherLiabilities" order="15.1" weight="1.0"/>
    <link:loc xlink:type="locator" xlink:href="../tifrs-scf-2015-03-31.xsd#tifrs-SCF_DecreaseInOtherLiabilities" xlink:label="DecreaseInOtherLiabilities" xlink:title="DecreaseInOtherLiabilities"/>
    <link:calculationArc xlink:type="arc" xlink:arcrole="http://www.xbrl.org/2003/arcrole/summation-item" xlink:from="CashFlowsFromUsedInFinancingActivities" xlink:to="DecreaseInOtherLiabilities" xlink:title="calculation: CashFlowsFromUsedInFinancingActivities to DecreaseInOtherLiabilities" order="15.2" weight="1.0"/>
    <link:loc xlink:type="locator" xlink:href="../../ifrs_20100430/ifrs-cor_2010-04-30.xsd#ifrs_InterestPaidClassifiedAsFinancingActivities" xlink:label="InterestPaidClassifiedAsFinancingActivities" xlink:title="InterestPaidClassifiedAsFinancingActivities"/>
    <link:calculationArc xlink:type="arc" xlink:arcrole="http://www.xbrl.org/2003/arcrole/summation-item" xlink:from="CashFlowsFromUsedInFinancingActivities" xlink:to="InterestPaidClassifiedAsFinancingActivities" xlink:title="calculation: CashFlowsFromUsedInFinancingActivities to InterestPaidClassifiedAsFinancingActivities" order="26.1" weight="1.0"/>
  </link:calculationLink>
  <link:calculationLink xlink:type="extended" xlink:role="http://www.xbrl.org/tifrs/fr/role/StatementOfCashFlows-DirectMethod">
    <link:loc xlink:type="locator" xlink:href="../tifrs-scf-2015-03-31.xsd#tifrs-SCF_ClassesOfCashReceiptsFromOperatingActivities" xlink:label="ClassesOfCashReceiptsFromOperatingActivities" xlink:title="ClassesOfCashReceiptsFromOperatingActivities"/>
    <link:loc xlink:type="locator" xlink:href="../../ifrs_20100430/ifrs-cor_2010-04-30.xsd#ifrs_ReceiptsFromPremiumsAndClaimsAnnuitiesAndOtherPolicyBenefits" xlink:label="ReceiptsFromPremiumsAndClaimsAnnuitiesAndOtherPolicyBenefits" xlink:title="ReceiptsFromPremiumsAndClaimsAnnuitiesAndOtherPolicyBenefits"/>
    <link:calculationArc xlink:type="arc" xlink:arcrole="http://www.xbrl.org/2003/arcrole/summation-item" xlink:from="ClassesOfCashReceiptsFromOperatingActivities" xlink:to="ReceiptsFromPremiumsAndClaimsAnnuitiesAndOtherPolicyBenefits" xlink:title="calculation: ClassesOfCashReceiptsFromOperatingActivities to ReceiptsFromPremiumsAndClaimsAnnuitiesAndOtherPolicyBenefits" order="3.1" weight="1.0"/>
    <link:loc xlink:type="locator" xlink:href="../tifrs-scf-2015-03-31.xsd#tifrs-SCF_ReceiptsFromReinsurance" xlink:label="ReceiptsFromReinsurance" xlink:title="ReceiptsFromReinsurance"/>
    <link:calculationArc xlink:type="arc" xlink:arcrole="http://www.xbrl.org/2003/arcrole/summation-item" xlink:from="ClassesOfCashReceiptsFromOperatingActivities" xlink:to="ReceiptsFromReinsurance" xlink:title="calculation: ClassesOfCashReceiptsFromOperatingActivities to ReceiptsFromReinsurance" order="3.2" weight="1.0"/>
    <link:loc xlink:type="locator" xlink:href="../tifrs-scf-2015-03-31.xsd#tifrs-SCF_ClassesOfCashPaymentsFromOperatingActivities" xlink:label="ClassesOfCashPaymentsFromOperatingActivities" xlink:title="ClassesOfCashPaymentsFromOperatingActivities"/>
    <link:loc xlink:type="locator" xlink:href="../../ifrs_20100430/ifrs-cor_2010-04-30.xsd#ifrs_PaymentsForPremiumsAndClaimsAnnuitiesAndOtherPolicyBenefits" xlink:label="PaymentsForPremiumsAndClaimsAnnuitiesAndOtherPolicyBenefits" xlink:title="PaymentsForPremiumsAndClaimsAnnuitiesAndOtherPolicyBenefits"/>
    <link:calculationArc xlink:type="arc" xlink:arcrole="http://www.xbrl.org/2003/arcrole/summation-item" xlink:from="ClassesOfCashPaymentsFromOperatingActivities" xlink:to="PaymentsForPremiumsAndClaimsAnnuitiesAndOtherPolicyBenefits" xlink:title="calculation: ClassesOfCashPaymentsFromOperatingActivities to PaymentsForPremiumsAndClaimsAnnuitiesAndOtherPolicyBenefits" order="3.1" weight="1.0"/>
    <link:loc xlink:type="locator" xlink:href="../tifrs-scf-2015-03-31.xsd#tifrs-SCF_PaymentsForReinsurance" xlink:label="PaymentsForReinsurance" xlink:title="PaymentsForReinsurance"/>
    <link:calculationArc xlink:type="arc" xlink:arcrole="http://www.xbrl.org/2003/arcrole/summation-item" xlink:from="ClassesOfCashPaymentsFromOperatingActivities" xlink:to="PaymentsForReinsurance" xlink:title="calculation: ClassesOfCashPaymentsFromOperatingActivities to PaymentsForReinsurance" order="3.2" weight="1.0"/>
  </link:calculationLink>
</link:linkbase>
