<?xml version="1.0" encoding="UTF-8"?>
<!-- Generated by Fujitsu XWand B0184C -->
<link:linkbase xmlns:xsi="http://www.w3.org/2001/XMLSchema-instance" xsi:schemaLocation="http://www.xbrl.org/2003/linkbase http://www.xbrl.org/2003/xbrl-linkbase-2003-12-31.xsd" xmlns:xbrli="http://www.xbrl.org/2003/instance" xmlns:xlink="http://www.w3.org/1999/xlink" xmlns:link="http://www.xbrl.org/2003/linkbase">
  <link:roleRef roleURI="http://www.xbrl.org/tifrs/fr/role/BalanceSheet" xlink:type="simple" xlink:href="../../../BSCI/tifrs-bsci-basi-2015-03-31.xsd#RT_1"/>
  <link:roleRef roleURI="http://www.xbrl.org/tifrs/fr/role/StatementOfComprehensiveIncome" xlink:type="simple" xlink:href="../../../BSCI/tifrs-bsci-basi-2015-03-31.xsd#RT_2"/>
  <link:calculationLink xlink:type="extended" xlink:role="http://www.xbrl.org/tifrs/fr/role/BalanceSheet">
    <link:loc xlink:type="locator" xlink:href="../../../ifrs_20100430/ifrs-cor_2010-04-30.xsd#ifrs_Equity" xlink:label="Equity" xlink:title="Equity"/>
    <link:loc xlink:type="locator" xlink:href="../../../BSCI/tifrs-bsci-basi-2015-03-31.xsd#tifrs-bsci-basi_Capital" xlink:label="Capital" xlink:title="Capital"/>
    <link:calculationArc xlink:type="arc" xlink:arcrole="http://www.xbrl.org/2003/arcrole/summation-item" xlink:from="Equity" xlink:to="Capital" xlink:title="calculation: Equity to Capital" order="1.0" weight="1.0"/>
    <link:loc xlink:type="locator" xlink:href="../../../BSCI/tifrs-bsci-basi-2015-03-31.xsd#tifrs-bsci-basi_CapitalSurplus" xlink:label="CapitalSurplus" xlink:title="CapitalSurplus"/>
    <link:calculationArc xlink:type="arc" xlink:arcrole="http://www.xbrl.org/2003/arcrole/summation-item" xlink:from="Equity" xlink:to="CapitalSurplus" xlink:title="calculation: Equity to CapitalSurplus" order="2.0" weight="1.0"/>
    <link:loc xlink:type="locator" xlink:href="../../../ifrs_20100430/ifrs-cor_2010-04-30.xsd#ifrs_RetainedEarnings" xlink:label="RetainedEarnings" xlink:title="RetainedEarnings"/>
    <link:calculationArc xlink:type="arc" xlink:arcrole="http://www.xbrl.org/2003/arcrole/summation-item" xlink:from="Equity" xlink:to="RetainedEarnings" xlink:title="calculation: Equity to RetainedEarnings" order="3.0" weight="1.0"/>
    <link:loc xlink:type="locator" xlink:href="../../../ifrs_20100430/ifrs-cor_2010-04-30.xsd#ifrs_OtherEquityInterest" xlink:label="OtherEquityInterest" xlink:title="OtherEquityInterest"/>
    <link:calculationArc xlink:type="arc" xlink:arcrole="http://www.xbrl.org/2003/arcrole/summation-item" xlink:from="Equity" xlink:to="OtherEquityInterest" xlink:title="calculation: Equity to OtherEquityInterest" order="4.0" weight="1.0"/>
    <link:loc xlink:type="locator" xlink:href="../../../ifrs_20100430/ifrs-cor_2010-04-30.xsd#ifrs_TreasuryShares" xlink:label="TreasuryShares" xlink:title="TreasuryShares"/>
    <link:calculationArc xlink:type="arc" xlink:arcrole="http://www.xbrl.org/2003/arcrole/summation-item" xlink:from="Equity" xlink:to="TreasuryShares" xlink:title="calculation: Equity to TreasuryShares" order="5.0" weight="-1"/>
    <link:loc xlink:type="locator" xlink:href="../../../BSCI/tifrs-bsci-basi-2015-03-31.xsd#tifrs-bsci-basi_EquityAttributableToFomerOwnerOfBusinessCombinationUnderCommonControl" xlink:label="EquityAttributableToFomerOwnerOfBusinessCombinationUnderCommonControl" xlink:title="EquityAttributableToFomerOwnerOfBusinessCombinationUnderCommonControl"/>
    <link:calculationArc xlink:type="arc" xlink:arcrole="http://www.xbrl.org/2003/arcrole/summation-item" xlink:from="Equity" xlink:to="EquityAttributableToFomerOwnerOfBusinessCombinationUnderCommonControl" xlink:title="calculation: Equity to EquityAttributableToFomerOwnerOfBusinessCombinationUnderCommonControl" order="6.0" weight="1.0"/>
    <link:loc xlink:type="locator" xlink:href="../../../BSCI/tifrs-bsci-basi-2015-03-31.xsd#tifrs-bsci-basi_EquityAttributableToNoncontrollingInterestBeforeBusinessCombinationUnderCommonControl" xlink:label="EquityAttributableToNoncontrollingInterestBeforeBusinessCombinationUnderCommonControl" xlink:title="EquityAttributableToNoncontrollingInterestBeforeBusinessCombinationUnderCommonControl"/>
    <link:calculationArc xlink:type="arc" xlink:arcrole="http://www.xbrl.org/2003/arcrole/summation-item" xlink:from="Equity" xlink:to="EquityAttributableToNoncontrollingInterestBeforeBusinessCombinationUnderCommonControl" xlink:title="calculation: Equity to EquityAttributableToNoncontrollingInterestBeforeBusinessCombinationUnderCommonControl" order="7.0" weight="1.0"/>
  </link:calculationLink>
  <link:calculationLink xlink:type="extended" xlink:role="http://www.xbrl.org/tifrs/fr/role/StatementOfComprehensiveIncome">
    <link:loc xlink:type="locator" xlink:href="../../../ifrs_20100430/ifrs-cor_2010-04-30.xsd#ifrs_ProfitLoss" xlink:label="ProfitLoss" xlink:title="ProfitLoss"/>
    <link:loc xlink:type="locator" xlink:href="../../../BSCI/tifrs-bsci-basi-2015-03-31.xsd#tifrs-bsci-basi_ProfitLossAttributableToNoncontrollingInterestsBeforeBusinessCombinationUnderCommonControl" xlink:label="ProfitLossAttributableToNoncontrollingInterestsBeforeBusinessCombinationUnderCommonControl" xlink:title="ProfitLossAttributableToNoncontrollingInterestsBeforeBusinessCombinationUnderCommonControl"/>
    <link:calculationArc xlink:type="arc" xlink:arcrole="http://www.xbrl.org/2003/arcrole/summation-item" xlink:from="ProfitLoss" xlink:to="ProfitLossAttributableToNoncontrollingInterestsBeforeBusinessCombinationUnderCommonControl" xlink:title="calculation: ProfitLoss to ProfitLossAttributableToNoncontrollingInterestsBeforeBusinessCombinationUnderCommonControl" order="3.0" weight="-1.0"/>
    <link:loc xlink:type="locator" xlink:href="../../../ifrs_20100430/ifrs-cor_2010-04-30.xsd#ifrs_ComprehensiveIncome" xlink:label="ComprehensiveIncome" xlink:title="ComprehensiveIncome"/>
    <link:loc xlink:type="locator" xlink:href="../../../BSCI/tifrs-bsci-basi-2015-03-31.xsd#tifrs-bsci-basi_ComprehensiveIncomeAttributableToNoncontrollingInterestsBeforeBusinessCombinationUnderCommonControl" xlink:label="ComprehensiveIncomeAttributableToNoncontrollingInterestsBeforeBusinessCombinationUnderCommonControl" xlink:title="ComprehensiveIncomeAttributableToNoncontrollingInterestsBeforeBusinessCombinationUnderCommonControl"/>
    <link:calculationArc xlink:type="arc" xlink:arcrole="http://www.xbrl.org/2003/arcrole/summation-item" xlink:from="ComprehensiveIncome" xlink:to="ComprehensiveIncomeAttributableToNoncontrollingInterestsBeforeBusinessCombinationUnderCommonControl" xlink:title="calculation: ComprehensiveIncome to ComprehensiveIncomeAttributableToNoncontrollingInterestsBeforeBusinessCombinationUnderCommonControl" order="3.0" weight="-1.0"/>
  </link:calculationLink>
</link:linkbase>
