<?xml version="1.0" encoding="UTF-8"?>
<!-- Generated by Fujitsu XWand B0184C -->
<!--
        Taxonomy: 2010-04-30 (Final)
        ********************** 
        Copyright © 2010 International Accounting Standards Committee (IASC) Foundation*
        All rights reserved.  No part of this publication may be translated, reprinted or reproduced 
        or utilised in any form either in whole or in part without prior permission in writing from the IASC Foundation.
        For more information on the IASC Foundation’s copyright, please refer to http://www.iasb.org/XBRL/Legal/
        **********************
        *To become IFRS Foundation
    -->
<link:linkbase xmlns:xsi="http://www.w3.org/2001/XMLSchema-instance" xsi:schemaLocation="http://www.xbrl.org/2006/ref http://www.xbrl.org/2006/ref-2006-02-27.xsd http://www.xbrl.org/2003/linkbase http://www.xbrl.org/2003/xbrl-linkbase-2003-12-31.xsd" xmlns:link="http://www.xbrl.org/2003/linkbase" xmlns:ref="http://www.xbrl.org/2006/ref" xmlns:xbrli="http://www.xbrl.org/2003/instance" xmlns:xlink="http://www.w3.org/1999/xlink">
  <link:roleRef roleURI="http://www.xbrl.org/2009/role/commonPracticeRef" xlink:type="simple" xlink:href="http://www.xbrl.org/lrr/role/reference-2009-12-16.xsd#commonPracticeRef"/>
  <link:referenceLink xlink:type="extended" xlink:role="http://www.xbrl.org/2003/role/link">
    <link:loc xlink:type="locator" xlink:href="../../ifrs-cor_2010-04-30.xsd#ifrs_RevaluationSurplus" xlink:label="loc"/>
    <link:reference xlink:type="resource" xlink:label="res" xlink:role="http://www.xbrl.org/2003/role/presentationRef">
      <ref:Name>IAS</ref:Name>
      <ref:Number>38</ref:Number>
      <ref:IssueDate>2010-01-01</ref:IssueDate>
      <ref:Paragraph>85</ref:Paragraph>
      <ref:URI>http://eifrs.iasb.org/eifrs/XBRL?type=IAS&amp;num=38&amp;date=2010-04-30&amp;anchor=para_85&amp;doctype=Standard</ref:URI>
      <ref:URIDate>2010-04-30</ref:URIDate>
    </link:reference>
    <link:referenceArc xlink:type="arc" xlink:arcrole="http://www.xbrl.org/2003/arcrole/concept-reference" xlink:from="loc" xlink:to="res"/>
    <link:loc xlink:type="locator" xlink:href="../../ifrs-cor_2010-04-30.xsd#ifrs_IntangibleAssetsOtherThanGoodwill" xlink:label="loc_3"/>
    <link:reference xlink:type="resource" xlink:label="res_2" xlink:role="http://www.xbrl.org/2003/role/disclosureRef">
      <ref:Name>IAS</ref:Name>
      <ref:Number>38</ref:Number>
      <ref:IssueDate>2010-01-01</ref:IssueDate>
      <ref:Paragraph>118</ref:Paragraph>
      <ref:Subparagraph>e</ref:Subparagraph>
      <ref:URI>http://eifrs.iasb.org/eifrs/XBRL?type=IAS&amp;num=38&amp;date=2010-04-30&amp;anchor=para_118_e&amp;doctype=Standard</ref:URI>
      <ref:URIDate>2010-04-30</ref:URIDate>
    </link:reference>
    <link:referenceArc xlink:type="arc" xlink:arcrole="http://www.xbrl.org/2003/arcrole/concept-reference" xlink:from="loc_3" xlink:to="res_2"/>
    <link:loc xlink:type="locator" xlink:href="../../ifrs-cor_2010-04-30.xsd#ifrs_IntangibleAssetsOtherThanGoodwillMember" xlink:label="loc_5"/>
    <link:reference xlink:type="resource" xlink:label="res_4" xlink:role="http://www.xbrl.org/2003/role/disclosureRef">
      <ref:Name>IAS</ref:Name>
      <ref:Number>38</ref:Number>
      <ref:IssueDate>2010-01-01</ref:IssueDate>
      <ref:Paragraph>118</ref:Paragraph>
      <ref:URI>http://eifrs.iasb.org/eifrs/XBRL?type=IAS&amp;num=38&amp;date=2010-04-30&amp;anchor=para_118&amp;doctype=Standard</ref:URI>
      <ref:URIDate>2010-04-30</ref:URIDate>
    </link:reference>
    <link:referenceArc xlink:type="arc" xlink:arcrole="http://www.xbrl.org/2003/arcrole/concept-reference" xlink:from="loc_5" xlink:to="res_4"/>
    <link:loc xlink:type="locator" xlink:href="../../ifrs-cor_2010-04-30.xsd#ifrs_CopyrightsPatentsAndOtherIndustrialPropertyRightsServiceAndOperatingRightsMember" xlink:label="loc_7"/>
    <link:reference xlink:type="resource" xlink:label="res_6" xlink:role="http://www.xbrl.org/2009/role/commonPracticeRef">
      <ref:Name>IAS</ref:Name>
      <ref:Number>38</ref:Number>
      <ref:IssueDate>2010-01-01</ref:IssueDate>
      <ref:Paragraph>119</ref:Paragraph>
      <ref:Subparagraph>e</ref:Subparagraph>
      <ref:URI>http://eifrs.iasb.org/eifrs/XBRL?type=IAS&amp;num=38&amp;date=2010-04-30&amp;anchor=para_119_e&amp;doctype=Standard</ref:URI>
      <ref:URIDate>2010-04-30</ref:URIDate>
    </link:reference>
    <link:referenceArc xlink:type="arc" xlink:arcrole="http://www.xbrl.org/2003/arcrole/concept-reference" xlink:from="loc_7" xlink:to="res_6"/>
    <link:loc xlink:type="locator" xlink:href="../../ifrs-cor_2010-04-30.xsd#ifrs_OtherIntangibleAssetsMember" xlink:label="loc_8"/>
    <link:reference xlink:type="resource" xlink:label="res_5" xlink:role="http://www.xbrl.org/2009/role/commonPracticeRef">
      <ref:Name>IAS</ref:Name>
      <ref:Number>38</ref:Number>
      <ref:IssueDate>2010-01-01</ref:IssueDate>
      <ref:Paragraph>119</ref:Paragraph>
      <ref:URI>http://eifrs.iasb.org/eifrs/XBRL?type=IAS&amp;num=38&amp;date=2010-04-30&amp;anchor=para_119&amp;doctype=Standard</ref:URI>
      <ref:URIDate>2010-04-30</ref:URIDate>
    </link:reference>
    <link:referenceArc xlink:type="arc" xlink:arcrole="http://www.xbrl.org/2003/arcrole/concept-reference" xlink:from="loc_8" xlink:to="res_5"/>
    <link:loc xlink:type="locator" xlink:href="../../ifrs-cor_2010-04-30.xsd#ifrs_RecipesFormulaeModelsDesignsAndPrototypesMember" xlink:label="loc_9"/>
    <link:reference xlink:type="resource" xlink:label="res_12" xlink:role="http://www.xbrl.org/2009/role/commonPracticeRef">
      <ref:Name>IAS</ref:Name>
      <ref:Number>38</ref:Number>
      <ref:IssueDate>2010-01-01</ref:IssueDate>
      <ref:Paragraph>119</ref:Paragraph>
      <ref:Subparagraph>f</ref:Subparagraph>
      <ref:URI>http://eifrs.iasb.org/eifrs/XBRL?type=IAS&amp;num=38&amp;date=2010-04-30&amp;anchor=para_119_f&amp;doctype=Standard</ref:URI>
      <ref:URIDate>2010-04-30</ref:URIDate>
    </link:reference>
    <link:referenceArc xlink:type="arc" xlink:arcrole="http://www.xbrl.org/2003/arcrole/concept-reference" xlink:from="loc_9" xlink:to="res_12"/>
    <link:loc xlink:type="locator" xlink:href="../../ifrs-cor_2010-04-30.xsd#ifrs_LicencesAndFranchisesMember" xlink:label="loc_14"/>
    <link:reference xlink:type="resource" xlink:label="res_15" xlink:role="http://www.xbrl.org/2009/role/commonPracticeRef">
      <ref:Name>IAS</ref:Name>
      <ref:Number>38</ref:Number>
      <ref:IssueDate>2010-01-01</ref:IssueDate>
      <ref:Paragraph>119</ref:Paragraph>
      <ref:Subparagraph>d</ref:Subparagraph>
      <ref:URI>http://eifrs.iasb.org/eifrs/XBRL?type=IAS&amp;num=38&amp;date=2010-04-30&amp;anchor=para_119_d&amp;doctype=Standard</ref:URI>
      <ref:URIDate>2010-04-30</ref:URIDate>
    </link:reference>
    <link:referenceArc xlink:type="arc" xlink:arcrole="http://www.xbrl.org/2003/arcrole/concept-reference" xlink:from="loc_14" xlink:to="res_15"/>
    <link:loc xlink:type="locator" xlink:href="../../ifrs-cor_2010-04-30.xsd#ifrs_DisclosureOfIntangibleAssetsExplanatory" xlink:label="loc_17"/>
    <link:reference xlink:type="resource" xlink:label="res_28" xlink:role="http://www.xbrl.org/2003/role/disclosureRef">
      <ref:Name>IAS</ref:Name>
      <ref:Number>38</ref:Number>
      <ref:IssueDate>2010-01-01</ref:IssueDate>
      <ref:Section>Disclosure</ref:Section>
      <ref:URI>http://eifrs.iasb.org/eifrs/XBRL?type=IAS&amp;num=38&amp;date=2010-04-30&amp;anchor=sect_Disclosure&amp;doctype=Standard</ref:URI>
      <ref:URIDate>2010-04-30</ref:URIDate>
    </link:reference>
    <link:referenceArc xlink:type="arc" xlink:arcrole="http://www.xbrl.org/2003/arcrole/concept-reference" xlink:from="loc_17" xlink:to="res_28"/>
    <link:loc xlink:type="locator" xlink:href="../../ifrs-cor_2010-04-30.xsd#ifrs_MastheadsAndPublishingTitlesMember" xlink:label="loc_10"/>
    <link:reference xlink:type="resource" xlink:label="res_31" xlink:role="http://www.xbrl.org/2009/role/commonPracticeRef">
      <ref:Name>IAS</ref:Name>
      <ref:Number>38</ref:Number>
      <ref:IssueDate>2010-01-01</ref:IssueDate>
      <ref:Paragraph>119</ref:Paragraph>
      <ref:Subparagraph>b</ref:Subparagraph>
      <ref:URI>http://eifrs.iasb.org/eifrs/XBRL?type=IAS&amp;num=38&amp;date=2010-04-30&amp;anchor=para_119_b&amp;doctype=Standard</ref:URI>
      <ref:URIDate>2010-04-30</ref:URIDate>
    </link:reference>
    <link:referenceArc xlink:type="arc" xlink:arcrole="http://www.xbrl.org/2003/arcrole/concept-reference" xlink:from="loc_10" xlink:to="res_31"/>
    <link:loc xlink:type="locator" xlink:href="../../ifrs-cor_2010-04-30.xsd#ifrs_ComputerSoftwareMember" xlink:label="loc_11"/>
    <link:reference xlink:type="resource" xlink:label="res_33" xlink:role="http://www.xbrl.org/2009/role/commonPracticeRef">
      <ref:Name>IAS</ref:Name>
      <ref:Number>38</ref:Number>
      <ref:IssueDate>2010-01-01</ref:IssueDate>
      <ref:Paragraph>119</ref:Paragraph>
      <ref:Subparagraph>c</ref:Subparagraph>
      <ref:URI>http://eifrs.iasb.org/eifrs/XBRL?type=IAS&amp;num=38&amp;date=2010-04-30&amp;anchor=para_119_c&amp;doctype=Standard</ref:URI>
      <ref:URIDate>2010-04-30</ref:URIDate>
    </link:reference>
    <link:referenceArc xlink:type="arc" xlink:arcrole="http://www.xbrl.org/2003/arcrole/concept-reference" xlink:from="loc_11" xlink:to="res_33"/>
    <link:loc xlink:type="locator" xlink:href="../../ifrs-cor_2010-04-30.xsd#ifrs_BrandNamesMember" xlink:label="loc_6"/>
    <link:reference xlink:type="resource" xlink:label="res_30" xlink:role="http://www.xbrl.org/2009/role/commonPracticeRef">
      <ref:Name>IAS</ref:Name>
      <ref:Number>38</ref:Number>
      <ref:IssueDate>2010-01-01</ref:IssueDate>
      <ref:Paragraph>119</ref:Paragraph>
      <ref:Subparagraph>a</ref:Subparagraph>
      <ref:URI>http://eifrs.iasb.org/eifrs/XBRL?type=IAS&amp;num=38&amp;date=2010-04-30&amp;anchor=para_119_a&amp;doctype=Standard</ref:URI>
      <ref:URIDate>2010-04-30</ref:URIDate>
    </link:reference>
    <link:referenceArc xlink:type="arc" xlink:arcrole="http://www.xbrl.org/2003/arcrole/concept-reference" xlink:from="loc_6" xlink:to="res_30"/>
    <link:loc xlink:type="locator" xlink:href="../../ifrs-cor_2010-04-30.xsd#ifrs_IntangibleAssetsUnderDevelopmentMember" xlink:label="loc_18"/>
    <link:reference xlink:type="resource" xlink:label="res_34" xlink:role="http://www.xbrl.org/2009/role/commonPracticeRef">
      <ref:Name>IAS</ref:Name>
      <ref:Number>38</ref:Number>
      <ref:IssueDate>2010-01-01</ref:IssueDate>
      <ref:Paragraph>119</ref:Paragraph>
      <ref:Subparagraph>g</ref:Subparagraph>
      <ref:URI>http://eifrs.iasb.org/eifrs/XBRL?type=IAS&amp;num=38&amp;date=2010-04-30&amp;anchor=para_119_g&amp;doctype=Standard</ref:URI>
      <ref:URIDate>2010-04-30</ref:URIDate>
    </link:reference>
    <link:referenceArc xlink:type="arc" xlink:arcrole="http://www.xbrl.org/2003/arcrole/concept-reference" xlink:from="loc_18" xlink:to="res_34"/>
    <link:loc xlink:type="locator" xlink:href="../../ifrs-cor_2010-04-30.xsd#ifrs_IntangibleAssetsOtherThanGoodwillGross" xlink:label="loc_21"/>
    <link:reference xlink:type="resource" xlink:label="res_3" xlink:role="http://www.xbrl.org/2009/role/commonPracticeRef">
      <ref:Name>IAS</ref:Name>
      <ref:Number>38</ref:Number>
      <ref:IssueDate>2010-01-01</ref:IssueDate>
      <ref:Paragraph>118</ref:Paragraph>
      <ref:Subparagraph>c</ref:Subparagraph>
      <ref:URI>http://eifrs.iasb.org/eifrs/XBRL?type=IAS&amp;num=38&amp;date=2010-04-30&amp;anchor=para_118_c&amp;doctype=Standard</ref:URI>
      <ref:URIDate>2010-04-30</ref:URIDate>
    </link:reference>
    <link:referenceArc xlink:type="arc" xlink:arcrole="http://www.xbrl.org/2003/arcrole/concept-reference" xlink:from="loc_21" xlink:to="res_3"/>
    <link:loc xlink:type="locator" xlink:href="../../ifrs-cor_2010-04-30.xsd#ifrs_BrandNames" xlink:label="loc_24"/>
    <link:referenceArc xlink:type="arc" xlink:arcrole="http://www.xbrl.org/2003/arcrole/concept-reference" xlink:from="loc_24" xlink:to="res_30"/>
    <link:loc xlink:type="locator" xlink:href="../../ifrs-cor_2010-04-30.xsd#ifrs_OtherIntangibleAssets" xlink:label="loc_28"/>
    <link:referenceArc xlink:type="arc" xlink:arcrole="http://www.xbrl.org/2003/arcrole/concept-reference" xlink:from="loc_28" xlink:to="res_5"/>
    <link:loc xlink:type="locator" xlink:href="../../ifrs-cor_2010-04-30.xsd#ifrs_RecipesFormulaeModelsDesignsAndPrototypes" xlink:label="loc_29"/>
    <link:referenceArc xlink:type="arc" xlink:arcrole="http://www.xbrl.org/2003/arcrole/concept-reference" xlink:from="loc_29" xlink:to="res_12"/>
    <link:loc xlink:type="locator" xlink:href="../../ifrs-cor_2010-04-30.xsd#ifrs_IntangibleExplorationAndEvaluationAssets" xlink:label="loc_30"/>
    <link:referenceArc xlink:type="arc" xlink:arcrole="http://www.xbrl.org/2003/arcrole/concept-reference" xlink:from="loc_30" xlink:to="res_5"/>
    <link:loc xlink:type="locator" xlink:href="../../ifrs-cor_2010-04-30.xsd#ifrs_IntangibleAssetsOtherThanGoodwillAccumulatedAmortisationAndImpairment" xlink:label="loc_34"/>
    <link:referenceArc xlink:type="arc" xlink:arcrole="http://www.xbrl.org/2003/arcrole/concept-reference" xlink:from="loc_34" xlink:to="res_3"/>
    <link:loc xlink:type="locator" xlink:href="../../ifrs-cor_2010-04-30.xsd#ifrs_ComputerSoftware" xlink:label="loc_35"/>
    <link:referenceArc xlink:type="arc" xlink:arcrole="http://www.xbrl.org/2003/arcrole/concept-reference" xlink:from="loc_35" xlink:to="res_33"/>
    <link:loc xlink:type="locator" xlink:href="../../ifrs-cor_2010-04-30.xsd#ifrs_MastheadsAndPublishingTitles" xlink:label="loc_36"/>
    <link:referenceArc xlink:type="arc" xlink:arcrole="http://www.xbrl.org/2003/arcrole/concept-reference" xlink:from="loc_36" xlink:to="res_31"/>
    <link:loc xlink:type="locator" xlink:href="../../ifrs-cor_2010-04-30.xsd#ifrs_LicencesAndFranchises" xlink:label="loc_37"/>
    <link:referenceArc xlink:type="arc" xlink:arcrole="http://www.xbrl.org/2003/arcrole/concept-reference" xlink:from="loc_37" xlink:to="res_15"/>
    <link:loc xlink:type="locator" xlink:href="../../ifrs-cor_2010-04-30.xsd#ifrs_CopyrightsPatentsAndOtherIndustrialPropertyRightsServiceAndOperatingRights" xlink:label="loc_38"/>
    <link:referenceArc xlink:type="arc" xlink:arcrole="http://www.xbrl.org/2003/arcrole/concept-reference" xlink:from="loc_38" xlink:to="res_6"/>
    <link:loc xlink:type="locator" xlink:href="../../ifrs-cor_2010-04-30.xsd#ifrs_IntangibleAssetsUnderDevelopment" xlink:label="loc_39"/>
    <link:referenceArc xlink:type="arc" xlink:arcrole="http://www.xbrl.org/2003/arcrole/concept-reference" xlink:from="loc_39" xlink:to="res_34"/>
    <link:loc xlink:type="locator" xlink:href="../../ifrs-cor_2010-04-30.xsd#ifrs_IncreaseDecreaseThroughNetExchangeDifferencesIntangibleAssetsOtherThanGoodwill" xlink:label="loc_40"/>
    <link:reference xlink:type="resource" xlink:label="res_35" xlink:role="http://www.xbrl.org/2003/role/disclosureRef">
      <ref:Name>IAS</ref:Name>
      <ref:Number>38</ref:Number>
      <ref:IssueDate>2010-01-01</ref:IssueDate>
      <ref:Paragraph>118</ref:Paragraph>
      <ref:Subparagraph>e</ref:Subparagraph>
      <ref:Clause>vii</ref:Clause>
      <ref:URI>http://eifrs.iasb.org/eifrs/XBRL?type=IAS&amp;num=38&amp;date=2010-04-30&amp;anchor=para_118_e_vii&amp;doctype=Standard</ref:URI>
      <ref:URIDate>2010-04-30</ref:URIDate>
    </link:reference>
    <link:referenceArc xlink:type="arc" xlink:arcrole="http://www.xbrl.org/2003/arcrole/concept-reference" xlink:from="loc_40" xlink:to="res_35"/>
    <link:loc xlink:type="locator" xlink:href="../../ifrs-cor_2010-04-30.xsd#ifrs_AmortisationMethodIntangibleAssetsOtherThanGoodwill" xlink:label="loc_41"/>
    <link:reference xlink:type="resource" xlink:label="res_37" xlink:role="http://www.xbrl.org/2003/role/disclosureRef">
      <ref:Name>IAS</ref:Name>
      <ref:Number>38</ref:Number>
      <ref:IssueDate>2010-01-01</ref:IssueDate>
      <ref:Paragraph>118</ref:Paragraph>
      <ref:Subparagraph>b</ref:Subparagraph>
      <ref:URI>http://eifrs.iasb.org/eifrs/XBRL?type=IAS&amp;num=38&amp;date=2010-04-30&amp;anchor=para_118_b&amp;doctype=Standard</ref:URI>
      <ref:URIDate>2010-04-30</ref:URIDate>
    </link:reference>
    <link:referenceArc xlink:type="arc" xlink:arcrole="http://www.xbrl.org/2003/arcrole/concept-reference" xlink:from="loc_41" xlink:to="res_37"/>
    <link:loc xlink:type="locator" xlink:href="../../ifrs-cor_2010-04-30.xsd#ifrs_AdditionsOtherThanThroughBusinessCombinationsIntangibleAssetsOtherThanGoodwill" xlink:label="loc_43"/>
    <link:reference xlink:type="resource" xlink:label="res_38" xlink:role="http://www.xbrl.org/2003/role/disclosureRef">
      <ref:Name>IAS</ref:Name>
      <ref:Number>38</ref:Number>
      <ref:IssueDate>2010-01-01</ref:IssueDate>
      <ref:Paragraph>118</ref:Paragraph>
      <ref:Subparagraph>e</ref:Subparagraph>
      <ref:Clause>i</ref:Clause>
      <ref:URI>http://eifrs.iasb.org/eifrs/XBRL?type=IAS&amp;num=38&amp;date=2010-04-30&amp;anchor=para_118_e_i&amp;doctype=Standard</ref:URI>
      <ref:URIDate>2010-04-30</ref:URIDate>
    </link:reference>
    <link:referenceArc xlink:type="arc" xlink:arcrole="http://www.xbrl.org/2003/arcrole/concept-reference" xlink:from="loc_43" xlink:to="res_38"/>
    <link:loc xlink:type="locator" xlink:href="../../ifrs-cor_2010-04-30.xsd#ifrs_AcquisitionsThroughBusinessCombinationsIntangibleAssetsOtherThanGoodwill" xlink:label="loc_44"/>
    <link:referenceArc xlink:type="arc" xlink:arcrole="http://www.xbrl.org/2003/arcrole/concept-reference" xlink:from="loc_44" xlink:to="res_38"/>
    <link:loc xlink:type="locator" xlink:href="../../ifrs-cor_2010-04-30.xsd#ifrs_AmortisationIntangibleAssetsOtherThanGoodwill" xlink:label="loc_45"/>
    <link:reference xlink:type="resource" xlink:label="res_39" xlink:role="http://www.xbrl.org/2003/role/disclosureRef">
      <ref:Name>IAS</ref:Name>
      <ref:Number>38</ref:Number>
      <ref:IssueDate>2010-01-01</ref:IssueDate>
      <ref:Paragraph>118</ref:Paragraph>
      <ref:Subparagraph>e</ref:Subparagraph>
      <ref:Clause>vi</ref:Clause>
      <ref:URI>http://eifrs.iasb.org/eifrs/XBRL?type=IAS&amp;num=38&amp;date=2010-04-30&amp;anchor=para_118_e_vi&amp;doctype=Standard</ref:URI>
      <ref:URIDate>2010-04-30</ref:URIDate>
    </link:reference>
    <link:referenceArc xlink:type="arc" xlink:arcrole="http://www.xbrl.org/2003/arcrole/concept-reference" xlink:from="loc_45" xlink:to="res_39"/>
    <link:loc xlink:type="locator" xlink:href="../../ifrs-cor_2010-04-30.xsd#ifrs_DisposalsIntangibleAssetsOtherThanGoodwill" xlink:label="loc_46"/>
    <link:reference xlink:type="resource" xlink:label="res_8" xlink:role="http://www.xbrl.org/2003/role/disclosureRef">
      <ref:Name>IAS</ref:Name>
      <ref:Number>38</ref:Number>
      <ref:IssueDate>2010-01-01</ref:IssueDate>
      <ref:Paragraph>118</ref:Paragraph>
      <ref:Subparagraph>e</ref:Subparagraph>
      <ref:Clause>ii</ref:Clause>
      <ref:URI>http://eifrs.iasb.org/eifrs/XBRL?type=IAS&amp;num=38&amp;date=2010-04-30&amp;anchor=para_118_e_ii&amp;doctype=Standard</ref:URI>
      <ref:URIDate>2010-04-30</ref:URIDate>
    </link:reference>
    <link:referenceArc xlink:type="arc" xlink:arcrole="http://www.xbrl.org/2003/arcrole/concept-reference" xlink:from="loc_46" xlink:to="res_8"/>
    <link:loc xlink:type="locator" xlink:href="../../ifrs-cor_2010-04-30.xsd#ifrs_ImpairmentLossRecognisedInProfitOrLossIntangibleAssetsOtherThanGoodwill" xlink:label="loc_47"/>
    <link:reference xlink:type="resource" xlink:label="res_9" xlink:role="http://www.xbrl.org/2003/role/disclosureRef">
      <ref:Name>IAS</ref:Name>
      <ref:Number>38</ref:Number>
      <ref:IssueDate>2010-01-01</ref:IssueDate>
      <ref:Paragraph>118</ref:Paragraph>
      <ref:Subparagraph>e</ref:Subparagraph>
      <ref:Clause>iv</ref:Clause>
      <ref:URI>http://eifrs.iasb.org/eifrs/XBRL?type=IAS&amp;num=38&amp;date=2010-04-30&amp;anchor=para_118_e_iv&amp;doctype=Standard</ref:URI>
      <ref:URIDate>2010-04-30</ref:URIDate>
    </link:reference>
    <link:referenceArc xlink:type="arc" xlink:arcrole="http://www.xbrl.org/2003/arcrole/concept-reference" xlink:from="loc_47" xlink:to="res_9"/>
    <link:loc xlink:type="locator" xlink:href="../../ifrs-cor_2010-04-30.xsd#ifrs_LineItemsIncludingAmortisationOfIntangibleAssetsIntangibleAssetsOtherThanGoodwill" xlink:label="loc_48"/>
    <link:reference xlink:type="resource" xlink:label="res_10" xlink:role="http://www.xbrl.org/2003/role/disclosureRef">
      <ref:Name>IAS</ref:Name>
      <ref:Number>38</ref:Number>
      <ref:IssueDate>2010-01-01</ref:IssueDate>
      <ref:Paragraph>118</ref:Paragraph>
      <ref:Subparagraph>d</ref:Subparagraph>
      <ref:URI>http://eifrs.iasb.org/eifrs/XBRL?type=IAS&amp;num=38&amp;date=2010-04-30&amp;anchor=para_118_d&amp;doctype=Standard</ref:URI>
      <ref:URIDate>2010-04-30</ref:URIDate>
    </link:reference>
    <link:referenceArc xlink:type="arc" xlink:arcrole="http://www.xbrl.org/2003/arcrole/concept-reference" xlink:from="loc_48" xlink:to="res_10"/>
    <link:loc xlink:type="locator" xlink:href="../../ifrs-cor_2010-04-30.xsd#ifrs_ReversalOfImpairmentLossRecognisedInProfitOrLossIntangibleAssetsOtherThanGoodwill" xlink:label="loc_49"/>
    <link:reference xlink:type="resource" xlink:label="res_11" xlink:role="http://www.xbrl.org/2003/role/disclosureRef">
      <ref:Name>IAS</ref:Name>
      <ref:Number>38</ref:Number>
      <ref:IssueDate>2010-01-01</ref:IssueDate>
      <ref:Paragraph>118</ref:Paragraph>
      <ref:Subparagraph>e</ref:Subparagraph>
      <ref:Clause>v</ref:Clause>
      <ref:URI>http://eifrs.iasb.org/eifrs/XBRL?type=IAS&amp;num=38&amp;date=2010-04-30&amp;anchor=para_118_e_v&amp;doctype=Standard</ref:URI>
      <ref:URIDate>2010-04-30</ref:URIDate>
    </link:reference>
    <link:referenceArc xlink:type="arc" xlink:arcrole="http://www.xbrl.org/2003/arcrole/concept-reference" xlink:from="loc_49" xlink:to="res_11"/>
    <link:loc xlink:type="locator" xlink:href="../../ifrs-cor_2010-04-30.xsd#ifrs_ChangesInIntangibleAssetsOtherThanGoodwill" xlink:label="loc_50"/>
    <link:referenceArc xlink:type="arc" xlink:arcrole="http://www.xbrl.org/2003/arcrole/concept-reference" xlink:from="loc_50" xlink:to="res_2"/>
    <link:loc xlink:type="locator" xlink:href="../../ifrs-cor_2010-04-30.xsd#ifrs_UsefulLivesOrAmortisationRatesIntangibleAssetsOtherThanGoodwill" xlink:label="loc_53"/>
    <link:reference xlink:type="resource" xlink:label="res_13" xlink:role="http://www.xbrl.org/2003/role/disclosureRef">
      <ref:Name>IAS</ref:Name>
      <ref:Number>38</ref:Number>
      <ref:IssueDate>2010-01-01</ref:IssueDate>
      <ref:Paragraph>118</ref:Paragraph>
      <ref:Subparagraph>a</ref:Subparagraph>
      <ref:URI>http://eifrs.iasb.org/eifrs/XBRL?type=IAS&amp;num=38&amp;date=2010-04-30&amp;anchor=para_118_a&amp;doctype=Standard</ref:URI>
      <ref:URIDate>2010-04-30</ref:URIDate>
    </link:reference>
    <link:referenceArc xlink:type="arc" xlink:arcrole="http://www.xbrl.org/2003/arcrole/concept-reference" xlink:from="loc_53" xlink:to="res_13"/>
    <link:loc xlink:type="locator" xlink:href="../../ifrs-cor_2010-04-30.xsd#ifrs_IncreaseDecreaseThroughTransfersAndOtherChangesIntangibleAssetsOtherThanGoodwill" xlink:label="loc_54"/>
    <link:reference xlink:type="resource" xlink:label="res_14" xlink:role="http://www.xbrl.org/2003/role/disclosureRef">
      <ref:Name>IAS</ref:Name>
      <ref:Number>38</ref:Number>
      <ref:IssueDate>2010-01-01</ref:IssueDate>
      <ref:Paragraph>118</ref:Paragraph>
      <ref:Subparagraph>e</ref:Subparagraph>
      <ref:Clause>viii</ref:Clause>
      <ref:URI>http://eifrs.iasb.org/eifrs/XBRL?type=IAS&amp;num=38&amp;date=2010-04-30&amp;anchor=para_118_e_viii&amp;doctype=Standard</ref:URI>
      <ref:URIDate>2010-04-30</ref:URIDate>
    </link:reference>
    <link:referenceArc xlink:type="arc" xlink:arcrole="http://www.xbrl.org/2003/arcrole/concept-reference" xlink:from="loc_54" xlink:to="res_14"/>
    <link:loc xlink:type="locator" xlink:href="../../ifrs-cor_2010-04-30.xsd#ifrs_ContractualCommitmentsForAcquisitionOfIntangibleAssets" xlink:label="loc_55"/>
    <link:reference xlink:type="resource" xlink:label="res_17" xlink:role="http://www.xbrl.org/2003/role/disclosureRef">
      <ref:Name>IAS</ref:Name>
      <ref:Number>38</ref:Number>
      <ref:IssueDate>2010-01-01</ref:IssueDate>
      <ref:Paragraph>122</ref:Paragraph>
      <ref:Subparagraph>e</ref:Subparagraph>
      <ref:URI>http://eifrs.iasb.org/eifrs/XBRL?type=IAS&amp;num=38&amp;date=2010-04-30&amp;anchor=para_122_e&amp;doctype=Standard</ref:URI>
      <ref:URIDate>2010-04-30</ref:URIDate>
    </link:reference>
    <link:referenceArc xlink:type="arc" xlink:arcrole="http://www.xbrl.org/2003/arcrole/concept-reference" xlink:from="loc_55" xlink:to="res_17"/>
    <link:loc xlink:type="locator" xlink:href="../../ifrs-cor_2010-04-30.xsd#ifrs_DescriptionAndCarryingAmountOfIntangibleAssetsMaterialToEntity" xlink:label="loc_63"/>
    <link:reference xlink:type="resource" xlink:label="res_19" xlink:role="http://www.xbrl.org/2003/role/disclosureRef">
      <ref:Name>IAS</ref:Name>
      <ref:Number>38</ref:Number>
      <ref:IssueDate>2010-01-01</ref:IssueDate>
      <ref:Paragraph>122</ref:Paragraph>
      <ref:Subparagraph>b</ref:Subparagraph>
      <ref:URI>http://eifrs.iasb.org/eifrs/XBRL?type=IAS&amp;num=38&amp;date=2010-04-30&amp;anchor=para_122_b&amp;doctype=Standard</ref:URI>
      <ref:URIDate>2010-04-30</ref:URIDate>
    </link:reference>
    <link:referenceArc xlink:type="arc" xlink:arcrole="http://www.xbrl.org/2003/arcrole/concept-reference" xlink:from="loc_63" xlink:to="res_19"/>
    <link:loc xlink:type="locator" xlink:href="../../ifrs-cor_2010-04-30.xsd#ifrs_ResearchAndDevelopmentExpendituresRecognisedAsExpenseDuringPeriod" xlink:label="loc_64"/>
    <link:reference xlink:type="resource" xlink:label="res_25" xlink:role="http://www.xbrl.org/2003/role/disclosureRef">
      <ref:Name>IAS</ref:Name>
      <ref:Number>38</ref:Number>
      <ref:IssueDate>2010-01-01</ref:IssueDate>
      <ref:Paragraph>126</ref:Paragraph>
      <ref:URI>http://eifrs.iasb.org/eifrs/XBRL?type=IAS&amp;num=38&amp;date=2010-04-30&amp;anchor=para_126&amp;doctype=Standard</ref:URI>
      <ref:URIDate>2010-04-30</ref:URIDate>
    </link:reference>
    <link:referenceArc xlink:type="arc" xlink:arcrole="http://www.xbrl.org/2003/arcrole/concept-reference" xlink:from="loc_64" xlink:to="res_25"/>
    <link:loc xlink:type="locator" xlink:href="../../ifrs-cor_2010-04-30.xsd#ifrs_DisclosureOfIntangibleAssetsTable" xlink:label="loc_2"/>
    <link:referenceArc xlink:type="arc" xlink:arcrole="http://www.xbrl.org/2003/arcrole/concept-reference" xlink:from="loc_2" xlink:to="res_4"/>
    <link:loc xlink:type="locator" xlink:href="../../ifrs-cor_2010-04-30.xsd#ifrs_ClassesOfIntangibleAssetsOtherThanGoodwillAxis" xlink:label="loc_4"/>
    <link:referenceArc xlink:type="arc" xlink:arcrole="http://www.xbrl.org/2003/arcrole/concept-reference" xlink:from="loc_4" xlink:to="res_4"/>
    <link:loc xlink:type="locator" xlink:href="../../ifrs-cor_2010-04-30.xsd#ifrs_IntangibleAssetsAcquiredByWayOfGovernmentGrantAtFairValue" xlink:label="loc_51"/>
    <link:reference xlink:type="resource" xlink:label="res_40" xlink:role="http://www.xbrl.org/2003/role/disclosureRef">
      <ref:Name>IAS</ref:Name>
      <ref:Number>38</ref:Number>
      <ref:IssueDate>2010-01-01</ref:IssueDate>
      <ref:Paragraph>122</ref:Paragraph>
      <ref:Subparagraph>c</ref:Subparagraph>
      <ref:Clause>i</ref:Clause>
      <ref:URI>http://eifrs.iasb.org/eifrs/XBRL?type=IAS&amp;num=38&amp;date=2010-04-30&amp;anchor=para_122_c_i&amp;doctype=Standard</ref:URI>
      <ref:URIDate>2010-04-30</ref:URIDate>
    </link:reference>
    <link:referenceArc xlink:type="arc" xlink:arcrole="http://www.xbrl.org/2003/arcrole/concept-reference" xlink:from="loc_51" xlink:to="res_40"/>
    <link:loc xlink:type="locator" xlink:href="../../ifrs-cor_2010-04-30.xsd#ifrs_IntangibleAssetsAcquiredByWayOfGovernmentGrant" xlink:label="loc_52"/>
    <link:reference xlink:type="resource" xlink:label="res_41" xlink:role="http://www.xbrl.org/2003/role/disclosureRef">
      <ref:Name>IAS</ref:Name>
      <ref:Number>38</ref:Number>
      <ref:IssueDate>2010-01-01</ref:IssueDate>
      <ref:Paragraph>122</ref:Paragraph>
      <ref:Subparagraph>c</ref:Subparagraph>
      <ref:Clause>ii</ref:Clause>
      <ref:URI>http://eifrs.iasb.org/eifrs/XBRL?type=IAS&amp;num=38&amp;date=2010-04-30&amp;anchor=para_122_c_ii&amp;doctype=Standard</ref:URI>
      <ref:URIDate>2010-04-30</ref:URIDate>
    </link:reference>
    <link:referenceArc xlink:type="arc" xlink:arcrole="http://www.xbrl.org/2003/arcrole/concept-reference" xlink:from="loc_52" xlink:to="res_41"/>
    <link:loc xlink:type="locator" xlink:href="../../ifrs-cor_2010-04-30.xsd#ifrs_IntangibleAssetsWhoseTitleIsRestricted" xlink:label="loc_65"/>
    <link:reference xlink:type="resource" xlink:label="res_42" xlink:role="http://www.xbrl.org/2003/role/disclosureRef">
      <ref:Name>IAS</ref:Name>
      <ref:Number>38</ref:Number>
      <ref:IssueDate>2010-01-01</ref:IssueDate>
      <ref:Paragraph>122</ref:Paragraph>
      <ref:Subparagraph>d</ref:Subparagraph>
      <ref:URI>http://eifrs.iasb.org/eifrs/XBRL?type=IAS&amp;num=38&amp;date=2010-04-30&amp;anchor=para_122_d&amp;doctype=Standard</ref:URI>
      <ref:URIDate>2010-04-30</ref:URIDate>
    </link:reference>
    <link:referenceArc xlink:type="arc" xlink:arcrole="http://www.xbrl.org/2003/arcrole/concept-reference" xlink:from="loc_65" xlink:to="res_42"/>
    <link:loc xlink:type="locator" xlink:href="../../ifrs-cor_2010-04-30.xsd#ifrs_IntangibleAssetsPledgedAsSecurityForLiabilities" xlink:label="loc_66"/>
    <link:referenceArc xlink:type="arc" xlink:arcrole="http://www.xbrl.org/2003/arcrole/concept-reference" xlink:from="loc_66" xlink:to="res_42"/>
    <link:loc xlink:type="locator" xlink:href="../../ifrs-cor_2010-04-30.xsd#ifrs_RevaluationIncreaseDecreaseIntangibleAssetsOtherThanGoodwill" xlink:label="loc_56"/>
    <link:reference xlink:type="resource" xlink:label="res_7" xlink:role="http://www.xbrl.org/2003/role/disclosureRef">
      <ref:Name>IAS</ref:Name>
      <ref:Number>38</ref:Number>
      <ref:IssueDate>2010-01-01</ref:IssueDate>
      <ref:Paragraph>118</ref:Paragraph>
      <ref:Subparagraph>e</ref:Subparagraph>
      <ref:Clause>iii</ref:Clause>
      <ref:URI>http://eifrs.iasb.org/eifrs/XBRL?type=IAS&amp;num=38&amp;date=2010-04-30&amp;anchor=para_118_e_iii&amp;doctype=Standard</ref:URI>
      <ref:URIDate>2010-04-30</ref:URIDate>
    </link:reference>
    <link:referenceArc xlink:type="arc" xlink:arcrole="http://www.xbrl.org/2003/arcrole/concept-reference" xlink:from="loc_56" xlink:to="res_7"/>
    <link:loc xlink:type="locator" xlink:href="../../ifrs-cor_2010-04-30.xsd#ifrs_DescriptionAndCarryingAmountOfIntangibleAssetsWithIndefiniteUsefulLife" xlink:label="loc_67"/>
    <link:reference xlink:type="resource" xlink:label="res_18" xlink:role="http://www.xbrl.org/2003/role/disclosureRef">
      <ref:Name>IAS</ref:Name>
      <ref:Number>38</ref:Number>
      <ref:IssueDate>2010-01-01</ref:IssueDate>
      <ref:Paragraph>122</ref:Paragraph>
      <ref:Subparagraph>a</ref:Subparagraph>
      <ref:URI>http://eifrs.iasb.org/eifrs/XBRL?type=IAS&amp;num=38&amp;date=2010-04-30&amp;anchor=para_122_a&amp;doctype=Standard</ref:URI>
      <ref:URIDate>2010-04-30</ref:URIDate>
    </link:reference>
    <link:referenceArc xlink:type="arc" xlink:arcrole="http://www.xbrl.org/2003/arcrole/concept-reference" xlink:from="loc_67" xlink:to="res_18"/>
    <link:loc xlink:type="locator" xlink:href="../../ifrs-cor_2010-04-30.xsd#ifrs_IntangibleAssetsOtherThanGoodwillRevaluationSurplus" xlink:label="loc_69"/>
    <link:reference xlink:type="resource" xlink:label="res_20" xlink:role="http://www.xbrl.org/2003/role/disclosureRef">
      <ref:Name>IAS</ref:Name>
      <ref:Number>38</ref:Number>
      <ref:IssueDate>2010-01-01</ref:IssueDate>
      <ref:Paragraph>124</ref:Paragraph>
      <ref:Subparagraph>b</ref:Subparagraph>
      <ref:URI>http://eifrs.iasb.org/eifrs/XBRL?type=IAS&amp;num=38&amp;date=2010-04-30&amp;anchor=para_124_b&amp;doctype=Standard</ref:URI>
      <ref:URIDate>2010-04-30</ref:URIDate>
    </link:reference>
    <link:referenceArc xlink:type="arc" xlink:arcrole="http://www.xbrl.org/2003/arcrole/concept-reference" xlink:from="loc_69" xlink:to="res_20"/>
    <link:loc xlink:type="locator" xlink:href="../../ifrs-cor_2010-04-30.xsd#ifrs_IntangibleAssetsOtherThanGoodwillCarryingAmountOfRevaluedAssets" xlink:label="loc_70"/>
    <link:reference xlink:type="resource" xlink:label="res_21" xlink:role="http://www.xbrl.org/2003/role/disclosureRef">
      <ref:Name>IAS</ref:Name>
      <ref:Number>38</ref:Number>
      <ref:IssueDate>2010-01-01</ref:IssueDate>
      <ref:Paragraph>124</ref:Paragraph>
      <ref:Subparagraph>a</ref:Subparagraph>
      <ref:Clause>ii</ref:Clause>
      <ref:URI>http://eifrs.iasb.org/eifrs/XBRL?type=IAS&amp;num=38&amp;date=2010-04-30&amp;anchor=para_124_a_ii&amp;doctype=Standard</ref:URI>
      <ref:URIDate>2010-04-30</ref:URIDate>
    </link:reference>
    <link:referenceArc xlink:type="arc" xlink:arcrole="http://www.xbrl.org/2003/arcrole/concept-reference" xlink:from="loc_70" xlink:to="res_21"/>
    <link:loc xlink:type="locator" xlink:href="../../ifrs-cor_2010-04-30.xsd#ifrs_IntangibleAssetsOtherThanGoodwillCarryingAmountAtCostOfRevaluedAssets" xlink:label="loc_71"/>
    <link:reference xlink:type="resource" xlink:label="res_22" xlink:role="http://www.xbrl.org/2003/role/disclosureRef">
      <ref:Name>IAS</ref:Name>
      <ref:Number>38</ref:Number>
      <ref:IssueDate>2010-01-01</ref:IssueDate>
      <ref:Paragraph>124</ref:Paragraph>
      <ref:Subparagraph>a</ref:Subparagraph>
      <ref:Clause>iii</ref:Clause>
      <ref:URI>http://eifrs.iasb.org/eifrs/XBRL?type=IAS&amp;num=38&amp;date=2010-04-30&amp;anchor=para_124_a_iii&amp;doctype=Standard</ref:URI>
      <ref:URIDate>2010-04-30</ref:URIDate>
    </link:reference>
    <link:referenceArc xlink:type="arc" xlink:arcrole="http://www.xbrl.org/2003/arcrole/concept-reference" xlink:from="loc_71" xlink:to="res_22"/>
    <link:loc xlink:type="locator" xlink:href="../../ifrs-cor_2010-04-30.xsd#ifrs_EffectiveDatesOfRevaluationIntangibleAssetsOtherThanGoodwill" xlink:label="loc_72"/>
    <link:reference xlink:type="resource" xlink:label="res_23" xlink:role="http://www.xbrl.org/2003/role/disclosureRef">
      <ref:Name>IAS</ref:Name>
      <ref:Number>38</ref:Number>
      <ref:IssueDate>2010-01-01</ref:IssueDate>
      <ref:Paragraph>124</ref:Paragraph>
      <ref:Subparagraph>a</ref:Subparagraph>
      <ref:Clause>i</ref:Clause>
      <ref:URI>http://eifrs.iasb.org/eifrs/XBRL?type=IAS&amp;num=38&amp;date=2010-04-30&amp;anchor=para_124_a_i&amp;doctype=Standard</ref:URI>
      <ref:URIDate>2010-04-30</ref:URIDate>
    </link:reference>
    <link:referenceArc xlink:type="arc" xlink:arcrole="http://www.xbrl.org/2003/arcrole/concept-reference" xlink:from="loc_72" xlink:to="res_23"/>
    <link:loc xlink:type="locator" xlink:href="../../ifrs-cor_2010-04-30.xsd#ifrs_MethodsAndAssumptionsAppliedForEstimatingFairValueOfRevaluedIntangibleAssets" xlink:label="loc_74"/>
    <link:reference xlink:type="resource" xlink:label="res_24" xlink:role="http://www.xbrl.org/2003/role/disclosureRef">
      <ref:Name>IAS</ref:Name>
      <ref:Number>38</ref:Number>
      <ref:IssueDate>2010-01-01</ref:IssueDate>
      <ref:Paragraph>124</ref:Paragraph>
      <ref:Subparagraph>c</ref:Subparagraph>
      <ref:URI>http://eifrs.iasb.org/eifrs/XBRL?type=IAS&amp;num=38&amp;date=2010-04-30&amp;anchor=para_124_c&amp;doctype=Standard</ref:URI>
      <ref:URIDate>2010-04-30</ref:URIDate>
    </link:reference>
    <link:referenceArc xlink:type="arc" xlink:arcrole="http://www.xbrl.org/2003/arcrole/concept-reference" xlink:from="loc_74" xlink:to="res_24"/>
    <link:loc xlink:type="locator" xlink:href="../../ifrs-cor_2010-04-30.xsd#ifrs_DescriptionOfFullyAmortisedIntangibleAssets" xlink:label="loc_75"/>
    <link:reference xlink:type="resource" xlink:label="res_26" xlink:role="http://www.xbrl.org/2003/role/recommendedDisclosureRef">
      <ref:Name>IAS</ref:Name>
      <ref:Number>38</ref:Number>
      <ref:IssueDate>2010-01-01</ref:IssueDate>
      <ref:Paragraph>128</ref:Paragraph>
      <ref:Subparagraph>a</ref:Subparagraph>
      <ref:URI>http://eifrs.iasb.org/eifrs/XBRL?type=IAS&amp;num=38&amp;date=2010-04-30&amp;anchor=para_128_a&amp;doctype=Standard</ref:URI>
      <ref:URIDate>2010-04-30</ref:URIDate>
    </link:reference>
    <link:referenceArc xlink:type="arc" xlink:arcrole="http://www.xbrl.org/2003/arcrole/concept-reference" xlink:from="loc_75" xlink:to="res_26"/>
    <link:loc xlink:type="locator" xlink:href="../../ifrs-cor_2010-04-30.xsd#ifrs_DescriptionOfSignificantIntangibleAssetsControlledByEntityButNotRecognised" xlink:label="loc_79"/>
    <link:reference xlink:type="resource" xlink:label="res_27" xlink:role="http://www.xbrl.org/2003/role/recommendedDisclosureRef">
      <ref:Name>IAS</ref:Name>
      <ref:Number>38</ref:Number>
      <ref:IssueDate>2010-01-01</ref:IssueDate>
      <ref:Paragraph>128</ref:Paragraph>
      <ref:Subparagraph>b</ref:Subparagraph>
      <ref:URI>http://eifrs.iasb.org/eifrs/XBRL?type=IAS&amp;num=38&amp;date=2010-04-30&amp;anchor=para_128_b&amp;doctype=Standard</ref:URI>
      <ref:URIDate>2010-04-30</ref:URIDate>
    </link:reference>
    <link:referenceArc xlink:type="arc" xlink:arcrole="http://www.xbrl.org/2003/arcrole/concept-reference" xlink:from="loc_79" xlink:to="res_27"/>
    <link:loc xlink:type="locator" xlink:href="../../ifrs-cor_2010-04-30.xsd#ifrs_ExplanationOfAssetsAcquiredByWayOfGovernmentGrantAndInitiallyRecognisedAtFairValue" xlink:label="loc_68"/>
    <link:reference xlink:type="resource" xlink:label="res_16" xlink:role="http://www.xbrl.org/2003/role/disclosureRef">
      <ref:Name>IAS</ref:Name>
      <ref:Number>38</ref:Number>
      <ref:IssueDate>2010-01-01</ref:IssueDate>
      <ref:Paragraph>122</ref:Paragraph>
      <ref:Subparagraph>c</ref:Subparagraph>
      <ref:Clause>iii</ref:Clause>
      <ref:URI>http://eifrs.iasb.org/eifrs/XBRL?type=IAS&amp;num=38&amp;date=2010-04-30&amp;anchor=para_122_c_iii&amp;doctype=Standard</ref:URI>
      <ref:URIDate>2010-04-30</ref:URIDate>
    </link:reference>
    <link:referenceArc xlink:type="arc" xlink:arcrole="http://www.xbrl.org/2003/arcrole/concept-reference" xlink:from="loc_68" xlink:to="res_16"/>
    <link:loc xlink:type="locator" xlink:href="../../ifrs-cor_2010-04-30.xsd#ifrs_DecreaseThroughClassifiedAsHeldForSaleIntangibleAssetsOtherThanGoodwill" xlink:label="loc_60"/>
    <link:referenceArc xlink:type="arc" xlink:arcrole="http://www.xbrl.org/2003/arcrole/concept-reference" xlink:from="loc_60" xlink:to="res_8"/>
    <link:loc xlink:type="locator" xlink:href="../../ifrs-cor_2010-04-30.xsd#ifrs_ImpairmentLossRecognisedInOtherComprehensiveIncomeIntangibleAssetsOtherThanGoodwill" xlink:label="loc_57"/>
    <link:referenceArc xlink:type="arc" xlink:arcrole="http://www.xbrl.org/2003/arcrole/concept-reference" xlink:from="loc_57" xlink:to="res_7"/>
    <link:loc xlink:type="locator" xlink:href="../../ifrs-cor_2010-04-30.xsd#ifrs_ReversalOfImpairmentLossRecognisedInOtherComprehensiveIncomeIntangibleAssetsOtherThanGoodwill" xlink:label="loc_58"/>
    <link:referenceArc xlink:type="arc" xlink:arcrole="http://www.xbrl.org/2003/arcrole/concept-reference" xlink:from="loc_58" xlink:to="res_7"/>
    <link:loc xlink:type="locator" xlink:href="../../ifrs-cor_2010-04-30.xsd#ifrs_ExplanationOfRestrictionsOnDistributionOfRevaluationSurplusForIntangibleAssets" xlink:label="loc_73"/>
    <link:referenceArc xlink:type="arc" xlink:arcrole="http://www.xbrl.org/2003/arcrole/concept-reference" xlink:from="loc_73" xlink:to="res_20"/>
    <link:loc xlink:type="locator" xlink:href="../../ifrs-cor_2010-04-30.xsd#ifrs_OtherIntangibleAssetsNotInternallyGeneratedMember" xlink:label="loc_27"/>
    <link:referenceArc xlink:type="arc" xlink:arcrole="http://www.xbrl.org/2003/arcrole/concept-reference" xlink:from="loc_27" xlink:to="res_5"/>
    <link:loc xlink:type="locator" xlink:href="../../ifrs-cor_2010-04-30.xsd#ifrs_OtherIntangibleAssetsInternallyGeneratedMember" xlink:label="loc_26"/>
    <link:referenceArc xlink:type="arc" xlink:arcrole="http://www.xbrl.org/2003/arcrole/concept-reference" xlink:from="loc_26" xlink:to="res_5"/>
    <link:loc xlink:type="locator" xlink:href="../../ifrs-cor_2010-04-30.xsd#ifrs_CopyrightsPatentsAndOtherIndustrialPropertyRightsServiceAndOperatingRightsNotInternallyGeneratedMember" xlink:label="loc_20"/>
    <link:referenceArc xlink:type="arc" xlink:arcrole="http://www.xbrl.org/2003/arcrole/concept-reference" xlink:from="loc_20" xlink:to="res_6"/>
    <link:loc xlink:type="locator" xlink:href="../../ifrs-cor_2010-04-30.xsd#ifrs_CopyrightsPatentsAndOtherIndustrialPropertyRightsServiceAndOperatingRightsInternallyGeneratedMember" xlink:label="loc_19"/>
    <link:referenceArc xlink:type="arc" xlink:arcrole="http://www.xbrl.org/2003/arcrole/concept-reference" xlink:from="loc_19" xlink:to="res_6"/>
    <link:loc xlink:type="locator" xlink:href="../../ifrs-cor_2010-04-30.xsd#ifrs_RecipesFormulaeModelsDesignsAndPrototypesNotInternallyGeneratedMember" xlink:label="loc_23"/>
    <link:referenceArc xlink:type="arc" xlink:arcrole="http://www.xbrl.org/2003/arcrole/concept-reference" xlink:from="loc_23" xlink:to="res_12"/>
    <link:loc xlink:type="locator" xlink:href="../../ifrs-cor_2010-04-30.xsd#ifrs_RecipesFormulaeModelsDesignsAndPrototypesInternallyGeneratedMember" xlink:label="loc_22"/>
    <link:referenceArc xlink:type="arc" xlink:arcrole="http://www.xbrl.org/2003/arcrole/concept-reference" xlink:from="loc_22" xlink:to="res_12"/>
    <link:loc xlink:type="locator" xlink:href="../../ifrs-cor_2010-04-30.xsd#ifrs_LicencesAndFranchisesInternallyGeneratedMember" xlink:label="loc_15"/>
    <link:referenceArc xlink:type="arc" xlink:arcrole="http://www.xbrl.org/2003/arcrole/concept-reference" xlink:from="loc_15" xlink:to="res_15"/>
    <link:loc xlink:type="locator" xlink:href="../../ifrs-cor_2010-04-30.xsd#ifrs_LicencesAndFranchisesNotInternallyGeneratedMember" xlink:label="loc_16"/>
    <link:referenceArc xlink:type="arc" xlink:arcrole="http://www.xbrl.org/2003/arcrole/concept-reference" xlink:from="loc_16" xlink:to="res_15"/>
    <link:loc xlink:type="locator" xlink:href="../../ifrs-cor_2010-04-30.xsd#ifrs_ComputerSoftwareNotInternallyGeneratedMember" xlink:label="loc_13"/>
    <link:referenceArc xlink:type="arc" xlink:arcrole="http://www.xbrl.org/2003/arcrole/concept-reference" xlink:from="loc_13" xlink:to="res_33"/>
    <link:loc xlink:type="locator" xlink:href="../../ifrs-cor_2010-04-30.xsd#ifrs_ComputerSoftwareInternallyGeneratedMember" xlink:label="loc_12"/>
    <link:referenceArc xlink:type="arc" xlink:arcrole="http://www.xbrl.org/2003/arcrole/concept-reference" xlink:from="loc_12" xlink:to="res_33"/>
  </link:referenceLink>
</link:linkbase>
