<?xml version="1.0" encoding="UTF-8"?>
<!-- Generated by Fujitsu XWand B0184C -->
<link:linkbase xmlns:xsi="http://www.w3.org/2001/XMLSchema-instance" xsi:schemaLocation="http://www.xbrl.org/2003/linkbase http://www.xbrl.org/2003/xbrl-linkbase-2003-12-31.xsd" xmlns:xbrli="http://www.xbrl.org/2003/instance" xmlns:xlink="http://www.w3.org/1999/xlink" xmlns:link="http://www.xbrl.org/2003/linkbase">
  <link:roleRef roleURI="http://www.xbrl.org/tifrs/fr/role/StatementOfCashFlows" xlink:type="simple" xlink:href="../tifrs-scf-2014-03-31.xsd#RT_1"/>
  <link:roleRef roleURI="http://www.xbrl.org/tifrs/fr/role/StatementOfCashFlows-DirectMethod" xlink:type="simple" xlink:href="../tifrs-scf-2014-03-31.xsd#RT_2"/>
  <link:calculationLink xlink:type="extended" xlink:role="http://www.xbrl.org/tifrs/fr/role/StatementOfCashFlows">
    <link:loc xlink:type="locator" xlink:href="../tifrs-scf-2014-03-31.xsd#tifrs-SCF_AdjustmentsToReconcileProfitLoss" xlink:label="AdjustmentsToReconcileProfitLoss" xlink:title="AdjustmentsToReconcileProfitLoss"/>
    <link:loc xlink:type="locator" xlink:href="../tifrs-scf-2014-03-31.xsd#tifrs-SCF_ProvisionReversalOfProvisionForBadDebtExpense" xlink:label="ProvisionReversalOfProvisionForBadDebtExpense" xlink:title="ProvisionReversalOfProvisionForBadDebtExpense"/>
    <link:calculationArc xlink:type="arc" xlink:arcrole="http://www.xbrl.org/2003/arcrole/summation-item" xlink:from="AdjustmentsToReconcileProfitLoss" xlink:to="ProvisionReversalOfProvisionForBadDebtExpense" xlink:title="calculation: AdjustmentsToReconcileProfitLoss to ProvisionReversalOfProvisionForBadDebtExpense" order="3.0" weight="1.0"/>
    <link:loc xlink:type="locator" xlink:href="../tifrs-scf-2014-03-31.xsd#tifrs-SCF_InterestIncome" xlink:label="InterestIncome" xlink:title="InterestIncome"/>
    <link:calculationArc xlink:type="arc" xlink:arcrole="http://www.xbrl.org/2003/arcrole/summation-item" xlink:from="AdjustmentsToReconcileProfitLoss" xlink:to="InterestIncome" xlink:title="calculation: AdjustmentsToReconcileProfitLoss to InterestIncome" order="7.0" weight="1.0"/>
    <link:loc xlink:type="locator" xlink:href="../tifrs-scf-2014-03-31.xsd#tifrs-SCF_NetChangeInInsuranceLiabilities" xlink:label="NetChangeInInsuranceLiabilities" xlink:title="NetChangeInInsuranceLiabilities"/>
    <link:calculationArc xlink:type="arc" xlink:arcrole="http://www.xbrl.org/2003/arcrole/summation-item" xlink:from="AdjustmentsToReconcileProfitLoss" xlink:to="NetChangeInInsuranceLiabilities" xlink:title="calculation: AdjustmentsToReconcileProfitLoss to NetChangeInInsuranceLiabilities" order="8.1" weight="1.0"/>
    <link:loc xlink:type="locator" xlink:href="../tifrs-scf-2014-03-31.xsd#tifrs-SCF_NetChangeInProvisionsForGuaranteeLiabilities" xlink:label="NetChangeInProvisionsForGuaranteeLiabilities" xlink:title="NetChangeInProvisionsForGuaranteeLiabilities"/>
    <link:calculationArc xlink:type="arc" xlink:arcrole="http://www.xbrl.org/2003/arcrole/summation-item" xlink:from="AdjustmentsToReconcileProfitLoss" xlink:to="NetChangeInProvisionsForGuaranteeLiabilities" xlink:title="calculation: AdjustmentsToReconcileProfitLoss to NetChangeInProvisionsForGuaranteeLiabilities" order="8.2" weight="1.0"/>
    <link:loc xlink:type="locator" xlink:href="../tifrs-scf-2014-03-31.xsd#tifrs-SCF_NetChangeInOtherProvisions" xlink:label="NetChangeInOtherProvisions" xlink:title="NetChangeInOtherProvisions"/>
    <link:calculationArc xlink:type="arc" xlink:arcrole="http://www.xbrl.org/2003/arcrole/summation-item" xlink:from="AdjustmentsToReconcileProfitLoss" xlink:to="NetChangeInOtherProvisions" xlink:title="calculation: AdjustmentsToReconcileProfitLoss to NetChangeInOtherProvisions" order="8.3" weight="1.0"/>
    <link:loc xlink:type="locator" xlink:href="../tifrs-scf-2014-03-31.xsd#tifrs-SCF_ProvisionLossGainOnDisposalOfForeclosedCollaterals" xlink:label="ProvisionLossGainOnDisposalOfForeclosedCollaterals" xlink:title="ProvisionLossGainOnDisposalOfForeclosedCollaterals"/>
    <link:calculationArc xlink:type="arc" xlink:arcrole="http://www.xbrl.org/2003/arcrole/summation-item" xlink:from="AdjustmentsToReconcileProfitLoss" xlink:to="ProvisionLossGainOnDisposalOfForeclosedCollaterals" xlink:title="calculation: AdjustmentsToReconcileProfitLoss to ProvisionLossGainOnDisposalOfForeclosedCollaterals" order="10.1" weight="1.0"/>
    <link:loc xlink:type="locator" xlink:href="../tifrs-scf-2014-03-31.xsd#tifrs-SCF_LossGainOnFinancialAssetsSecuritization" xlink:label="LossGainOnFinancialAssetsSecuritization" xlink:title="LossGainOnFinancialAssetsSecuritization"/>
    <link:calculationArc xlink:type="arc" xlink:arcrole="http://www.xbrl.org/2003/arcrole/summation-item" xlink:from="AdjustmentsToReconcileProfitLoss" xlink:to="LossGainOnFinancialAssetsSecuritization" xlink:title="calculation: AdjustmentsToReconcileProfitLoss to LossGainOnFinancialAssetsSecuritization" order="10.2" weight="1.0"/>
    <link:loc xlink:type="locator" xlink:href="../tifrs-scf-2014-03-31.xsd#tifrs-SCF_ShareOfLossProfitOfAssociatesAndJointVenturesAccountedForUsingEquityMethod" xlink:label="ShareOfLossProfitOfAssociatesAndJointVenturesAccountedForUsingEquityMethod" xlink:title="ShareOfLossProfitOfAssociatesAndJointVenturesAccountedForUsingEquityMethod"/>
    <link:calculationArc xlink:type="arc" xlink:arcrole="http://www.xbrl.org/2003/arcrole/summation-item" xlink:from="AdjustmentsToReconcileProfitLoss" xlink:to="ShareOfLossProfitOfAssociatesAndJointVenturesAccountedForUsingEquityMethod" xlink:title="calculation: AdjustmentsToReconcileProfitLoss to ShareOfLossProfitOfAssociatesAndJointVenturesAccountedForUsingEquityMethod" order="10.3" weight="1.0"/>
    <link:loc xlink:type="locator" xlink:href="../tifrs-scf-2014-03-31.xsd#tifrs-SCF_LossGainOnDisposalOfPropertyPlanAndEquipment" xlink:label="LossGainOnDisposalOfPropertyPlanAndEquipment" xlink:title="LossGainOnDisposalOfPropertyPlanAndEquipment"/>
    <link:calculationArc xlink:type="arc" xlink:arcrole="http://www.xbrl.org/2003/arcrole/summation-item" xlink:from="AdjustmentsToReconcileProfitLoss" xlink:to="LossGainOnDisposalOfPropertyPlanAndEquipment" xlink:title="calculation: AdjustmentsToReconcileProfitLoss to LossGainOnDisposalOfPropertyPlanAndEquipment" order="10.5" weight="1.0"/>
    <link:loc xlink:type="locator" xlink:href="../tifrs-scf-2014-03-31.xsd#tifrs-SCF_PropertyPlanAndEquipmentTransferredToExpenses" xlink:label="PropertyPlanAndEquipmentTransferredToExpenses" xlink:title="PropertyPlanAndEquipmentTransferredToExpenses"/>
    <link:calculationArc xlink:type="arc" xlink:arcrole="http://www.xbrl.org/2003/arcrole/summation-item" xlink:from="AdjustmentsToReconcileProfitLoss" xlink:to="PropertyPlanAndEquipmentTransferredToExpenses" xlink:title="calculation: AdjustmentsToReconcileProfitLoss to PropertyPlanAndEquipmentTransferredToExpenses" order="10.6" weight="1.0"/>
    <link:loc xlink:type="locator" xlink:href="../tifrs-scf-2014-03-31.xsd#tifrs-SCF_LossGainOnDisposalOfInvestmentProperties" xlink:label="LossGainOnDisposalOfInvestmentProperties" xlink:title="LossGainOnDisposalOfInvestmentProperties"/>
    <link:calculationArc xlink:type="arc" xlink:arcrole="http://www.xbrl.org/2003/arcrole/summation-item" xlink:from="AdjustmentsToReconcileProfitLoss" xlink:to="LossGainOnDisposalOfInvestmentProperties" xlink:title="calculation: AdjustmentsToReconcileProfitLoss to LossGainOnDisposalOfInvestmentProperties" order="10.7" weight="1.0"/>
    <link:loc xlink:type="locator" xlink:href="../tifrs-scf-2014-03-31.xsd#tifrs-SCF_LossGainOnDisposalOfOtherAssets" xlink:label="LossGainOnDisposalOfOtherAssets" xlink:title="LossGainOnDisposalOfOtherAssets"/>
    <link:calculationArc xlink:type="arc" xlink:arcrole="http://www.xbrl.org/2003/arcrole/summation-item" xlink:from="AdjustmentsToReconcileProfitLoss" xlink:to="LossGainOnDisposalOfOtherAssets" xlink:title="calculation: AdjustmentsToReconcileProfitLoss to LossGainOnDisposalOfOtherAssets" order="14.1" weight="1.0"/>
    <link:loc xlink:type="locator" xlink:href="../tifrs-scf-2014-03-31.xsd#tifrs-SCF_LossGainOnDisposalOfNoncurrentAssetsClassifiedAsHeldForSale" xlink:label="LossGainOnDisposalOfNoncurrentAssetsClassifiedAsHeldForSale" xlink:title="LossGainOnDisposalOfNoncurrentAssetsClassifiedAsHeldForSale"/>
    <link:calculationArc xlink:type="arc" xlink:arcrole="http://www.xbrl.org/2003/arcrole/summation-item" xlink:from="AdjustmentsToReconcileProfitLoss" xlink:to="LossGainOnDisposalOfNoncurrentAssetsClassifiedAsHeldForSale" xlink:title="calculation: AdjustmentsToReconcileProfitLoss to LossGainOnDisposalOfNoncurrentAssetsClassifiedAsHeldForSale" order="14.2" weight="1.0"/>
    <link:loc xlink:type="locator" xlink:href="../tifrs-scf-2014-03-31.xsd#tifrs-SCF_LossGainOnDisposalOfInvestments" xlink:label="LossGainOnDisposalOfInvestments" xlink:title="LossGainOnDisposalOfInvestments"/>
    <link:calculationArc xlink:type="arc" xlink:arcrole="http://www.xbrl.org/2003/arcrole/summation-item" xlink:from="AdjustmentsToReconcileProfitLoss" xlink:to="LossGainOnDisposalOfInvestments" xlink:title="calculation: AdjustmentsToReconcileProfitLoss to LossGainOnDisposalOfInvestments" order="14.3" weight="1.0"/>
    <link:loc xlink:type="locator" xlink:href="../tifrs-scf-2014-03-31.xsd#tifrs-SCF_NetLossGainOnNonoperatingFinancialInstrumentsAtFairValue" xlink:label="NetLossGainOnNonoperatingFinancialInstrumentsAtFairValue" xlink:title="NetLossGainOnNonoperatingFinancialInstrumentsAtFairValue"/>
    <link:calculationArc xlink:type="arc" xlink:arcrole="http://www.xbrl.org/2003/arcrole/summation-item" xlink:from="AdjustmentsToReconcileProfitLoss" xlink:to="NetLossGainOnNonoperatingFinancialInstrumentsAtFairValue" xlink:title="calculation: AdjustmentsToReconcileProfitLoss to NetLossGainOnNonoperatingFinancialInstrumentsAtFairValue" order="16.1" weight="1.0"/>
    <link:loc xlink:type="locator" xlink:href="../tifrs-scf-2014-03-31.xsd#tifrs-SCF_UnrealizedGainLossOnIssuanceOfCallOrPut" xlink:label="UnrealizedGainLossOnIssuanceOfCallOrPut" xlink:title="UnrealizedGainLossOnIssuanceOfCallOrPut"/>
    <link:calculationArc xlink:type="arc" xlink:arcrole="http://www.xbrl.org/2003/arcrole/summation-item" xlink:from="AdjustmentsToReconcileProfitLoss" xlink:to="UnrealizedGainLossOnIssuanceOfCallOrPut" xlink:title="calculation: AdjustmentsToReconcileProfitLoss to UnrealizedGainLossOnIssuanceOfCallOrPut" order="16.2" weight="1.0"/>
    <link:loc xlink:type="locator" xlink:href="../tifrs-scf-2014-03-31.xsd#tifrs-SCF_UnrealizedProfitLossFromSales" xlink:label="UnrealizedProfitLossFromSales" xlink:title="UnrealizedProfitLossFromSales"/>
    <link:calculationArc xlink:type="arc" xlink:arcrole="http://www.xbrl.org/2003/arcrole/summation-item" xlink:from="AdjustmentsToReconcileProfitLoss" xlink:to="UnrealizedProfitLossFromSales" xlink:title="calculation: AdjustmentsToReconcileProfitLoss to UnrealizedProfitLossFromSales" order="20.1" weight="1.0"/>
    <link:loc xlink:type="locator" xlink:href="../tifrs-scf-2014-03-31.xsd#tifrs-SCF_RealizedLossProfitOnFromSales" xlink:label="RealizedLossProfitOnFromSales" xlink:title="RealizedLossProfitOnFromSales"/>
    <link:calculationArc xlink:type="arc" xlink:arcrole="http://www.xbrl.org/2003/arcrole/summation-item" xlink:from="AdjustmentsToReconcileProfitLoss" xlink:to="RealizedLossProfitOnFromSales" xlink:title="calculation: AdjustmentsToReconcileProfitLoss to RealizedLossProfitOnFromSales" order="20.2" weight="1.0"/>
    <link:loc xlink:type="locator" xlink:href="../tifrs-scf-2014-03-31.xsd#tifrs-SCF_LossOnDisposalOfNonPerformingLoans" xlink:label="LossOnDisposalOfNonPerformingLoans" xlink:title="LossOnDisposalOfNonPerformingLoans"/>
    <link:calculationArc xlink:type="arc" xlink:arcrole="http://www.xbrl.org/2003/arcrole/summation-item" xlink:from="AdjustmentsToReconcileProfitLoss" xlink:to="LossOnDisposalOfNonPerformingLoans" xlink:title="calculation: AdjustmentsToReconcileProfitLoss to LossOnDisposalOfNonPerformingLoans" order="22.1" weight="1.0"/>
    <link:loc xlink:type="locator" xlink:href="../tifrs-scf-2014-03-31.xsd#tifrs-SCF_LossGainOnDisposalOfForeclosedProperties" xlink:label="LossGainOnDisposalOfForeclosedProperties" xlink:title="LossGainOnDisposalOfForeclosedProperties"/>
    <link:calculationArc xlink:type="arc" xlink:arcrole="http://www.xbrl.org/2003/arcrole/summation-item" xlink:from="AdjustmentsToReconcileProfitLoss" xlink:to="LossGainOnDisposalOfForeclosedProperties" xlink:title="calculation: AdjustmentsToReconcileProfitLoss to LossGainOnDisposalOfForeclosedProperties" order="22.2" weight="1.0"/>
    <link:loc xlink:type="locator" xlink:href="../tifrs-scf-2014-03-31.xsd#tifrs-SCF_ChangesInOperatingAssets" xlink:label="ChangesInOperatingAssets" xlink:title="ChangesInOperatingAssets"/>
    <link:loc xlink:type="locator" xlink:href="../tifrs-scf-2014-03-31.xsd#tifrs-SCF_DecreaseIncreaseInDueFromTheCentralBankAndCallLoansToBanks" xlink:label="DecreaseIncreaseInDueFromTheCentralBankAndCallLoansToBanks" xlink:title="DecreaseIncreaseInDueFromTheCentralBankAndCallLoansToBanks"/>
    <link:calculationArc xlink:type="arc" xlink:arcrole="http://www.xbrl.org/2003/arcrole/summation-item" xlink:from="ChangesInOperatingAssets" xlink:to="DecreaseIncreaseInDueFromTheCentralBankAndCallLoansToBanks" xlink:title="calculation: ChangesInOperatingAssets to DecreaseIncreaseInDueFromTheCentralBankAndCallLoansToBanks" order="1.0" weight="1.0"/>
    <link:loc xlink:type="locator" xlink:href="../tifrs-scf-2014-03-31.xsd#tifrs-SCF_DecreaseIncreaseInFinancialAssetsAtFairValueThroughProfitOrLoss" xlink:label="DecreaseIncreaseInFinancialAssetsAtFairValueThroughProfitOrLoss" xlink:title="DecreaseIncreaseInFinancialAssetsAtFairValueThroughProfitOrLoss"/>
    <link:calculationArc xlink:type="arc" xlink:arcrole="http://www.xbrl.org/2003/arcrole/summation-item" xlink:from="ChangesInOperatingAssets" xlink:to="DecreaseIncreaseInFinancialAssetsAtFairValueThroughProfitOrLoss" xlink:title="calculation: ChangesInOperatingAssets to DecreaseIncreaseInFinancialAssetsAtFairValueThroughProfitOrLoss" order="2.0" weight="1.0"/>
    <link:loc xlink:type="locator" xlink:href="../tifrs-scf-2014-03-31.xsd#tifrs-SCF_DecreaseIncreaseInAvailableForSaleFinancialAssets" xlink:label="DecreaseIncreaseInAvailableForSaleFinancialAssets" xlink:title="DecreaseIncreaseInAvailableForSaleFinancialAssets"/>
    <link:calculationArc xlink:type="arc" xlink:arcrole="http://www.xbrl.org/2003/arcrole/summation-item" xlink:from="ChangesInOperatingAssets" xlink:to="DecreaseIncreaseInAvailableForSaleFinancialAssets" xlink:title="calculation: ChangesInOperatingAssets to DecreaseIncreaseInAvailableForSaleFinancialAssets" order="3.0" weight="1.0"/>
    <link:loc xlink:type="locator" xlink:href="../tifrs-scf-2014-03-31.xsd#tifrs-SCF_DecreaseIncreaseInHeldToMaturityFinancialAssets" xlink:label="DecreaseIncreaseInHeldToMaturityFinancialAssets" xlink:title="DecreaseIncreaseInHeldToMaturityFinancialAssets"/>
    <link:calculationArc xlink:type="arc" xlink:arcrole="http://www.xbrl.org/2003/arcrole/summation-item" xlink:from="ChangesInOperatingAssets" xlink:to="DecreaseIncreaseInHeldToMaturityFinancialAssets" xlink:title="calculation: ChangesInOperatingAssets to DecreaseIncreaseInHeldToMaturityFinancialAssets" order="4.0" weight="1.0"/>
    <link:loc xlink:type="locator" xlink:href="../tifrs-scf-2014-03-31.xsd#tifrs-SCF_DecreaseIncreaseInDerivativeFinancialAssetsForHedging" xlink:label="DecreaseIncreaseInDerivativeFinancialAssetsForHedging" xlink:title="DecreaseIncreaseInDerivativeFinancialAssetsForHedging"/>
    <link:calculationArc xlink:type="arc" xlink:arcrole="http://www.xbrl.org/2003/arcrole/summation-item" xlink:from="ChangesInOperatingAssets" xlink:to="DecreaseIncreaseInDerivativeFinancialAssetsForHedging" xlink:title="calculation: ChangesInOperatingAssets to DecreaseIncreaseInDerivativeFinancialAssetsForHedging" order="5.0" weight="1.0"/>
    <link:loc xlink:type="locator" xlink:href="../tifrs-scf-2014-03-31.xsd#tifrs-SCF_DecreaseIncreaseInFinancialAssetsAtCost" xlink:label="DecreaseIncreaseInFinancialAssetsAtCost" xlink:title="DecreaseIncreaseInFinancialAssetsAtCost"/>
    <link:calculationArc xlink:type="arc" xlink:arcrole="http://www.xbrl.org/2003/arcrole/summation-item" xlink:from="ChangesInOperatingAssets" xlink:to="DecreaseIncreaseInFinancialAssetsAtCost" xlink:title="calculation: ChangesInOperatingAssets to DecreaseIncreaseInFinancialAssetsAtCost" order="6.0" weight="1.0"/>
    <link:loc xlink:type="locator" xlink:href="../tifrs-scf-2014-03-31.xsd#tifrs-SCF_DecreaseIncreaseInDebtsInvestmentWithoutActiveMarket" xlink:label="DecreaseIncreaseInDebtsInvestmentWithoutActiveMarket" xlink:title="DecreaseIncreaseInDebtsInvestmentWithoutActiveMarket"/>
    <link:calculationArc xlink:type="arc" xlink:arcrole="http://www.xbrl.org/2003/arcrole/summation-item" xlink:from="ChangesInOperatingAssets" xlink:to="DecreaseIncreaseInDebtsInvestmentWithoutActiveMarket" xlink:title="calculation: ChangesInOperatingAssets to DecreaseIncreaseInDebtsInvestmentWithoutActiveMarket" order="7.0" weight="1.0"/>
    <link:loc xlink:type="locator" xlink:href="../tifrs-scf-2014-03-31.xsd#tifrs-SCF_DecreaseIncreaseInSecuritiesPurchasedUnderAgreementsToResell" xlink:label="DecreaseIncreaseInSecuritiesPurchasedUnderAgreementsToResell" xlink:title="DecreaseIncreaseInSecuritiesPurchasedUnderAgreementsToResell"/>
    <link:calculationArc xlink:type="arc" xlink:arcrole="http://www.xbrl.org/2003/arcrole/summation-item" xlink:from="ChangesInOperatingAssets" xlink:to="DecreaseIncreaseInSecuritiesPurchasedUnderAgreementsToResell" xlink:title="calculation: ChangesInOperatingAssets to DecreaseIncreaseInSecuritiesPurchasedUnderAgreementsToResell" order="8.0" weight="1.0"/>
    <link:loc xlink:type="locator" xlink:href="../tifrs-scf-2014-03-31.xsd#tifrs-SCF_DecreaseIncreaseInReceivables" xlink:label="DecreaseIncreaseInReceivables" xlink:title="DecreaseIncreaseInReceivables"/>
    <link:calculationArc xlink:type="arc" xlink:arcrole="http://www.xbrl.org/2003/arcrole/summation-item" xlink:from="ChangesInOperatingAssets" xlink:to="DecreaseIncreaseInReceivables" xlink:title="calculation: ChangesInOperatingAssets to DecreaseIncreaseInReceivables" order="9.0" weight="1.0"/>
    <link:loc xlink:type="locator" xlink:href="../tifrs-scf-2014-03-31.xsd#tifrs-SCF_DecreaseIncreaseInReceivablesDueFromRelatedParties" xlink:label="DecreaseIncreaseInReceivablesDueFromRelatedParties" xlink:title="DecreaseIncreaseInReceivablesDueFromRelatedParties"/>
    <link:calculationArc xlink:type="arc" xlink:arcrole="http://www.xbrl.org/2003/arcrole/summation-item" xlink:from="ChangesInOperatingAssets" xlink:to="DecreaseIncreaseInReceivablesDueFromRelatedParties" xlink:title="calculation: ChangesInOperatingAssets to DecreaseIncreaseInReceivablesDueFromRelatedParties" order="10.0" weight="1.0"/>
    <link:loc xlink:type="locator" xlink:href="../tifrs-scf-2014-03-31.xsd#tifrs-SCF_DecreaseIncreaseInConstructionContractsReceivable" xlink:label="DecreaseIncreaseInConstructionContractsReceivable" xlink:title="DecreaseIncreaseInConstructionContractsReceivable"/>
    <link:calculationArc xlink:type="arc" xlink:arcrole="http://www.xbrl.org/2003/arcrole/summation-item" xlink:from="ChangesInOperatingAssets" xlink:to="DecreaseIncreaseInConstructionContractsReceivable" xlink:title="calculation: ChangesInOperatingAssets to DecreaseIncreaseInConstructionContractsReceivable" order="11.0" weight="1.0"/>
    <link:loc xlink:type="locator" xlink:href="../tifrs-scf-2014-03-31.xsd#tifrs-SCF_DecreaseIncreaseInConstructionContractsReceivableDueFromRelatedParties" xlink:label="DecreaseIncreaseInConstructionContractsReceivableDueFromRelatedParties" xlink:title="DecreaseIncreaseInConstructionContractsReceivableDueFromRelatedParties"/>
    <link:calculationArc xlink:type="arc" xlink:arcrole="http://www.xbrl.org/2003/arcrole/summation-item" xlink:from="ChangesInOperatingAssets" xlink:to="DecreaseIncreaseInConstructionContractsReceivableDueFromRelatedParties" xlink:title="calculation: ChangesInOperatingAssets to DecreaseIncreaseInConstructionContractsReceivableDueFromRelatedParties" order="12.0" weight="1.0"/>
    <link:loc xlink:type="locator" xlink:href="../tifrs-scf-2014-03-31.xsd#tifrs-SCF_DecreaseIncreaseInMarginLoansReceivable" xlink:label="DecreaseIncreaseInMarginLoansReceivable" xlink:title="DecreaseIncreaseInMarginLoansReceivable"/>
    <link:calculationArc xlink:type="arc" xlink:arcrole="http://www.xbrl.org/2003/arcrole/summation-item" xlink:from="ChangesInOperatingAssets" xlink:to="DecreaseIncreaseInMarginLoansReceivable" xlink:title="calculation: ChangesInOperatingAssets to DecreaseIncreaseInMarginLoansReceivable" order="13.0" weight="1.0"/>
    <link:loc xlink:type="locator" xlink:href="../tifrs-scf-2014-03-31.xsd#tifrs-SCF_DecreaseIncreaseInBalanceOfTheConstructionInProgressAccountExceedsTheBalanceOfBillingsOnConstructionInProgress" xlink:label="DecreaseIncreaseInBalanceOfTheConstructionInProgressAccountExceedsTheBalanceOfBillingsOnConstructionInProgress" xlink:title="DecreaseIncreaseInBalanceOfTheConstructionInProgressAccountExceedsTheBalanceOfBillingsOnConstructionInProgress"/>
    <link:calculationArc xlink:type="arc" xlink:arcrole="http://www.xbrl.org/2003/arcrole/summation-item" xlink:from="ChangesInOperatingAssets" xlink:to="DecreaseIncreaseInBalanceOfTheConstructionInProgressAccountExceedsTheBalanceOfBillingsOnConstructionInProgress" xlink:title="calculation: ChangesInOperatingAssets to DecreaseIncreaseInBalanceOfTheConstructionInProgressAccountExceedsTheBalanceOfBillingsOnConstructionInProgress" order="14.0" weight="1.0"/>
    <link:loc xlink:type="locator" xlink:href="../tifrs-scf-2014-03-31.xsd#tifrs-SCF_DecreaseIncreaseInInventories" xlink:label="DecreaseIncreaseInInventories" xlink:title="DecreaseIncreaseInInventories"/>
    <link:calculationArc xlink:type="arc" xlink:arcrole="http://www.xbrl.org/2003/arcrole/summation-item" xlink:from="ChangesInOperatingAssets" xlink:to="DecreaseIncreaseInInventories" xlink:title="calculation: ChangesInOperatingAssets to DecreaseIncreaseInInventories" order="15.0" weight="1.0"/>
    <link:loc xlink:type="locator" xlink:href="../tifrs-scf-2014-03-31.xsd#tifrs-SCF_DecreaseIncreaseInOtherPrepayments" xlink:label="DecreaseIncreaseInOtherPrepayments" xlink:title="DecreaseIncreaseInOtherPrepayments"/>
    <link:calculationArc xlink:type="arc" xlink:arcrole="http://www.xbrl.org/2003/arcrole/summation-item" xlink:from="ChangesInOperatingAssets" xlink:to="DecreaseIncreaseInOtherPrepayments" xlink:title="calculation: ChangesInOperatingAssets to DecreaseIncreaseInOtherPrepayments" order="16.0" weight="1.0"/>
    <link:loc xlink:type="locator" xlink:href="../tifrs-scf-2014-03-31.xsd#tifrs-SCF_DecreaseIncreaseInReinsuranceAssets" xlink:label="DecreaseIncreaseInReinsuranceAssets" xlink:title="DecreaseIncreaseInReinsuranceAssets"/>
    <link:calculationArc xlink:type="arc" xlink:arcrole="http://www.xbrl.org/2003/arcrole/summation-item" xlink:from="ChangesInOperatingAssets" xlink:to="DecreaseIncreaseInReinsuranceAssets" xlink:title="calculation: ChangesInOperatingAssets to DecreaseIncreaseInReinsuranceAssets" order="17.0" weight="1.0"/>
    <link:loc xlink:type="locator" xlink:href="../tifrs-scf-2014-03-31.xsd#tifrs-SCF_DecreaseIncreaseInOtherCurrentAssets" xlink:label="DecreaseIncreaseInOtherCurrentAssets" xlink:title="DecreaseIncreaseInOtherCurrentAssets"/>
    <link:calculationArc xlink:type="arc" xlink:arcrole="http://www.xbrl.org/2003/arcrole/summation-item" xlink:from="ChangesInOperatingAssets" xlink:to="DecreaseIncreaseInOtherCurrentAssets" xlink:title="calculation: ChangesInOperatingAssets to DecreaseIncreaseInOtherCurrentAssets" order="18.0" weight="1.0"/>
    <link:loc xlink:type="locator" xlink:href="../tifrs-scf-2014-03-31.xsd#tifrs-SCF_DecreaseIncreaseInDiscountsAndLoans" xlink:label="DecreaseIncreaseInDiscountsAndLoans" xlink:title="DecreaseIncreaseInDiscountsAndLoans"/>
    <link:calculationArc xlink:type="arc" xlink:arcrole="http://www.xbrl.org/2003/arcrole/summation-item" xlink:from="ChangesInOperatingAssets" xlink:to="DecreaseIncreaseInDiscountsAndLoans" xlink:title="calculation: ChangesInOperatingAssets to DecreaseIncreaseInDiscountsAndLoans" order="19.0" weight="1.0"/>
    <link:loc xlink:type="locator" xlink:href="../tifrs-scf-2014-03-31.xsd#tifrs-SCF_DecreaseIncreaseInBiologicalAssets" xlink:label="DecreaseIncreaseInBiologicalAssets" xlink:title="DecreaseIncreaseInBiologicalAssets"/>
    <link:calculationArc xlink:type="arc" xlink:arcrole="http://www.xbrl.org/2003/arcrole/summation-item" xlink:from="ChangesInOperatingAssets" xlink:to="DecreaseIncreaseInBiologicalAssets" xlink:title="calculation: ChangesInOperatingAssets to DecreaseIncreaseInBiologicalAssets" order="20.0" weight="1.0"/>
    <link:loc xlink:type="locator" xlink:href="../tifrs-scf-2014-03-31.xsd#tifrs-SCF_DecreaseIncreaseInDeferredDebits" xlink:label="DecreaseIncreaseInDeferredDebits" xlink:title="DecreaseIncreaseInDeferredDebits"/>
    <link:calculationArc xlink:type="arc" xlink:arcrole="http://www.xbrl.org/2003/arcrole/summation-item" xlink:from="ChangesInOperatingAssets" xlink:to="DecreaseIncreaseInDeferredDebits" xlink:title="calculation: ChangesInOperatingAssets to DecreaseIncreaseInDeferredDebits" order="21.0" weight="1.0"/>
    <link:loc xlink:type="locator" xlink:href="../tifrs-scf-2014-03-31.xsd#tifrs-SCF_DecreaseIncreaseInOtherFinancialAssets" xlink:label="DecreaseIncreaseInOtherFinancialAssets" xlink:title="DecreaseIncreaseInOtherFinancialAssets"/>
    <link:calculationArc xlink:type="arc" xlink:arcrole="http://www.xbrl.org/2003/arcrole/summation-item" xlink:from="ChangesInOperatingAssets" xlink:to="DecreaseIncreaseInOtherFinancialAssets" xlink:title="calculation: ChangesInOperatingAssets to DecreaseIncreaseInOtherFinancialAssets" order="22.0" weight="1.0"/>
    <link:loc xlink:type="locator" xlink:href="../tifrs-scf-2014-03-31.xsd#tifrs-SCF_DecreaseIncreaseInOtherOperatingAssets" xlink:label="DecreaseIncreaseInOtherOperatingAssets" xlink:title="DecreaseIncreaseInOtherOperatingAssets"/>
    <link:calculationArc xlink:type="arc" xlink:arcrole="http://www.xbrl.org/2003/arcrole/summation-item" xlink:from="ChangesInOperatingAssets" xlink:to="DecreaseIncreaseInOtherOperatingAssets" xlink:title="calculation: ChangesInOperatingAssets to DecreaseIncreaseInOtherOperatingAssets" order="23.0" weight="1.0"/>
    <link:loc xlink:type="locator" xlink:href="../tifrs-scf-2014-03-31.xsd#tifrs-SCF_ChangesInOperatingLiabilities" xlink:label="ChangesInOperatingLiabilities" xlink:title="ChangesInOperatingLiabilities"/>
    <link:loc xlink:type="locator" xlink:href="../tifrs-scf-2014-03-31.xsd#tifrs-SCF_DecreaseIncreaseInNotesAndBondsIssuedUnderRepurchaseAgreement" xlink:label="DecreaseIncreaseInNotesAndBondsIssuedUnderRepurchaseAgreement" xlink:title="DecreaseIncreaseInNotesAndBondsIssuedUnderRepurchaseAgreement"/>
    <link:calculationArc xlink:type="arc" xlink:arcrole="http://www.xbrl.org/2003/arcrole/summation-item" xlink:from="ChangesInOperatingLiabilities" xlink:to="DecreaseIncreaseInNotesAndBondsIssuedUnderRepurchaseAgreement" xlink:title="calculation: ChangesInOperatingLiabilities to DecreaseIncreaseInNotesAndBondsIssuedUnderRepurchaseAgreement" order="1.0" weight="1.0"/>
    <link:loc xlink:type="locator" xlink:href="../tifrs-scf-2014-03-31.xsd#tifrs-SCF_DecreaseIncreaseInFinancialLiabilitiesAtFairValueThroughProfitOrLoss" xlink:label="DecreaseIncreaseInFinancialLiabilitiesAtFairValueThroughProfitOrLoss" xlink:title="DecreaseIncreaseInFinancialLiabilitiesAtFairValueThroughProfitOrLoss"/>
    <link:calculationArc xlink:type="arc" xlink:arcrole="http://www.xbrl.org/2003/arcrole/summation-item" xlink:from="ChangesInOperatingLiabilities" xlink:to="DecreaseIncreaseInFinancialLiabilitiesAtFairValueThroughProfitOrLoss" xlink:title="calculation: ChangesInOperatingLiabilities to DecreaseIncreaseInFinancialLiabilitiesAtFairValueThroughProfitOrLoss" order="2.0" weight="1.0"/>
    <link:loc xlink:type="locator" xlink:href="../tifrs-scf-2014-03-31.xsd#tifrs-SCF_DecreaseIncreaseInDerivativeFinancialLiabilitiesForHedging" xlink:label="DecreaseIncreaseInDerivativeFinancialLiabilitiesForHedging" xlink:title="DecreaseIncreaseInDerivativeFinancialLiabilitiesForHedging"/>
    <link:calculationArc xlink:type="arc" xlink:arcrole="http://www.xbrl.org/2003/arcrole/summation-item" xlink:from="ChangesInOperatingLiabilities" xlink:to="DecreaseIncreaseInDerivativeFinancialLiabilitiesForHedging" xlink:title="calculation: ChangesInOperatingLiabilities to DecreaseIncreaseInDerivativeFinancialLiabilitiesForHedging" order="3.0" weight="1.0"/>
    <link:loc xlink:type="locator" xlink:href="../tifrs-scf-2014-03-31.xsd#tifrs-SCF_DecreaseIncreaseInFinancialLiabilitiesAtCost" xlink:label="DecreaseIncreaseInFinancialLiabilitiesAtCost" xlink:title="DecreaseIncreaseInFinancialLiabilitiesAtCost"/>
    <link:calculationArc xlink:type="arc" xlink:arcrole="http://www.xbrl.org/2003/arcrole/summation-item" xlink:from="ChangesInOperatingLiabilities" xlink:to="DecreaseIncreaseInFinancialLiabilitiesAtCost" xlink:title="calculation: ChangesInOperatingLiabilities to DecreaseIncreaseInFinancialLiabilitiesAtCost" order="4.0" weight="1.0"/>
    <link:loc xlink:type="locator" xlink:href="../tifrs-scf-2014-03-31.xsd#tifrs-SCF_DecreaseIncreaseInDepositsFromTheCentralBankAndBanks" xlink:label="DecreaseIncreaseInDepositsFromTheCentralBankAndBanks" xlink:title="DecreaseIncreaseInDepositsFromTheCentralBankAndBanks"/>
    <link:calculationArc xlink:type="arc" xlink:arcrole="http://www.xbrl.org/2003/arcrole/summation-item" xlink:from="ChangesInOperatingLiabilities" xlink:to="DecreaseIncreaseInDepositsFromTheCentralBankAndBanks" xlink:title="calculation: ChangesInOperatingLiabilities to DecreaseIncreaseInDepositsFromTheCentralBankAndBanks" order="5.0" weight="1.0"/>
    <link:loc xlink:type="locator" xlink:href="../tifrs-scf-2014-03-31.xsd#tifrs-SCF_IncreaseDecreaseInPayables" xlink:label="IncreaseDecreaseInPayables" xlink:title="IncreaseDecreaseInPayables"/>
    <link:calculationArc xlink:type="arc" xlink:arcrole="http://www.xbrl.org/2003/arcrole/summation-item" xlink:from="ChangesInOperatingLiabilities" xlink:to="IncreaseDecreaseInPayables" xlink:title="calculation: ChangesInOperatingLiabilities to IncreaseDecreaseInPayables" order="6.0" weight="1.0"/>
    <link:loc xlink:type="locator" xlink:href="../tifrs-scf-2014-03-31.xsd#tifrs-SCF_IncreaseDecreaseInPayableToRelatedParties" xlink:label="IncreaseDecreaseInPayableToRelatedParties" xlink:title="IncreaseDecreaseInPayableToRelatedParties"/>
    <link:calculationArc xlink:type="arc" xlink:arcrole="http://www.xbrl.org/2003/arcrole/summation-item" xlink:from="ChangesInOperatingLiabilities" xlink:to="IncreaseDecreaseInPayableToRelatedParties" xlink:title="calculation: ChangesInOperatingLiabilities to IncreaseDecreaseInPayableToRelatedParties" order="7.0" weight="1.0"/>
    <link:loc xlink:type="locator" xlink:href="../tifrs-scf-2014-03-31.xsd#tifrs-SCF_IncreaseDecreaseInConstructionContractsPayable" xlink:label="IncreaseDecreaseInConstructionContractsPayable" xlink:title="IncreaseDecreaseInConstructionContractsPayable"/>
    <link:calculationArc xlink:type="arc" xlink:arcrole="http://www.xbrl.org/2003/arcrole/summation-item" xlink:from="ChangesInOperatingLiabilities" xlink:to="IncreaseDecreaseInConstructionContractsPayable" xlink:title="calculation: ChangesInOperatingLiabilities to IncreaseDecreaseInConstructionContractsPayable" order="8.0" weight="1.0"/>
    <link:loc xlink:type="locator" xlink:href="../tifrs-scf-2014-03-31.xsd#tifrs-SCF_IncreaseDecreaseInConstructionContractsPayableToRelatedParties" xlink:label="IncreaseDecreaseInConstructionContractsPayableToRelatedParties" xlink:title="IncreaseDecreaseInConstructionContractsPayableToRelatedParties"/>
    <link:calculationArc xlink:type="arc" xlink:arcrole="http://www.xbrl.org/2003/arcrole/summation-item" xlink:from="ChangesInOperatingLiabilities" xlink:to="IncreaseDecreaseInConstructionContractsPayableToRelatedParties" xlink:title="calculation: ChangesInOperatingLiabilities to IncreaseDecreaseInConstructionContractsPayableToRelatedParties" order="9.0" weight="1.0"/>
    <link:loc xlink:type="locator" xlink:href="../tifrs-scf-2014-03-31.xsd#tifrs-SCF_IncreaseDecreaseInDepositsReceivedFromSecuritiesBorrowers" xlink:label="IncreaseDecreaseInDepositsReceivedFromSecuritiesBorrowers" xlink:title="IncreaseDecreaseInDepositsReceivedFromSecuritiesBorrowers"/>
    <link:calculationArc xlink:type="arc" xlink:arcrole="http://www.xbrl.org/2003/arcrole/summation-item" xlink:from="ChangesInOperatingLiabilities" xlink:to="IncreaseDecreaseInDepositsReceivedFromSecuritiesBorrowers" xlink:title="calculation: ChangesInOperatingLiabilities to IncreaseDecreaseInDepositsReceivedFromSecuritiesBorrowers" order="10.0" weight="1.0"/>
    <link:loc xlink:type="locator" xlink:href="../tifrs-scf-2014-03-31.xsd#tifrs-SCF_IncreaseDecreaseInCommissionsPayable" xlink:label="IncreaseDecreaseInCommissionsPayable" xlink:title="IncreaseDecreaseInCommissionsPayable"/>
    <link:calculationArc xlink:type="arc" xlink:arcrole="http://www.xbrl.org/2003/arcrole/summation-item" xlink:from="ChangesInOperatingLiabilities" xlink:to="IncreaseDecreaseInCommissionsPayable" xlink:title="calculation: ChangesInOperatingLiabilities to IncreaseDecreaseInCommissionsPayable" order="11.0" weight="1.0"/>
    <link:loc xlink:type="locator" xlink:href="../tifrs-scf-2014-03-31.xsd#tifrs-SCF_IncreaseDecreaseInDueToReinsurersAndCedingCompanies" xlink:label="IncreaseDecreaseInDueToReinsurersAndCedingCompanies" xlink:title="IncreaseDecreaseInDueToReinsurersAndCedingCompanies"/>
    <link:calculationArc xlink:type="arc" xlink:arcrole="http://www.xbrl.org/2003/arcrole/summation-item" xlink:from="ChangesInOperatingLiabilities" xlink:to="IncreaseDecreaseInDueToReinsurersAndCedingCompanies" xlink:title="calculation: ChangesInOperatingLiabilities to IncreaseDecreaseInDueToReinsurersAndCedingCompanies" order="12.0" weight="1.0"/>
    <link:loc xlink:type="locator" xlink:href="../tifrs-scf-2014-03-31.xsd#tifrs-SCF_IncreaseDecreaseInClaimsPayable" xlink:label="IncreaseDecreaseInClaimsPayable" xlink:title="IncreaseDecreaseInClaimsPayable"/>
    <link:calculationArc xlink:type="arc" xlink:arcrole="http://www.xbrl.org/2003/arcrole/summation-item" xlink:from="ChangesInOperatingLiabilities" xlink:to="IncreaseDecreaseInClaimsPayable" xlink:title="calculation: ChangesInOperatingLiabilities to IncreaseDecreaseInClaimsPayable" order="13.0" weight="1.0"/>
    <link:loc xlink:type="locator" xlink:href="../tifrs-scf-2014-03-31.xsd#tifrs-SCF_IncreaseDecreaseInReinsuranceIndemnityPayable" xlink:label="IncreaseDecreaseInReinsuranceIndemnityPayable" xlink:title="IncreaseDecreaseInReinsuranceIndemnityPayable"/>
    <link:calculationArc xlink:type="arc" xlink:arcrole="http://www.xbrl.org/2003/arcrole/summation-item" xlink:from="ChangesInOperatingLiabilities" xlink:to="IncreaseDecreaseInReinsuranceIndemnityPayable" xlink:title="calculation: ChangesInOperatingLiabilities to IncreaseDecreaseInReinsuranceIndemnityPayable" order="14.0" weight="1.0"/>
    <link:loc xlink:type="locator" xlink:href="../tifrs-scf-2014-03-31.xsd#tifrs-SCF_IncreaseDecreaseInGuaranteedPriceDepositsReceivedFromSecuritiesBorrowers" xlink:label="IncreaseDecreaseInGuaranteedPriceDepositsReceivedFromSecuritiesBorrowers" xlink:title="IncreaseDecreaseInGuaranteedPriceDepositsReceivedFromSecuritiesBorrowers"/>
    <link:calculationArc xlink:type="arc" xlink:arcrole="http://www.xbrl.org/2003/arcrole/summation-item" xlink:from="ChangesInOperatingLiabilities" xlink:to="IncreaseDecreaseInGuaranteedPriceDepositsReceivedFromSecuritiesBorrowers" xlink:title="calculation: ChangesInOperatingLiabilities to IncreaseDecreaseInGuaranteedPriceDepositsReceivedFromSecuritiesBorrowers" order="15.0" weight="1.0"/>
    <link:loc xlink:type="locator" xlink:href="../tifrs-scf-2014-03-31.xsd#tifrs-SCF_IncreaseDecreaseInFuturesTradersEquity" xlink:label="IncreaseDecreaseInFuturesTradersEquity" xlink:title="IncreaseDecreaseInFuturesTradersEquity"/>
    <link:calculationArc xlink:type="arc" xlink:arcrole="http://www.xbrl.org/2003/arcrole/summation-item" xlink:from="ChangesInOperatingLiabilities" xlink:to="IncreaseDecreaseInFuturesTradersEquity" xlink:title="calculation: ChangesInOperatingLiabilities to IncreaseDecreaseInFuturesTradersEquity" order="16.0" weight="1.0"/>
    <link:loc xlink:type="locator" xlink:href="../tifrs-scf-2014-03-31.xsd#tifrs-SCF_IncreaseDecreaseInReceiptsInAdvance" xlink:label="IncreaseDecreaseInReceiptsInAdvance" xlink:title="IncreaseDecreaseInReceiptsInAdvance"/>
    <link:calculationArc xlink:type="arc" xlink:arcrole="http://www.xbrl.org/2003/arcrole/summation-item" xlink:from="ChangesInOperatingLiabilities" xlink:to="IncreaseDecreaseInReceiptsInAdvance" xlink:title="calculation: ChangesInOperatingLiabilities to IncreaseDecreaseInReceiptsInAdvance" order="17.0" weight="1.0"/>
    <link:loc xlink:type="locator" xlink:href="../tifrs-scf-2014-03-31.xsd#tifrs-SCF_IncreaseDecreaseInOtherCurrentLiabilities" xlink:label="IncreaseDecreaseInOtherCurrentLiabilities" xlink:title="IncreaseDecreaseInOtherCurrentLiabilities"/>
    <link:calculationArc xlink:type="arc" xlink:arcrole="http://www.xbrl.org/2003/arcrole/summation-item" xlink:from="ChangesInOperatingLiabilities" xlink:to="IncreaseDecreaseInOtherCurrentLiabilities" xlink:title="calculation: ChangesInOperatingLiabilities to IncreaseDecreaseInOtherCurrentLiabilities" order="18.0" weight="1.0"/>
    <link:loc xlink:type="locator" xlink:href="../tifrs-scf-2014-03-31.xsd#tifrs-SCF_IncreaseDecreaseInDepositsAndRemittances" xlink:label="IncreaseDecreaseInDepositsAndRemittances" xlink:title="IncreaseDecreaseInDepositsAndRemittances"/>
    <link:calculationArc xlink:type="arc" xlink:arcrole="http://www.xbrl.org/2003/arcrole/summation-item" xlink:from="ChangesInOperatingLiabilities" xlink:to="IncreaseDecreaseInDepositsAndRemittances" xlink:title="calculation: ChangesInOperatingLiabilities to IncreaseDecreaseInDepositsAndRemittances" order="19.0" weight="1.0"/>
    <link:loc xlink:type="locator" xlink:href="../tifrs-scf-2014-03-31.xsd#tifrs-SCF_IncreaseDecreaseInProvisions" xlink:label="IncreaseDecreaseInProvisions" xlink:title="IncreaseDecreaseInProvisions"/>
    <link:calculationArc xlink:type="arc" xlink:arcrole="http://www.xbrl.org/2003/arcrole/summation-item" xlink:from="ChangesInOperatingLiabilities" xlink:to="IncreaseDecreaseInProvisions" xlink:title="calculation: ChangesInOperatingLiabilities to IncreaseDecreaseInProvisions" order="20.0" weight="1.0"/>
    <link:loc xlink:type="locator" xlink:href="../tifrs-scf-2014-03-31.xsd#tifrs-SCF_IncreaseDecreaseInProvisionsForEmployeeBenefits" xlink:label="IncreaseDecreaseInProvisionsForEmployeeBenefits" xlink:title="IncreaseDecreaseInProvisionsForEmployeeBenefits"/>
    <link:calculationArc xlink:type="arc" xlink:arcrole="http://www.xbrl.org/2003/arcrole/summation-item" xlink:from="ChangesInOperatingLiabilities" xlink:to="IncreaseDecreaseInProvisionsForEmployeeBenefits" xlink:title="calculation: ChangesInOperatingLiabilities to IncreaseDecreaseInProvisionsForEmployeeBenefits" order="21.0" weight="1.0"/>
    <link:loc xlink:type="locator" xlink:href="../tifrs-scf-2014-03-31.xsd#tifrs-SCF_IncreaseDecreaseInDeferredCredits" xlink:label="IncreaseDecreaseInDeferredCredits" xlink:title="IncreaseDecreaseInDeferredCredits"/>
    <link:calculationArc xlink:type="arc" xlink:arcrole="http://www.xbrl.org/2003/arcrole/summation-item" xlink:from="ChangesInOperatingLiabilities" xlink:to="IncreaseDecreaseInDeferredCredits" xlink:title="calculation: ChangesInOperatingLiabilities to IncreaseDecreaseInDeferredCredits" order="22.0" weight="1.0"/>
    <link:loc xlink:type="locator" xlink:href="../tifrs-scf-2014-03-31.xsd#tifrs-SCF_IncreaseDecreaseInOtherFinancialLiabilities" xlink:label="IncreaseDecreaseInOtherFinancialLiabilities" xlink:title="IncreaseDecreaseInOtherFinancialLiabilities"/>
    <link:calculationArc xlink:type="arc" xlink:arcrole="http://www.xbrl.org/2003/arcrole/summation-item" xlink:from="ChangesInOperatingLiabilities" xlink:to="IncreaseDecreaseInOtherFinancialLiabilities" xlink:title="calculation: ChangesInOperatingLiabilities to IncreaseDecreaseInOtherFinancialLiabilities" order="23.0" weight="1.0"/>
    <link:loc xlink:type="locator" xlink:href="../tifrs-scf-2014-03-31.xsd#tifrs-SCF_IncreaseDecreaseInOtherOperatingLiabilities" xlink:label="IncreaseDecreaseInOtherOperatingLiabilities" xlink:title="IncreaseDecreaseInOtherOperatingLiabilities"/>
    <link:calculationArc xlink:type="arc" xlink:arcrole="http://www.xbrl.org/2003/arcrole/summation-item" xlink:from="ChangesInOperatingLiabilities" xlink:to="IncreaseDecreaseInOtherOperatingLiabilities" xlink:title="calculation: ChangesInOperatingLiabilities to IncreaseDecreaseInOtherOperatingLiabilities" order="24.0" weight="1.0"/>
    <link:loc xlink:type="locator" xlink:href="../tifrs-scf-2014-03-31.xsd#tifrs-SCF_NetCashFlowsFromUsedInInvestingActivities" xlink:label="NetCashFlowsFromUsedInInvestingActivities" xlink:title="NetCashFlowsFromUsedInInvestingActivities"/>
    <link:loc xlink:type="locator" xlink:href="../tifrs-scf-2014-03-31.xsd#tifrs-SCF_AcquisitionOfFinancialAssetsAtFairValueThroughProfitOrLossDesignatedAsUponInitialRecognition" xlink:label="AcquisitionOfFinancialAssetsAtFairValueThroughProfitOrLossDesignatedAsUponInitialRecognition" xlink:title="AcquisitionOfFinancialAssetsAtFairValueThroughProfitOrLossDesignatedAsUponInitialRecognition"/>
    <link:calculationArc xlink:type="arc" xlink:arcrole="http://www.xbrl.org/2003/arcrole/summation-item" xlink:from="NetCashFlowsFromUsedInInvestingActivities" xlink:to="AcquisitionOfFinancialAssetsAtFairValueThroughProfitOrLossDesignatedAsUponInitialRecognition" xlink:title="calculation: NetCashFlowsFromUsedInInvestingActivities to AcquisitionOfFinancialAssetsAtFairValueThroughProfitOrLossDesignatedAsUponInitialRecognition" order="0.1" weight="1.0"/>
    <link:loc xlink:type="locator" xlink:href="../tifrs-scf-2014-03-31.xsd#tifrs-SCF_ProceedsFromDisposalOfFinancialAssetsAtFairValueThroughProfitOrLossDesignatedAsUponInitialRecognition" xlink:label="ProceedsFromDisposalOfFinancialAssetsAtFairValueThroughProfitOrLossDesignatedAsUponInitialRecognition" xlink:title="ProceedsFromDisposalOfFinancialAssetsAtFairValueThroughProfitOrLossDesignatedAsUponInitialRecognition"/>
    <link:calculationArc xlink:type="arc" xlink:arcrole="http://www.xbrl.org/2003/arcrole/summation-item" xlink:from="NetCashFlowsFromUsedInInvestingActivities" xlink:to="ProceedsFromDisposalOfFinancialAssetsAtFairValueThroughProfitOrLossDesignatedAsUponInitialRecognition" xlink:title="calculation: NetCashFlowsFromUsedInInvestingActivities to ProceedsFromDisposalOfFinancialAssetsAtFairValueThroughProfitOrLossDesignatedAsUponInitialRecognition" order="0.2" weight="1.0"/>
    <link:loc xlink:type="locator" xlink:href="../tifrs-scf-2014-03-31.xsd#tifrs-SCF_AcquisitionOfDerivativeFinancialAssetsForHedging-CashFlowsFromUsedInInvestingActivities" xlink:label="AcquisitionOfDerivativeFinancialAssetsForHedging-CashFlowsFromUsedInInvestingActivities" xlink:title="AcquisitionOfDerivativeFinancialAssetsForHedging-CashFlowsFromUsedInInvestingActivities"/>
    <link:calculationArc xlink:type="arc" xlink:arcrole="http://www.xbrl.org/2003/arcrole/summation-item" xlink:from="NetCashFlowsFromUsedInInvestingActivities" xlink:to="AcquisitionOfDerivativeFinancialAssetsForHedging-CashFlowsFromUsedInInvestingActivities" xlink:title="calculation: NetCashFlowsFromUsedInInvestingActivities to AcquisitionOfDerivativeFinancialAssetsForHedging-CashFlowsFromUsedInInvestingActivities" order="12.1" weight="1.0"/>
    <link:loc xlink:type="locator" xlink:href="../tifrs-scf-2014-03-31.xsd#tifrs-SCF_DisposalOfDerivativeFinancialAssetsForHedging-CashFlowsFromUsedInInvestingActivities" xlink:label="DisposalOfDerivativeFinancialAssetsForHedging-CashFlowsFromUsedInInvestingActivities" xlink:title="DisposalOfDerivativeFinancialAssetsForHedging-CashFlowsFromUsedInInvestingActivities"/>
    <link:calculationArc xlink:type="arc" xlink:arcrole="http://www.xbrl.org/2003/arcrole/summation-item" xlink:from="NetCashFlowsFromUsedInInvestingActivities" xlink:to="DisposalOfDerivativeFinancialAssetsForHedging-CashFlowsFromUsedInInvestingActivities" xlink:title="calculation: NetCashFlowsFromUsedInInvestingActivities to DisposalOfDerivativeFinancialAssetsForHedging-CashFlowsFromUsedInInvestingActivities" order="12.2" weight="1.0"/>
    <link:loc xlink:type="locator" xlink:href="../tifrs-scf-2014-03-31.xsd#tifrs-SCF_DerecognitionOfDerivativeFinancialLiabilitiesForHedging-CashFlowsFromUsedInInvestingActivities" xlink:label="DerecognitionOfDerivativeFinancialLiabilitiesForHedging-CashFlowsFromUsedInInvestingActivities" xlink:title="DerecognitionOfDerivativeFinancialLiabilitiesForHedging-CashFlowsFromUsedInInvestingActivities"/>
    <link:calculationArc xlink:type="arc" xlink:arcrole="http://www.xbrl.org/2003/arcrole/summation-item" xlink:from="NetCashFlowsFromUsedInInvestingActivities" xlink:to="DerecognitionOfDerivativeFinancialLiabilitiesForHedging-CashFlowsFromUsedInInvestingActivities" xlink:title="calculation: NetCashFlowsFromUsedInInvestingActivities to DerecognitionOfDerivativeFinancialLiabilitiesForHedging-CashFlowsFromUsedInInvestingActivities" order="12.3" weight="1.0"/>
    <link:loc xlink:type="locator" xlink:href="../tifrs-scf-2014-03-31.xsd#tifrs-SCF_AcquisitionOfNoncurrentAssetsClassifiedAsHeldForSale" xlink:label="AcquisitionOfNoncurrentAssetsClassifiedAsHeldForSale" xlink:title="AcquisitionOfNoncurrentAssetsClassifiedAsHeldForSale"/>
    <link:calculationArc xlink:type="arc" xlink:arcrole="http://www.xbrl.org/2003/arcrole/summation-item" xlink:from="NetCashFlowsFromUsedInInvestingActivities" xlink:to="AcquisitionOfNoncurrentAssetsClassifiedAsHeldForSale" xlink:title="calculation: NetCashFlowsFromUsedInInvestingActivities to AcquisitionOfNoncurrentAssetsClassifiedAsHeldForSale" order="19.1" weight="1.0"/>
    <link:loc xlink:type="locator" xlink:href="../tifrs-scf-2014-03-31.xsd#tifrs-SCF_ProceedsFromDisposalOfNoncurrentAssetsClassifiedAsHeldForSale" xlink:label="ProceedsFromDisposalOfNoncurrentAssetsClassifiedAsHeldForSale" xlink:title="ProceedsFromDisposalOfNoncurrentAssetsClassifiedAsHeldForSale"/>
    <link:calculationArc xlink:type="arc" xlink:arcrole="http://www.xbrl.org/2003/arcrole/summation-item" xlink:from="NetCashFlowsFromUsedInInvestingActivities" xlink:to="ProceedsFromDisposalOfNoncurrentAssetsClassifiedAsHeldForSale" xlink:title="calculation: NetCashFlowsFromUsedInInvestingActivities to ProceedsFromDisposalOfNoncurrentAssetsClassifiedAsHeldForSale" order="19.2" weight="1.0"/>
    <link:loc xlink:type="locator" xlink:href="../tifrs-scf-2014-03-31.xsd#tifrs-SCF_AcquisitionOfPropertyPlantAndEquipment" xlink:label="AcquisitionOfPropertyPlantAndEquipment" xlink:title="AcquisitionOfPropertyPlantAndEquipment"/>
    <link:calculationArc xlink:type="arc" xlink:arcrole="http://www.xbrl.org/2003/arcrole/summation-item" xlink:from="NetCashFlowsFromUsedInInvestingActivities" xlink:to="AcquisitionOfPropertyPlantAndEquipment" xlink:title="calculation: NetCashFlowsFromUsedInInvestingActivities to AcquisitionOfPropertyPlantAndEquipment" order="19.3" weight="1.0"/>
    <link:loc xlink:type="locator" xlink:href="../tifrs-scf-2014-03-31.xsd#tifrs-SCF_ProceedsFromDisposalOfPropertyPlantAndEquipment" xlink:label="ProceedsFromDisposalOfPropertyPlantAndEquipment" xlink:title="ProceedsFromDisposalOfPropertyPlantAndEquipment"/>
    <link:calculationArc xlink:type="arc" xlink:arcrole="http://www.xbrl.org/2003/arcrole/summation-item" xlink:from="NetCashFlowsFromUsedInInvestingActivities" xlink:to="ProceedsFromDisposalOfPropertyPlantAndEquipment" xlink:title="calculation: NetCashFlowsFromUsedInInvestingActivities to ProceedsFromDisposalOfPropertyPlantAndEquipment" order="19.4" weight="1.0"/>
    <link:loc xlink:type="locator" xlink:href="../tifrs-scf-2014-03-31.xsd#tifrs-SCF_IncreaseInTrustEnterpriseCompensationReserve" xlink:label="IncreaseInTrustEnterpriseCompensationReserve" xlink:title="IncreaseInTrustEnterpriseCompensationReserve"/>
    <link:calculationArc xlink:type="arc" xlink:arcrole="http://www.xbrl.org/2003/arcrole/summation-item" xlink:from="NetCashFlowsFromUsedInInvestingActivities" xlink:to="IncreaseInTrustEnterpriseCompensationReserve" xlink:title="calculation: NetCashFlowsFromUsedInInvestingActivities to IncreaseInTrustEnterpriseCompensationReserve" order="21.1" weight="1.0"/>
    <link:loc xlink:type="locator" xlink:href="../tifrs-scf-2014-03-31.xsd#tifrs-SCF_DecreaseInTrustEnterpriseCompensationReserve" xlink:label="DecreaseInTrustEnterpriseCompensationReserve" xlink:title="DecreaseInTrustEnterpriseCompensationReserve"/>
    <link:calculationArc xlink:type="arc" xlink:arcrole="http://www.xbrl.org/2003/arcrole/summation-item" xlink:from="NetCashFlowsFromUsedInInvestingActivities" xlink:to="DecreaseInTrustEnterpriseCompensationReserve" xlink:title="calculation: NetCashFlowsFromUsedInInvestingActivities to DecreaseInTrustEnterpriseCompensationReserve" order="21.2" weight="1.0"/>
    <link:loc xlink:type="locator" xlink:href="../tifrs-scf-2014-03-31.xsd#tifrs-SCF_IncreaseInOperationGuarantee" xlink:label="IncreaseInOperationGuarantee" xlink:title="IncreaseInOperationGuarantee"/>
    <link:calculationArc xlink:type="arc" xlink:arcrole="http://www.xbrl.org/2003/arcrole/summation-item" xlink:from="NetCashFlowsFromUsedInInvestingActivities" xlink:to="IncreaseInOperationGuarantee" xlink:title="calculation: NetCashFlowsFromUsedInInvestingActivities to IncreaseInOperationGuarantee" order="21.3" weight="1.0"/>
    <link:loc xlink:type="locator" xlink:href="../tifrs-scf-2014-03-31.xsd#tifrs-SCF_IncreaseInDepositsSettlementFund" xlink:label="IncreaseInDepositsSettlementFund" xlink:title="IncreaseInDepositsSettlementFund"/>
    <link:calculationArc xlink:type="arc" xlink:arcrole="http://www.xbrl.org/2003/arcrole/summation-item" xlink:from="NetCashFlowsFromUsedInInvestingActivities" xlink:to="IncreaseInDepositsSettlementFund" xlink:title="calculation: NetCashFlowsFromUsedInInvestingActivities to IncreaseInDepositsSettlementFund" order="21.5" weight="1.0"/>
    <link:loc xlink:type="locator" xlink:href="../tifrs-scf-2014-03-31.xsd#tifrs-SCF_DecreaseInDepositsSettlementFund" xlink:label="DecreaseInDepositsSettlementFund" xlink:title="DecreaseInDepositsSettlementFund"/>
    <link:calculationArc xlink:type="arc" xlink:arcrole="http://www.xbrl.org/2003/arcrole/summation-item" xlink:from="NetCashFlowsFromUsedInInvestingActivities" xlink:to="DecreaseInDepositsSettlementFund" xlink:title="calculation: NetCashFlowsFromUsedInInvestingActivities to DecreaseInDepositsSettlementFund" order="21.6" weight="1.0"/>
    <link:loc xlink:type="locator" xlink:href="../tifrs-scf-2014-03-31.xsd#tifrs-SCF_ProceedFromDisposalOfForeclosedCollateral" xlink:label="ProceedFromDisposalOfForeclosedCollateral" xlink:title="ProceedFromDisposalOfForeclosedCollateral"/>
    <link:calculationArc xlink:type="arc" xlink:arcrole="http://www.xbrl.org/2003/arcrole/summation-item" xlink:from="NetCashFlowsFromUsedInInvestingActivities" xlink:to="ProceedFromDisposalOfForeclosedCollateral" xlink:title="calculation: NetCashFlowsFromUsedInInvestingActivities to ProceedFromDisposalOfForeclosedCollateral" order="29.1" weight="1.0"/>
    <link:loc xlink:type="locator" xlink:href="../tifrs-scf-2014-03-31.xsd#tifrs-SCF_PurchaseOfForeclosedCollateral" xlink:label="PurchaseOfForeclosedCollateral" xlink:title="PurchaseOfForeclosedCollateral"/>
    <link:calculationArc xlink:type="arc" xlink:arcrole="http://www.xbrl.org/2003/arcrole/summation-item" xlink:from="NetCashFlowsFromUsedInInvestingActivities" xlink:to="PurchaseOfForeclosedCollateral" xlink:title="calculation: NetCashFlowsFromUsedInInvestingActivities to PurchaseOfForeclosedCollateral" order="29.2" weight="1.0"/>
    <link:loc xlink:type="locator" xlink:href="../tifrs-scf-2014-03-31.xsd#tifrs-SCF_IncreaseInSecuritiesPurchasedUnderResellAgreements" xlink:label="IncreaseInSecuritiesPurchasedUnderResellAgreements" xlink:title="IncreaseInSecuritiesPurchasedUnderResellAgreements"/>
    <link:calculationArc xlink:type="arc" xlink:arcrole="http://www.xbrl.org/2003/arcrole/summation-item" xlink:from="NetCashFlowsFromUsedInInvestingActivities" xlink:to="IncreaseInSecuritiesPurchasedUnderResellAgreements" xlink:title="calculation: NetCashFlowsFromUsedInInvestingActivities to IncreaseInSecuritiesPurchasedUnderResellAgreements" order="34.1" weight="1.0"/>
    <link:loc xlink:type="locator" xlink:href="../tifrs-scf-2014-03-31.xsd#tifrs-SCF_DecreaseInSecuritiesPurchasedUnderResellAgreements" xlink:label="DecreaseInSecuritiesPurchasedUnderResellAgreements" xlink:title="DecreaseInSecuritiesPurchasedUnderResellAgreements"/>
    <link:calculationArc xlink:type="arc" xlink:arcrole="http://www.xbrl.org/2003/arcrole/summation-item" xlink:from="NetCashFlowsFromUsedInInvestingActivities" xlink:to="DecreaseInSecuritiesPurchasedUnderResellAgreements" xlink:title="calculation: NetCashFlowsFromUsedInInvestingActivities to DecreaseInSecuritiesPurchasedUnderResellAgreements" order="34.2" weight="1.0"/>
    <link:loc xlink:type="locator" xlink:href="../tifrs-scf-2014-03-31.xsd#tifrs-SCF_IncreaseInReceivables" xlink:label="IncreaseInReceivables" xlink:title="IncreaseInReceivables"/>
    <link:calculationArc xlink:type="arc" xlink:arcrole="http://www.xbrl.org/2003/arcrole/summation-item" xlink:from="NetCashFlowsFromUsedInInvestingActivities" xlink:to="IncreaseInReceivables" xlink:title="calculation: NetCashFlowsFromUsedInInvestingActivities to IncreaseInReceivables" order="34.3" weight="1.0"/>
    <link:loc xlink:type="locator" xlink:href="../tifrs-scf-2014-03-31.xsd#tifrs-SCF_DecreaseInReceivables" xlink:label="DecreaseInReceivables" xlink:title="DecreaseInReceivables"/>
    <link:calculationArc xlink:type="arc" xlink:arcrole="http://www.xbrl.org/2003/arcrole/summation-item" xlink:from="NetCashFlowsFromUsedInInvestingActivities" xlink:to="DecreaseInReceivables" xlink:title="calculation: NetCashFlowsFromUsedInInvestingActivities to DecreaseInReceivables" order="34.4" weight="1.0"/>
    <link:loc xlink:type="locator" xlink:href="../tifrs-scf-2014-03-31.xsd#tifrs-SCF_IncreaseInLongTermLeaseAndInstallmentReceivables" xlink:label="IncreaseInLongTermLeaseAndInstallmentReceivables" xlink:title="IncreaseInLongTermLeaseAndInstallmentReceivables"/>
    <link:calculationArc xlink:type="arc" xlink:arcrole="http://www.xbrl.org/2003/arcrole/summation-item" xlink:from="NetCashFlowsFromUsedInInvestingActivities" xlink:to="IncreaseInLongTermLeaseAndInstallmentReceivables" xlink:title="calculation: NetCashFlowsFromUsedInInvestingActivities to IncreaseInLongTermLeaseAndInstallmentReceivables" order="34.5" weight="1.0"/>
    <link:loc xlink:type="locator" xlink:href="../tifrs-scf-2014-03-31.xsd#tifrs-SCF_DecreaseInLongTermLeaseAndInstallmentReceivables" xlink:label="DecreaseInLongTermLeaseAndInstallmentReceivables" xlink:title="DecreaseInLongTermLeaseAndInstallmentReceivables"/>
    <link:calculationArc xlink:type="arc" xlink:arcrole="http://www.xbrl.org/2003/arcrole/summation-item" xlink:from="NetCashFlowsFromUsedInInvestingActivities" xlink:to="DecreaseInLongTermLeaseAndInstallmentReceivables" xlink:title="calculation: NetCashFlowsFromUsedInInvestingActivities to DecreaseInLongTermLeaseAndInstallmentReceivables" order="34.6" weight="1.0"/>
    <link:loc xlink:type="locator" xlink:href="../tifrs-scf-2014-03-31.xsd#tifrs-SCF_CompensationOnDisposalOfNonperformingLoans" xlink:label="CompensationOnDisposalOfNonperformingLoans" xlink:title="CompensationOnDisposalOfNonperformingLoans"/>
    <link:calculationArc xlink:type="arc" xlink:arcrole="http://www.xbrl.org/2003/arcrole/summation-item" xlink:from="NetCashFlowsFromUsedInInvestingActivities" xlink:to="CompensationOnDisposalOfNonperformingLoans" xlink:title="calculation: NetCashFlowsFromUsedInInvestingActivities to CompensationOnDisposalOfNonperformingLoans" order="34.7" weight="1.0"/>
    <link:loc xlink:type="locator" xlink:href="../tifrs-scf-2014-03-31.xsd#tifrs-SCF_ProceedsFromDisposalOfNonperformingLoan" xlink:label="ProceedsFromDisposalOfNonperformingLoan" xlink:title="ProceedsFromDisposalOfNonperformingLoan"/>
    <link:calculationArc xlink:type="arc" xlink:arcrole="http://www.xbrl.org/2003/arcrole/summation-item" xlink:from="NetCashFlowsFromUsedInInvestingActivities" xlink:to="ProceedsFromDisposalOfNonperformingLoan" xlink:title="calculation: NetCashFlowsFromUsedInInvestingActivities to ProceedsFromDisposalOfNonperformingLoan" order="34.8" weight="1.0"/>
    <link:loc xlink:type="locator" xlink:href="../tifrs-scf-2014-03-31.xsd#tifrs-SCF_BuybackOfNonperformingLoan" xlink:label="BuybackOfNonperformingLoan" xlink:title="BuybackOfNonperformingLoan"/>
    <link:calculationArc xlink:type="arc" xlink:arcrole="http://www.xbrl.org/2003/arcrole/summation-item" xlink:from="NetCashFlowsFromUsedInInvestingActivities" xlink:to="BuybackOfNonperformingLoan" xlink:title="calculation: NetCashFlowsFromUsedInInvestingActivities to BuybackOfNonperformingLoan" order="34.9" weight="1.0"/>
    <link:loc xlink:type="locator" xlink:href="../tifrs-scf-2014-03-31.xsd#tifrs-SCF_IncreaseInOtherAssets" xlink:label="IncreaseInOtherAssets" xlink:title="IncreaseInOtherAssets"/>
    <link:calculationArc xlink:type="arc" xlink:arcrole="http://www.xbrl.org/2003/arcrole/summation-item" xlink:from="NetCashFlowsFromUsedInInvestingActivities" xlink:to="IncreaseInOtherAssets" xlink:title="calculation: NetCashFlowsFromUsedInInvestingActivities to IncreaseInOtherAssets" order="38.1" weight="1.0"/>
    <link:loc xlink:type="locator" xlink:href="../tifrs-scf-2014-03-31.xsd#tifrs-SCF_DecreaseInOtherAssets" xlink:label="DecreaseInOtherAssets" xlink:title="DecreaseInOtherAssets"/>
    <link:calculationArc xlink:type="arc" xlink:arcrole="http://www.xbrl.org/2003/arcrole/summation-item" xlink:from="NetCashFlowsFromUsedInInvestingActivities" xlink:to="DecreaseInOtherAssets" xlink:title="calculation: NetCashFlowsFromUsedInInvestingActivities to DecreaseInOtherAssets" order="38.2" weight="1.0"/>
    <link:loc xlink:type="locator" xlink:href="../tifrs-scf-2014-03-31.xsd#tifrs-SCF_IncreaseInPrepaymentsForBusinessFacilities" xlink:label="IncreaseInPrepaymentsForBusinessFacilities" xlink:title="IncreaseInPrepaymentsForBusinessFacilities"/>
    <link:calculationArc xlink:type="arc" xlink:arcrole="http://www.xbrl.org/2003/arcrole/summation-item" xlink:from="NetCashFlowsFromUsedInInvestingActivities" xlink:to="IncreaseInPrepaymentsForBusinessFacilities" xlink:title="calculation: NetCashFlowsFromUsedInInvestingActivities to IncreaseInPrepaymentsForBusinessFacilities" order="38.3" weight="1.0"/>
    <link:loc xlink:type="locator" xlink:href="../tifrs-scf-2014-03-31.xsd#tifrs-SCF_DecreaseInPrepaymentsForBusinessFacilities" xlink:label="DecreaseInPrepaymentsForBusinessFacilities" xlink:title="DecreaseInPrepaymentsForBusinessFacilities"/>
    <link:calculationArc xlink:type="arc" xlink:arcrole="http://www.xbrl.org/2003/arcrole/summation-item" xlink:from="NetCashFlowsFromUsedInInvestingActivities" xlink:to="DecreaseInPrepaymentsForBusinessFacilities" xlink:title="calculation: NetCashFlowsFromUsedInInvestingActivities to DecreaseInPrepaymentsForBusinessFacilities" order="38.4" weight="1.0"/>
    <link:loc xlink:type="locator" xlink:href="../tifrs-scf-2014-03-31.xsd#tifrs-SCF_IncreaseInOtherPrepayments" xlink:label="IncreaseInOtherPrepayments" xlink:title="IncreaseInOtherPrepayments"/>
    <link:calculationArc xlink:type="arc" xlink:arcrole="http://www.xbrl.org/2003/arcrole/summation-item" xlink:from="NetCashFlowsFromUsedInInvestingActivities" xlink:to="IncreaseInOtherPrepayments" xlink:title="calculation: NetCashFlowsFromUsedInInvestingActivities to IncreaseInOtherPrepayments" order="38.5" weight="1.0"/>
    <link:loc xlink:type="locator" xlink:href="../tifrs-scf-2014-03-31.xsd#tifrs-SCF_DecreaseInOtherPrepayments" xlink:label="DecreaseInOtherPrepayments" xlink:title="DecreaseInOtherPrepayments"/>
    <link:calculationArc xlink:type="arc" xlink:arcrole="http://www.xbrl.org/2003/arcrole/summation-item" xlink:from="NetCashFlowsFromUsedInInvestingActivities" xlink:to="DecreaseInOtherPrepayments" xlink:title="calculation: NetCashFlowsFromUsedInInvestingActivities to DecreaseInOtherPrepayments" order="38.6" weight="1.0"/>
    <link:loc xlink:type="locator" xlink:href="../tifrs-scf-2014-03-31.xsd#tifrs-SCF_DecreaseInOperationGuarantee" xlink:label="DecreaseInOperationGuarantee" xlink:title="DecreaseInOperationGuarantee"/>
    <link:calculationArc xlink:type="arc" xlink:arcrole="http://www.xbrl.org/2003/arcrole/summation-item" xlink:from="NetCashFlowsFromUsedInInvestingActivities" xlink:to="DecreaseInOperationGuarantee" xlink:title="calculation: NetCashFlowsFromUsedInInvestingActivities to DecreaseInOperationGuarantee" order="21.4" weight="1.0"/>
    <link:loc xlink:type="locator" xlink:href="../tifrs-scf-2014-03-31.xsd#tifrs-SCF_CashFlowsFromUsedInFinancingActivities" xlink:label="CashFlowsFromUsedInFinancingActivities" xlink:title="CashFlowsFromUsedInFinancingActivities"/>
    <link:loc xlink:type="locator" xlink:href="../tifrs-scf-2014-03-31.xsd#tifrs-SCF_DecreaseInDueToTheCentralBankAndBanks" xlink:label="DecreaseInDueToTheCentralBankAndBanks" xlink:title="DecreaseInDueToTheCentralBankAndBanks"/>
    <link:calculationArc xlink:type="arc" xlink:arcrole="http://www.xbrl.org/2003/arcrole/summation-item" xlink:from="CashFlowsFromUsedInFinancingActivities" xlink:to="DecreaseInDueToTheCentralBankAndBanks" xlink:title="calculation: CashFlowsFromUsedInFinancingActivities to DecreaseInDueToTheCentralBankAndBanks" order="2.2" weight="1.0"/>
    <link:loc xlink:type="locator" xlink:href="../tifrs-scf-2014-03-31.xsd#tifrs-SCF_IncreaseInShortTermNotesAndBillsPayable" xlink:label="IncreaseInShortTermNotesAndBillsPayable" xlink:title="IncreaseInShortTermNotesAndBillsPayable"/>
    <link:calculationArc xlink:type="arc" xlink:arcrole="http://www.xbrl.org/2003/arcrole/summation-item" xlink:from="CashFlowsFromUsedInFinancingActivities" xlink:to="IncreaseInShortTermNotesAndBillsPayable" xlink:title="calculation: CashFlowsFromUsedInFinancingActivities to IncreaseInShortTermNotesAndBillsPayable" order="2.3" weight="1.0"/>
    <link:loc xlink:type="locator" xlink:href="../tifrs-scf-2014-03-31.xsd#tifrs-SCF_DecreaseInShortTermNotesAndBillsPayable" xlink:label="DecreaseInShortTermNotesAndBillsPayable" xlink:title="DecreaseInShortTermNotesAndBillsPayable"/>
    <link:calculationArc xlink:type="arc" xlink:arcrole="http://www.xbrl.org/2003/arcrole/summation-item" xlink:from="CashFlowsFromUsedInFinancingActivities" xlink:to="DecreaseInShortTermNotesAndBillsPayable" xlink:title="calculation: CashFlowsFromUsedInFinancingActivities to DecreaseInShortTermNotesAndBillsPayable" order="2.4" weight="1.0"/>
    <link:loc xlink:type="locator" xlink:href="../tifrs-scf-2014-03-31.xsd#tifrs-SCF_IncreaseInCommercialPapersPayable" xlink:label="IncreaseInCommercialPapersPayable" xlink:title="IncreaseInCommercialPapersPayable"/>
    <link:calculationArc xlink:type="arc" xlink:arcrole="http://www.xbrl.org/2003/arcrole/summation-item" xlink:from="CashFlowsFromUsedInFinancingActivities" xlink:to="IncreaseInCommercialPapersPayable" xlink:title="calculation: CashFlowsFromUsedInFinancingActivities to IncreaseInCommercialPapersPayable" order="2.5" weight="1.0"/>
    <link:loc xlink:type="locator" xlink:href="../tifrs-scf-2014-03-31.xsd#tifrs-SCF_DecreaseInCommercialPapersPayable" xlink:label="DecreaseInCommercialPapersPayable" xlink:title="DecreaseInCommercialPapersPayable"/>
    <link:calculationArc xlink:type="arc" xlink:arcrole="http://www.xbrl.org/2003/arcrole/summation-item" xlink:from="CashFlowsFromUsedInFinancingActivities" xlink:to="DecreaseInCommercialPapersPayable" xlink:title="calculation: CashFlowsFromUsedInFinancingActivities to DecreaseInCommercialPapersPayable" order="2.6" weight="1.0"/>
    <link:loc xlink:type="locator" xlink:href="../tifrs-scf-2014-03-31.xsd#tifrs-SCF_AcquisitionOfDerivativeFinancialAssetsForHedging-CashFlowsFromUsedInFinancingActivities" xlink:label="AcquisitionOfDerivativeFinancialAssetsForHedging-CashFlowsFromUsedInFinancingActivities" xlink:title="AcquisitionOfDerivativeFinancialAssetsForHedging-CashFlowsFromUsedInFinancingActivities"/>
    <link:calculationArc xlink:type="arc" xlink:arcrole="http://www.xbrl.org/2003/arcrole/summation-item" xlink:from="CashFlowsFromUsedInFinancingActivities" xlink:to="AcquisitionOfDerivativeFinancialAssetsForHedging-CashFlowsFromUsedInFinancingActivities" xlink:title="calculation: CashFlowsFromUsedInFinancingActivities to AcquisitionOfDerivativeFinancialAssetsForHedging-CashFlowsFromUsedInFinancingActivities" order="2.7" weight="1.0"/>
    <link:loc xlink:type="locator" xlink:href="../tifrs-scf-2014-03-31.xsd#tifrs-SCF_ProceedsFromDisposalOfDerivativeFinancialAssetsForHedging-CashFlowsFromUsedInFinancingActivities" xlink:label="ProceedsFromDisposalOfDerivativeFinancialAssetsForHedging-CashFlowsFromUsedInFinancingActivities" xlink:title="ProceedsFromDisposalOfDerivativeFinancialAssetsForHedging-CashFlowsFromUsedInFinancingActivities"/>
    <link:calculationArc xlink:type="arc" xlink:arcrole="http://www.xbrl.org/2003/arcrole/summation-item" xlink:from="CashFlowsFromUsedInFinancingActivities" xlink:to="ProceedsFromDisposalOfDerivativeFinancialAssetsForHedging-CashFlowsFromUsedInFinancingActivities" xlink:title="calculation: CashFlowsFromUsedInFinancingActivities to ProceedsFromDisposalOfDerivativeFinancialAssetsForHedging-CashFlowsFromUsedInFinancingActivities" order="2.8" weight="1.0"/>
    <link:loc xlink:type="locator" xlink:href="../tifrs-scf-2014-03-31.xsd#tifrs-SCF_DerecognitionOfDerivativeFinancialLiabilitiesForHedging-CashFlowsFromUsedInFinancingActivities" xlink:label="DerecognitionOfDerivativeFinancialLiabilitiesForHedging-CashFlowsFromUsedInFinancingActivities" xlink:title="DerecognitionOfDerivativeFinancialLiabilitiesForHedging-CashFlowsFromUsedInFinancingActivities"/>
    <link:calculationArc xlink:type="arc" xlink:arcrole="http://www.xbrl.org/2003/arcrole/summation-item" xlink:from="CashFlowsFromUsedInFinancingActivities" xlink:to="DerecognitionOfDerivativeFinancialLiabilitiesForHedging-CashFlowsFromUsedInFinancingActivities" xlink:title="calculation: CashFlowsFromUsedInFinancingActivities to DerecognitionOfDerivativeFinancialLiabilitiesForHedging-CashFlowsFromUsedInFinancingActivities" order="2.9" weight="1.0"/>
    <link:loc xlink:type="locator" xlink:href="../tifrs-scf-2014-03-31.xsd#tifrs-SCF_IncreaseInDueToTheCentralBankAndBanks" xlink:label="IncreaseInDueToTheCentralBankAndBanks" xlink:title="IncreaseInDueToTheCentralBankAndBanks"/>
    <link:calculationArc xlink:type="arc" xlink:arcrole="http://www.xbrl.org/2003/arcrole/summation-item" xlink:from="CashFlowsFromUsedInFinancingActivities" xlink:to="IncreaseInDueToTheCentralBankAndBanks" xlink:title="calculation: CashFlowsFromUsedInFinancingActivities to IncreaseInDueToTheCentralBankAndBanks" order="2.1" weight="1.0"/>
    <link:loc xlink:type="locator" xlink:href="../tifrs-scf-2014-03-31.xsd#tifrs-SCF_ProceedsFromIssuingBankNotesPayable" xlink:label="ProceedsFromIssuingBankNotesPayable" xlink:title="ProceedsFromIssuingBankNotesPayable"/>
    <link:calculationArc xlink:type="arc" xlink:arcrole="http://www.xbrl.org/2003/arcrole/summation-item" xlink:from="CashFlowsFromUsedInFinancingActivities" xlink:to="ProceedsFromIssuingBankNotesPayable" xlink:title="calculation: CashFlowsFromUsedInFinancingActivities to ProceedsFromIssuingBankNotesPayable" order="4.1" weight="1.0"/>
    <link:loc xlink:type="locator" xlink:href="../tifrs-scf-2014-03-31.xsd#tifrs-SCF_RepaymentsOfBankNotesPayable" xlink:label="RepaymentsOfBankNotesPayable" xlink:title="RepaymentsOfBankNotesPayable"/>
    <link:calculationArc xlink:type="arc" xlink:arcrole="http://www.xbrl.org/2003/arcrole/summation-item" xlink:from="CashFlowsFromUsedInFinancingActivities" xlink:to="RepaymentsOfBankNotesPayable" xlink:title="calculation: CashFlowsFromUsedInFinancingActivities to RepaymentsOfBankNotesPayable" order="4.2" weight="1.0"/>
    <link:loc xlink:type="locator" xlink:href="../tifrs-scf-2014-03-31.xsd#tifrs-SCF_ProceedsFromLongTermDebt" xlink:label="ProceedsFromLongTermDebt" xlink:title="ProceedsFromLongTermDebt"/>
    <link:calculationArc xlink:type="arc" xlink:arcrole="http://www.xbrl.org/2003/arcrole/summation-item" xlink:from="CashFlowsFromUsedInFinancingActivities" xlink:to="ProceedsFromLongTermDebt" xlink:title="calculation: CashFlowsFromUsedInFinancingActivities to ProceedsFromLongTermDebt" order="4.3" weight="1.0"/>
    <link:loc xlink:type="locator" xlink:href="../tifrs-scf-2014-03-31.xsd#tifrs-SCF_RepaymentsOfLongTermDebt" xlink:label="RepaymentsOfLongTermDebt" xlink:title="RepaymentsOfLongTermDebt"/>
    <link:calculationArc xlink:type="arc" xlink:arcrole="http://www.xbrl.org/2003/arcrole/summation-item" xlink:from="CashFlowsFromUsedInFinancingActivities" xlink:to="RepaymentsOfLongTermDebt" xlink:title="calculation: CashFlowsFromUsedInFinancingActivities to RepaymentsOfLongTermDebt" order="4.4" weight="1.0"/>
    <link:loc xlink:type="locator" xlink:href="../tifrs-scf-2014-03-31.xsd#tifrs-SCF_IncreaseInOtherBorrowings" xlink:label="IncreaseInOtherBorrowings" xlink:title="IncreaseInOtherBorrowings"/>
    <link:calculationArc xlink:type="arc" xlink:arcrole="http://www.xbrl.org/2003/arcrole/summation-item" xlink:from="CashFlowsFromUsedInFinancingActivities" xlink:to="IncreaseInOtherBorrowings" xlink:title="calculation: CashFlowsFromUsedInFinancingActivities to IncreaseInOtherBorrowings" order="4.5" weight="1.0"/>
    <link:loc xlink:type="locator" xlink:href="../tifrs-scf-2014-03-31.xsd#tifrs-SCF_DecreaseInOtherBorrowings" xlink:label="DecreaseInOtherBorrowings" xlink:title="DecreaseInOtherBorrowings"/>
    <link:calculationArc xlink:type="arc" xlink:arcrole="http://www.xbrl.org/2003/arcrole/summation-item" xlink:from="CashFlowsFromUsedInFinancingActivities" xlink:to="DecreaseInOtherBorrowings" xlink:title="calculation: CashFlowsFromUsedInFinancingActivities to DecreaseInOtherBorrowings" order="4.6" weight="1.0"/>
    <link:loc xlink:type="locator" xlink:href="../tifrs-scf-2014-03-31.xsd#tifrs-SCF_IncreaseInNotesAndBondsIssuedUnderRepurchaseAgreement" xlink:label="IncreaseInNotesAndBondsIssuedUnderRepurchaseAgreement" xlink:title="IncreaseInNotesAndBondsIssuedUnderRepurchaseAgreement"/>
    <link:calculationArc xlink:type="arc" xlink:arcrole="http://www.xbrl.org/2003/arcrole/summation-item" xlink:from="CashFlowsFromUsedInFinancingActivities" xlink:to="IncreaseInNotesAndBondsIssuedUnderRepurchaseAgreement" xlink:title="calculation: CashFlowsFromUsedInFinancingActivities to IncreaseInNotesAndBondsIssuedUnderRepurchaseAgreement" order="4.7" weight="1.0"/>
    <link:loc xlink:type="locator" xlink:href="../tifrs-scf-2014-03-31.xsd#tifrs-SCF_DecreaseInNotesAndBondsIssuedUnderRepurchaseAgreement" xlink:label="DecreaseInNotesAndBondsIssuedUnderRepurchaseAgreement" xlink:title="DecreaseInNotesAndBondsIssuedUnderRepurchaseAgreement"/>
    <link:calculationArc xlink:type="arc" xlink:arcrole="http://www.xbrl.org/2003/arcrole/summation-item" xlink:from="CashFlowsFromUsedInFinancingActivities" xlink:to="DecreaseInNotesAndBondsIssuedUnderRepurchaseAgreement" xlink:title="calculation: CashFlowsFromUsedInFinancingActivities to DecreaseInNotesAndBondsIssuedUnderRepurchaseAgreement" order="4.8" weight="1.0"/>
    <link:loc xlink:type="locator" xlink:href="../tifrs-scf-2014-03-31.xsd#tifrs-SCF_IncreaseInFinancialLiabilitiesAtFairValueThroughProfitOrLossDesignatedAsUponInitialRecognition" xlink:label="IncreaseInFinancialLiabilitiesAtFairValueThroughProfitOrLossDesignatedAsUponInitialRecognition" xlink:title="IncreaseInFinancialLiabilitiesAtFairValueThroughProfitOrLossDesignatedAsUponInitialRecognition"/>
    <link:calculationArc xlink:type="arc" xlink:arcrole="http://www.xbrl.org/2003/arcrole/summation-item" xlink:from="CashFlowsFromUsedInFinancingActivities" xlink:to="IncreaseInFinancialLiabilitiesAtFairValueThroughProfitOrLossDesignatedAsUponInitialRecognition" xlink:title="calculation: CashFlowsFromUsedInFinancingActivities to IncreaseInFinancialLiabilitiesAtFairValueThroughProfitOrLossDesignatedAsUponInitialRecognition" order="4.9" weight="1.0"/>
    <link:loc xlink:type="locator" xlink:href="../tifrs-scf-2014-03-31.xsd#tifrs-SCF_IncreaseInPayables" xlink:label="IncreaseInPayables" xlink:title="IncreaseInPayables"/>
    <link:calculationArc xlink:type="arc" xlink:arcrole="http://www.xbrl.org/2003/arcrole/summation-item" xlink:from="CashFlowsFromUsedInFinancingActivities" xlink:to="IncreaseInPayables" xlink:title="calculation: CashFlowsFromUsedInFinancingActivities to IncreaseInPayables" order="11.1" weight="1.0"/>
    <link:loc xlink:type="locator" xlink:href="../tifrs-scf-2014-03-31.xsd#tifrs-SCF_DecreaseInPayables" xlink:label="DecreaseInPayables" xlink:title="DecreaseInPayables"/>
    <link:calculationArc xlink:type="arc" xlink:arcrole="http://www.xbrl.org/2003/arcrole/summation-item" xlink:from="CashFlowsFromUsedInFinancingActivities" xlink:to="DecreaseInPayables" xlink:title="calculation: CashFlowsFromUsedInFinancingActivities to DecreaseInPayables" order="11.2" weight="1.0"/>
    <link:loc xlink:type="locator" xlink:href="../tifrs-scf-2014-03-31.xsd#tifrs-SCF_IncreaseInLeasePayable" xlink:label="IncreaseInLeasePayable" xlink:title="IncreaseInLeasePayable"/>
    <link:calculationArc xlink:type="arc" xlink:arcrole="http://www.xbrl.org/2003/arcrole/summation-item" xlink:from="CashFlowsFromUsedInFinancingActivities" xlink:to="IncreaseInLeasePayable" xlink:title="calculation: CashFlowsFromUsedInFinancingActivities to IncreaseInLeasePayable" order="13.1" weight="1.0"/>
    <link:loc xlink:type="locator" xlink:href="../tifrs-scf-2014-03-31.xsd#tifrs-SCF_DecreaseInLeasePayable" xlink:label="DecreaseInLeasePayable" xlink:title="DecreaseInLeasePayable"/>
    <link:calculationArc xlink:type="arc" xlink:arcrole="http://www.xbrl.org/2003/arcrole/summation-item" xlink:from="CashFlowsFromUsedInFinancingActivities" xlink:to="DecreaseInLeasePayable" xlink:title="calculation: CashFlowsFromUsedInFinancingActivities to DecreaseInLeasePayable" order="13.2" weight="1.0"/>
    <link:loc xlink:type="locator" xlink:href="../tifrs-scf-2014-03-31.xsd#tifrs-SCF_IncreaseInOtherLiabilities" xlink:label="IncreaseInOtherLiabilities" xlink:title="IncreaseInOtherLiabilities"/>
    <link:calculationArc xlink:type="arc" xlink:arcrole="http://www.xbrl.org/2003/arcrole/summation-item" xlink:from="CashFlowsFromUsedInFinancingActivities" xlink:to="IncreaseInOtherLiabilities" xlink:title="calculation: CashFlowsFromUsedInFinancingActivities to IncreaseInOtherLiabilities" order="15.1" weight="1.0"/>
    <link:loc xlink:type="locator" xlink:href="../tifrs-scf-2014-03-31.xsd#tifrs-SCF_DecreaseInOtherLiabilities" xlink:label="DecreaseInOtherLiabilities" xlink:title="DecreaseInOtherLiabilities"/>
    <link:calculationArc xlink:type="arc" xlink:arcrole="http://www.xbrl.org/2003/arcrole/summation-item" xlink:from="CashFlowsFromUsedInFinancingActivities" xlink:to="DecreaseInOtherLiabilities" xlink:title="calculation: CashFlowsFromUsedInFinancingActivities to DecreaseInOtherLiabilities" order="15.2" weight="1.0"/>
    <link:loc xlink:type="locator" xlink:href="../tifrs-scf-2014-03-31.xsd#tifrs-SCF_ChangeInNoncontrollingInterests" xlink:label="ChangeInNoncontrollingInterests" xlink:title="ChangeInNoncontrollingInterests"/>
    <link:calculationArc xlink:type="arc" xlink:arcrole="http://www.xbrl.org/2003/arcrole/summation-item" xlink:from="CashFlowsFromUsedInFinancingActivities" xlink:to="ChangeInNoncontrollingInterests" xlink:title="calculation: CashFlowsFromUsedInFinancingActivities to ChangeInNoncontrollingInterests" order="28.1" weight="1.0"/>
    <link:loc xlink:type="locator" xlink:href="../../ifrs_20100430/ifrs-cor_2010-04-30.xsd#ifrs_InterestPaidClassifiedAsFinancingActivities" xlink:label="InterestPaidClassifiedAsFinancingActivities" xlink:title="InterestPaidClassifiedAsFinancingActivities"/>
    <link:calculationArc xlink:type="arc" xlink:arcrole="http://www.xbrl.org/2003/arcrole/summation-item" xlink:from="CashFlowsFromUsedInFinancingActivities" xlink:to="InterestPaidClassifiedAsFinancingActivities" xlink:title="calculation: CashFlowsFromUsedInFinancingActivities to InterestPaidClassifiedAsFinancingActivities" order="27.1" weight="1.0"/>
    <link:loc xlink:type="locator" xlink:href="../tifrs-scf-2014-03-31.xsd#tifrs-SCF_DecreaseInFinancialLiabilitiesAtFairValueThroughProfitOrLossDesignatedAsUponInitialRecognition" xlink:label="DecreaseInFinancialLiabilitiesAtFairValueThroughProfitOrLossDesignatedAsUponInitialRecognition" xlink:title="DecreaseInFinancialLiabilitiesAtFairValueThroughProfitOrLossDesignatedAsUponInitialRecognition"/>
    <link:calculationArc xlink:type="arc" xlink:arcrole="http://www.xbrl.org/2003/arcrole/summation-item" xlink:from="CashFlowsFromUsedInFinancingActivities" xlink:to="DecreaseInFinancialLiabilitiesAtFairValueThroughProfitOrLossDesignatedAsUponInitialRecognition" xlink:title="calculation: CashFlowsFromUsedInFinancingActivities to DecreaseInFinancialLiabilitiesAtFairValueThroughProfitOrLossDesignatedAsUponInitialRecognition" order="4.91" weight="1.0"/>
    <link:loc xlink:type="locator" xlink:href="../tifrs-scf-2014-03-31.xsd#tifrs-SCF_CashAndCashEquivalentsAtEndOfPeriod" xlink:label="CashAndCashEquivalentsAtEndOfPeriod" xlink:title="CashAndCashEquivalentsAtEndOfPeriod"/>
    <link:loc xlink:type="locator" xlink:href="../tifrs-scf-2014-03-31.xsd#tifrs-SCF_DueFromTheCentralBankAndCallLoansToBanksQualifyingForCashAndCashEquivalentsUnderTheDefinitionOfIAS7" xlink:label="DueFromTheCentralBankAndCallLoansToBanksQualifyingForCashAndCashEquivalentsUnderTheDefinitionOfIAS7" xlink:title="DueFromTheCentralBankAndCallLoansToBanksQualifyingForCashAndCashEquivalentsUnderTheDefinitionOfIAS7"/>
    <link:calculationArc xlink:type="arc" xlink:arcrole="http://www.xbrl.org/2003/arcrole/summation-item" xlink:from="CashAndCashEquivalentsAtEndOfPeriod" xlink:to="DueFromTheCentralBankAndCallLoansToBanksQualifyingForCashAndCashEquivalentsUnderTheDefinitionOfIAS7" xlink:title="calculation: CashAndCashEquivalentsAtEndOfPeriod to DueFromTheCentralBankAndCallLoansToBanksQualifyingForCashAndCashEquivalentsUnderTheDefinitionOfIAS7" order="1.1" weight="1.0"/>
    <link:loc xlink:type="locator" xlink:href="../tifrs-scf-2014-03-31.xsd#tifrs-SCF_SecuritiesPurchasedUnderResellAgreementsQualifyingForCashAndCashEquivalentsUnderTheDefinitionOfIAS7" xlink:label="SecuritiesPurchasedUnderResellAgreementsQualifyingForCashAndCashEquivalentsUnderTheDefinitionOfIAS7" xlink:title="SecuritiesPurchasedUnderResellAgreementsQualifyingForCashAndCashEquivalentsUnderTheDefinitionOfIAS7"/>
    <link:calculationArc xlink:type="arc" xlink:arcrole="http://www.xbrl.org/2003/arcrole/summation-item" xlink:from="CashAndCashEquivalentsAtEndOfPeriod" xlink:to="SecuritiesPurchasedUnderResellAgreementsQualifyingForCashAndCashEquivalentsUnderTheDefinitionOfIAS7" xlink:title="calculation: CashAndCashEquivalentsAtEndOfPeriod to SecuritiesPurchasedUnderResellAgreementsQualifyingForCashAndCashEquivalentsUnderTheDefinitionOfIAS7" order="1.2" weight="1.0"/>
  </link:calculationLink>
  <link:calculationLink xlink:type="extended" xlink:role="http://www.xbrl.org/tifrs/fr/role/StatementOfCashFlows-DirectMethod">
    <link:loc xlink:type="locator" xlink:href="../tifrs-scf-2014-03-31.xsd#tifrs-SCF_ClassesOfCashReceiptsFromOperatingActivities" xlink:label="ClassesOfCashReceiptsFromOperatingActivities" xlink:title="ClassesOfCashReceiptsFromOperatingActivities"/>
    <link:loc xlink:type="locator" xlink:href="../../ifrs_20100430/ifrs-cor_2010-04-30.xsd#ifrs_ReceiptsFromPremiumsAndClaimsAnnuitiesAndOtherPolicyBenefits" xlink:label="ReceiptsFromPremiumsAndClaimsAnnuitiesAndOtherPolicyBenefits" xlink:title="ReceiptsFromPremiumsAndClaimsAnnuitiesAndOtherPolicyBenefits"/>
    <link:calculationArc xlink:type="arc" xlink:arcrole="http://www.xbrl.org/2003/arcrole/summation-item" xlink:from="ClassesOfCashReceiptsFromOperatingActivities" xlink:to="ReceiptsFromPremiumsAndClaimsAnnuitiesAndOtherPolicyBenefits" xlink:title="calculation: ClassesOfCashReceiptsFromOperatingActivities to ReceiptsFromPremiumsAndClaimsAnnuitiesAndOtherPolicyBenefits" order="3.1" weight="1.0"/>
    <link:loc xlink:type="locator" xlink:href="../tifrs-scf-2014-03-31.xsd#tifrs-SCF_ClassesOfCashPaymentsFromOperatingActivities" xlink:label="ClassesOfCashPaymentsFromOperatingActivities" xlink:title="ClassesOfCashPaymentsFromOperatingActivities"/>
    <link:loc xlink:type="locator" xlink:href="../../ifrs_20100430/ifrs-cor_2010-04-30.xsd#ifrs_PaymentsForPremiumsAndClaimsAnnuitiesAndOtherPolicyBenefits" xlink:label="PaymentsForPremiumsAndClaimsAnnuitiesAndOtherPolicyBenefits" xlink:title="PaymentsForPremiumsAndClaimsAnnuitiesAndOtherPolicyBenefits"/>
    <link:calculationArc xlink:type="arc" xlink:arcrole="http://www.xbrl.org/2003/arcrole/summation-item" xlink:from="ClassesOfCashPaymentsFromOperatingActivities" xlink:to="PaymentsForPremiumsAndClaimsAnnuitiesAndOtherPolicyBenefits" xlink:title="calculation: ClassesOfCashPaymentsFromOperatingActivities to PaymentsForPremiumsAndClaimsAnnuitiesAndOtherPolicyBenefits" order="3.1" weight="1.0"/>
  </link:calculationLink>
</link:linkbase>
