<?xml version="1.0" encoding="UTF-8"?>
<!-- Generated by Fujitsu Interstage XWand B0196 -->
<link:linkbase xmlns:xsi="http://www.w3.org/2001/XMLSchema-instance" xsi:schemaLocation="http://www.xbrl.org/2003/linkbase http://www.xbrl.org/2003/xbrl-linkbase-2003-12-31.xsd" xmlns:link="http://www.xbrl.org/2003/linkbase" xmlns:xlink="http://www.w3.org/1999/xlink" xmlns:xbrli="http://www.xbrl.org/2003/instance">
  <link:roleRef roleURI="http://www.xbrl.org/tifrs/fr/role/StatementOfCashFlows" xlink:type="simple" xlink:href="../tifrs-scf-2014-03-31.xsd#RT_1"/>
  <link:presentationLink xlink:type="extended" xlink:role="http://www.xbrl.org/tifrs/fr/role/StatementOfCashFlows">
    <link:loc xlink:type="locator" xlink:href="../tifrs-scf-2014-03-31.xsd#tifrs-SCF_AdjustmentsToReconcileProfitLossAbstract" xlink:label="AdjustmentsToReconcileProfitLossAbstract" xlink:title="AdjustmentsToReconcileProfitLossAbstract"/>
    <link:loc xlink:type="locator" xlink:href="../tifrs-scf-2014-03-31.xsd#tifrs-SCF_ProvisionReversalOfProvisionForBadDebtExpense" xlink:label="ProvisionReversalOfProvisionForBadDebtExpense" xlink:title="ProvisionReversalOfProvisionForBadDebtExpense"/>
    <link:presentationArc xlink:type="arc" xlink:arcrole="http://www.xbrl.org/2003/arcrole/parent-child" xlink:from="AdjustmentsToReconcileProfitLossAbstract" xlink:to="ProvisionReversalOfProvisionForBadDebtExpense" xlink:title="presentation: AdjustmentsToReconcileProfitLossAbstract to ProvisionReversalOfProvisionForBadDebtExpense" order="3.0"/>
    <link:loc xlink:type="locator" xlink:href="../tifrs-scf-2014-03-31.xsd#tifrs-SCF_NetLossGainOnAvailableForSaleFinancialAssets" xlink:label="NetLossGainOnAvailableForSaleFinancialAssets" xlink:title="NetLossGainOnAvailableForSaleFinancialAssets"/>
    <link:presentationArc xlink:type="arc" xlink:arcrole="http://www.xbrl.org/2003/arcrole/parent-child" xlink:from="AdjustmentsToReconcileProfitLossAbstract" xlink:to="NetLossGainOnAvailableForSaleFinancialAssets" xlink:title="presentation: AdjustmentsToReconcileProfitLossAbstract to NetLossGainOnAvailableForSaleFinancialAssets" order="4.1"/>
    <link:loc xlink:type="locator" xlink:href="../tifrs-scf-2014-03-31.xsd#tifrs-SCF_NetlossGainOnFinancialAssetsOrLiabilitiesAtCost" xlink:label="NetlossGainOnFinancialAssetsOrLiabilitiesAtCost" xlink:title="NetlossGainOnFinancialAssetsOrLiabilitiesAtCost"/>
    <link:presentationArc xlink:type="arc" xlink:arcrole="http://www.xbrl.org/2003/arcrole/parent-child" xlink:from="AdjustmentsToReconcileProfitLossAbstract" xlink:to="NetlossGainOnFinancialAssetsOrLiabilitiesAtCost" xlink:title="presentation: AdjustmentsToReconcileProfitLossAbstract to NetlossGainOnFinancialAssetsOrLiabilitiesAtCost" order="4.2"/>
    <link:loc xlink:type="locator" xlink:href="../tifrs-scf-2014-03-31.xsd#tifrs-SCF_NetLossGainOnBondInvestmentWithoutActive" xlink:label="NetLossGainOnBondInvestmentWithoutActive" xlink:title="NetLossGainOnBondInvestmentWithoutActive"/>
    <link:presentationArc xlink:type="arc" xlink:arcrole="http://www.xbrl.org/2003/arcrole/parent-child" xlink:from="AdjustmentsToReconcileProfitLossAbstract" xlink:to="NetLossGainOnBondInvestmentWithoutActive" xlink:title="presentation: AdjustmentsToReconcileProfitLossAbstract to NetLossGainOnBondInvestmentWithoutActive" order="4.3"/>
    <link:loc xlink:type="locator" xlink:href="../tifrs-scf-2014-03-31.xsd#tifrs-SCF_NetLossGainOnHeldToMaturityFinancialAssets" xlink:label="NetLossGainOnHeldToMaturityFinancialAssets" xlink:title="NetLossGainOnHeldToMaturityFinancialAssets"/>
    <link:presentationArc xlink:type="arc" xlink:arcrole="http://www.xbrl.org/2003/arcrole/parent-child" xlink:from="AdjustmentsToReconcileProfitLossAbstract" xlink:to="NetLossGainOnHeldToMaturityFinancialAssets" xlink:title="presentation: AdjustmentsToReconcileProfitLossAbstract to NetLossGainOnHeldToMaturityFinancialAssets" order="4.4"/>
    <link:loc xlink:type="locator" xlink:href="../tifrs-scf-2014-03-31.xsd#tifrs-SCF_InterestIncome" xlink:label="InterestIncome" xlink:title="InterestIncome"/>
    <link:presentationArc xlink:type="arc" xlink:arcrole="http://www.xbrl.org/2003/arcrole/parent-child" xlink:from="AdjustmentsToReconcileProfitLossAbstract" xlink:to="InterestIncome" xlink:title="presentation: AdjustmentsToReconcileProfitLossAbstract to InterestIncome" order="7.0"/>
    <link:loc xlink:type="locator" xlink:href="../tifrs-scf-2014-03-31.xsd#tifrs-SCF_NetChangeInInsuranceLiabilities" xlink:label="NetChangeInInsuranceLiabilities" xlink:title="NetChangeInInsuranceLiabilities"/>
    <link:presentationArc xlink:type="arc" xlink:arcrole="http://www.xbrl.org/2003/arcrole/parent-child" xlink:from="AdjustmentsToReconcileProfitLossAbstract" xlink:to="NetChangeInInsuranceLiabilities" xlink:title="presentation: AdjustmentsToReconcileProfitLossAbstract to NetChangeInInsuranceLiabilities" order="8.1"/>
    <link:loc xlink:type="locator" xlink:href="../tifrs-scf-2014-03-31.xsd#tifrs-SCF_NetChangeInReserveForInsuranceWithNatureOfFinancialInstrument" xlink:label="NetChangeInReserveForInsuranceWithNatureOfFinancialInstrument" xlink:title="NetChangeInReserveForInsuranceWithNatureOfFinancialInstrument"/>
    <link:presentationArc xlink:type="arc" xlink:arcrole="http://www.xbrl.org/2003/arcrole/parent-child" xlink:from="AdjustmentsToReconcileProfitLossAbstract" xlink:to="NetChangeInReserveForInsuranceWithNatureOfFinancialInstrument" xlink:title="presentation: AdjustmentsToReconcileProfitLossAbstract to NetChangeInReserveForInsuranceWithNatureOfFinancialInstrument" order="8.2"/>
    <link:loc xlink:type="locator" xlink:href="../tifrs-scf-2014-03-31.xsd#tifrs-SCF_NetChangeInReserveForForeignExchangeValuation" xlink:label="NetChangeInReserveForForeignExchangeValuation" xlink:title="NetChangeInReserveForForeignExchangeValuation"/>
    <link:presentationArc xlink:type="arc" xlink:arcrole="http://www.xbrl.org/2003/arcrole/parent-child" xlink:from="AdjustmentsToReconcileProfitLossAbstract" xlink:to="NetChangeInReserveForForeignExchangeValuation" xlink:title="presentation: AdjustmentsToReconcileProfitLossAbstract to NetChangeInReserveForForeignExchangeValuation" order="8.3"/>
    <link:loc xlink:type="locator" xlink:href="../tifrs-scf-2014-03-31.xsd#tifrs-SCF_NetChangeInOtherProvisions" xlink:label="NetChangeInOtherProvisions" xlink:title="NetChangeInOtherProvisions"/>
    <link:presentationArc xlink:type="arc" xlink:arcrole="http://www.xbrl.org/2003/arcrole/parent-child" xlink:from="AdjustmentsToReconcileProfitLossAbstract" xlink:to="NetChangeInOtherProvisions" xlink:title="presentation: AdjustmentsToReconcileProfitLossAbstract to NetChangeInOtherProvisions" order="8.4"/>
    <link:loc xlink:type="locator" xlink:href="../tifrs-scf-2014-03-31.xsd#tifrs-SCF_LossGainOnDisposalOfPropertyPlanAndEquipment" xlink:label="LossGainOnDisposalOfPropertyPlanAndEquipment" xlink:title="LossGainOnDisposalOfPropertyPlanAndEquipment"/>
    <link:presentationArc xlink:type="arc" xlink:arcrole="http://www.xbrl.org/2003/arcrole/parent-child" xlink:from="AdjustmentsToReconcileProfitLossAbstract" xlink:to="LossGainOnDisposalOfPropertyPlanAndEquipment" xlink:title="presentation: AdjustmentsToReconcileProfitLossAbstract to LossGainOnDisposalOfPropertyPlanAndEquipment" order="10.2" preferredLabel="http://www.xbrl.org/2003/role/verboseLabel"/>
    <link:loc xlink:type="locator" xlink:href="../tifrs-scf-2014-03-31.xsd#tifrs-SCF_PropertyPlanAndEquipmentTransferredToExpenses" xlink:label="PropertyPlanAndEquipmentTransferredToExpenses" xlink:title="PropertyPlanAndEquipmentTransferredToExpenses"/>
    <link:presentationArc xlink:type="arc" xlink:arcrole="http://www.xbrl.org/2003/arcrole/parent-child" xlink:from="AdjustmentsToReconcileProfitLossAbstract" xlink:to="PropertyPlanAndEquipmentTransferredToExpenses" xlink:title="presentation: AdjustmentsToReconcileProfitLossAbstract to PropertyPlanAndEquipmentTransferredToExpenses" order="10.3" preferredLabel="http://www.xbrl.org/2003/role/verboseLabel"/>
    <link:loc xlink:type="locator" xlink:href="../tifrs-scf-2014-03-31.xsd#tifrs-SCF_ProvisionLossGainOnDisposalOfForeclosedCollaterals" xlink:label="ProvisionLossGainOnDisposalOfForeclosedCollaterals" xlink:title="ProvisionLossGainOnDisposalOfForeclosedCollaterals"/>
    <link:presentationArc xlink:type="arc" xlink:arcrole="http://www.xbrl.org/2003/arcrole/parent-child" xlink:from="AdjustmentsToReconcileProfitLossAbstract" xlink:to="ProvisionLossGainOnDisposalOfForeclosedCollaterals" xlink:title="presentation: AdjustmentsToReconcileProfitLossAbstract to ProvisionLossGainOnDisposalOfForeclosedCollaterals" order="10.1"/>
    <link:loc xlink:type="locator" xlink:href="../tifrs-scf-2014-03-31.xsd#tifrs-SCF_LossGainOnDisposalOfInvestmentProperties" xlink:label="LossGainOnDisposalOfInvestmentProperties" xlink:title="LossGainOnDisposalOfInvestmentProperties"/>
    <link:presentationArc xlink:type="arc" xlink:arcrole="http://www.xbrl.org/2003/arcrole/parent-child" xlink:from="AdjustmentsToReconcileProfitLossAbstract" xlink:to="LossGainOnDisposalOfInvestmentProperties" xlink:title="presentation: AdjustmentsToReconcileProfitLossAbstract to LossGainOnDisposalOfInvestmentProperties" order="10.4"/>
    <link:loc xlink:type="locator" xlink:href="../tifrs-scf-2014-03-31.xsd#tifrs-SCF_LossGainOnDisposalOfOtherAssets" xlink:label="LossGainOnDisposalOfOtherAssets" xlink:title="LossGainOnDisposalOfOtherAssets"/>
    <link:presentationArc xlink:type="arc" xlink:arcrole="http://www.xbrl.org/2003/arcrole/parent-child" xlink:from="AdjustmentsToReconcileProfitLossAbstract" xlink:to="LossGainOnDisposalOfOtherAssets" xlink:title="presentation: AdjustmentsToReconcileProfitLossAbstract to LossGainOnDisposalOfOtherAssets" order="14.1"/>
    <link:loc xlink:type="locator" xlink:href="../tifrs-scf-2014-03-31.xsd#tifrs-SCF_LossGainOnDisposalOfNoncurrentAssetsClassifiedAsHeldForSale" xlink:label="LossGainOnDisposalOfNoncurrentAssetsClassifiedAsHeldForSale" xlink:title="LossGainOnDisposalOfNoncurrentAssetsClassifiedAsHeldForSale"/>
    <link:presentationArc xlink:type="arc" xlink:arcrole="http://www.xbrl.org/2003/arcrole/parent-child" xlink:from="AdjustmentsToReconcileProfitLossAbstract" xlink:to="LossGainOnDisposalOfNoncurrentAssetsClassifiedAsHeldForSale" xlink:title="presentation: AdjustmentsToReconcileProfitLossAbstract to LossGainOnDisposalOfNoncurrentAssetsClassifiedAsHeldForSale" order="14.2" preferredLabel="http://www.xbrl.org/2003/role/verboseLabel"/>
    <link:loc xlink:type="locator" xlink:href="../tifrs-scf-2014-03-31.xsd#tifrs-SCF_LossOnDisposalOfNonPerformingLoans" xlink:label="LossOnDisposalOfNonPerformingLoans" xlink:title="LossOnDisposalOfNonPerformingLoans"/>
    <link:presentationArc xlink:type="arc" xlink:arcrole="http://www.xbrl.org/2003/arcrole/parent-child" xlink:from="AdjustmentsToReconcileProfitLossAbstract" xlink:to="LossOnDisposalOfNonPerformingLoans" xlink:title="presentation: AdjustmentsToReconcileProfitLossAbstract to LossOnDisposalOfNonPerformingLoans" order="22.1"/>
    <link:loc xlink:type="locator" xlink:href="../tifrs-scf-2014-03-31.xsd#tifrs-SCF_LossGainOnDisposalOfForeclosedProperties" xlink:label="LossGainOnDisposalOfForeclosedProperties" xlink:title="LossGainOnDisposalOfForeclosedProperties"/>
    <link:presentationArc xlink:type="arc" xlink:arcrole="http://www.xbrl.org/2003/arcrole/parent-child" xlink:from="AdjustmentsToReconcileProfitLossAbstract" xlink:to="LossGainOnDisposalOfForeclosedProperties" xlink:title="presentation: AdjustmentsToReconcileProfitLossAbstract to LossGainOnDisposalOfForeclosedProperties" order="22.2"/>
    <link:loc xlink:type="locator" xlink:href="../tifrs-scf-2014-03-31.xsd#tifrs-SCF_ShareOfLossProfitOfAssociatesAndJointVenturesAccountedForUsingEquityMethod" xlink:label="ShareOfLossProfitOfAssociatesAndJointVenturesAccountedForUsingEquityMethod" xlink:title="ShareOfLossProfitOfAssociatesAndJointVenturesAccountedForUsingEquityMethod"/>
    <link:presentationArc xlink:type="arc" xlink:arcrole="http://www.xbrl.org/2003/arcrole/parent-child" xlink:from="AdjustmentsToReconcileProfitLossAbstract" xlink:to="ShareOfLossProfitOfAssociatesAndJointVenturesAccountedForUsingEquityMethod" xlink:title="presentation: AdjustmentsToReconcileProfitLossAbstract to ShareOfLossProfitOfAssociatesAndJointVenturesAccountedForUsingEquityMethod" order="10.11"/>
    <link:loc xlink:type="locator" xlink:href="../tifrs-scf-2014-03-31.xsd#tifrs-SCF_ChangesInOperatingAssetsAbstract" xlink:label="ChangesInOperatingAssetsAbstract" xlink:title="ChangesInOperatingAssetsAbstract"/>
    <link:loc xlink:type="locator" xlink:href="../tifrs-scf-2014-03-31.xsd#tifrs-SCF_DecreaseIncreaseInNotesReceivable" xlink:label="DecreaseIncreaseInNotesReceivable" xlink:title="DecreaseIncreaseInNotesReceivable"/>
    <link:presentationArc xlink:type="arc" xlink:arcrole="http://www.xbrl.org/2003/arcrole/parent-child" xlink:from="ChangesInOperatingAssetsAbstract" xlink:to="DecreaseIncreaseInNotesReceivable" xlink:title="presentation: ChangesInOperatingAssetsAbstract to DecreaseIncreaseInNotesReceivable" order="1.0"/>
    <link:loc xlink:type="locator" xlink:href="../tifrs-scf-2014-03-31.xsd#tifrs-SCF_DecreaseIncreaseInPremiumsReceivable" xlink:label="DecreaseIncreaseInPremiumsReceivable" xlink:title="DecreaseIncreaseInPremiumsReceivable"/>
    <link:presentationArc xlink:type="arc" xlink:arcrole="http://www.xbrl.org/2003/arcrole/parent-child" xlink:from="ChangesInOperatingAssetsAbstract" xlink:to="DecreaseIncreaseInPremiumsReceivable" xlink:title="presentation: ChangesInOperatingAssetsAbstract to DecreaseIncreaseInPremiumsReceivable" order="2.0"/>
    <link:loc xlink:type="locator" xlink:href="../tifrs-scf-2014-03-31.xsd#tifrs-SCF_DecreaseIncreaseInOtherReceivables" xlink:label="DecreaseIncreaseInOtherReceivables" xlink:title="DecreaseIncreaseInOtherReceivables"/>
    <link:presentationArc xlink:type="arc" xlink:arcrole="http://www.xbrl.org/2003/arcrole/parent-child" xlink:from="ChangesInOperatingAssetsAbstract" xlink:to="DecreaseIncreaseInOtherReceivables" xlink:title="presentation: ChangesInOperatingAssetsAbstract to DecreaseIncreaseInOtherReceivables" order="3.0"/>
    <link:loc xlink:type="locator" xlink:href="../tifrs-scf-2014-03-31.xsd#tifrs-SCF_DecreaseIncreaseInFinancialAssetsAtFairValueThroughProfitOrLoss" xlink:label="DecreaseIncreaseInFinancialAssetsAtFairValueThroughProfitOrLoss" xlink:title="DecreaseIncreaseInFinancialAssetsAtFairValueThroughProfitOrLoss"/>
    <link:presentationArc xlink:type="arc" xlink:arcrole="http://www.xbrl.org/2003/arcrole/parent-child" xlink:from="ChangesInOperatingAssetsAbstract" xlink:to="DecreaseIncreaseInFinancialAssetsAtFairValueThroughProfitOrLoss" xlink:title="presentation: ChangesInOperatingAssetsAbstract to DecreaseIncreaseInFinancialAssetsAtFairValueThroughProfitOrLoss" order="4.0"/>
    <link:loc xlink:type="locator" xlink:href="../tifrs-scf-2014-03-31.xsd#tifrs-SCF_DecreaseIncreaseInHedgingDerivativesAssets" xlink:label="DecreaseIncreaseInHedgingDerivativesAssets" xlink:title="DecreaseIncreaseInHedgingDerivativesAssets"/>
    <link:presentationArc xlink:type="arc" xlink:arcrole="http://www.xbrl.org/2003/arcrole/parent-child" xlink:from="ChangesInOperatingAssetsAbstract" xlink:to="DecreaseIncreaseInHedgingDerivativesAssets" xlink:title="presentation: ChangesInOperatingAssetsAbstract to DecreaseIncreaseInHedgingDerivativesAssets" order="5.0"/>
    <link:loc xlink:type="locator" xlink:href="../tifrs-scf-2014-03-31.xsd#tifrs-SCF_DecreaseIncreaseInOtherFinancialAssets" xlink:label="DecreaseIncreaseInOtherFinancialAssets" xlink:title="DecreaseIncreaseInOtherFinancialAssets"/>
    <link:presentationArc xlink:type="arc" xlink:arcrole="http://www.xbrl.org/2003/arcrole/parent-child" xlink:from="ChangesInOperatingAssetsAbstract" xlink:to="DecreaseIncreaseInOtherFinancialAssets" xlink:title="presentation: ChangesInOperatingAssetsAbstract to DecreaseIncreaseInOtherFinancialAssets" order="6.0"/>
    <link:loc xlink:type="locator" xlink:href="../tifrs-scf-2014-03-31.xsd#tifrs-SCF_DecreaseIncreaseInReinsuranceAssets" xlink:label="DecreaseIncreaseInReinsuranceAssets" xlink:title="DecreaseIncreaseInReinsuranceAssets"/>
    <link:presentationArc xlink:type="arc" xlink:arcrole="http://www.xbrl.org/2003/arcrole/parent-child" xlink:from="ChangesInOperatingAssetsAbstract" xlink:to="DecreaseIncreaseInReinsuranceAssets" xlink:title="presentation: ChangesInOperatingAssetsAbstract to DecreaseIncreaseInReinsuranceAssets" order="7.0"/>
    <link:loc xlink:type="locator" xlink:href="../tifrs-scf-2014-03-31.xsd#tifrs-SCF_DecreaseIncreaseInPrepaidExpensesAndOtherPrepayments" xlink:label="DecreaseIncreaseInPrepaidExpensesAndOtherPrepayments" xlink:title="DecreaseIncreaseInPrepaidExpensesAndOtherPrepayments"/>
    <link:presentationArc xlink:type="arc" xlink:arcrole="http://www.xbrl.org/2003/arcrole/parent-child" xlink:from="ChangesInOperatingAssetsAbstract" xlink:to="DecreaseIncreaseInPrepaidExpensesAndOtherPrepayments" xlink:title="presentation: ChangesInOperatingAssetsAbstract to DecreaseIncreaseInPrepaidExpensesAndOtherPrepayments" order="8.0"/>
    <link:loc xlink:type="locator" xlink:href="../tifrs-scf-2014-03-31.xsd#tifrs-SCF_DecreaseIncreaseInGuaranteeDepositsPaid" xlink:label="DecreaseIncreaseInGuaranteeDepositsPaid" xlink:title="DecreaseIncreaseInGuaranteeDepositsPaid"/>
    <link:presentationArc xlink:type="arc" xlink:arcrole="http://www.xbrl.org/2003/arcrole/parent-child" xlink:from="ChangesInOperatingAssetsAbstract" xlink:to="DecreaseIncreaseInGuaranteeDepositsPaid" xlink:title="presentation: ChangesInOperatingAssetsAbstract to DecreaseIncreaseInGuaranteeDepositsPaid" order="9.0"/>
    <link:loc xlink:type="locator" xlink:href="../tifrs-scf-2014-03-31.xsd#tifrs-SCF_DecreaseIncreaseInReinsuranceLiabilityReserveContributed" xlink:label="DecreaseIncreaseInReinsuranceLiabilityReserveContributed" xlink:title="DecreaseIncreaseInReinsuranceLiabilityReserveContributed"/>
    <link:presentationArc xlink:type="arc" xlink:arcrole="http://www.xbrl.org/2003/arcrole/parent-child" xlink:from="ChangesInOperatingAssetsAbstract" xlink:to="DecreaseIncreaseInReinsuranceLiabilityReserveContributed" xlink:title="presentation: ChangesInOperatingAssetsAbstract to DecreaseIncreaseInReinsuranceLiabilityReserveContributed" order="10.0"/>
    <link:loc xlink:type="locator" xlink:href="../tifrs-scf-2014-03-31.xsd#tifrs-SCF_DecreaseIncreaseInTemporaryPaymentsAndSuspenseAccounts" xlink:label="DecreaseIncreaseInTemporaryPaymentsAndSuspenseAccounts" xlink:title="DecreaseIncreaseInTemporaryPaymentsAndSuspenseAccounts"/>
    <link:presentationArc xlink:type="arc" xlink:arcrole="http://www.xbrl.org/2003/arcrole/parent-child" xlink:from="ChangesInOperatingAssetsAbstract" xlink:to="DecreaseIncreaseInTemporaryPaymentsAndSuspenseAccounts" xlink:title="presentation: ChangesInOperatingAssetsAbstract to DecreaseIncreaseInTemporaryPaymentsAndSuspenseAccounts" order="11.0"/>
    <link:loc xlink:type="locator" xlink:href="../tifrs-scf-2014-03-31.xsd#tifrs-SCF_DecreaseIncreaseInOtherAssets" xlink:label="DecreaseIncreaseInOtherAssets" xlink:title="DecreaseIncreaseInOtherAssets"/>
    <link:presentationArc xlink:type="arc" xlink:arcrole="http://www.xbrl.org/2003/arcrole/parent-child" xlink:from="ChangesInOperatingAssetsAbstract" xlink:to="DecreaseIncreaseInOtherAssets" xlink:title="presentation: ChangesInOperatingAssetsAbstract to DecreaseIncreaseInOtherAssets" order="16.0"/>
    <link:loc xlink:type="locator" xlink:href="../tifrs-scf-2014-03-31.xsd#tifrs-SCF_DecreaseIncreaseInAvailableForSaleFinancialAssetsForIns" xlink:label="DecreaseIncreaseInAvailableForSaleFinancialAssetsForIns" xlink:title="DecreaseIncreaseInAvailableForSaleFinancialAssetsForIns"/>
    <link:presentationArc xlink:type="arc" xlink:arcrole="http://www.xbrl.org/2003/arcrole/parent-child" xlink:from="ChangesInOperatingAssetsAbstract" xlink:to="DecreaseIncreaseInAvailableForSaleFinancialAssetsForIns" xlink:title="presentation: ChangesInOperatingAssetsAbstract to DecreaseIncreaseInAvailableForSaleFinancialAssetsForIns" order="12.0"/>
    <link:loc xlink:type="locator" xlink:href="../tifrs-scf-2014-03-31.xsd#tifrs-SCF_DecreaseIincreaseInFinancialAssetsAtCostForIns" xlink:label="DecreaseIincreaseInFinancialAssetsAtCostForIns" xlink:title="DecreaseIincreaseInFinancialAssetsAtCostForIns"/>
    <link:presentationArc xlink:type="arc" xlink:arcrole="http://www.xbrl.org/2003/arcrole/parent-child" xlink:from="ChangesInOperatingAssetsAbstract" xlink:to="DecreaseIincreaseInFinancialAssetsAtCostForIns" xlink:title="presentation: ChangesInOperatingAssetsAbstract to DecreaseIincreaseInFinancialAssetsAtCostForIns" order="13.0"/>
    <link:loc xlink:type="locator" xlink:href="../tifrs-scf-2014-03-31.xsd#tifrs-SCF_DecreaseIncreaseInDebtsInvestmentWithoutActiveMarketForIns" xlink:label="DecreaseIncreaseInDebtsInvestmentWithoutActiveMarketForIns" xlink:title="DecreaseIncreaseInDebtsInvestmentWithoutActiveMarketForIns"/>
    <link:presentationArc xlink:type="arc" xlink:arcrole="http://www.xbrl.org/2003/arcrole/parent-child" xlink:from="ChangesInOperatingAssetsAbstract" xlink:to="DecreaseIncreaseInDebtsInvestmentWithoutActiveMarketForIns" xlink:title="presentation: ChangesInOperatingAssetsAbstract to DecreaseIncreaseInDebtsInvestmentWithoutActiveMarketForIns" order="14.0"/>
    <link:loc xlink:type="locator" xlink:href="../tifrs-scf-2014-03-31.xsd#tifrs-SCF_DecreaseIncreaseInHeldToMaturityFinancialAssetsForIns" xlink:label="DecreaseIncreaseInHeldToMaturityFinancialAssetsForIns" xlink:title="DecreaseIncreaseInHeldToMaturityFinancialAssetsForIns"/>
    <link:presentationArc xlink:type="arc" xlink:arcrole="http://www.xbrl.org/2003/arcrole/parent-child" xlink:from="ChangesInOperatingAssetsAbstract" xlink:to="DecreaseIncreaseInHeldToMaturityFinancialAssetsForIns" xlink:title="presentation: ChangesInOperatingAssetsAbstract to DecreaseIncreaseInHeldToMaturityFinancialAssetsForIns" order="15.0"/>
    <link:loc xlink:type="locator" xlink:href="../tifrs-scf-2014-03-31.xsd#tifrs-SCF_ChangesInOperatingLiabilitiesAbstract" xlink:label="ChangesInOperatingLiabilitiesAbstract" xlink:title="ChangesInOperatingLiabilitiesAbstract"/>
    <link:loc xlink:type="locator" xlink:href="../tifrs-scf-2014-03-31.xsd#tifrs-SCF_IncreaseDecreaseInNotesPayable" xlink:label="IncreaseDecreaseInNotesPayable" xlink:title="IncreaseDecreaseInNotesPayable"/>
    <link:presentationArc xlink:type="arc" xlink:arcrole="http://www.xbrl.org/2003/arcrole/parent-child" xlink:from="ChangesInOperatingLiabilitiesAbstract" xlink:to="IncreaseDecreaseInNotesPayable" xlink:title="presentation: ChangesInOperatingLiabilitiesAbstract to IncreaseDecreaseInNotesPayable" order="1.0"/>
    <link:loc xlink:type="locator" xlink:href="../tifrs-scf-2014-03-31.xsd#tifrs-SCF_IncreaseDecreaseInClaimsPayable" xlink:label="IncreaseDecreaseInClaimsPayable" xlink:title="IncreaseDecreaseInClaimsPayable"/>
    <link:presentationArc xlink:type="arc" xlink:arcrole="http://www.xbrl.org/2003/arcrole/parent-child" xlink:from="ChangesInOperatingLiabilitiesAbstract" xlink:to="IncreaseDecreaseInClaimsPayable" xlink:title="presentation: ChangesInOperatingLiabilitiesAbstract to IncreaseDecreaseInClaimsPayable" order="2.0"/>
    <link:loc xlink:type="locator" xlink:href="../tifrs-scf-2014-03-31.xsd#tifrs-SCF_IncreaseDecreaseInReinsuranceIndemnityPayable" xlink:label="IncreaseDecreaseInReinsuranceIndemnityPayable" xlink:title="IncreaseDecreaseInReinsuranceIndemnityPayable"/>
    <link:presentationArc xlink:type="arc" xlink:arcrole="http://www.xbrl.org/2003/arcrole/parent-child" xlink:from="ChangesInOperatingLiabilitiesAbstract" xlink:to="IncreaseDecreaseInReinsuranceIndemnityPayable" xlink:title="presentation: ChangesInOperatingLiabilitiesAbstract to IncreaseDecreaseInReinsuranceIndemnityPayable" order="3.0"/>
    <link:loc xlink:type="locator" xlink:href="../tifrs-scf-2014-03-31.xsd#tifrs-SCF_IncreaseDecreaseInCommissionsPayable" xlink:label="IncreaseDecreaseInCommissionsPayable" xlink:title="IncreaseDecreaseInCommissionsPayable"/>
    <link:presentationArc xlink:type="arc" xlink:arcrole="http://www.xbrl.org/2003/arcrole/parent-child" xlink:from="ChangesInOperatingLiabilitiesAbstract" xlink:to="IncreaseDecreaseInCommissionsPayable" xlink:title="presentation: ChangesInOperatingLiabilitiesAbstract to IncreaseDecreaseInCommissionsPayable" order="4.0"/>
    <link:loc xlink:type="locator" xlink:href="../tifrs-scf-2014-03-31.xsd#tifrs-SCF_IncreaseDecreaseInDueToReinsurersAndCedingCompanies" xlink:label="IncreaseDecreaseInDueToReinsurersAndCedingCompanies" xlink:title="IncreaseDecreaseInDueToReinsurersAndCedingCompanies"/>
    <link:presentationArc xlink:type="arc" xlink:arcrole="http://www.xbrl.org/2003/arcrole/parent-child" xlink:from="ChangesInOperatingLiabilitiesAbstract" xlink:to="IncreaseDecreaseInDueToReinsurersAndCedingCompanies" xlink:title="presentation: ChangesInOperatingLiabilitiesAbstract to IncreaseDecreaseInDueToReinsurersAndCedingCompanies" order="5.0"/>
    <link:loc xlink:type="locator" xlink:href="../tifrs-scf-2014-03-31.xsd#tifrs-SCF_IncreaseDecreaseInOtherPayables" xlink:label="IncreaseDecreaseInOtherPayables" xlink:title="IncreaseDecreaseInOtherPayables"/>
    <link:presentationArc xlink:type="arc" xlink:arcrole="http://www.xbrl.org/2003/arcrole/parent-child" xlink:from="ChangesInOperatingLiabilitiesAbstract" xlink:to="IncreaseDecreaseInOtherPayables" xlink:title="presentation: ChangesInOperatingLiabilitiesAbstract to IncreaseDecreaseInOtherPayables" order="6.0"/>
    <link:loc xlink:type="locator" xlink:href="../tifrs-scf-2014-03-31.xsd#tifrs-SCF_IncreaseDecreaseInFinancialLiabilitiesAtFairValueThroughProfitOrLoss" xlink:label="IncreaseDecreaseInFinancialLiabilitiesAtFairValueThroughProfitOrLoss" xlink:title="IncreaseDecreaseInFinancialLiabilitiesAtFairValueThroughProfitOrLoss"/>
    <link:presentationArc xlink:type="arc" xlink:arcrole="http://www.xbrl.org/2003/arcrole/parent-child" xlink:from="ChangesInOperatingLiabilitiesAbstract" xlink:to="IncreaseDecreaseInFinancialLiabilitiesAtFairValueThroughProfitOrLoss" xlink:title="presentation: ChangesInOperatingLiabilitiesAbstract to IncreaseDecreaseInFinancialLiabilitiesAtFairValueThroughProfitOrLoss" order="7.0"/>
    <link:loc xlink:type="locator" xlink:href="../tifrs-scf-2014-03-31.xsd#tifrs-SCF_IncreaseDecreaseInOtherFinancialLiabilities" xlink:label="IncreaseDecreaseInOtherFinancialLiabilities" xlink:title="IncreaseDecreaseInOtherFinancialLiabilities"/>
    <link:presentationArc xlink:type="arc" xlink:arcrole="http://www.xbrl.org/2003/arcrole/parent-child" xlink:from="ChangesInOperatingLiabilitiesAbstract" xlink:to="IncreaseDecreaseInOtherFinancialLiabilities" xlink:title="presentation: ChangesInOperatingLiabilitiesAbstract to IncreaseDecreaseInOtherFinancialLiabilities" order="8.0"/>
    <link:loc xlink:type="locator" xlink:href="../tifrs-scf-2014-03-31.xsd#tifrs-SCF_IncreaseDecreaseInProvisions" xlink:label="IncreaseDecreaseInProvisions" xlink:title="IncreaseDecreaseInProvisions"/>
    <link:presentationArc xlink:type="arc" xlink:arcrole="http://www.xbrl.org/2003/arcrole/parent-child" xlink:from="ChangesInOperatingLiabilitiesAbstract" xlink:to="IncreaseDecreaseInProvisions" xlink:title="presentation: ChangesInOperatingLiabilitiesAbstract to IncreaseDecreaseInProvisions" order="9.0"/>
    <link:loc xlink:type="locator" xlink:href="../tifrs-scf-2014-03-31.xsd#tifrs-SCF_IncreaseDecreaseInProvisionsForEmployeeBenefits" xlink:label="IncreaseDecreaseInProvisionsForEmployeeBenefits" xlink:title="IncreaseDecreaseInProvisionsForEmployeeBenefits"/>
    <link:presentationArc xlink:type="arc" xlink:arcrole="http://www.xbrl.org/2003/arcrole/parent-child" xlink:from="ChangesInOperatingLiabilitiesAbstract" xlink:to="IncreaseDecreaseInProvisionsForEmployeeBenefits" xlink:title="presentation: ChangesInOperatingLiabilitiesAbstract to IncreaseDecreaseInProvisionsForEmployeeBenefits" order="10.0"/>
    <link:loc xlink:type="locator" xlink:href="../tifrs-scf-2014-03-31.xsd#tifrs-SCF_IncreaseDecreaseInIncomesCollectedInAdvance" xlink:label="IncreaseDecreaseInIncomesCollectedInAdvance" xlink:title="IncreaseDecreaseInIncomesCollectedInAdvance"/>
    <link:presentationArc xlink:type="arc" xlink:arcrole="http://www.xbrl.org/2003/arcrole/parent-child" xlink:from="ChangesInOperatingLiabilitiesAbstract" xlink:to="IncreaseDecreaseInIncomesCollectedInAdvance" xlink:title="presentation: ChangesInOperatingLiabilitiesAbstract to IncreaseDecreaseInIncomesCollectedInAdvance" order="11.0"/>
    <link:loc xlink:type="locator" xlink:href="../tifrs-scf-2014-03-31.xsd#tifrs-SCF_IncreaseDecreaseInAdvanceReceipts" xlink:label="IncreaseDecreaseInAdvanceReceipts" xlink:title="IncreaseDecreaseInAdvanceReceipts"/>
    <link:presentationArc xlink:type="arc" xlink:arcrole="http://www.xbrl.org/2003/arcrole/parent-child" xlink:from="ChangesInOperatingLiabilitiesAbstract" xlink:to="IncreaseDecreaseInAdvanceReceipts" xlink:title="presentation: ChangesInOperatingLiabilitiesAbstract to IncreaseDecreaseInAdvanceReceipts" order="12.0"/>
    <link:loc xlink:type="locator" xlink:href="../tifrs-scf-2014-03-31.xsd#tifrs-SCF_IncreaseDecreaseInDeferredFeeIncome" xlink:label="IncreaseDecreaseInDeferredFeeIncome" xlink:title="IncreaseDecreaseInDeferredFeeIncome"/>
    <link:presentationArc xlink:type="arc" xlink:arcrole="http://www.xbrl.org/2003/arcrole/parent-child" xlink:from="ChangesInOperatingLiabilitiesAbstract" xlink:to="IncreaseDecreaseInDeferredFeeIncome" xlink:title="presentation: ChangesInOperatingLiabilitiesAbstract to IncreaseDecreaseInDeferredFeeIncome" order="13.0"/>
    <link:loc xlink:type="locator" xlink:href="../tifrs-scf-2014-03-31.xsd#tifrs-SCF_IncreaseDecreaseInGuaranteeDepositsAndMarginsReceived" xlink:label="IncreaseDecreaseInGuaranteeDepositsAndMarginsReceived" xlink:title="IncreaseDecreaseInGuaranteeDepositsAndMarginsReceived"/>
    <link:presentationArc xlink:type="arc" xlink:arcrole="http://www.xbrl.org/2003/arcrole/parent-child" xlink:from="ChangesInOperatingLiabilitiesAbstract" xlink:to="IncreaseDecreaseInGuaranteeDepositsAndMarginsReceived" xlink:title="presentation: ChangesInOperatingLiabilitiesAbstract to IncreaseDecreaseInGuaranteeDepositsAndMarginsReceived" order="14.0"/>
    <link:loc xlink:type="locator" xlink:href="../tifrs-scf-2014-03-31.xsd#tifrs-SCF_IncreaseDecreaseInReinsuranceLiabilityReserveReceived" xlink:label="IncreaseDecreaseInReinsuranceLiabilityReserveReceived" xlink:title="IncreaseDecreaseInReinsuranceLiabilityReserveReceived"/>
    <link:presentationArc xlink:type="arc" xlink:arcrole="http://www.xbrl.org/2003/arcrole/parent-child" xlink:from="ChangesInOperatingLiabilitiesAbstract" xlink:to="IncreaseDecreaseInReinsuranceLiabilityReserveReceived" xlink:title="presentation: ChangesInOperatingLiabilitiesAbstract to IncreaseDecreaseInReinsuranceLiabilityReserveReceived" order="15.0"/>
    <link:loc xlink:type="locator" xlink:href="../tifrs-scf-2014-03-31.xsd#tifrs-SCF_IncreaseDecreaseInTemporaryReceiptsAndSuspenseAccounts" xlink:label="IncreaseDecreaseInTemporaryReceiptsAndSuspenseAccounts" xlink:title="IncreaseDecreaseInTemporaryReceiptsAndSuspenseAccounts"/>
    <link:presentationArc xlink:type="arc" xlink:arcrole="http://www.xbrl.org/2003/arcrole/parent-child" xlink:from="ChangesInOperatingLiabilitiesAbstract" xlink:to="IncreaseDecreaseInTemporaryReceiptsAndSuspenseAccounts" xlink:title="presentation: ChangesInOperatingLiabilitiesAbstract to IncreaseDecreaseInTemporaryReceiptsAndSuspenseAccounts" order="16.0"/>
    <link:loc xlink:type="locator" xlink:href="../tifrs-scf-2014-03-31.xsd#tifrs-SCF_IncreaseDecreaseInOtherLiabilities" xlink:label="IncreaseDecreaseInOtherLiabilities" xlink:title="IncreaseDecreaseInOtherLiabilities"/>
    <link:presentationArc xlink:type="arc" xlink:arcrole="http://www.xbrl.org/2003/arcrole/parent-child" xlink:from="ChangesInOperatingLiabilitiesAbstract" xlink:to="IncreaseDecreaseInOtherLiabilities" xlink:title="presentation: ChangesInOperatingLiabilitiesAbstract to IncreaseDecreaseInOtherLiabilities" order="18.0"/>
    <link:loc xlink:type="locator" xlink:href="../tifrs-scf-2014-03-31.xsd#tifrs-SCF_DecreaseIncreaseInFinancialLiabilitiesAtCostForIns" xlink:label="DecreaseIncreaseInFinancialLiabilitiesAtCostForIns" xlink:title="DecreaseIncreaseInFinancialLiabilitiesAtCostForIns"/>
    <link:presentationArc xlink:type="arc" xlink:arcrole="http://www.xbrl.org/2003/arcrole/parent-child" xlink:from="ChangesInOperatingLiabilitiesAbstract" xlink:to="DecreaseIncreaseInFinancialLiabilitiesAtCostForIns" xlink:title="presentation: ChangesInOperatingLiabilitiesAbstract to DecreaseIncreaseInFinancialLiabilitiesAtCostForIns" order="17.0"/>
    <link:loc xlink:type="locator" xlink:href="../../ifrs_20100430/ifrs-cor_2010-04-30.xsd#ifrs_ClassesOfCashReceiptsFromOperatingActivitiesAbstract" xlink:label="ClassesOfCashReceiptsFromOperatingActivitiesAbstract" xlink:title="ClassesOfCashReceiptsFromOperatingActivitiesAbstract"/>
    <link:loc xlink:type="locator" xlink:href="../../ifrs_20100430/ifrs-cor_2010-04-30.xsd#ifrs_ReceiptsFromPremiumsAndClaimsAnnuitiesAndOtherPolicyBenefits" xlink:label="ReceiptsFromPremiumsAndClaimsAnnuitiesAndOtherPolicyBenefits" xlink:title="ReceiptsFromPremiumsAndClaimsAnnuitiesAndOtherPolicyBenefits"/>
    <link:presentationArc xlink:type="arc" xlink:arcrole="http://www.xbrl.org/2003/arcrole/parent-child" xlink:from="ClassesOfCashReceiptsFromOperatingActivitiesAbstract" xlink:to="ReceiptsFromPremiumsAndClaimsAnnuitiesAndOtherPolicyBenefits" xlink:title="presentation: ClassesOfCashReceiptsFromOperatingActivitiesAbstract to ReceiptsFromPremiumsAndClaimsAnnuitiesAndOtherPolicyBenefits" order="3.1" preferredLabel="http://www.xbrl.org/2003/role/verboseLabel"/>
    <link:loc xlink:type="locator" xlink:href="../tifrs-scf-2014-03-31.xsd#tifrs-SCF_ReceiptsFromReinsurance" xlink:label="ReceiptsFromReinsurance" xlink:title="ReceiptsFromReinsurance"/>
    <link:presentationArc xlink:type="arc" xlink:arcrole="http://www.xbrl.org/2003/arcrole/parent-child" xlink:from="ClassesOfCashReceiptsFromOperatingActivitiesAbstract" xlink:to="ReceiptsFromReinsurance" xlink:title="presentation: ClassesOfCashReceiptsFromOperatingActivitiesAbstract to ReceiptsFromReinsurance" order="3.2"/>
    <link:loc xlink:type="locator" xlink:href="../tifrs-scf-2014-03-31.xsd#tifrs-SCF_ClassesOfCashPaymentsFromOperatingActivitiesAbstract" xlink:label="ClassesOfCashPaymentsFromOperatingActivitiesAbstract" xlink:title="ClassesOfCashPaymentsFromOperatingActivitiesAbstract"/>
    <link:loc xlink:type="locator" xlink:href="../../ifrs_20100430/ifrs-cor_2010-04-30.xsd#ifrs_PaymentsForPremiumsAndClaimsAnnuitiesAndOtherPolicyBenefits" xlink:label="PaymentsForPremiumsAndClaimsAnnuitiesAndOtherPolicyBenefits" xlink:title="PaymentsForPremiumsAndClaimsAnnuitiesAndOtherPolicyBenefits"/>
    <link:presentationArc xlink:type="arc" xlink:arcrole="http://www.xbrl.org/2003/arcrole/parent-child" xlink:from="ClassesOfCashPaymentsFromOperatingActivitiesAbstract" xlink:to="PaymentsForPremiumsAndClaimsAnnuitiesAndOtherPolicyBenefits" xlink:title="presentation: ClassesOfCashPaymentsFromOperatingActivitiesAbstract to PaymentsForPremiumsAndClaimsAnnuitiesAndOtherPolicyBenefits" order="3.1" preferredLabel="http://www.xbrl.org/2003/role/verboseLabel"/>
    <link:loc xlink:type="locator" xlink:href="../tifrs-scf-2014-03-31.xsd#tifrs-SCF_PaymentsForReinsurance" xlink:label="PaymentsForReinsurance" xlink:title="PaymentsForReinsurance"/>
    <link:presentationArc xlink:type="arc" xlink:arcrole="http://www.xbrl.org/2003/arcrole/parent-child" xlink:from="ClassesOfCashPaymentsFromOperatingActivitiesAbstract" xlink:to="PaymentsForReinsurance" xlink:title="presentation: ClassesOfCashPaymentsFromOperatingActivitiesAbstract to PaymentsForReinsurance" order="3.2"/>
    <link:loc xlink:type="locator" xlink:href="../../ifrs_20100430/ifrs-cor_2010-04-30.xsd#ifrs_CashFlowsFromUsedInInvestingActivitiesAbstract" xlink:label="CashFlowsFromUsedInInvestingActivitiesAbstract" xlink:title="CashFlowsFromUsedInInvestingActivitiesAbstract"/>
    <link:loc xlink:type="locator" xlink:href="../tifrs-scf-2014-03-31.xsd#tifrs-SCF_AcquisitionOfFinancialAssetsAtFairValueThroughProfitOrLossDesignatedAsUponInitialRecognition" xlink:label="AcquisitionOfFinancialAssetsAtFairValueThroughProfitOrLossDesignatedAsUponInitialRecognition" xlink:title="AcquisitionOfFinancialAssetsAtFairValueThroughProfitOrLossDesignatedAsUponInitialRecognition"/>
    <link:presentationArc xlink:type="arc" xlink:arcrole="http://www.xbrl.org/2003/arcrole/parent-child" xlink:from="CashFlowsFromUsedInInvestingActivitiesAbstract" xlink:to="AcquisitionOfFinancialAssetsAtFairValueThroughProfitOrLossDesignatedAsUponInitialRecognition" xlink:title="presentation: CashFlowsFromUsedInInvestingActivitiesAbstract to AcquisitionOfFinancialAssetsAtFairValueThroughProfitOrLossDesignatedAsUponInitialRecognition" order="0.1" preferredLabel="http://www.xbrl.org/2003/role/verboseLabel"/>
    <link:loc xlink:type="locator" xlink:href="../tifrs-scf-2014-03-31.xsd#tifrs-SCF_ProceedsFromDisposalOfFinancialAssetsAtFairValueThroughProfitOrLossDesignatedAsUponInitialRecognition" xlink:label="ProceedsFromDisposalOfFinancialAssetsAtFairValueThroughProfitOrLossDesignatedAsUponInitialRecognition" xlink:title="ProceedsFromDisposalOfFinancialAssetsAtFairValueThroughProfitOrLossDesignatedAsUponInitialRecognition"/>
    <link:presentationArc xlink:type="arc" xlink:arcrole="http://www.xbrl.org/2003/arcrole/parent-child" xlink:from="CashFlowsFromUsedInInvestingActivitiesAbstract" xlink:to="ProceedsFromDisposalOfFinancialAssetsAtFairValueThroughProfitOrLossDesignatedAsUponInitialRecognition" xlink:title="presentation: CashFlowsFromUsedInInvestingActivitiesAbstract to ProceedsFromDisposalOfFinancialAssetsAtFairValueThroughProfitOrLossDesignatedAsUponInitialRecognition" order="0.2" preferredLabel="http://www.xbrl.org/2003/role/verboseLabel"/>
    <link:loc xlink:type="locator" xlink:href="../tifrs-scf-2014-03-31.xsd#tifrs-SCF_AcquisitionOfDerivativeFinancialAssetsForHedging-CashFlowsFromUsedInInvestingActivities" xlink:label="AcquisitionOfDerivativeFinancialAssetsForHedging-CashFlowsFromUsedInInvestingActivities" xlink:title="AcquisitionOfDerivativeFinancialAssetsForHedging-CashFlowsFromUsedInInvestingActivities"/>
    <link:presentationArc xlink:type="arc" xlink:arcrole="http://www.xbrl.org/2003/arcrole/parent-child" xlink:from="CashFlowsFromUsedInInvestingActivitiesAbstract" xlink:to="AcquisitionOfDerivativeFinancialAssetsForHedging-CashFlowsFromUsedInInvestingActivities" xlink:title="presentation: CashFlowsFromUsedInInvestingActivitiesAbstract to AcquisitionOfDerivativeFinancialAssetsForHedging-CashFlowsFromUsedInInvestingActivities" order="12.1"/>
    <link:loc xlink:type="locator" xlink:href="../tifrs-scf-2014-03-31.xsd#tifrs-SCF_DisposalOfDerivativeFinancialAssetsForHedging-CashFlowsFromUsedInInvestingActivities" xlink:label="DisposalOfDerivativeFinancialAssetsForHedging-CashFlowsFromUsedInInvestingActivities" xlink:title="DisposalOfDerivativeFinancialAssetsForHedging-CashFlowsFromUsedInInvestingActivities"/>
    <link:presentationArc xlink:type="arc" xlink:arcrole="http://www.xbrl.org/2003/arcrole/parent-child" xlink:from="CashFlowsFromUsedInInvestingActivitiesAbstract" xlink:to="DisposalOfDerivativeFinancialAssetsForHedging-CashFlowsFromUsedInInvestingActivities" xlink:title="presentation: CashFlowsFromUsedInInvestingActivitiesAbstract to DisposalOfDerivativeFinancialAssetsForHedging-CashFlowsFromUsedInInvestingActivities" order="12.2"/>
    <link:loc xlink:type="locator" xlink:href="../tifrs-scf-2014-03-31.xsd#tifrs-SCF_AcquisitionOfNoncurrentAssetsClassifiedAsHeldForSale" xlink:label="AcquisitionOfNoncurrentAssetsClassifiedAsHeldForSale" xlink:title="AcquisitionOfNoncurrentAssetsClassifiedAsHeldForSale"/>
    <link:presentationArc xlink:type="arc" xlink:arcrole="http://www.xbrl.org/2003/arcrole/parent-child" xlink:from="CashFlowsFromUsedInInvestingActivitiesAbstract" xlink:to="AcquisitionOfNoncurrentAssetsClassifiedAsHeldForSale" xlink:title="presentation: CashFlowsFromUsedInInvestingActivitiesAbstract to AcquisitionOfNoncurrentAssetsClassifiedAsHeldForSale" order="19.1" preferredLabel="http://www.xbrl.org/2003/role/verboseLabel"/>
    <link:loc xlink:type="locator" xlink:href="../tifrs-scf-2014-03-31.xsd#tifrs-SCF_ProceedsFromDisposalOfNoncurrentAssetsClassifiedAsHeldForSale" xlink:label="ProceedsFromDisposalOfNoncurrentAssetsClassifiedAsHeldForSale" xlink:title="ProceedsFromDisposalOfNoncurrentAssetsClassifiedAsHeldForSale"/>
    <link:presentationArc xlink:type="arc" xlink:arcrole="http://www.xbrl.org/2003/arcrole/parent-child" xlink:from="CashFlowsFromUsedInInvestingActivitiesAbstract" xlink:to="ProceedsFromDisposalOfNoncurrentAssetsClassifiedAsHeldForSale" xlink:title="presentation: CashFlowsFromUsedInInvestingActivitiesAbstract to ProceedsFromDisposalOfNoncurrentAssetsClassifiedAsHeldForSale" order="19.2" preferredLabel="http://www.xbrl.org/2003/role/verboseLabel"/>
    <link:loc xlink:type="locator" xlink:href="../tifrs-scf-2014-03-31.xsd#tifrs-SCF_AcquisitionOfPropertyPlantAndEquipment" xlink:label="AcquisitionOfPropertyPlantAndEquipment" xlink:title="AcquisitionOfPropertyPlantAndEquipment"/>
    <link:presentationArc xlink:type="arc" xlink:arcrole="http://www.xbrl.org/2003/arcrole/parent-child" xlink:from="CashFlowsFromUsedInInvestingActivitiesAbstract" xlink:to="AcquisitionOfPropertyPlantAndEquipment" xlink:title="presentation: CashFlowsFromUsedInInvestingActivitiesAbstract to AcquisitionOfPropertyPlantAndEquipment" order="19.3" preferredLabel="http://www.xbrl.org/2003/role/verboseLabel"/>
    <link:loc xlink:type="locator" xlink:href="../tifrs-scf-2014-03-31.xsd#tifrs-SCF_ProceedsFromDisposalOfPropertyPlantAndEquipment" xlink:label="ProceedsFromDisposalOfPropertyPlantAndEquipment" xlink:title="ProceedsFromDisposalOfPropertyPlantAndEquipment"/>
    <link:presentationArc xlink:type="arc" xlink:arcrole="http://www.xbrl.org/2003/arcrole/parent-child" xlink:from="CashFlowsFromUsedInInvestingActivitiesAbstract" xlink:to="ProceedsFromDisposalOfPropertyPlantAndEquipment" xlink:title="presentation: CashFlowsFromUsedInInvestingActivitiesAbstract to ProceedsFromDisposalOfPropertyPlantAndEquipment" order="19.4" preferredLabel="http://www.xbrl.org/2003/role/verboseLabel"/>
    <link:loc xlink:type="locator" xlink:href="../tifrs-scf-2014-03-31.xsd#tifrs-SCF_IncreaseInReinsuranceLiabilityReserveContribute" xlink:label="IncreaseInReinsuranceLiabilityReserveContribute" xlink:title="IncreaseInReinsuranceLiabilityReserveContribute"/>
    <link:presentationArc xlink:type="arc" xlink:arcrole="http://www.xbrl.org/2003/arcrole/parent-child" xlink:from="CashFlowsFromUsedInInvestingActivitiesAbstract" xlink:to="IncreaseInReinsuranceLiabilityReserveContribute" xlink:title="presentation: CashFlowsFromUsedInInvestingActivitiesAbstract to IncreaseInReinsuranceLiabilityReserveContribute" order="23.1"/>
    <link:loc xlink:type="locator" xlink:href="../tifrs-scf-2014-03-31.xsd#tifrs-SCF_DecreaseInReinsuranceLiabilityReserveContribute" xlink:label="DecreaseInReinsuranceLiabilityReserveContribute" xlink:title="DecreaseInReinsuranceLiabilityReserveContribute"/>
    <link:presentationArc xlink:type="arc" xlink:arcrole="http://www.xbrl.org/2003/arcrole/parent-child" xlink:from="CashFlowsFromUsedInInvestingActivitiesAbstract" xlink:to="DecreaseInReinsuranceLiabilityReserveContribute" xlink:title="presentation: CashFlowsFromUsedInInvestingActivitiesAbstract to DecreaseInReinsuranceLiabilityReserveContribute" order="23.2"/>
    <link:loc xlink:type="locator" xlink:href="../tifrs-scf-2014-03-31.xsd#tifrs-SCF_ProceedFromDisposalOfForeclosedCollateral" xlink:label="ProceedFromDisposalOfForeclosedCollateral" xlink:title="ProceedFromDisposalOfForeclosedCollateral"/>
    <link:presentationArc xlink:type="arc" xlink:arcrole="http://www.xbrl.org/2003/arcrole/parent-child" xlink:from="CashFlowsFromUsedInInvestingActivitiesAbstract" xlink:to="ProceedFromDisposalOfForeclosedCollateral" xlink:title="presentation: CashFlowsFromUsedInInvestingActivitiesAbstract to ProceedFromDisposalOfForeclosedCollateral" order="29.1"/>
    <link:loc xlink:type="locator" xlink:href="../tifrs-scf-2014-03-31.xsd#tifrs-SCF_PurchaseOfForeclosedCollateral" xlink:label="PurchaseOfForeclosedCollateral" xlink:title="PurchaseOfForeclosedCollateral"/>
    <link:presentationArc xlink:type="arc" xlink:arcrole="http://www.xbrl.org/2003/arcrole/parent-child" xlink:from="CashFlowsFromUsedInInvestingActivitiesAbstract" xlink:to="PurchaseOfForeclosedCollateral" xlink:title="presentation: CashFlowsFromUsedInInvestingActivitiesAbstract to PurchaseOfForeclosedCollateral" order="29.2"/>
    <link:loc xlink:type="locator" xlink:href="../tifrs-scf-2014-03-31.xsd#tifrs-SCF_IncreaseInLoans" xlink:label="IncreaseInLoans" xlink:title="IncreaseInLoans"/>
    <link:presentationArc xlink:type="arc" xlink:arcrole="http://www.xbrl.org/2003/arcrole/parent-child" xlink:from="CashFlowsFromUsedInInvestingActivitiesAbstract" xlink:to="IncreaseInLoans" xlink:title="presentation: CashFlowsFromUsedInInvestingActivitiesAbstract to IncreaseInLoans" order="32.1"/>
    <link:loc xlink:type="locator" xlink:href="../tifrs-scf-2014-03-31.xsd#tifrs-SCF_DecreaseInLoans" xlink:label="DecreaseInLoans" xlink:title="DecreaseInLoans"/>
    <link:presentationArc xlink:type="arc" xlink:arcrole="http://www.xbrl.org/2003/arcrole/parent-child" xlink:from="CashFlowsFromUsedInInvestingActivitiesAbstract" xlink:to="DecreaseInLoans" xlink:title="presentation: CashFlowsFromUsedInInvestingActivitiesAbstract to DecreaseInLoans" order="32.2"/>
    <link:loc xlink:type="locator" xlink:href="../tifrs-scf-2014-03-31.xsd#tifrs-SCF_IncreaseInReceivables" xlink:label="IncreaseInReceivables" xlink:title="IncreaseInReceivables"/>
    <link:presentationArc xlink:type="arc" xlink:arcrole="http://www.xbrl.org/2003/arcrole/parent-child" xlink:from="CashFlowsFromUsedInInvestingActivitiesAbstract" xlink:to="IncreaseInReceivables" xlink:title="presentation: CashFlowsFromUsedInInvestingActivitiesAbstract to IncreaseInReceivables" order="34.1"/>
    <link:loc xlink:type="locator" xlink:href="../tifrs-scf-2014-03-31.xsd#tifrs-SCF_DecreaseInReceivables" xlink:label="DecreaseInReceivables" xlink:title="DecreaseInReceivables"/>
    <link:presentationArc xlink:type="arc" xlink:arcrole="http://www.xbrl.org/2003/arcrole/parent-child" xlink:from="CashFlowsFromUsedInInvestingActivitiesAbstract" xlink:to="DecreaseInReceivables" xlink:title="presentation: CashFlowsFromUsedInInvestingActivitiesAbstract to DecreaseInReceivables" order="34.2"/>
    <link:loc xlink:type="locator" xlink:href="../tifrs-scf-2014-03-31.xsd#tifrs-SCF_IncreaseInLongTermLeaseAndInstallmentReceivables" xlink:label="IncreaseInLongTermLeaseAndInstallmentReceivables" xlink:title="IncreaseInLongTermLeaseAndInstallmentReceivables"/>
    <link:presentationArc xlink:type="arc" xlink:arcrole="http://www.xbrl.org/2003/arcrole/parent-child" xlink:from="CashFlowsFromUsedInInvestingActivitiesAbstract" xlink:to="IncreaseInLongTermLeaseAndInstallmentReceivables" xlink:title="presentation: CashFlowsFromUsedInInvestingActivitiesAbstract to IncreaseInLongTermLeaseAndInstallmentReceivables" order="34.3" preferredLabel="http://www.xbrl.org/2003/role/verboseLabel"/>
    <link:loc xlink:type="locator" xlink:href="../tifrs-scf-2014-03-31.xsd#tifrs-SCF_DecreaseInLongTermLeaseAndInstallmentReceivables" xlink:label="DecreaseInLongTermLeaseAndInstallmentReceivables" xlink:title="DecreaseInLongTermLeaseAndInstallmentReceivables"/>
    <link:presentationArc xlink:type="arc" xlink:arcrole="http://www.xbrl.org/2003/arcrole/parent-child" xlink:from="CashFlowsFromUsedInInvestingActivitiesAbstract" xlink:to="DecreaseInLongTermLeaseAndInstallmentReceivables" xlink:title="presentation: CashFlowsFromUsedInInvestingActivitiesAbstract to DecreaseInLongTermLeaseAndInstallmentReceivables" order="34.4" preferredLabel="http://www.xbrl.org/2003/role/verboseLabel"/>
    <link:loc xlink:type="locator" xlink:href="../tifrs-scf-2014-03-31.xsd#tifrs-SCF_IncreaseInOtherAssets" xlink:label="IncreaseInOtherAssets" xlink:title="IncreaseInOtherAssets"/>
    <link:presentationArc xlink:type="arc" xlink:arcrole="http://www.xbrl.org/2003/arcrole/parent-child" xlink:from="CashFlowsFromUsedInInvestingActivitiesAbstract" xlink:to="IncreaseInOtherAssets" xlink:title="presentation: CashFlowsFromUsedInInvestingActivitiesAbstract to IncreaseInOtherAssets" order="38.1"/>
    <link:loc xlink:type="locator" xlink:href="../tifrs-scf-2014-03-31.xsd#tifrs-SCF_DecreaseInOtherAssets" xlink:label="DecreaseInOtherAssets" xlink:title="DecreaseInOtherAssets"/>
    <link:presentationArc xlink:type="arc" xlink:arcrole="http://www.xbrl.org/2003/arcrole/parent-child" xlink:from="CashFlowsFromUsedInInvestingActivitiesAbstract" xlink:to="DecreaseInOtherAssets" xlink:title="presentation: CashFlowsFromUsedInInvestingActivitiesAbstract to DecreaseInOtherAssets" order="38.2"/>
    <link:loc xlink:type="locator" xlink:href="../tifrs-scf-2014-03-31.xsd#tifrs-SCF_CompensationOnDisposalOfNonperformingLoans" xlink:label="CompensationOnDisposalOfNonperformingLoans" xlink:title="CompensationOnDisposalOfNonperformingLoans"/>
    <link:presentationArc xlink:type="arc" xlink:arcrole="http://www.xbrl.org/2003/arcrole/parent-child" xlink:from="CashFlowsFromUsedInInvestingActivitiesAbstract" xlink:to="CompensationOnDisposalOfNonperformingLoans" xlink:title="presentation: CashFlowsFromUsedInInvestingActivitiesAbstract to CompensationOnDisposalOfNonperformingLoans" order="34.5"/>
    <link:loc xlink:type="locator" xlink:href="../tifrs-scf-2014-03-31.xsd#tifrs-SCF_ProceedsFromDisposalOfNonperformingLoan" xlink:label="ProceedsFromDisposalOfNonperformingLoan" xlink:title="ProceedsFromDisposalOfNonperformingLoan"/>
    <link:presentationArc xlink:type="arc" xlink:arcrole="http://www.xbrl.org/2003/arcrole/parent-child" xlink:from="CashFlowsFromUsedInInvestingActivitiesAbstract" xlink:to="ProceedsFromDisposalOfNonperformingLoan" xlink:title="presentation: CashFlowsFromUsedInInvestingActivitiesAbstract to ProceedsFromDisposalOfNonperformingLoan" order="34.6"/>
    <link:loc xlink:type="locator" xlink:href="../tifrs-scf-2014-03-31.xsd#tifrs-SCF_BuybackOfNonperformingLoan" xlink:label="BuybackOfNonperformingLoan" xlink:title="BuybackOfNonperformingLoan"/>
    <link:presentationArc xlink:type="arc" xlink:arcrole="http://www.xbrl.org/2003/arcrole/parent-child" xlink:from="CashFlowsFromUsedInInvestingActivitiesAbstract" xlink:to="BuybackOfNonperformingLoan" xlink:title="presentation: CashFlowsFromUsedInInvestingActivitiesAbstract to BuybackOfNonperformingLoan" order="34.7"/>
    <link:loc xlink:type="locator" xlink:href="../../ifrs_20100430/ifrs-cor_2010-04-30.xsd#ifrs_CashFlowsFromUsedInFinancingActivitiesAbstract" xlink:label="CashFlowsFromUsedInFinancingActivitiesAbstract" xlink:title="CashFlowsFromUsedInFinancingActivitiesAbstract"/>
    <link:loc xlink:type="locator" xlink:href="../tifrs-scf-2014-03-31.xsd#tifrs-SCF_IncreaseInCommercialPapersPayable" xlink:label="IncreaseInCommercialPapersPayable" xlink:title="IncreaseInCommercialPapersPayable"/>
    <link:presentationArc xlink:type="arc" xlink:arcrole="http://www.xbrl.org/2003/arcrole/parent-child" xlink:from="CashFlowsFromUsedInFinancingActivitiesAbstract" xlink:to="IncreaseInCommercialPapersPayable" xlink:title="presentation: CashFlowsFromUsedInFinancingActivitiesAbstract to IncreaseInCommercialPapersPayable" order="2.1"/>
    <link:loc xlink:type="locator" xlink:href="../tifrs-scf-2014-03-31.xsd#tifrs-SCF_DecreaseInCommercialPapersPayable" xlink:label="DecreaseInCommercialPapersPayable" xlink:title="DecreaseInCommercialPapersPayable"/>
    <link:presentationArc xlink:type="arc" xlink:arcrole="http://www.xbrl.org/2003/arcrole/parent-child" xlink:from="CashFlowsFromUsedInFinancingActivitiesAbstract" xlink:to="DecreaseInCommercialPapersPayable" xlink:title="presentation: CashFlowsFromUsedInFinancingActivitiesAbstract to DecreaseInCommercialPapersPayable" order="2.2"/>
    <link:loc xlink:type="locator" xlink:href="../tifrs-scf-2014-03-31.xsd#tifrs-SCF_AcquisitionOfDerivativeFinancialAssetsForHedging-CashFlowsFromUsedInFinancingActivities" xlink:label="AcquisitionOfDerivativeFinancialAssetsForHedging-CashFlowsFromUsedInFinancingActivities" xlink:title="AcquisitionOfDerivativeFinancialAssetsForHedging-CashFlowsFromUsedInFinancingActivities"/>
    <link:presentationArc xlink:type="arc" xlink:arcrole="http://www.xbrl.org/2003/arcrole/parent-child" xlink:from="CashFlowsFromUsedInFinancingActivitiesAbstract" xlink:to="AcquisitionOfDerivativeFinancialAssetsForHedging-CashFlowsFromUsedInFinancingActivities" xlink:title="presentation: CashFlowsFromUsedInFinancingActivitiesAbstract to AcquisitionOfDerivativeFinancialAssetsForHedging-CashFlowsFromUsedInFinancingActivities" order="2.3" preferredLabel="http://www.xbrl.org/2003/role/verboseLabel"/>
    <link:loc xlink:type="locator" xlink:href="../tifrs-scf-2014-03-31.xsd#tifrs-SCF_ProceedsFromDisposalOfDerivativeFinancialAssetsForHedging-CashFlowsFromUsedInFinancingActivities" xlink:label="ProceedsFromDisposalOfDerivativeFinancialAssetsForHedging-CashFlowsFromUsedInFinancingActivities" xlink:title="ProceedsFromDisposalOfDerivativeFinancialAssetsForHedging-CashFlowsFromUsedInFinancingActivities"/>
    <link:presentationArc xlink:type="arc" xlink:arcrole="http://www.xbrl.org/2003/arcrole/parent-child" xlink:from="CashFlowsFromUsedInFinancingActivitiesAbstract" xlink:to="ProceedsFromDisposalOfDerivativeFinancialAssetsForHedging-CashFlowsFromUsedInFinancingActivities" xlink:title="presentation: CashFlowsFromUsedInFinancingActivitiesAbstract to ProceedsFromDisposalOfDerivativeFinancialAssetsForHedging-CashFlowsFromUsedInFinancingActivities" order="2.4" preferredLabel="http://www.xbrl.org/2003/role/verboseLabel"/>
    <link:loc xlink:type="locator" xlink:href="../tifrs-scf-2014-03-31.xsd#tifrs-SCF_IncreaseInNotesAndBondsIssuedUnderRepurchaseAgreement" xlink:label="IncreaseInNotesAndBondsIssuedUnderRepurchaseAgreement" xlink:title="IncreaseInNotesAndBondsIssuedUnderRepurchaseAgreement"/>
    <link:presentationArc xlink:type="arc" xlink:arcrole="http://www.xbrl.org/2003/arcrole/parent-child" xlink:from="CashFlowsFromUsedInFinancingActivitiesAbstract" xlink:to="IncreaseInNotesAndBondsIssuedUnderRepurchaseAgreement" xlink:title="presentation: CashFlowsFromUsedInFinancingActivitiesAbstract to IncreaseInNotesAndBondsIssuedUnderRepurchaseAgreement" order="4.1"/>
    <link:loc xlink:type="locator" xlink:href="../tifrs-scf-2014-03-31.xsd#tifrs-SCF_DecreaseInNotesAndBondsIssuedUnderRepurchaseAgreement" xlink:label="DecreaseInNotesAndBondsIssuedUnderRepurchaseAgreement" xlink:title="DecreaseInNotesAndBondsIssuedUnderRepurchaseAgreement"/>
    <link:presentationArc xlink:type="arc" xlink:arcrole="http://www.xbrl.org/2003/arcrole/parent-child" xlink:from="CashFlowsFromUsedInFinancingActivitiesAbstract" xlink:to="DecreaseInNotesAndBondsIssuedUnderRepurchaseAgreement" xlink:title="presentation: CashFlowsFromUsedInFinancingActivitiesAbstract to DecreaseInNotesAndBondsIssuedUnderRepurchaseAgreement" order="4.2"/>
    <link:loc xlink:type="locator" xlink:href="../tifrs-scf-2014-03-31.xsd#tifrs-SCF_IncreaseInFinancialLiabilitiesAtFairValueThroughProfitOrLossDesignatedAsUponInitialRecognition" xlink:label="IncreaseInFinancialLiabilitiesAtFairValueThroughProfitOrLossDesignatedAsUponInitialRecognition" xlink:title="IncreaseInFinancialLiabilitiesAtFairValueThroughProfitOrLossDesignatedAsUponInitialRecognition"/>
    <link:presentationArc xlink:type="arc" xlink:arcrole="http://www.xbrl.org/2003/arcrole/parent-child" xlink:from="CashFlowsFromUsedInFinancingActivitiesAbstract" xlink:to="IncreaseInFinancialLiabilitiesAtFairValueThroughProfitOrLossDesignatedAsUponInitialRecognition" xlink:title="presentation: CashFlowsFromUsedInFinancingActivitiesAbstract to IncreaseInFinancialLiabilitiesAtFairValueThroughProfitOrLossDesignatedAsUponInitialRecognition" order="4.3" preferredLabel="http://www.xbrl.org/2003/role/verboseLabel"/>
    <link:loc xlink:type="locator" xlink:href="../tifrs-scf-2014-03-31.xsd#tifrs-SCF_DecreaseInFinancialLiabilitiesAtFairValueThroughProfitOrLossDesignatedAsUponInitialRecognition" xlink:label="DecreaseInFinancialLiabilitiesAtFairValueThroughProfitOrLossDesignatedAsUponInitialRecognition" xlink:title="DecreaseInFinancialLiabilitiesAtFairValueThroughProfitOrLossDesignatedAsUponInitialRecognition"/>
    <link:presentationArc xlink:type="arc" xlink:arcrole="http://www.xbrl.org/2003/arcrole/parent-child" xlink:from="CashFlowsFromUsedInFinancingActivitiesAbstract" xlink:to="DecreaseInFinancialLiabilitiesAtFairValueThroughProfitOrLossDesignatedAsUponInitialRecognition" xlink:title="presentation: CashFlowsFromUsedInFinancingActivitiesAbstract to DecreaseInFinancialLiabilitiesAtFairValueThroughProfitOrLossDesignatedAsUponInitialRecognition" order="4.4" preferredLabel="http://www.xbrl.org/2003/role/verboseLabel"/>
    <link:loc xlink:type="locator" xlink:href="../tifrs-scf-2014-03-31.xsd#tifrs-SCF_IncreaseInReinsuranceLiabilityReserveReceived" xlink:label="IncreaseInReinsuranceLiabilityReserveReceived" xlink:title="IncreaseInReinsuranceLiabilityReserveReceived"/>
    <link:presentationArc xlink:type="arc" xlink:arcrole="http://www.xbrl.org/2003/arcrole/parent-child" xlink:from="CashFlowsFromUsedInFinancingActivitiesAbstract" xlink:to="IncreaseInReinsuranceLiabilityReserveReceived" xlink:title="presentation: CashFlowsFromUsedInFinancingActivitiesAbstract to IncreaseInReinsuranceLiabilityReserveReceived" order="11.1"/>
    <link:loc xlink:type="locator" xlink:href="../tifrs-scf-2014-03-31.xsd#tifrs-SCF_DecreaseInReinsuranceLiabilityReserveReceived" xlink:label="DecreaseInReinsuranceLiabilityReserveReceived" xlink:title="DecreaseInReinsuranceLiabilityReserveReceived"/>
    <link:presentationArc xlink:type="arc" xlink:arcrole="http://www.xbrl.org/2003/arcrole/parent-child" xlink:from="CashFlowsFromUsedInFinancingActivitiesAbstract" xlink:to="DecreaseInReinsuranceLiabilityReserveReceived" xlink:title="presentation: CashFlowsFromUsedInFinancingActivitiesAbstract to DecreaseInReinsuranceLiabilityReserveReceived" order="11.2"/>
    <link:loc xlink:type="locator" xlink:href="../tifrs-scf-2014-03-31.xsd#tifrs-SCF_IncreaseInPayables" xlink:label="IncreaseInPayables" xlink:title="IncreaseInPayables"/>
    <link:presentationArc xlink:type="arc" xlink:arcrole="http://www.xbrl.org/2003/arcrole/parent-child" xlink:from="CashFlowsFromUsedInFinancingActivitiesAbstract" xlink:to="IncreaseInPayables" xlink:title="presentation: CashFlowsFromUsedInFinancingActivitiesAbstract to IncreaseInPayables" order="11.3"/>
    <link:loc xlink:type="locator" xlink:href="../tifrs-scf-2014-03-31.xsd#tifrs-SCF_DecreaseInPayables" xlink:label="DecreaseInPayables" xlink:title="DecreaseInPayables"/>
    <link:presentationArc xlink:type="arc" xlink:arcrole="http://www.xbrl.org/2003/arcrole/parent-child" xlink:from="CashFlowsFromUsedInFinancingActivitiesAbstract" xlink:to="DecreaseInPayables" xlink:title="presentation: CashFlowsFromUsedInFinancingActivitiesAbstract to DecreaseInPayables" order="11.4"/>
    <link:loc xlink:type="locator" xlink:href="../tifrs-scf-2014-03-31.xsd#tifrs-SCF_IncreaseInLeasePayable" xlink:label="IncreaseInLeasePayable" xlink:title="IncreaseInLeasePayable"/>
    <link:presentationArc xlink:type="arc" xlink:arcrole="http://www.xbrl.org/2003/arcrole/parent-child" xlink:from="CashFlowsFromUsedInFinancingActivitiesAbstract" xlink:to="IncreaseInLeasePayable" xlink:title="presentation: CashFlowsFromUsedInFinancingActivitiesAbstract to IncreaseInLeasePayable" order="13.1"/>
    <link:loc xlink:type="locator" xlink:href="../tifrs-scf-2014-03-31.xsd#tifrs-SCF_DecreaseInLeasePayable" xlink:label="DecreaseInLeasePayable" xlink:title="DecreaseInLeasePayable"/>
    <link:presentationArc xlink:type="arc" xlink:arcrole="http://www.xbrl.org/2003/arcrole/parent-child" xlink:from="CashFlowsFromUsedInFinancingActivitiesAbstract" xlink:to="DecreaseInLeasePayable" xlink:title="presentation: CashFlowsFromUsedInFinancingActivitiesAbstract to DecreaseInLeasePayable" order="13.2"/>
    <link:loc xlink:type="locator" xlink:href="../tifrs-scf-2014-03-31.xsd#tifrs-SCF_IncreaseInOtherLiabilities" xlink:label="IncreaseInOtherLiabilities" xlink:title="IncreaseInOtherLiabilities"/>
    <link:presentationArc xlink:type="arc" xlink:arcrole="http://www.xbrl.org/2003/arcrole/parent-child" xlink:from="CashFlowsFromUsedInFinancingActivitiesAbstract" xlink:to="IncreaseInOtherLiabilities" xlink:title="presentation: CashFlowsFromUsedInFinancingActivitiesAbstract to IncreaseInOtherLiabilities" order="15.1" preferredLabel="http://www.xbrl.org/2003/role/verboseLabel"/>
    <link:loc xlink:type="locator" xlink:href="../tifrs-scf-2014-03-31.xsd#tifrs-SCF_DecreaseInOtherLiabilities" xlink:label="DecreaseInOtherLiabilities" xlink:title="DecreaseInOtherLiabilities"/>
    <link:presentationArc xlink:type="arc" xlink:arcrole="http://www.xbrl.org/2003/arcrole/parent-child" xlink:from="CashFlowsFromUsedInFinancingActivitiesAbstract" xlink:to="DecreaseInOtherLiabilities" xlink:title="presentation: CashFlowsFromUsedInFinancingActivitiesAbstract to DecreaseInOtherLiabilities" order="15.2" preferredLabel="http://www.xbrl.org/2003/role/verboseLabel"/>
    <link:loc xlink:type="locator" xlink:href="../../ifrs_20100430/ifrs-cor_2010-04-30.xsd#ifrs_InterestPaidClassifiedAsFinancingActivities" xlink:label="InterestPaidClassifiedAsFinancingActivities" xlink:title="InterestPaidClassifiedAsFinancingActivities"/>
    <link:presentationArc xlink:type="arc" xlink:arcrole="http://www.xbrl.org/2003/arcrole/parent-child" xlink:from="CashFlowsFromUsedInFinancingActivitiesAbstract" xlink:to="InterestPaidClassifiedAsFinancingActivities" xlink:title="presentation: CashFlowsFromUsedInFinancingActivitiesAbstract to InterestPaidClassifiedAsFinancingActivities" order="26.1"/>
  </link:presentationLink>
</link:linkbase>
