<?xml version="1.0" encoding="UTF-8"?>
<!-- Generated by Fujitsu XWand B0184C -->
<link:linkbase xmlns:xsi="http://www.w3.org/2001/XMLSchema-instance" xsi:schemaLocation="http://www.xbrl.org/2003/linkbase http://www.xbrl.org/2003/xbrl-linkbase-2003-12-31.xsd" xmlns:link="http://www.xbrl.org/2003/linkbase" xmlns:xbrli="http://www.xbrl.org/2003/instance" xmlns:xlink="http://www.w3.org/1999/xlink" xmlns:xbrldt="http://xbrl.org/2005/xbrldt">
  <link:roleRef roleURI="http://www.xbrl.org/tifrs/fr/role/BalanceSheet" xlink:type="simple" xlink:href="../../../BSCI/tifrs-bsci-bd-2013-03-31.xsd#RT_1"/>
  <link:roleRef roleURI="http://www.xbrl.org/tifrs/fr/role/StatementOfCashFlows" xlink:type="simple" xlink:href="../../../SCF/tifrs-scf-2013-03-31.xsd#RT_1"/>
  <link:roleRef roleURI="http://www.xbrl.org/tifrs/notes/role/RestrictionsOnFinancialRatio" xlink:type="simple" xlink:href="tifrs-bd-ir-2013-03-31.xsd#RT_1"/>
  <link:roleRef roleURI="http://www.xbrl.org/tifrs/fr/role/StatementOfComprehensiveIncome" xlink:type="simple" xlink:href="../../../BSCI/tifrs-bsci-bd-2013-03-31.xsd#RT_2"/>
  <link:presentationLink xlink:type="extended" xlink:role="http://www.xbrl.org/tifrs/fr/role/BalanceSheet">
    <link:loc xlink:type="locator" xlink:href="../../../ifrs_20100430/ifrs-cor_2010-04-30.xsd#ifrs_EquityAndLiabilitiesAbstract" xlink:label="EquityAndLiabilitiesAbstract" xlink:title="EquityAndLiabilitiesAbstract"/>
    <link:loc xlink:type="locator" xlink:href="../../../ifrs_20100430/ifrs-cor_2010-04-30.xsd#ifrs_LiabilitiesAbstract" xlink:label="LiabilitiesAbstract" xlink:title="LiabilitiesAbstract"/>
    <link:presentationArc xlink:type="arc" xlink:arcrole="http://www.xbrl.org/2003/arcrole/parent-child" xlink:from="EquityAndLiabilitiesAbstract" xlink:to="LiabilitiesAbstract" xlink:title="presentation: EquityAndLiabilitiesAbstract to LiabilitiesAbstract" order="1.0"/>
    <link:loc xlink:type="locator" xlink:href="../../../ifrs_20100430/ifrs-cor_2010-04-30.xsd#ifrs_EquityAbstract" xlink:label="EquityAbstract" xlink:title="EquityAbstract"/>
    <link:presentationArc xlink:type="arc" xlink:arcrole="http://www.xbrl.org/2003/arcrole/parent-child" xlink:from="EquityAndLiabilitiesAbstract" xlink:to="EquityAbstract" xlink:title="presentation: EquityAndLiabilitiesAbstract to EquityAbstract" order="2.0"/>
    <link:loc xlink:type="locator" xlink:href="../../../BSCI/tifrs-bsci-bd-2013-03-31.xsd#tifrs-bsci-bd_CapitalStockAbstract" xlink:label="CapitalStockAbstract" xlink:title="CapitalStockAbstract"/>
    <link:presentationArc xlink:type="arc" xlink:arcrole="http://www.xbrl.org/2003/arcrole/parent-child" xlink:from="EquityAbstract" xlink:to="CapitalStockAbstract" xlink:title="presentation: EquityAbstract to CapitalStockAbstract" order="1.0"/>
    <link:loc xlink:type="locator" xlink:href="../../../BSCI/tifrs-bsci-bd-2013-03-31.xsd#tifrs-bsci-bd_CapitalSurplusAbstract" xlink:label="CapitalSurplusAbstract" xlink:title="CapitalSurplusAbstract"/>
    <link:presentationArc xlink:type="arc" xlink:arcrole="http://www.xbrl.org/2003/arcrole/parent-child" xlink:from="EquityAbstract" xlink:to="CapitalSurplusAbstract" xlink:title="presentation: EquityAbstract to CapitalSurplusAbstract" order="2.0"/>
    <link:loc xlink:type="locator" xlink:href="../../../BSCI/tifrs-bsci-bd-2013-03-31.xsd#tifrs-bsci-bd_RetainedEarningsOrAccumulatedDeficitAbstract" xlink:label="RetainedEarningsOrAccumulatedDeficitAbstract" xlink:title="RetainedEarningsOrAccumulatedDeficitAbstract"/>
    <link:presentationArc xlink:type="arc" xlink:arcrole="http://www.xbrl.org/2003/arcrole/parent-child" xlink:from="EquityAbstract" xlink:to="RetainedEarningsOrAccumulatedDeficitAbstract" xlink:title="presentation: EquityAbstract to RetainedEarningsOrAccumulatedDeficitAbstract" order="3.0"/>
    <link:loc xlink:type="locator" xlink:href="../../../BSCI/tifrs-bsci-bd-2013-03-31.xsd#tifrs-bsci-bd_OtherEquityInterestAbstract" xlink:label="OtherEquityInterestAbstract" xlink:title="OtherEquityInterestAbstract"/>
    <link:presentationArc xlink:type="arc" xlink:arcrole="http://www.xbrl.org/2003/arcrole/parent-child" xlink:from="EquityAbstract" xlink:to="OtherEquityInterestAbstract" xlink:title="presentation: EquityAbstract to OtherEquityInterestAbstract" order="4.0"/>
    <link:loc xlink:type="locator" xlink:href="../../../ifrs_20100430/ifrs-cor_2010-04-30.xsd#ifrs_TreasuryShares" xlink:label="TreasuryShares" xlink:title="TreasuryShares"/>
    <link:presentationArc xlink:type="arc" xlink:arcrole="http://www.xbrl.org/2003/arcrole/parent-child" xlink:from="EquityAbstract" xlink:to="TreasuryShares" xlink:title="presentation: EquityAbstract to TreasuryShares" order="5.0"/>
    <link:loc xlink:type="locator" xlink:href="../../../ifrs_20100430/ifrs-cor_2010-04-30.xsd#ifrs_Equity" xlink:label="Equity" xlink:title="Equity"/>
    <link:presentationArc xlink:type="arc" xlink:arcrole="http://www.xbrl.org/2003/arcrole/parent-child" xlink:from="EquityAbstract" xlink:to="Equity" xlink:title="presentation: EquityAbstract to Equity" order="8.0" preferredLabel="http://www.xbrl.org/2003/role/totalLabel"/>
    <link:loc xlink:type="locator" xlink:href="../../../BSCI/tifrs-bsci-bd-2013-03-31.xsd#tifrs-bsci-bd_EquityAttributableToFomerOwnerOofBusinessCombinationUnderCommonControl" xlink:label="EquityAttributableToFomerOwnerOofBusinessCombinationUnderCommonControl" xlink:title="EquityAttributableToFomerOwnerOofBusinessCombinationUnderCommonControl"/>
    <link:presentationArc xlink:type="arc" xlink:arcrole="http://www.xbrl.org/2003/arcrole/parent-child" xlink:from="EquityAbstract" xlink:to="EquityAttributableToFomerOwnerOofBusinessCombinationUnderCommonControl" xlink:title="presentation: EquityAbstract to EquityAttributableToFomerOwnerOofBusinessCombinationUnderCommonControl" order="6.0"/>
    <link:loc xlink:type="locator" xlink:href="../../../BSCI/tifrs-bsci-bd-2013-03-31.xsd#tifrs-bsci-bd_EquityAttributableToNoncontrollingInterestBeforeBusinessCombinationUnderCommonControl" xlink:label="EquityAttributableToNoncontrollingInterestBeforeBusinessCombinationUnderCommonControl" xlink:title="EquityAttributableToNoncontrollingInterestBeforeBusinessCombinationUnderCommonControl"/>
    <link:presentationArc xlink:type="arc" xlink:arcrole="http://www.xbrl.org/2003/arcrole/parent-child" xlink:from="EquityAbstract" xlink:to="EquityAttributableToNoncontrollingInterestBeforeBusinessCombinationUnderCommonControl" xlink:title="presentation: EquityAbstract to EquityAttributableToNoncontrollingInterestBeforeBusinessCombinationUnderCommonControl" order="7.0"/>
    <link:loc xlink:type="locator" xlink:href="../../../ifrs_20100430/ifrs-cor_2010-04-30.xsd#ifrs_EquityAndLiabilities" xlink:label="EquityAndLiabilities" xlink:title="EquityAndLiabilities"/>
    <link:presentationArc xlink:type="arc" xlink:arcrole="http://www.xbrl.org/2003/arcrole/parent-child" xlink:from="EquityAndLiabilitiesAbstract" xlink:to="EquityAndLiabilities" xlink:title="presentation: EquityAndLiabilitiesAbstract to EquityAndLiabilities" order="3.0" preferredLabel="http://www.xbrl.org/2003/role/totalLabel"/>
    <link:loc xlink:type="locator" xlink:href="../../../BSCI/tifrs-bsci-bd-2013-03-31.xsd#tifrs-bsci-bd_EquivalentIssueSharesOfAdvanceReceiptsForCommonStock" xlink:label="EquivalentIssueSharesOfAdvanceReceiptsForCommonStock" xlink:title="EquivalentIssueSharesOfAdvanceReceiptsForCommonStock"/>
    <link:presentationArc xlink:type="arc" xlink:arcrole="http://www.xbrl.org/2003/arcrole/parent-child" xlink:from="EquityAndLiabilitiesAbstract" xlink:to="EquivalentIssueSharesOfAdvanceReceiptsForCommonStock" xlink:title="presentation: EquityAndLiabilitiesAbstract to EquivalentIssueSharesOfAdvanceReceiptsForCommonStock" order="4.0"/>
    <link:loc xlink:type="locator" xlink:href="../../../BSCI/tifrs-bsci-bd-2013-03-31.xsd#tifrs-bsci-bd_NumberOfSharesInEntityHeldByEntityAndByItsSubsidiaries" xlink:label="NumberOfSharesInEntityHeldByEntityAndByItsSubsidiaries" xlink:title="NumberOfSharesInEntityHeldByEntityAndByItsSubsidiaries"/>
    <link:presentationArc xlink:type="arc" xlink:arcrole="http://www.xbrl.org/2003/arcrole/parent-child" xlink:from="EquityAndLiabilitiesAbstract" xlink:to="NumberOfSharesInEntityHeldByEntityAndByItsSubsidiaries" xlink:title="presentation: EquityAndLiabilitiesAbstract to NumberOfSharesInEntityHeldByEntityAndByItsSubsidiaries" order="5.0"/>
  </link:presentationLink>
  <link:presentationLink xlink:type="extended" xlink:role="http://www.xbrl.org/tifrs/fr/role/StatementOfComprehensiveIncome">
    <link:loc xlink:type="locator" xlink:href="../../../ifrs_20100430/ifrs-cor_2010-04-30.xsd#ifrs_StatementOfComprehensiveIncomeAbstract" xlink:label="StatementOfComprehensiveIncomeAbstract" xlink:title="StatementOfComprehensiveIncomeAbstract"/>
    <link:loc xlink:type="locator" xlink:href="../../../BSCI/tifrs-bsci-bd-2013-03-31.xsd#tifrs-bsci-bd_ProfitLossAttributableToNoncontrollingInterestsBeforeBusinessCombinationUnderCommonControl" xlink:label="ProfitLossAttributableToNoncontrollingInterestsBeforeBusinessCombinationUnderCommonControl" xlink:title="ProfitLossAttributableToNoncontrollingInterestsBeforeBusinessCombinationUnderCommonControl"/>
    <link:presentationArc xlink:type="arc" xlink:arcrole="http://www.xbrl.org/2003/arcrole/parent-child" xlink:from="StatementOfComprehensiveIncomeAbstract" xlink:to="ProfitLossAttributableToNoncontrollingInterestsBeforeBusinessCombinationUnderCommonControl" xlink:title="presentation: StatementOfComprehensiveIncomeAbstract to ProfitLossAttributableToNoncontrollingInterestsBeforeBusinessCombinationUnderCommonControl" order="7.1"/>
    <link:loc xlink:type="locator" xlink:href="../../../BSCI/tifrs-bsci-bd-2013-03-31.xsd#tifrs-bsci-bd_ComprehensiveIncomeAttributableToNoncontrollingInterestsBeforeBusinessCombinationUnderCommonControl" xlink:label="ComprehensiveIncomeAttributableToNoncontrollingInterestsBeforeBusinessCombinationUnderCommonControl" xlink:title="ComprehensiveIncomeAttributableToNoncontrollingInterestsBeforeBusinessCombinationUnderCommonControl"/>
    <link:presentationArc xlink:type="arc" xlink:arcrole="http://www.xbrl.org/2003/arcrole/parent-child" xlink:from="StatementOfComprehensiveIncomeAbstract" xlink:to="ComprehensiveIncomeAttributableToNoncontrollingInterestsBeforeBusinessCombinationUnderCommonControl" xlink:title="presentation: StatementOfComprehensiveIncomeAbstract to ComprehensiveIncomeAttributableToNoncontrollingInterestsBeforeBusinessCombinationUnderCommonControl" order="9.1"/>
  </link:presentationLink>
  <link:presentationLink xlink:type="extended" xlink:role="http://www.xbrl.org/tifrs/fr/role/StatementOfCashFlows">
    <link:loc xlink:type="locator" xlink:href="../../../SCF/tifrs-scf-2013-03-31.xsd#tifrs-SCF_AdjustmentsToReconcileProfitLossAbstract" xlink:label="AdjustmentsToReconcileProfitLossAbstract" xlink:title="AdjustmentsToReconcileProfitLossAbstract"/>
    <link:loc xlink:type="locator" xlink:href="../../../SCF/tifrs-scf-2013-03-31.xsd#tifrs-SCF_ShareOfLossProfitOfAssociatesAndJointVenturesAccountedForUsingEquityMethod" xlink:label="ShareOfLossProfitOfAssociatesAndJointVenturesAccountedForUsingEquityMethod" xlink:title="ShareOfLossProfitOfAssociatesAndJointVenturesAccountedForUsingEquityMethod"/>
    <link:presentationArc xlink:type="arc" xlink:arcrole="http://www.xbrl.org/2003/arcrole/parent-child" xlink:from="AdjustmentsToReconcileProfitLossAbstract" xlink:to="ShareOfLossProfitOfAssociatesAndJointVenturesAccountedForUsingEquityMethod" xlink:title="presentation: AdjustmentsToReconcileProfitLossAbstract to ShareOfLossProfitOfAssociatesAndJointVenturesAccountedForUsingEquityMethod" order="10.1"/>
  </link:presentationLink>
  <link:presentationLink xlink:type="extended" xlink:role="http://www.xbrl.org/tifrs/notes/role/RestrictionsOnFinancialRatio">
    <link:loc xlink:type="locator" xlink:href="../../../NOTES/tifrs-notes-2013-03-31.xsd#tifrs-notes_RestrictionsOnFinancialRatioAbstractMember" xlink:label="RestrictionsOnFinancialRatioAbstractMember" xlink:title="RestrictionsOnFinancialRatioAbstractMember"/>
    <link:loc xlink:type="locator" xlink:href="../../../NOTES/tifrs-notes-2013-03-31.xsd#tifrs-notes_TableLabelItemList-RestrictionsOnFinancialRatioAbstractMember" xlink:label="TableLabelItemList-RestrictionsOnFinancialRatioAbstractMember" xlink:title="TableLabelItemList-RestrictionsOnFinancialRatioAbstractMember"/>
    <link:presentationArc xlink:type="arc" xlink:arcrole="http://www.xbrl.org/2003/arcrole/parent-child" xlink:from="RestrictionsOnFinancialRatioAbstractMember" xlink:to="TableLabelItemList-RestrictionsOnFinancialRatioAbstractMember" xlink:title="presentation: RestrictionsOnFinancialRatioAbstractMember to TableLabelItemList-RestrictionsOnFinancialRatioAbstractMember" order="1.0"/>
    <link:loc xlink:type="locator" xlink:href="../../../NOTES/tifrs-notes-2013-03-31.xsd#tifrs-notes_TableFieldTitleStructure-RestrictionsOnFinancialRatioMember" xlink:label="TableFieldTitleStructure-RestrictionsOnFinancialRatioMember" xlink:title="TableFieldTitleStructure-RestrictionsOnFinancialRatioMember"/>
    <link:presentationArc xlink:type="arc" xlink:arcrole="http://www.xbrl.org/2003/arcrole/parent-child" xlink:from="TableLabelItemList-RestrictionsOnFinancialRatioAbstractMember" xlink:to="TableFieldTitleStructure-RestrictionsOnFinancialRatioMember" xlink:title="presentation: TableLabelItemList-RestrictionsOnFinancialRatioAbstractMember to TableFieldTitleStructure-RestrictionsOnFinancialRatioMember" order="1.0" xbrldt:contextElement="scenario"/>
    <link:loc xlink:type="locator" xlink:href="../../../NOTES/tifrs-notes-2013-03-31.xsd#tifrs-notes_RestrictionsOnFinancialRatioDimensionMember" xlink:label="RestrictionsOnFinancialRatioDimensionMember" xlink:title="RestrictionsOnFinancialRatioDimensionMember"/>
    <link:presentationArc xlink:type="arc" xlink:arcrole="http://www.xbrl.org/2003/arcrole/parent-child" xlink:from="TableFieldTitleStructure-RestrictionsOnFinancialRatioMember" xlink:to="RestrictionsOnFinancialRatioDimensionMember" xlink:title="presentation: TableFieldTitleStructure-RestrictionsOnFinancialRatioMember to RestrictionsOnFinancialRatioDimensionMember" order="1.0"/>
    <link:loc xlink:type="locator" xlink:href="../../../NOTES/tifrs-notes-2013-03-31.xsd#tifrs-notes_CurrentPeriodAbstractMember" xlink:label="CurrentPeriodAbstractMember" xlink:title="CurrentPeriodAbstractMember"/>
    <link:presentationArc xlink:type="arc" xlink:arcrole="http://www.xbrl.org/2003/arcrole/parent-child" xlink:from="RestrictionsOnFinancialRatioDimensionMember" xlink:to="CurrentPeriodAbstractMember" xlink:title="presentation: RestrictionsOnFinancialRatioDimensionMember to CurrentPeriodAbstractMember" order="1.0"/>
    <link:loc xlink:type="locator" xlink:href="../../../NOTES/tifrs-notes-2013-03-31.xsd#tifrs-notes_Numerator-CurrentPeriodMember" xlink:label="Numerator-CurrentPeriodMember" xlink:title="Numerator-CurrentPeriodMember"/>
    <link:presentationArc xlink:type="arc" xlink:arcrole="http://www.xbrl.org/2003/arcrole/parent-child" xlink:from="CurrentPeriodAbstractMember" xlink:to="Numerator-CurrentPeriodMember" xlink:title="presentation: CurrentPeriodAbstractMember to Numerator-CurrentPeriodMember" order="1.0"/>
    <link:loc xlink:type="locator" xlink:href="../../../NOTES/tifrs-notes-2013-03-31.xsd#tifrs-notes_Denominator-CurrentPeriodMember" xlink:label="Denominator-CurrentPeriodMember" xlink:title="Denominator-CurrentPeriodMember"/>
    <link:presentationArc xlink:type="arc" xlink:arcrole="http://www.xbrl.org/2003/arcrole/parent-child" xlink:from="CurrentPeriodAbstractMember" xlink:to="Denominator-CurrentPeriodMember" xlink:title="presentation: CurrentPeriodAbstractMember to Denominator-CurrentPeriodMember" order="2.0"/>
    <link:loc xlink:type="locator" xlink:href="../../../NOTES/tifrs-notes-2013-03-31.xsd#tifrs-notes_Ratio-CurrentPeriodMember" xlink:label="Ratio-CurrentPeriodMember" xlink:title="Ratio-CurrentPeriodMember"/>
    <link:presentationArc xlink:type="arc" xlink:arcrole="http://www.xbrl.org/2003/arcrole/parent-child" xlink:from="CurrentPeriodAbstractMember" xlink:to="Ratio-CurrentPeriodMember" xlink:title="presentation: CurrentPeriodAbstractMember to Ratio-CurrentPeriodMember" order="3.0"/>
    <link:loc xlink:type="locator" xlink:href="../../../NOTES/tifrs-notes-2013-03-31.xsd#tifrs-notes_PriorPeriodAbstractMember" xlink:label="PriorPeriodAbstractMember" xlink:title="PriorPeriodAbstractMember"/>
    <link:presentationArc xlink:type="arc" xlink:arcrole="http://www.xbrl.org/2003/arcrole/parent-child" xlink:from="RestrictionsOnFinancialRatioDimensionMember" xlink:to="PriorPeriodAbstractMember" xlink:title="presentation: RestrictionsOnFinancialRatioDimensionMember to PriorPeriodAbstractMember" order="2.0"/>
    <link:loc xlink:type="locator" xlink:href="../../../NOTES/tifrs-notes-2013-03-31.xsd#tifrs-notes_Numerator-PriorPeriodMember" xlink:label="Numerator-PriorPeriodMember" xlink:title="Numerator-PriorPeriodMember"/>
    <link:presentationArc xlink:type="arc" xlink:arcrole="http://www.xbrl.org/2003/arcrole/parent-child" xlink:from="PriorPeriodAbstractMember" xlink:to="Numerator-PriorPeriodMember" xlink:title="presentation: PriorPeriodAbstractMember to Numerator-PriorPeriodMember" order="1.0"/>
    <link:loc xlink:type="locator" xlink:href="../../../NOTES/tifrs-notes-2013-03-31.xsd#tifrs-notes_Denominator-PriorPeriodMember" xlink:label="Denominator-PriorPeriodMember" xlink:title="Denominator-PriorPeriodMember"/>
    <link:presentationArc xlink:type="arc" xlink:arcrole="http://www.xbrl.org/2003/arcrole/parent-child" xlink:from="PriorPeriodAbstractMember" xlink:to="Denominator-PriorPeriodMember" xlink:title="presentation: PriorPeriodAbstractMember to Denominator-PriorPeriodMember" order="2.0"/>
    <link:loc xlink:type="locator" xlink:href="../../../NOTES/tifrs-notes-2013-03-31.xsd#tifrs-notes_Ratio-PriorPeriodMember" xlink:label="Ratio-PriorPeriodMember" xlink:title="Ratio-PriorPeriodMember"/>
    <link:presentationArc xlink:type="arc" xlink:arcrole="http://www.xbrl.org/2003/arcrole/parent-child" xlink:from="PriorPeriodAbstractMember" xlink:to="Ratio-PriorPeriodMember" xlink:title="presentation: PriorPeriodAbstractMember to Ratio-PriorPeriodMember" order="3.0"/>
    <link:loc xlink:type="locator" xlink:href="../../../NOTES/tifrs-notes-2013-03-31.xsd#tifrs-notes_CriteriaMember" xlink:label="CriteriaMember" xlink:title="CriteriaMember"/>
    <link:presentationArc xlink:type="arc" xlink:arcrole="http://www.xbrl.org/2003/arcrole/parent-child" xlink:from="RestrictionsOnFinancialRatioDimensionMember" xlink:to="CriteriaMember" xlink:title="presentation: RestrictionsOnFinancialRatioDimensionMember to CriteriaMember" order="3.0"/>
    <link:loc xlink:type="locator" xlink:href="../../../NOTES/tifrs-notes-2013-03-31.xsd#tifrs-notes_EnforcementMember" xlink:label="EnforcementMember" xlink:title="EnforcementMember"/>
    <link:presentationArc xlink:type="arc" xlink:arcrole="http://www.xbrl.org/2003/arcrole/parent-child" xlink:from="RestrictionsOnFinancialRatioDimensionMember" xlink:to="EnforcementMember" xlink:title="presentation: RestrictionsOnFinancialRatioDimensionMember to EnforcementMember" order="4.0"/>
    <link:loc xlink:type="locator" xlink:href="../../../NOTES/tifrs-notes-2013-03-31.xsd#tifrs-notes_ArticleAndCalculationFormulaAbstractMember" xlink:label="ArticleAndCalculationFormulaAbstractMember" xlink:title="ArticleAndCalculationFormulaAbstractMember"/>
    <link:presentationArc xlink:type="arc" xlink:arcrole="http://www.xbrl.org/2003/arcrole/parent-child" xlink:from="TableLabelItemList-RestrictionsOnFinancialRatioAbstractMember" xlink:to="ArticleAndCalculationFormulaAbstractMember" xlink:title="presentation: TableLabelItemList-RestrictionsOnFinancialRatioAbstractMember to ArticleAndCalculationFormulaAbstractMember" order="2.0"/>
    <link:loc xlink:type="locator" xlink:href="../../../NOTES/tifrs-notes-2013-03-31.xsd#tifrs-notes_Article17AndNumeratorShareholdersEquityDenominatorTotalLiabilitiesFuturesTradersEquityMember" xlink:label="Article17AndNumeratorShareholdersEquityDenominatorTotalLiabilitiesFuturesTradersEquityMember" xlink:title="Article17AndNumeratorShareholdersEquityDenominatorTotalLiabilitiesFuturesTradersEquityMember"/>
    <link:presentationArc xlink:type="arc" xlink:arcrole="http://www.xbrl.org/2003/arcrole/parent-child" xlink:from="ArticleAndCalculationFormulaAbstractMember" xlink:to="Article17AndNumeratorShareholdersEquityDenominatorTotalLiabilitiesFuturesTradersEquityMember" xlink:title="presentation: ArticleAndCalculationFormulaAbstractMember to Article17AndNumeratorShareholdersEquityDenominatorTotalLiabilitiesFuturesTradersEquityMember" order="1.0"/>
    <link:loc xlink:type="locator" xlink:href="../../../NOTES/tifrs-notes-2013-03-31.xsd#tifrs-notes_Article17AndNumeratorCurrentAssetsDenominatorCurrentLiabilitiesMember" xlink:label="Article17AndNumeratorCurrentAssetsDenominatorCurrentLiabilitiesMember" xlink:title="Article17AndNumeratorCurrentAssetsDenominatorCurrentLiabilitiesMember"/>
    <link:presentationArc xlink:type="arc" xlink:arcrole="http://www.xbrl.org/2003/arcrole/parent-child" xlink:from="ArticleAndCalculationFormulaAbstractMember" xlink:to="Article17AndNumeratorCurrentAssetsDenominatorCurrentLiabilitiesMember" xlink:title="presentation: ArticleAndCalculationFormulaAbstractMember to Article17AndNumeratorCurrentAssetsDenominatorCurrentLiabilitiesMember" order="2.0"/>
    <link:loc xlink:type="locator" xlink:href="../../../NOTES/tifrs-notes-2013-03-31.xsd#tifrs-notes_Article22AndNumeratorShareholdersEquityDenominatorMinimumPaid-inCapitalMember" xlink:label="Article22AndNumeratorShareholdersEquityDenominatorMinimumPaid-inCapitalMember" xlink:title="Article22AndNumeratorShareholdersEquityDenominatorMinimumPaid-inCapitalMember"/>
    <link:presentationArc xlink:type="arc" xlink:arcrole="http://www.xbrl.org/2003/arcrole/parent-child" xlink:from="ArticleAndCalculationFormulaAbstractMember" xlink:to="Article22AndNumeratorShareholdersEquityDenominatorMinimumPaid-inCapitalMember" xlink:title="presentation: ArticleAndCalculationFormulaAbstractMember to Article22AndNumeratorShareholdersEquityDenominatorMinimumPaid-inCapitalMember" order="3.0"/>
    <link:loc xlink:type="locator" xlink:href="../../../NOTES/tifrs-notes-2013-03-31.xsd#tifrs-notes_Article22AndNumeratorAdjustedNetCapitalDenominatorTotalMarginDepositsRequiredForFuturesTradersOnUnoffsetPositionMember" xlink:label="Article22AndNumeratorAdjustedNetCapitalDenominatorTotalMarginDepositsRequiredForFuturesTradersOnUnoffsetPositionMember" xlink:title="Article22AndNumeratorAdjustedNetCapitalDenominatorTotalMarginDepositsRequiredForFuturesTradersOnUnoffsetPositionMember"/>
    <link:presentationArc xlink:type="arc" xlink:arcrole="http://www.xbrl.org/2003/arcrole/parent-child" xlink:from="ArticleAndCalculationFormulaAbstractMember" xlink:to="Article22AndNumeratorAdjustedNetCapitalDenominatorTotalMarginDepositsRequiredForFuturesTradersOnUnoffsetPositionMember" xlink:title="presentation: ArticleAndCalculationFormulaAbstractMember to Article22AndNumeratorAdjustedNetCapitalDenominatorTotalMarginDepositsRequiredForFuturesTradersOnUnoffsetPositionMember" order="4.0"/>
  </link:presentationLink>
</link:linkbase>
