<?xml version="1.0" encoding="UTF-8"?>
<!-- Generated by Fujitsu XWand B0184C -->
<link:linkbase xmlns:xsi="http://www.w3.org/2001/XMLSchema-instance" xsi:schemaLocation="http://www.xbrl.org/2003/linkbase http://www.xbrl.org/2003/xbrl-linkbase-2003-12-31.xsd" xmlns:tifrs-ar="http://www.xbrl.org/tifrs/ar/2013-03-31" xmlns:link="http://www.xbrl.org/2003/linkbase" xmlns:xbrli="http://www.xbrl.org/2003/instance" xmlns:xlink="http://www.w3.org/1999/xlink">
  <link:labelLink xlink:type="extended" xlink:role="http://www.xbrl.org/2003/role/link">
    <link:loc xlink:type="locator" xlink:href="tifrs-ar-2013-03-31.xsd#tifrs-ar_AccountantName" xlink:label="AccountantName" xlink:title="AccountantName"/>
    <link:label xlink:type="resource" xlink:label="label_AccountantName" xlink:role="http://www.xbrl.org/2003/role/label" xlink:title="label_AccountantName" xml:lang="zh-tw" id="label_AccountantName">會計師事務所名稱</link:label>
    <link:labelArc xlink:type="arc" xlink:arcrole="http://www.xbrl.org/2003/arcrole/concept-label" xlink:from="AccountantName" xlink:to="label_AccountantName" xlink:title="label: AccountantName to label_AccountantName"/>
    <link:label xlink:type="resource" xlink:label="label_AccountantName_2" xlink:role="http://www.xbrl.org/2003/role/label" xlink:title="label_AccountantName" xml:lang="en" id="label_AccountantName_2">Name of CPA Firm</link:label>
    <link:labelArc xlink:type="arc" xlink:arcrole="http://www.xbrl.org/2003/arcrole/concept-label" xlink:from="AccountantName" xlink:to="label_AccountantName_2" xlink:title="label: AccountantName to label_AccountantName"/>
    <link:loc xlink:type="locator" xlink:href="tifrs-ar-2013-03-31.xsd#tifrs-ar_AccountantsReport" xlink:label="AccountantsReport" xlink:title="AccountantsReport"/>
    <link:label xlink:type="resource" xlink:label="label_AccountantsReport" xlink:role="http://www.xbrl.org/2003/role/label" xlink:title="label_AccountantsReport" xml:lang="zh-tw" id="label_AccountantsReport">會計師查核報告</link:label>
    <link:labelArc xlink:type="arc" xlink:arcrole="http://www.xbrl.org/2003/arcrole/concept-label" xlink:from="AccountantsReport" xlink:to="label_AccountantsReport" xlink:title="label: AccountantsReport to label_AccountantsReport"/>
    <link:label xlink:type="resource" xlink:label="label_AccountantsReport_2" xlink:role="http://www.xbrl.org/2003/role/label" xlink:title="label_AccountantsReport" xml:lang="en" id="label_AccountantsReport_2">Report of Independent Auditors</link:label>
    <link:labelArc xlink:type="arc" xlink:arcrole="http://www.xbrl.org/2003/arcrole/concept-label" xlink:from="AccountantsReport" xlink:to="label_AccountantsReport_2" xlink:title="label: AccountantsReport to label_AccountantsReport"/>
    <link:loc xlink:type="locator" xlink:href="tifrs-ar-2013-03-31.xsd#tifrs-ar_AccountingPrincipleChange" xlink:label="AccountingPrincipleChange" xlink:title="AccountingPrincipleChange"/>
    <link:label xlink:type="resource" xlink:label="label_AccountingPrincipleChange" xlink:role="http://www.xbrl.org/2003/role/label" xlink:title="label_AccountingPrincipleChange" xml:lang="zh-tw" id="label_AccountingPrincipleChange">會計原則變動</link:label>
    <link:labelArc xlink:type="arc" xlink:arcrole="http://www.xbrl.org/2003/arcrole/concept-label" xlink:from="AccountingPrincipleChange" xlink:to="label_AccountingPrincipleChange" xlink:title="label: AccountingPrincipleChange to label_AccountingPrincipleChange"/>
    <link:label xlink:type="resource" xlink:label="label_AccountingPrincipleChange_2" xlink:role="http://www.xbrl.org/2003/role/label" xlink:title="label_AccountingPrincipleChange" xml:lang="en" id="label_AccountingPrincipleChange_2">Accounting Principle Change</link:label>
    <link:labelArc xlink:type="arc" xlink:arcrole="http://www.xbrl.org/2003/arcrole/concept-label" xlink:from="AccountingPrincipleChange" xlink:to="label_AccountingPrincipleChange_2" xlink:title="label: AccountingPrincipleChange to label_AccountingPrincipleChange"/>
    <link:loc xlink:type="locator" xlink:href="tifrs-ar-2013-03-31.xsd#tifrs-ar_ContainOtherAccountantsReport" xlink:label="ContainOtherAccountantsReport" xlink:title="ContainOtherAccountantsReport"/>
    <link:label xlink:type="resource" xlink:label="label_ContainOtherAccountantsReport" xlink:role="http://www.xbrl.org/2003/role/label" xlink:title="label_ContainOtherAccountantsReport" xml:lang="zh-tw" id="label_ContainOtherAccountantsReport">採用其他會計師查核（核閱）報告且欲區分責任</link:label>
    <link:labelArc xlink:type="arc" xlink:arcrole="http://www.xbrl.org/2003/arcrole/concept-label" xlink:from="ContainOtherAccountantsReport" xlink:to="label_ContainOtherAccountantsReport" xlink:title="label: ContainOtherAccountantsReport to label_ContainOtherAccountantsReport"/>
    <link:label xlink:type="resource" xlink:label="label_ContainOtherAccountantsReport_2" xlink:role="http://www.xbrl.org/2003/role/label" xlink:title="label_ContainOtherAccountantsReport" xml:lang="en" id="label_ContainOtherAccountantsReport_2">Opinion Based on the Report of Another Auditor - Shared Responsibility</link:label>
    <link:labelArc xlink:type="arc" xlink:arcrole="http://www.xbrl.org/2003/arcrole/concept-label" xlink:from="ContainOtherAccountantsReport" xlink:to="label_ContainOtherAccountantsReport_2" xlink:title="label: ContainOtherAccountantsReport to label_ContainOtherAccountantsReport"/>
    <link:loc xlink:type="locator" xlink:href="tifrs-ar-2013-03-31.xsd#tifrs-ar_DifferentReportOpinion" xlink:label="DifferentReportOpinion" xlink:title="DifferentReportOpinion"/>
    <link:label xlink:type="resource" xlink:label="label_DifferentReportOpinion" xlink:role="http://www.xbrl.org/2003/role/label" xlink:title="label_DifferentReportOpinion" xml:lang="zh-tw" id="label_DifferentReportOpinion">與前期財報意見不一致</link:label>
    <link:labelArc xlink:type="arc" xlink:arcrole="http://www.xbrl.org/2003/arcrole/concept-label" xlink:from="DifferentReportOpinion" xlink:to="label_DifferentReportOpinion" xlink:title="label: DifferentReportOpinion to label_DifferentReportOpinion"/>
    <link:label xlink:type="resource" xlink:label="label_DifferentReportOpinion_2" xlink:role="http://www.xbrl.org/2003/role/label" xlink:title="label_DifferentReportOpinion" xml:lang="en" id="label_DifferentReportOpinion_2">Opinion on Prior-period Financial Statements Different from the Opinion Previously Expressed</link:label>
    <link:labelArc xlink:type="arc" xlink:arcrole="http://www.xbrl.org/2003/arcrole/concept-label" xlink:from="DifferentReportOpinion" xlink:to="label_DifferentReportOpinion_2" xlink:title="label: DifferentReportOpinion to label_DifferentReportOpinion"/>
    <link:loc xlink:type="locator" xlink:href="tifrs-ar-2013-03-31.xsd#tifrs-ar_EmphasizeCertainImportantItem" xlink:label="EmphasizeCertainImportantItem" xlink:title="EmphasizeCertainImportantItem"/>
    <link:label xlink:type="resource" xlink:label="label_EmphasizeCertainImportantItem" xlink:role="http://www.xbrl.org/2003/role/label" xlink:title="label_EmphasizeCertainImportantItem" xml:lang="zh-tw" id="label_EmphasizeCertainImportantItem">欲強調某一事項</link:label>
    <link:labelArc xlink:type="arc" xlink:arcrole="http://www.xbrl.org/2003/arcrole/concept-label" xlink:from="EmphasizeCertainImportantItem" xlink:to="label_EmphasizeCertainImportantItem" xlink:title="label: EmphasizeCertainImportantItem to label_EmphasizeCertainImportantItem"/>
    <link:label xlink:type="resource" xlink:label="label_EmphasizeCertainImportantItem_2" xlink:role="http://www.xbrl.org/2003/role/label" xlink:title="label_EmphasizeCertainImportantItem" xml:lang="en" id="label_EmphasizeCertainImportantItem_2">Emphasis of Matter</link:label>
    <link:labelArc xlink:type="arc" xlink:arcrole="http://www.xbrl.org/2003/arcrole/concept-label" xlink:from="EmphasizeCertainImportantItem" xlink:to="label_EmphasizeCertainImportantItem_2" xlink:title="label: EmphasizeCertainImportantItem to label_EmphasizeCertainImportantItem"/>
    <link:loc xlink:type="locator" xlink:href="tifrs-ar-2013-03-31.xsd#tifrs-ar_GoingConcernDoubt" xlink:label="GoingConcernDoubt" xlink:title="GoingConcernDoubt"/>
    <link:label xlink:type="resource" xlink:label="label_GoingConcernDoubt" xlink:role="http://www.xbrl.org/2003/role/label" xlink:title="label_GoingConcernDoubt" xml:lang="zh-tw" id="label_GoingConcernDoubt">繼續經營假設有疑慮</link:label>
    <link:labelArc xlink:type="arc" xlink:arcrole="http://www.xbrl.org/2003/arcrole/concept-label" xlink:from="GoingConcernDoubt" xlink:to="label_GoingConcernDoubt" xlink:title="label: GoingConcernDoubt to label_GoingConcernDoubt"/>
    <link:label xlink:type="resource" xlink:label="label_GoingConcernDoubt_2" xlink:role="http://www.xbrl.org/2003/role/label" xlink:title="label_GoingConcernDoubt" xml:lang="en" id="label_GoingConcernDoubt_2">Substantial Doubt About the Entity's Ability to Continue as a Going Concern</link:label>
    <link:labelArc xlink:type="arc" xlink:arcrole="http://www.xbrl.org/2003/arcrole/concept-label" xlink:from="GoingConcernDoubt" xlink:to="label_GoingConcernDoubt_2" xlink:title="label: GoingConcernDoubt to label_GoingConcernDoubt"/>
    <link:loc xlink:type="locator" xlink:href="tifrs-ar-2013-03-31.xsd#tifrs-ar_OtherAccountantAuditPreviousFinancialStatement" xlink:label="OtherAccountantAuditPreviousFinancialStatement" xlink:title="OtherAccountantAuditPreviousFinancialStatement"/>
    <link:label xlink:type="resource" xlink:label="label_OtherAccountantAuditPreviousFinancialStatement" xlink:role="http://www.xbrl.org/2003/role/label" xlink:title="label_OtherAccountantAuditPreviousFinancialStatement" xml:lang="zh-tw" id="label_OtherAccountantAuditPreviousFinancialStatement">前期由其他會計師查核</link:label>
    <link:labelArc xlink:type="arc" xlink:arcrole="http://www.xbrl.org/2003/arcrole/concept-label" xlink:from="OtherAccountantAuditPreviousFinancialStatement" xlink:to="label_OtherAccountantAuditPreviousFinancialStatement" xlink:title="label: OtherAccountantAuditPreviousFinancialStatement to label_OtherAccountantAuditPreviousFinancialStatement"/>
    <link:label xlink:type="resource" xlink:label="label_OtherAccountantAuditPreviousFinancialStatement_2" xlink:role="http://www.xbrl.org/2003/role/label" xlink:title="label_OtherAccountantAuditPreviousFinancialStatement" xml:lang="en" id="label_OtherAccountantAuditPreviousFinancialStatement_2">Prior Period Financial Statements Audited by Another Auditor</link:label>
    <link:labelArc xlink:type="arc" xlink:arcrole="http://www.xbrl.org/2003/arcrole/concept-label" xlink:from="OtherAccountantAuditPreviousFinancialStatement" xlink:to="label_OtherAccountantAuditPreviousFinancialStatement_2" xlink:title="label: OtherAccountantAuditPreviousFinancialStatement to label_OtherAccountantAuditPreviousFinancialStatement"/>
    <link:loc xlink:type="locator" xlink:href="tifrs-ar-2013-03-31.xsd#tifrs-ar_AssuranceAccountantName1" xlink:label="AssuranceAccountant1" xlink:title="AssuranceAccountant1"/>
    <link:label xlink:type="resource" xlink:label="label_AssuranceAccountant1" xlink:role="http://www.xbrl.org/2003/role/label" xlink:title="label_AssuranceAccountant1" xml:lang="en" id="label_AssuranceAccountant1">Name of CPA 1</link:label>
    <link:labelArc xlink:type="arc" xlink:arcrole="http://www.xbrl.org/2003/arcrole/concept-label" xlink:from="AssuranceAccountant1" xlink:to="label_AssuranceAccountant1" xlink:title="label: AssuranceAccountant1 to label_AssuranceAccountant1"/>
    <link:label xlink:type="resource" xlink:label="label_AssuranceAccountant1_2" xlink:role="http://www.xbrl.org/2003/role/label" xlink:title="label_AssuranceAccountant1" xml:lang="zh-tw" id="label_AssuranceAccountant1_2">簽證會計師名稱 1</link:label>
    <link:labelArc xlink:type="arc" xlink:arcrole="http://www.xbrl.org/2003/arcrole/concept-label" xlink:from="AssuranceAccountant1" xlink:to="label_AssuranceAccountant1_2" xlink:title="label: AssuranceAccountant1 to label_AssuranceAccountant1"/>
    <link:loc xlink:type="locator" xlink:href="tifrs-ar-2013-03-31.xsd#tifrs-ar_AssuranceAccountantName2" xlink:label="AssuranceAccountantName2" xlink:title="AssuranceAccountantName2"/>
    <link:label xlink:type="resource" xlink:label="label_AssuranceAccountantName2" xlink:role="http://www.xbrl.org/2003/role/label" xlink:title="label_AssuranceAccountantName2" xml:lang="en" id="label_AssuranceAccountantName2">Name of CPA 2</link:label>
    <link:labelArc xlink:type="arc" xlink:arcrole="http://www.xbrl.org/2003/arcrole/concept-label" xlink:from="AssuranceAccountantName2" xlink:to="label_AssuranceAccountantName2" xlink:title="label: AssuranceAccountantName2 to label_AssuranceAccountantName2"/>
    <link:label xlink:type="resource" xlink:label="label_AssuranceAccountantName2_2" xlink:role="http://www.xbrl.org/2003/role/label" xlink:title="label_AssuranceAccountantName2" xml:lang="zh-tw" id="label_AssuranceAccountantName2_2">簽證會計師名稱 2</link:label>
    <link:labelArc xlink:type="arc" xlink:arcrole="http://www.xbrl.org/2003/arcrole/concept-label" xlink:from="AssuranceAccountantName2" xlink:to="label_AssuranceAccountantName2_2" xlink:title="label: AssuranceAccountantName2 to label_AssuranceAccountantName2"/>
    <link:loc xlink:type="locator" xlink:href="tifrs-ar-2013-03-31.xsd#tifrs-ar_ReviewAuditDate" xlink:label="ReviewAuditReportDate" xlink:title="ReviewAuditReportDate"/>
    <link:label xlink:type="resource" xlink:label="label_ReviewAuditReportDate" xlink:role="http://www.xbrl.org/2003/role/label" xlink:title="label_ReviewAuditReportDate" xml:lang="en" id="label_ReviewAuditReportDate">Date of Audit (Review)</link:label>
    <link:labelArc xlink:type="arc" xlink:arcrole="http://www.xbrl.org/2003/arcrole/concept-label" xlink:from="ReviewAuditReportDate" xlink:to="label_ReviewAuditReportDate" xlink:title="label: ReviewAuditReportDate to label_ReviewAuditReportDate"/>
    <link:label xlink:type="resource" xlink:label="label_ReviewAuditReportDate_2" xlink:role="http://www.xbrl.org/2003/role/label" xlink:title="label_ReviewAuditReportDate" xml:lang="zh-tw" id="label_ReviewAuditReportDate_2">核閱或查核日期</link:label>
    <link:labelArc xlink:type="arc" xlink:arcrole="http://www.xbrl.org/2003/arcrole/concept-label" xlink:from="ReviewAuditReportDate" xlink:to="label_ReviewAuditReportDate_2" xlink:title="label: ReviewAuditReportDate to label_ReviewAuditReportDate"/>
    <link:loc xlink:type="locator" xlink:href="tifrs-ar-2013-03-31.xsd#tifrs-ar_ReviewAuditReportTypeAbstract" xlink:label="ReportBodyType" xlink:title="ReportBodyType"/>
    <link:label xlink:type="resource" xlink:label="label_ReportBodyType" xlink:role="http://www.xbrl.org/2003/role/label" xlink:title="label_ReportBodyType" xml:lang="en" id="label_ReportBodyType">Type of Opinion</link:label>
    <link:labelArc xlink:type="arc" xlink:arcrole="http://www.xbrl.org/2003/arcrole/concept-label" xlink:from="ReportBodyType" xlink:to="label_ReportBodyType" xlink:title="label: ReportBodyType to label_ReportBodyType"/>
    <link:label xlink:type="resource" xlink:label="label_ReportBodyType_2" xlink:role="http://www.xbrl.org/2003/role/label" xlink:title="label_ReportBodyType" xml:lang="zh-tw" id="label_ReportBodyType_2">核閱或查核報告類型</link:label>
    <link:labelArc xlink:type="arc" xlink:arcrole="http://www.xbrl.org/2003/arcrole/concept-label" xlink:from="ReportBodyType" xlink:to="label_ReportBodyType_2" xlink:title="label: ReportBodyType to label_ReportBodyType"/>
    <link:loc xlink:type="locator" xlink:href="tifrs-ar-2013-03-31.xsd#tifrs-ar_UnqualifiedOpinionAbstract" xlink:label="UnqualifiedOpinionReportBodyAbstract" xlink:title="UnqualifiedOpinionReportBodyAbstract"/>
    <link:label xlink:type="resource" xlink:label="label_UnqualifiedOpinionReportBodyAbstract" xlink:role="http://www.xbrl.org/2003/role/label" xlink:title="label_UnqualifiedOpinionReportBodyAbstract" xml:lang="en" id="label_UnqualifiedOpinionReportBodyAbstract">Unqualified Opinion</link:label>
    <link:labelArc xlink:type="arc" xlink:arcrole="http://www.xbrl.org/2003/arcrole/concept-label" xlink:from="UnqualifiedOpinionReportBodyAbstract" xlink:to="label_UnqualifiedOpinionReportBodyAbstract" xlink:title="label: UnqualifiedOpinionReportBodyAbstract to label_UnqualifiedOpinionReportBodyAbstract"/>
    <link:label xlink:type="resource" xlink:label="label_UnqualifiedOpinionAbstract" xlink:role="http://www.xbrl.org/2003/role/label" xlink:title="label_UnqualifiedOpinionAbstract" xml:lang="zh-tw" id="label_UnqualifiedOpinionAbstract">無保留意見</link:label>
    <link:labelArc xlink:type="arc" xlink:arcrole="http://www.xbrl.org/2003/arcrole/concept-label" xlink:from="UnqualifiedOpinionReportBodyAbstract" xlink:to="label_UnqualifiedOpinionAbstract" xlink:title="label: UnqualifiedOpinionAbstract to label_UnqualifiedOpinionAbstract"/>
    <link:loc xlink:type="locator" xlink:href="tifrs-ar-2013-03-31.xsd#tifrs-ar_AuditReportTypeSubdivision" xlink:label="AuditReportTypeSubdivision" xlink:title="AuditReportTypeSubdivision"/>
    <link:label xlink:type="resource" xlink:label="label_AuditReportTypeSubdivision" xlink:role="http://www.xbrl.org/2003/role/label" xlink:title="label_AuditReportTypeSubdivision" xml:lang="en" id="label_AuditReportTypeSubdivision">Situations for not Issuing a Standard Unqualified Opinion</link:label>
    <link:labelArc xlink:type="arc" xlink:arcrole="http://www.xbrl.org/2003/arcrole/concept-label" xlink:from="AuditReportTypeSubdivision" xlink:to="label_AuditReportTypeSubdivision" xlink:title="label: AuditReportTypeSubdivision to label_AuditReportTypeSubdivision"/>
    <link:label xlink:type="resource" xlink:label="label_AuditReportTypeSubdivision_2" xlink:role="http://www.xbrl.org/2003/role/label" xlink:title="label_AuditReportTypeSubdivision" xml:lang="zh-tw" id="label_AuditReportTypeSubdivision_2">查核報告類型細分</link:label>
    <link:labelArc xlink:type="arc" xlink:arcrole="http://www.xbrl.org/2003/arcrole/concept-label" xlink:from="AuditReportTypeSubdivision" xlink:to="label_AuditReportTypeSubdivision_2" xlink:title="label: AuditReportTypeSubdivision to label_AuditReportTypeSubdivision"/>
    <link:loc xlink:type="locator" xlink:href="tifrs-ar-2013-03-31.xsd#tifrs-ar_DescriptionEmphasizeItemBody" xlink:label="DescriptionEmphasizeItemBody" xlink:title="DescriptionEmphasizeItemBody"/>
    <link:label xlink:type="resource" xlink:label="label_DescriptionEmphasizeItemBody" xlink:role="http://www.xbrl.org/2003/role/label" xlink:title="label_DescriptionEmphasizeItemBody" xml:lang="en" id="label_DescriptionEmphasizeItemBody">Description of Matter Emphasized</link:label>
    <link:labelArc xlink:type="arc" xlink:arcrole="http://www.xbrl.org/2003/arcrole/concept-label" xlink:from="DescriptionEmphasizeItemBody" xlink:to="label_DescriptionEmphasizeItemBody" xlink:title="label: DescriptionEmphasizeItemBody to label_DescriptionEmphasizeItemBody"/>
    <link:label xlink:type="resource" xlink:label="label_DescriptionEmphasizeItemBody_2" xlink:role="http://www.xbrl.org/2003/role/label" xlink:title="label_DescriptionEmphasizeItemBody" xml:lang="zh-tw" id="label_DescriptionEmphasizeItemBody_2">簡述強調事項內容</link:label>
    <link:labelArc xlink:type="arc" xlink:arcrole="http://www.xbrl.org/2003/arcrole/concept-label" xlink:from="DescriptionEmphasizeItemBody" xlink:to="label_DescriptionEmphasizeItemBody_2" xlink:title="label: DescriptionEmphasizeItemBody to label_DescriptionEmphasizeItemBody"/>
    <link:loc xlink:type="locator" xlink:href="tifrs-ar-2013-03-31.xsd#tifrs-ar_DescriptionOtherItemBody" xlink:label="DescriptionOtherItemBody" xlink:title="DescriptionOtherItemBody"/>
    <link:label xlink:type="resource" xlink:label="label_DescriptionOtherItemBody" xlink:role="http://www.xbrl.org/2003/role/label" xlink:title="label_DescriptionOtherItemBody" xml:lang="en" id="label_DescriptionOtherItemBody">Description of Other Matter</link:label>
    <link:labelArc xlink:type="arc" xlink:arcrole="http://www.xbrl.org/2003/arcrole/concept-label" xlink:from="DescriptionOtherItemBody" xlink:to="label_DescriptionOtherItemBody" xlink:title="label: DescriptionOtherItemBody to label_DescriptionOtherItemBody"/>
    <link:label xlink:type="resource" xlink:label="label_DescriptionOtherItemBody_2" xlink:role="http://www.xbrl.org/2003/role/label" xlink:title="label_DescriptionOtherItemBody" xml:lang="zh-tw" id="label_DescriptionOtherItemBody_2">簡述其他事項內容</link:label>
    <link:labelArc xlink:type="arc" xlink:arcrole="http://www.xbrl.org/2003/arcrole/concept-label" xlink:from="DescriptionOtherItemBody" xlink:to="label_DescriptionOtherItemBody_2" xlink:title="label: DescriptionOtherItemBody to label_DescriptionOtherItemBody"/>
    <link:loc xlink:type="locator" xlink:href="tifrs-ar-2013-03-31.xsd#tifrs-ar_AccountantsReportBody" xlink:label="AccountantsReportBody" xlink:title="AccountantsReportBody"/>
    <link:label xlink:type="resource" xlink:label="label_AccountantsReportBody" xlink:role="http://www.xbrl.org/2003/role/label" xlink:title="label_AccountantsReportBody" xml:lang="en" id="label_AccountantsReportBody">Content of Independent Auditors Report</link:label>
    <link:labelArc xlink:type="arc" xlink:arcrole="http://www.xbrl.org/2003/arcrole/concept-label" xlink:from="AccountantsReportBody" xlink:to="label_AccountantsReportBody" xlink:title="label: AccountantsReportBody to label_AccountantsReportBody"/>
    <link:label xlink:type="resource" xlink:label="label_AccountantsReportBody_2" xlink:role="http://www.xbrl.org/2003/role/label" xlink:title="label_AccountantsReportBody" xml:lang="zh-tw" id="label_AccountantsReportBody_2">會計師查核報告內容</link:label>
    <link:labelArc xlink:type="arc" xlink:arcrole="http://www.xbrl.org/2003/arcrole/concept-label" xlink:from="AccountantsReportBody" xlink:to="label_AccountantsReportBody_2" xlink:title="label: AccountantsReportBody to label_AccountantsReportBody"/>
    <link:loc xlink:type="locator" xlink:href="tifrs-ar-2013-03-31.xsd#tifrs-ar_UnqualifiedOpinionWithExplainatoryAbstract" xlink:label="UnqualifiedOpinionWithExplainatoryAbstract" xlink:title="UnqualifiedOpinionWithExplainatoryAbstract"/>
    <link:label xlink:type="resource" xlink:label="label_UnqualifiedOpinionWithExplainatoryAbstract" xlink:role="http://www.xbrl.org/2003/role/label" xlink:title="label_UnqualifiedOpinionWithExplainatoryAbstract" xml:lang="en" id="label_UnqualifiedOpinionWithExplainatoryAbstract">Modified Unqualified Opinion</link:label>
    <link:labelArc xlink:type="arc" xlink:arcrole="http://www.xbrl.org/2003/arcrole/concept-label" xlink:from="UnqualifiedOpinionWithExplainatoryAbstract" xlink:to="label_UnqualifiedOpinionWithExplainatoryAbstract" xlink:title="label: UnqualifiedOpinionWithExplainatoryAbstract to label_UnqualifiedOpinionWithExplainatoryAbstract"/>
    <link:label xlink:type="resource" xlink:label="label_UnqualifiedOpinionWithExplainatoryAbstract_2" xlink:role="http://www.xbrl.org/2003/role/label" xlink:title="label_UnqualifiedOpinionWithExplainatoryAbstract" xml:lang="zh-tw" id="label_UnqualifiedOpinionWithExplainatoryAbstract_2">修正式無保留意見</link:label>
    <link:labelArc xlink:type="arc" xlink:arcrole="http://www.xbrl.org/2003/arcrole/concept-label" xlink:from="UnqualifiedOpinionWithExplainatoryAbstract" xlink:to="label_UnqualifiedOpinionWithExplainatoryAbstract_2" xlink:title="label: UnqualifiedOpinionWithExplainatoryAbstract to label_UnqualifiedOpinionWithExplainatoryAbstract"/>
    <link:loc xlink:type="locator" xlink:href="tifrs-ar-2013-03-31.xsd#tifrs-ar_QualifiedOpinionAbstract" xlink:label="QualifiedOpinionAbstract" xlink:title="QualifiedOpinionAbstract"/>
    <link:label xlink:type="resource" xlink:label="label_QualifiedOpinionAbstract" xlink:role="http://www.xbrl.org/2003/role/label" xlink:title="label_QualifiedOpinionAbstract" xml:lang="en" id="label_QualifiedOpinionAbstract">Qualified Opinion</link:label>
    <link:labelArc xlink:type="arc" xlink:arcrole="http://www.xbrl.org/2003/arcrole/concept-label" xlink:from="QualifiedOpinionAbstract" xlink:to="label_QualifiedOpinionAbstract" xlink:title="label: QualifiedOpinionAbstract to label_QualifiedOpinionAbstract"/>
    <link:label xlink:type="resource" xlink:label="label_QualifiedOpinionAbstract_2" xlink:role="http://www.xbrl.org/2003/role/label" xlink:title="label_QualifiedOpinionAbstract" xml:lang="zh-tw" id="label_QualifiedOpinionAbstract_2">保留意見</link:label>
    <link:labelArc xlink:type="arc" xlink:arcrole="http://www.xbrl.org/2003/arcrole/concept-label" xlink:from="QualifiedOpinionAbstract" xlink:to="label_QualifiedOpinionAbstract_2" xlink:title="label: QualifiedOpinionAbstract to label_QualifiedOpinionAbstract"/>
    <link:loc xlink:type="locator" xlink:href="tifrs-ar-2013-03-31.xsd#tifrs-ar_AdverseOpinionAbstract" xlink:label="AdverseOpinionAbstract" xlink:title="AdverseOpinionAbstract"/>
    <link:label xlink:type="resource" xlink:label="label_AdverseOpinionAbstract" xlink:role="http://www.xbrl.org/2003/role/label" xlink:title="label_AdverseOpinionAbstract" xml:lang="en" id="label_AdverseOpinionAbstract">Adverse Opinion</link:label>
    <link:labelArc xlink:type="arc" xlink:arcrole="http://www.xbrl.org/2003/arcrole/concept-label" xlink:from="AdverseOpinionAbstract" xlink:to="label_AdverseOpinionAbstract" xlink:title="label: AdverseOpinionAbstract to label_AdverseOpinionAbstract"/>
    <link:label xlink:type="resource" xlink:label="label_AdverseOpinionAbstract_2" xlink:role="http://www.xbrl.org/2003/role/label" xlink:title="label_AdverseOpinionAbstract" xml:lang="zh-tw" id="label_AdverseOpinionAbstract_2">否定意見</link:label>
    <link:labelArc xlink:type="arc" xlink:arcrole="http://www.xbrl.org/2003/arcrole/concept-label" xlink:from="AdverseOpinionAbstract" xlink:to="label_AdverseOpinionAbstract_2" xlink:title="label: AdverseOpinionAbstract to label_AdverseOpinionAbstract"/>
    <link:loc xlink:type="locator" xlink:href="tifrs-ar-2013-03-31.xsd#tifrs-ar_DisclaimOpinionAbstract" xlink:label="DisclaimOpinionAbstract" xlink:title="DisclaimOpinionAbstract"/>
    <link:label xlink:type="resource" xlink:label="label_DisclaimOpinionAbstract" xlink:role="http://www.xbrl.org/2003/role/label" xlink:title="label_DisclaimOpinionAbstract" xml:lang="en" id="label_DisclaimOpinionAbstract">Disclaimer of Opinion</link:label>
    <link:labelArc xlink:type="arc" xlink:arcrole="http://www.xbrl.org/2003/arcrole/concept-label" xlink:from="DisclaimOpinionAbstract" xlink:to="label_DisclaimOpinionAbstract" xlink:title="label: DisclaimOpinionAbstract to label_DisclaimOpinionAbstract"/>
    <link:label xlink:type="resource" xlink:label="label_DisclaimOpinionAbstract_2" xlink:role="http://www.xbrl.org/2003/role/label" xlink:title="label_DisclaimOpinionAbstract" xml:lang="zh-tw" id="label_DisclaimOpinionAbstract_2">無法表示意見</link:label>
    <link:labelArc xlink:type="arc" xlink:arcrole="http://www.xbrl.org/2003/arcrole/concept-label" xlink:from="DisclaimOpinionAbstract" xlink:to="label_DisclaimOpinionAbstract_2" xlink:title="label: DisclaimOpinionAbstract to label_DisclaimOpinionAbstract"/>
    <link:loc xlink:type="locator" xlink:href="tifrs-ar-2013-03-31.xsd#tifrs-ar_QualifiedOpinionAdditionOtherItemExplainatoryParagraph" xlink:label="QualifiedOpinionAdditionOtherItemExplainatoryParagraph" xlink:title="QualifiedOpinionAdditionOtherItemExplainatoryParagraph"/>
    <link:label xlink:type="resource" xlink:label="label_QualifiedOpinionAdditionOtherItemExplainatoryParagraph" xlink:role="http://www.xbrl.org/2003/role/label" xlink:title="label_QualifiedOpinionAdditionOtherItemExplainatoryParagraph" xml:lang="en" id="label_QualifiedOpinionAdditionOtherItemExplainatoryParagraph">Qualified Opinion with Explanatory Paragraph</link:label>
    <link:labelArc xlink:type="arc" xlink:arcrole="http://www.xbrl.org/2003/arcrole/concept-label" xlink:from="QualifiedOpinionAdditionOtherItemExplainatoryParagraph" xlink:to="label_QualifiedOpinionAdditionOtherItemExplainatoryParagraph" xlink:title="label: QualifiedOpinionAdditionOtherItemExplainatoryParagraph to label_QualifiedOpinionAdditionOtherItemExplainatoryParagraph"/>
    <link:label xlink:type="resource" xlink:label="label_QualifiedOpinionAdditionOtherItemExplainatoryParagraph_2" xlink:role="http://www.xbrl.org/2003/role/label" xlink:title="label_QualifiedOpinionAdditionOtherItemExplainatoryParagraph" xml:lang="zh-tw" id="label_QualifiedOpinionAdditionOtherItemExplainatoryParagraph_2">保留意見-附加其他事項說明段</link:label>
    <link:labelArc xlink:type="arc" xlink:arcrole="http://www.xbrl.org/2003/arcrole/concept-label" xlink:from="QualifiedOpinionAdditionOtherItemExplainatoryParagraph" xlink:to="label_QualifiedOpinionAdditionOtherItemExplainatoryParagraph_2" xlink:title="label: QualifiedOpinionAdditionOtherItemExplainatoryParagraph to label_QualifiedOpinionAdditionOtherItemExplainatoryParagraph"/>
    <link:loc xlink:type="locator" xlink:href="tifrs-ar-2013-03-31.xsd#tifrs-ar_ReportType" xlink:label="ReviewAuditReport" xlink:title="ReviewAuditReport"/>
    <link:label xlink:type="resource" xlink:label="label_ReviewAuditReport" xlink:role="http://www.xbrl.org/2003/role/label" xlink:title="label_ReviewAuditReport" xml:lang="en" id="label_ReviewAuditReport">Type of Report</link:label>
    <link:labelArc xlink:type="arc" xlink:arcrole="http://www.xbrl.org/2003/arcrole/concept-label" xlink:from="ReviewAuditReport" xlink:to="label_ReviewAuditReport" xlink:title="label: ReviewAuditReport to label_ReviewAuditReport"/>
    <link:label xlink:type="resource" xlink:label="label_ReviewAuditReport_2" xlink:role="http://www.xbrl.org/2003/role/label" xlink:title="label_ReviewAuditReport" xml:lang="zh-tw" id="label_ReviewAuditReport_2">報告類型</link:label>
    <link:labelArc xlink:type="arc" xlink:arcrole="http://www.xbrl.org/2003/arcrole/concept-label" xlink:from="ReviewAuditReport" xlink:to="label_ReviewAuditReport_2" xlink:title="label: ReviewAuditReport to label_ReviewAuditReport"/>
    <link:loc xlink:type="locator" xlink:href="tifrs-ar-2013-03-31.xsd#tifrs-ar_ReviewReport" xlink:label="ReviewReport" xlink:title="ReviewReport"/>
    <link:label xlink:type="resource" xlink:label="label_ReviewReport" xlink:role="http://www.xbrl.org/2003/role/label" xlink:title="label_ReviewReport" xml:lang="en" id="label_ReviewReport">Review Report</link:label>
    <link:labelArc xlink:type="arc" xlink:arcrole="http://www.xbrl.org/2003/arcrole/concept-label" xlink:from="ReviewReport" xlink:to="label_ReviewReport" xlink:title="label: ReviewReport to label_ReviewReport"/>
    <link:label xlink:type="resource" xlink:label="label_ReviewReport_2" xlink:role="http://www.xbrl.org/2003/role/label" xlink:title="label_ReviewReport" xml:lang="zh-tw" id="label_ReviewReport_2">核閱報告</link:label>
    <link:labelArc xlink:type="arc" xlink:arcrole="http://www.xbrl.org/2003/arcrole/concept-label" xlink:from="ReviewReport" xlink:to="label_ReviewReport_2" xlink:title="label: ReviewReport to label_ReviewReport"/>
    <link:loc xlink:type="locator" xlink:href="tifrs-ar-2013-03-31.xsd#tifrs-ar_AuditReport" xlink:label="AuditReport" xlink:title="AuditReport"/>
    <link:label xlink:type="resource" xlink:label="label_AuditReport" xlink:role="http://www.xbrl.org/2003/role/label" xlink:title="label_AuditReport" xml:lang="en" id="label_AuditReport">Audit Report</link:label>
    <link:labelArc xlink:type="arc" xlink:arcrole="http://www.xbrl.org/2003/arcrole/concept-label" xlink:from="AuditReport" xlink:to="label_AuditReport" xlink:title="label: AuditReport to label_AuditReport"/>
    <link:label xlink:type="resource" xlink:label="label_AuditReport_2" xlink:role="http://www.xbrl.org/2003/role/label" xlink:title="label_AuditReport" xml:lang="zh-tw" id="label_AuditReport_2">查核報告</link:label>
    <link:labelArc xlink:type="arc" xlink:arcrole="http://www.xbrl.org/2003/arcrole/concept-label" xlink:from="AuditReport" xlink:to="label_AuditReport_2" xlink:title="label: AuditReport to label_AuditReport"/>
    <link:loc xlink:type="locator" xlink:href="tifrs-ar-2013-03-31.xsd#tifrs-ar_OtherItem" xlink:label="OtherItem" xlink:title="OtherItem"/>
    <link:label xlink:type="resource" xlink:label="label_OtherItem" xlink:role="http://www.xbrl.org/2003/role/label" xlink:title="label_OtherItem" xml:lang="en" id="label_OtherItem">Others</link:label>
    <link:labelArc xlink:type="arc" xlink:arcrole="http://www.xbrl.org/2003/arcrole/concept-label" xlink:from="OtherItem" xlink:to="label_OtherItem" xlink:title="label: OtherItem to label_OtherItem"/>
    <link:label xlink:type="resource" xlink:label="label_OtherItem_2" xlink:role="http://www.xbrl.org/2003/role/label" xlink:title="label_OtherItem" xml:lang="zh-tw" id="label_OtherItem_2">其他</link:label>
    <link:labelArc xlink:type="arc" xlink:arcrole="http://www.xbrl.org/2003/arcrole/concept-label" xlink:from="OtherItem" xlink:to="label_OtherItem_2" xlink:title="label: OtherItem to label_OtherItem"/>
    <link:loc xlink:type="locator" xlink:href="tifrs-ar-2013-03-31.xsd#tifrs-ar_FinancialStatementWithoutAnAuditorsReport" xlink:label="FinancialStatementWithoutAnAuditorsReport" xlink:title="FinancialStatementWithoutAnAuditorsReport"/>
    <link:label xlink:type="resource" xlink:label="label_FinancialStatementWithoutAnAuditorsReport" xlink:role="http://www.xbrl.org/2003/role/label" xlink:title="label_FinancialStatementWithoutAnAuditorsReport" xml:lang="en" id="label_FinancialStatementWithoutAnAuditorsReport">Financial Statement Without an Auditors Report</link:label>
    <link:labelArc xlink:type="arc" xlink:arcrole="http://www.xbrl.org/2003/arcrole/concept-label" xlink:from="FinancialStatementWithoutAnAuditorsReport" xlink:to="label_FinancialStatementWithoutAnAuditorsReport" xlink:title="label: FinancialStatementWithoutAnAuditorsReport to label_FinancialStatementWithoutAnAuditorsReport"/>
    <link:label xlink:type="resource" xlink:label="label_FinancialStatementWithoutAnAuditorsReport_2" xlink:role="http://www.xbrl.org/2003/role/label" xlink:title="label_FinancialStatementWithoutAnAuditorsReport" xml:lang="zh-tw" id="label_FinancialStatementWithoutAnAuditorsReport_2">未經會計師查核或核閱</link:label>
    <link:labelArc xlink:type="arc" xlink:arcrole="http://www.xbrl.org/2003/arcrole/concept-label" xlink:from="FinancialStatementWithoutAnAuditorsReport" xlink:to="label_FinancialStatementWithoutAnAuditorsReport_2" xlink:title="label: FinancialStatementWithoutAnAuditorsReport to label_FinancialStatementWithoutAnAuditorsReport"/>
    <link:loc xlink:type="locator" xlink:href="tifrs-ar-2013-03-31.xsd#tifrs-ar_NotApplicableFinancialStatementWithoutAnAuditorsReport" xlink:label="NotApplicable" xlink:title="NotApplicable"/>
    <link:label xlink:type="resource" xlink:label="label_NotApplicable" xlink:role="http://www.xbrl.org/2003/role/label" xlink:title="label_NotApplicable" xml:lang="en" id="label_NotApplicable">Not Applicable (Financial Statement Without an Auditors Report)</link:label>
    <link:labelArc xlink:type="arc" xlink:arcrole="http://www.xbrl.org/2003/arcrole/concept-label" xlink:from="NotApplicable" xlink:to="label_NotApplicable" xlink:title="label: NotApplicable to label_NotApplicable"/>
    <link:label xlink:type="resource" xlink:label="label_NotApplicableFinancialStatementWithoutAnAuditorsReport" xlink:role="http://www.xbrl.org/2003/role/label" xlink:title="label_NotApplicableFinancialStatementWithoutAnAuditorsReport" xml:lang="zh-tw" id="label_NotApplicableFinancialStatementWithoutAnAuditorsReport">不適用(未經會計師查核或核閱)</link:label>
    <link:labelArc xlink:type="arc" xlink:arcrole="http://www.xbrl.org/2003/arcrole/concept-label" xlink:from="NotApplicable" xlink:to="label_NotApplicableFinancialStatementWithoutAnAuditorsReport" xlink:title="label: NotApplicableFinancialStatementWithoutAnAuditorsReport to label_NotApplicableFinancialStatementWithoutAnAuditorsReport"/>
    <link:loc xlink:type="locator" xlink:href="tifrs-ar-2013-03-31.xsd#tifrs-ar_FinancialStatementsOfNonmajorSubsidiaryOrInvestmentAccountedForUsingEquityMethodHaveNotBeenAuditedOrReviewed" xlink:label="FinancialStatementsOfNonmajorSubsidiaryOrInvestmentAccountedForUsingEquityMethodHaveNotBeenAuditedOrReviewed" xlink:title="FinancialStatementsOfNonmajorSubsidiaryOrInvestmentAccountedForUsingEquityMethodHaveNotBeenAuditedOrReviewed"/>
    <link:label xlink:type="resource" xlink:label="label_FinancialStatementsOfNonmajorSubsidiaryOrInvestmentAccountedForUsingEquityMethodHaveNotBeenAuditedOrReviewed" xlink:role="http://www.xbrl.org/2003/role/label" xlink:title="label_FinancialStatementsOfNonmajorSubsidiaryOrInvestmentAccountedForUsingEquityMethodHaveNotBeenAuditedOrReviewed" xml:lang="en" id="label_FinancialStatementsOfNonmajorSubsidiaryOrInvestmentAccountedForUsingEquityMethodHaveNotBeenAuditedOrReviewed">Financial statements of non-major subsidiary or investment accounted for using equity method have not been audited or reviewed</link:label>
    <link:labelArc xlink:type="arc" xlink:arcrole="http://www.xbrl.org/2003/arcrole/concept-label" xlink:from="FinancialStatementsOfNonmajorSubsidiaryOrInvestmentAccountedForUsingEquityMethodHaveNotBeenAuditedOrReviewed" xlink:to="label_FinancialStatementsOfNonmajorSubsidiaryOrInvestmentAccountedForUsingEquityMethodHaveNotBeenAuditedOrReviewed" xlink:title="label: FinancialStatementsOfNonmajorSubsidiaryOrInvestmentAccountedForUsingEquityMethodHaveNotBeenAuditedOrReviewed to label_FinancialStatementsOfNonmajorSubsidiaryOrInvestmentAccountedForUsingEquityMethodHaveNotBeenAuditedOrReviewed"/>
    <link:label xlink:type="resource" xlink:label="label_FinancialStatementsOfNonmajorSubsidiaryOrInvestmentAccountedForUsingEquityMethodHaveNotBeenAuditedOrReviewed_2" xlink:role="http://www.xbrl.org/2003/role/label" xlink:title="label_FinancialStatementsOfNonmajorSubsidiaryOrInvestmentAccountedForUsingEquityMethodHaveNotBeenAuditedOrReviewed" xml:lang="zh-tw" id="label_FinancialStatementsOfNonmajorSubsidiaryOrInvestmentAccountedForUsingEquityMethodHaveNotBeenAuditedOrReviewed_2">非重要子公司或採用權益法之投資未經會計師查核或核閱</link:label>
    <link:labelArc xlink:type="arc" xlink:arcrole="http://www.xbrl.org/2003/arcrole/concept-label" xlink:from="FinancialStatementsOfNonmajorSubsidiaryOrInvestmentAccountedForUsingEquityMethodHaveNotBeenAuditedOrReviewed" xlink:to="label_FinancialStatementsOfNonmajorSubsidiaryOrInvestmentAccountedForUsingEquityMethodHaveNotBeenAuditedOrReviewed_2" xlink:title="label: FinancialStatementsOfNonmajorSubsidiaryOrInvestmentAccountedForUsingEquityMethodHaveNotBeenAuditedOrReviewed to label_FinancialStatementsOfNonmajorSubsidiaryOrInvestmentAccountedForUsingEquityMethodHaveNotBeenAuditedOrReviewed"/>
  </link:labelLink>
</link:linkbase>
