<?xml version="1.0" encoding="UTF-8"?>
<!-- Generated by Fujitsu XWand B0184C -->
<link:linkbase xmlns:xsi="http://www.w3.org/2001/XMLSchema-instance" xsi:schemaLocation="http://www.xbrl.org/2003/linkbase http://www.xbrl.org/2003/xbrl-linkbase-2003-12-31.xsd" xmlns:tifrs-ar="http://www.xbrl.org/tifrs/ar/2013-03-31" xmlns:link="http://www.xbrl.org/2003/linkbase" xmlns:xbrli="http://www.xbrl.org/2003/instance" xmlns:xlink="http://www.w3.org/1999/xlink">
  <link:roleRef roleURI="http://www.xbrl.org/tifrs/ar/role/AccountantsReport" xlink:type="simple" xlink:href="tifrs-ar-2013-03-31.xsd#RT_1"/>
  <link:presentationLink xlink:type="extended" xlink:role="http://www.xbrl.org/tifrs/ar/role/AccountantsReport">
    <link:loc xlink:type="locator" xlink:href="tifrs-ar-2013-03-31.xsd#tifrs-ar_AccountantsReport" xlink:label="AccountantsReport" xlink:title="AccountantsReport"/>
    <link:loc xlink:type="locator" xlink:href="tifrs-ar-2013-03-31.xsd#tifrs-ar_AccountantName" xlink:label="AccountantName" xlink:title="AccountantName"/>
    <link:presentationArc xlink:type="arc" xlink:arcrole="http://www.xbrl.org/2003/arcrole/parent-child" xlink:from="AccountantsReport" xlink:to="AccountantName" xlink:title="presentation: AccountantsReport to AccountantName" order="1.0"/>
    <link:loc xlink:type="locator" xlink:href="tifrs-ar-2013-03-31.xsd#tifrs-ar_AssuranceAccountantName1" xlink:label="AssuranceAccountantName1" xlink:title="AssuranceAccountantName1"/>
    <link:presentationArc xlink:type="arc" xlink:arcrole="http://www.xbrl.org/2003/arcrole/parent-child" xlink:from="AccountantsReport" xlink:to="AssuranceAccountantName1" xlink:title="presentation: AccountantsReport to AssuranceAccountantName1" order="2.0"/>
    <link:loc xlink:type="locator" xlink:href="tifrs-ar-2013-03-31.xsd#tifrs-ar_AssuranceAccountantName2" xlink:label="AssuranceAccountantName2" xlink:title="AssuranceAccountantName2"/>
    <link:presentationArc xlink:type="arc" xlink:arcrole="http://www.xbrl.org/2003/arcrole/parent-child" xlink:from="AccountantsReport" xlink:to="AssuranceAccountantName2" xlink:title="presentation: AccountantsReport to AssuranceAccountantName2" order="3.0"/>
    <link:loc xlink:type="locator" xlink:href="tifrs-ar-2013-03-31.xsd#tifrs-ar_ReviewAuditDate" xlink:label="ReviewAuditDate" xlink:title="ReviewAuditDate"/>
    <link:presentationArc xlink:type="arc" xlink:arcrole="http://www.xbrl.org/2003/arcrole/parent-child" xlink:from="AccountantsReport" xlink:to="ReviewAuditDate" xlink:title="presentation: AccountantsReport to ReviewAuditDate" order="4.0"/>
    <link:loc xlink:type="locator" xlink:href="tifrs-ar-2013-03-31.xsd#tifrs-ar_ReviewAuditReportTypeAbstract" xlink:label="ReviewAuditReportTypeAbstract" xlink:title="ReviewAuditReportTypeAbstract"/>
    <link:presentationArc xlink:type="arc" xlink:arcrole="http://www.xbrl.org/2003/arcrole/parent-child" xlink:from="AccountantsReport" xlink:to="ReviewAuditReportTypeAbstract" xlink:title="presentation: AccountantsReport to ReviewAuditReportTypeAbstract" order="6.0"/>
    <link:loc xlink:type="locator" xlink:href="tifrs-ar-2013-03-31.xsd#tifrs-ar_UnqualifiedOpinionAbstract" xlink:label="UnqualifiedOpinionAbstract" xlink:title="UnqualifiedOpinionAbstract"/>
    <link:presentationArc xlink:type="arc" xlink:arcrole="http://www.xbrl.org/2003/arcrole/parent-child" xlink:from="ReviewAuditReportTypeAbstract" xlink:to="UnqualifiedOpinionAbstract" xlink:title="presentation: ReviewAuditReportTypeAbstract to UnqualifiedOpinionAbstract" order="1.0"/>
    <link:loc xlink:type="locator" xlink:href="tifrs-ar-2013-03-31.xsd#tifrs-ar_UnqualifiedOpinionWithExplainatoryAbstract" xlink:label="UnqualifiedOpinionWithExplainatoryAbstract" xlink:title="UnqualifiedOpinionWithExplainatoryAbstract"/>
    <link:presentationArc xlink:type="arc" xlink:arcrole="http://www.xbrl.org/2003/arcrole/parent-child" xlink:from="ReviewAuditReportTypeAbstract" xlink:to="UnqualifiedOpinionWithExplainatoryAbstract" xlink:title="presentation: ReviewAuditReportTypeAbstract to UnqualifiedOpinionWithExplainatoryAbstract" order="2.0"/>
    <link:loc xlink:type="locator" xlink:href="tifrs-ar-2013-03-31.xsd#tifrs-ar_QualifiedOpinionAbstract" xlink:label="QualifiedOpinionAbstract" xlink:title="QualifiedOpinionAbstract"/>
    <link:presentationArc xlink:type="arc" xlink:arcrole="http://www.xbrl.org/2003/arcrole/parent-child" xlink:from="ReviewAuditReportTypeAbstract" xlink:to="QualifiedOpinionAbstract" xlink:title="presentation: ReviewAuditReportTypeAbstract to QualifiedOpinionAbstract" order="3.0"/>
    <link:loc xlink:type="locator" xlink:href="tifrs-ar-2013-03-31.xsd#tifrs-ar_AdverseOpinionAbstract" xlink:label="AdverseOpinionAbstract" xlink:title="AdverseOpinionAbstract"/>
    <link:presentationArc xlink:type="arc" xlink:arcrole="http://www.xbrl.org/2003/arcrole/parent-child" xlink:from="ReviewAuditReportTypeAbstract" xlink:to="AdverseOpinionAbstract" xlink:title="presentation: ReviewAuditReportTypeAbstract to AdverseOpinionAbstract" order="4.0"/>
    <link:loc xlink:type="locator" xlink:href="tifrs-ar-2013-03-31.xsd#tifrs-ar_DisclaimOpinionAbstract" xlink:label="DisclaimOpinionAbstract" xlink:title="DisclaimOpinionAbstract"/>
    <link:presentationArc xlink:type="arc" xlink:arcrole="http://www.xbrl.org/2003/arcrole/parent-child" xlink:from="ReviewAuditReportTypeAbstract" xlink:to="DisclaimOpinionAbstract" xlink:title="presentation: ReviewAuditReportTypeAbstract to DisclaimOpinionAbstract" order="5.0"/>
    <link:loc xlink:type="locator" xlink:href="tifrs-ar-2013-03-31.xsd#tifrs-ar_QualifiedOpinionAdditionOtherItemExplainatoryParagraph" xlink:label="QualifiedOpinionAdditionOtherItemExplainatoryParagraph" xlink:title="QualifiedOpinionAdditionOtherItemExplainatoryParagraph"/>
    <link:presentationArc xlink:type="arc" xlink:arcrole="http://www.xbrl.org/2003/arcrole/parent-child" xlink:from="ReviewAuditReportTypeAbstract" xlink:to="QualifiedOpinionAdditionOtherItemExplainatoryParagraph" xlink:title="presentation: ReviewAuditReportTypeAbstract to QualifiedOpinionAdditionOtherItemExplainatoryParagraph" order="6.0"/>
    <link:loc xlink:type="locator" xlink:href="tifrs-ar-2013-03-31.xsd#tifrs-ar_NotApplicableFinancialStatementWithoutAnAuditorsReport" xlink:label="NotApplicableFinancialStatementWithoutAnAuditorsReport" xlink:title="NotApplicableFinancialStatementWithoutAnAuditorsReport"/>
    <link:presentationArc xlink:type="arc" xlink:arcrole="http://www.xbrl.org/2003/arcrole/parent-child" xlink:from="ReviewAuditReportTypeAbstract" xlink:to="NotApplicableFinancialStatementWithoutAnAuditorsReport" xlink:title="presentation: ReviewAuditReportTypeAbstract to NotApplicableFinancialStatementWithoutAnAuditorsReport" order="7.0"/>
    <link:loc xlink:type="locator" xlink:href="tifrs-ar-2013-03-31.xsd#tifrs-ar_AccountantsReportBody" xlink:label="AccountantsReportBody" xlink:title="AccountantsReportBody"/>
    <link:presentationArc xlink:type="arc" xlink:arcrole="http://www.xbrl.org/2003/arcrole/parent-child" xlink:from="AccountantsReport" xlink:to="AccountantsReportBody" xlink:title="presentation: AccountantsReport to AccountantsReportBody" use="optional" order="10.0"/>
    <link:loc xlink:type="locator" xlink:href="tifrs-ar-2013-03-31.xsd#tifrs-ar_ReportType" xlink:label="ReportType" xlink:title="ReportType"/>
    <link:presentationArc xlink:type="arc" xlink:arcrole="http://www.xbrl.org/2003/arcrole/parent-child" xlink:from="AccountantsReport" xlink:to="ReportType" xlink:title="presentation: AccountantsReport to ReportType" order="5.0"/>
    <link:loc xlink:type="locator" xlink:href="tifrs-ar-2013-03-31.xsd#tifrs-ar_ReviewReport" xlink:label="ReviewReport" xlink:title="ReviewReport"/>
    <link:presentationArc xlink:type="arc" xlink:arcrole="http://www.xbrl.org/2003/arcrole/parent-child" xlink:from="ReportType" xlink:to="ReviewReport" xlink:title="presentation: ReportType to ReviewReport" order="1.0"/>
    <link:loc xlink:type="locator" xlink:href="tifrs-ar-2013-03-31.xsd#tifrs-ar_AuditReport" xlink:label="AuditReport" xlink:title="AuditReport"/>
    <link:presentationArc xlink:type="arc" xlink:arcrole="http://www.xbrl.org/2003/arcrole/parent-child" xlink:from="ReportType" xlink:to="AuditReport" xlink:title="presentation: ReportType to AuditReport" order="2.0"/>
    <link:loc xlink:type="locator" xlink:href="tifrs-ar-2013-03-31.xsd#tifrs-ar_FinancialStatementWithoutAnAuditorsReport" xlink:label="FinancialStatementWithoutAnAuditorsReport" xlink:title="FinancialStatementWithoutAnAuditorsReport"/>
    <link:presentationArc xlink:type="arc" xlink:arcrole="http://www.xbrl.org/2003/arcrole/parent-child" xlink:from="ReportType" xlink:to="FinancialStatementWithoutAnAuditorsReport" xlink:title="presentation: ReportType to FinancialStatementWithoutAnAuditorsReport" order="3.0"/>
    <link:loc xlink:type="locator" xlink:href="tifrs-ar-2013-03-31.xsd#tifrs-ar_AuditReportTypeSubdivision" xlink:label="AuditReportTypeSubdivision" xlink:title="AuditReportTypeSubdivision"/>
    <link:presentationArc xlink:type="arc" xlink:arcrole="http://www.xbrl.org/2003/arcrole/parent-child" xlink:from="AccountantsReport" xlink:to="AuditReportTypeSubdivision" xlink:title="presentation: AccountantsReport to AuditReportTypeSubdivision" use="optional" order="7.0"/>
    <link:loc xlink:type="locator" xlink:href="tifrs-ar-2013-03-31.xsd#tifrs-ar_ContainOtherAccountantsReport" xlink:label="ContainOtherAccountantsReport" xlink:title="ContainOtherAccountantsReport"/>
    <link:presentationArc xlink:type="arc" xlink:arcrole="http://www.xbrl.org/2003/arcrole/parent-child" xlink:from="AuditReportTypeSubdivision" xlink:to="ContainOtherAccountantsReport" xlink:title="presentation: AuditReportTypeSubdivision to ContainOtherAccountantsReport" use="optional" order="1.0"/>
    <link:loc xlink:type="locator" xlink:href="tifrs-ar-2013-03-31.xsd#tifrs-ar_GoingConcernDoubt" xlink:label="GoingConcernDoubt" xlink:title="GoingConcernDoubt"/>
    <link:presentationArc xlink:type="arc" xlink:arcrole="http://www.xbrl.org/2003/arcrole/parent-child" xlink:from="AuditReportTypeSubdivision" xlink:to="GoingConcernDoubt" xlink:title="presentation: AuditReportTypeSubdivision to GoingConcernDoubt" use="optional" order="2.0"/>
    <link:loc xlink:type="locator" xlink:href="tifrs-ar-2013-03-31.xsd#tifrs-ar_AccountingPrincipleChange" xlink:label="AccountingPrincipleChange" xlink:title="AccountingPrincipleChange"/>
    <link:presentationArc xlink:type="arc" xlink:arcrole="http://www.xbrl.org/2003/arcrole/parent-child" xlink:from="AuditReportTypeSubdivision" xlink:to="AccountingPrincipleChange" xlink:title="presentation: AuditReportTypeSubdivision to AccountingPrincipleChange" use="optional" order="3.0"/>
    <link:loc xlink:type="locator" xlink:href="tifrs-ar-2013-03-31.xsd#tifrs-ar_DifferentReportOpinion" xlink:label="DifferentReportOpinion" xlink:title="DifferentReportOpinion"/>
    <link:presentationArc xlink:type="arc" xlink:arcrole="http://www.xbrl.org/2003/arcrole/parent-child" xlink:from="AuditReportTypeSubdivision" xlink:to="DifferentReportOpinion" xlink:title="presentation: AuditReportTypeSubdivision to DifferentReportOpinion" use="optional" order="4.0"/>
    <link:loc xlink:type="locator" xlink:href="tifrs-ar-2013-03-31.xsd#tifrs-ar_OtherAccountantAuditPreviousFinancialStatement" xlink:label="OtherAccountantAuditPreviousFinancialStatement" xlink:title="OtherAccountantAuditPreviousFinancialStatement"/>
    <link:presentationArc xlink:type="arc" xlink:arcrole="http://www.xbrl.org/2003/arcrole/parent-child" xlink:from="AuditReportTypeSubdivision" xlink:to="OtherAccountantAuditPreviousFinancialStatement" xlink:title="presentation: AuditReportTypeSubdivision to OtherAccountantAuditPreviousFinancialStatement" use="optional" order="5.0"/>
    <link:loc xlink:type="locator" xlink:href="tifrs-ar-2013-03-31.xsd#tifrs-ar_EmphasizeCertainImportantItem" xlink:label="EmphasizeCertainImportantItem" xlink:title="EmphasizeCertainImportantItem"/>
    <link:presentationArc xlink:type="arc" xlink:arcrole="http://www.xbrl.org/2003/arcrole/parent-child" xlink:from="AuditReportTypeSubdivision" xlink:to="EmphasizeCertainImportantItem" xlink:title="presentation: AuditReportTypeSubdivision to EmphasizeCertainImportantItem" use="optional" order="6.0"/>
    <link:loc xlink:type="locator" xlink:href="tifrs-ar-2013-03-31.xsd#tifrs-ar_OtherItem" xlink:label="OtherItem" xlink:title="OtherItem"/>
    <link:presentationArc xlink:type="arc" xlink:arcrole="http://www.xbrl.org/2003/arcrole/parent-child" xlink:from="AuditReportTypeSubdivision" xlink:to="OtherItem" xlink:title="presentation: AuditReportTypeSubdivision to OtherItem" use="optional" order="8.0"/>
    <link:loc xlink:type="locator" xlink:href="tifrs-ar-2013-03-31.xsd#tifrs-ar_FinancialStatementsOfNonmajorSubsidiaryOrInvestmentAccountedForUsingEquityMethodHaveNotBeenAuditedOrReviewed" xlink:label="FinancialStatementsOfNonmajorSubsidiaryOrInvestmentAccountedForUsingEquityMethodHaveNotBeenAuditedOrReviewed" xlink:title="FinancialStatementsOfNonmajorSubsidiaryOrInvestmentAccountedForUsingEquityMethodHaveNotBeenAuditedOrReviewed"/>
    <link:presentationArc xlink:type="arc" xlink:arcrole="http://www.xbrl.org/2003/arcrole/parent-child" xlink:from="AuditReportTypeSubdivision" xlink:to="FinancialStatementsOfNonmajorSubsidiaryOrInvestmentAccountedForUsingEquityMethodHaveNotBeenAuditedOrReviewed" xlink:title="presentation: AuditReportTypeSubdivision to FinancialStatementsOfNonmajorSubsidiaryOrInvestmentAccountedForUsingEquityMethodHaveNotBeenAuditedOrReviewed" order="7.0"/>
    <link:loc xlink:type="locator" xlink:href="tifrs-ar-2013-03-31.xsd#tifrs-ar_DescriptionEmphasizeItemBody" xlink:label="DescriptionEmphasizeItemBody" xlink:title="DescriptionEmphasizeItemBody"/>
    <link:presentationArc xlink:type="arc" xlink:arcrole="http://www.xbrl.org/2003/arcrole/parent-child" xlink:from="AccountantsReport" xlink:to="DescriptionEmphasizeItemBody" xlink:title="presentation: AccountantsReport to DescriptionEmphasizeItemBody" use="optional" order="8.0"/>
    <link:loc xlink:type="locator" xlink:href="tifrs-ar-2013-03-31.xsd#tifrs-ar_DescriptionOtherItemBody" xlink:label="DescriptionOtherItemBody" xlink:title="DescriptionOtherItemBody"/>
    <link:presentationArc xlink:type="arc" xlink:arcrole="http://www.xbrl.org/2003/arcrole/parent-child" xlink:from="AccountantsReport" xlink:to="DescriptionOtherItemBody" xlink:title="presentation: AccountantsReport to DescriptionOtherItemBody" use="optional" order="9.0"/>
  </link:presentationLink>
</link:linkbase>
