<?xml version="1.0" encoding="UTF-8"?>
<!-- Generated by Fujitsu XWand B0184C -->
<link:linkbase xmlns:xsi="http://www.w3.org/2001/XMLSchema-instance" xsi:schemaLocation="http://www.xbrl.org/2003/linkbase http://www.xbrl.org/2003/xbrl-linkbase-2003-12-31.xsd" xmlns:link="http://www.xbrl.org/2003/linkbase" xmlns:xbrli="http://www.xbrl.org/2003/instance" xmlns:xlink="http://www.w3.org/1999/xlink">
  <link:roleRef roleURI="http://www.xbrl.org/tifrs/fr/role/StatementOfCashFlows" xlink:type="simple" xlink:href="../tifrs-scf-2013-03-31.xsd#RT_1"/>
  <link:presentationLink xlink:type="extended" xlink:role="http://www.xbrl.org/tifrs/fr/role/StatementOfCashFlows">
    <link:loc xlink:type="locator" xlink:href="../tifrs-scf-2013-03-31.xsd#tifrs-SCF_AdjustmentsToReconcileProfitLossAbstract" xlink:label="AdjustmentsToReconcileProfitLossAbstract" xlink:title="AdjustmentsToReconcileProfitLossAbstract"/>
    <link:loc xlink:type="locator" xlink:href="../tifrs-scf-2013-03-31.xsd#tifrs-SCF_NetLossGainArisingFromDerecognitionOfFinancialAssetsMeasuredAtAmortisedCost" xlink:label="NetLossGainArisingFromDerecognitionOfFinancialAssetsMeasuredAtAmortisedCost" xlink:title="NetLossGainArisingFromDerecognitionOfFinancialAssetsMeasuredAtAmortisedCost"/>
    <link:presentationArc xlink:type="arc" xlink:arcrole="http://www.xbrl.org/2003/arcrole/parent-child" xlink:from="AdjustmentsToReconcileProfitLossAbstract" xlink:to="NetLossGainArisingFromDerecognitionOfFinancialAssetsMeasuredAtAmortisedCost" xlink:title="presentation: AdjustmentsToReconcileProfitLossAbstract to NetLossGainArisingFromDerecognitionOfFinancialAssetsMeasuredAtAmortisedCost" order="5.1"/>
    <link:loc xlink:type="locator" xlink:href="../tifrs-scf-2013-03-31.xsd#tifrs-SCF_LossGainOnDisposalOfPropertyPlanAndEquipment" xlink:label="LossGainOnDisposalOfPropertyPlanAndEquipment" xlink:title="LossGainOnDisposalOfPropertyPlanAndEquipment"/>
    <link:presentationArc xlink:type="arc" xlink:arcrole="http://www.xbrl.org/2003/arcrole/parent-child" xlink:from="AdjustmentsToReconcileProfitLossAbstract" xlink:to="LossGainOnDisposalOfPropertyPlanAndEquipment" xlink:title="presentation: AdjustmentsToReconcileProfitLossAbstract to LossGainOnDisposalOfPropertyPlanAndEquipment" order="12.1"/>
    <link:loc xlink:type="locator" xlink:href="../tifrs-scf-2013-03-31.xsd#tifrs-SCF_PropertyPlanAndEquipmentTransferredToExpenses" xlink:label="PropertyPlanAndEquipmentTransferredToExpenses" xlink:title="PropertyPlanAndEquipmentTransferredToExpenses"/>
    <link:presentationArc xlink:type="arc" xlink:arcrole="http://www.xbrl.org/2003/arcrole/parent-child" xlink:from="AdjustmentsToReconcileProfitLossAbstract" xlink:to="PropertyPlanAndEquipmentTransferredToExpenses" xlink:title="presentation: AdjustmentsToReconcileProfitLossAbstract to PropertyPlanAndEquipmentTransferredToExpenses" order="12.2"/>
    <link:loc xlink:type="locator" xlink:href="../tifrs-scf-2013-03-31.xsd#tifrs-SCF_LossGainOnDisposalOfNoncurrentAssetsClassifiedAsHeldForSale" xlink:label="LossGainOnDisposalOfNoncurrentAssetsClassifiedAsHeldForSale" xlink:title="LossGainOnDisposalOfNoncurrentAssetsClassifiedAsHeldForSale"/>
    <link:presentationArc xlink:type="arc" xlink:arcrole="http://www.xbrl.org/2003/arcrole/parent-child" xlink:from="AdjustmentsToReconcileProfitLossAbstract" xlink:to="LossGainOnDisposalOfNoncurrentAssetsClassifiedAsHeldForSale" xlink:title="presentation: AdjustmentsToReconcileProfitLossAbstract to LossGainOnDisposalOfNoncurrentAssetsClassifiedAsHeldForSale" order="14.2"/>
    <link:loc xlink:type="locator" xlink:href="../tifrs-scf-2013-03-31.xsd#tifrs-SCF_LossGainOnDisposalOfInvestments" xlink:label="LossGainOnDisposalOfInvestments" xlink:title="LossGainOnDisposalOfInvestments"/>
    <link:presentationArc xlink:type="arc" xlink:arcrole="http://www.xbrl.org/2003/arcrole/parent-child" xlink:from="AdjustmentsToReconcileProfitLossAbstract" xlink:to="LossGainOnDisposalOfInvestments" xlink:title="presentation: AdjustmentsToReconcileProfitLossAbstract to LossGainOnDisposalOfInvestments" order="14.3"/>
    <link:loc xlink:type="locator" xlink:href="../tifrs-scf-2013-03-31.xsd#tifrs-SCF_ProvisionReversalOfProvisionForBadDebtExpense" xlink:label="ProvisionReversalOfProvisionForBadDebtExpense" xlink:title="ProvisionReversalOfProvisionForBadDebtExpense"/>
    <link:presentationArc xlink:type="arc" xlink:arcrole="http://www.xbrl.org/2003/arcrole/parent-child" xlink:from="AdjustmentsToReconcileProfitLossAbstract" xlink:to="ProvisionReversalOfProvisionForBadDebtExpense" xlink:title="presentation: AdjustmentsToReconcileProfitLossAbstract to ProvisionReversalOfProvisionForBadDebtExpense" order="2.1"/>
    <link:loc xlink:type="locator" xlink:href="../tifrs-scf-2013-03-31.xsd#tifrs-SCF_InterestIncome" xlink:label="InterestIncome" xlink:title="InterestIncome"/>
    <link:presentationArc xlink:type="arc" xlink:arcrole="http://www.xbrl.org/2003/arcrole/parent-child" xlink:from="AdjustmentsToReconcileProfitLossAbstract" xlink:to="InterestIncome" xlink:title="presentation: AdjustmentsToReconcileProfitLossAbstract to InterestIncome" order="6.1"/>
    <link:loc xlink:type="locator" xlink:href="../tifrs-scf-2013-03-31.xsd#tifrs-SCF_LossGainOnDisposalOfInvestmentProperties" xlink:label="LossGainOnDisposalOfInvestmentProperties" xlink:title="LossGainOnDisposalOfInvestmentProperties"/>
    <link:presentationArc xlink:type="arc" xlink:arcrole="http://www.xbrl.org/2003/arcrole/parent-child" xlink:from="AdjustmentsToReconcileProfitLossAbstract" xlink:to="LossGainOnDisposalOfInvestmentProperties" xlink:title="presentation: AdjustmentsToReconcileProfitLossAbstract to LossGainOnDisposalOfInvestmentProperties" order="12.3"/>
    <link:loc xlink:type="locator" xlink:href="../tifrs-scf-2013-03-31.xsd#tifrs-SCF_LossGainOnDisposalOfOtherAssets" xlink:label="LossGainOnDisposalOfOtherAssets" xlink:title="LossGainOnDisposalOfOtherAssets"/>
    <link:presentationArc xlink:type="arc" xlink:arcrole="http://www.xbrl.org/2003/arcrole/parent-child" xlink:from="AdjustmentsToReconcileProfitLossAbstract" xlink:to="LossGainOnDisposalOfOtherAssets" xlink:title="presentation: AdjustmentsToReconcileProfitLossAbstract to LossGainOnDisposalOfOtherAssets" order="14.1"/>
    <link:loc xlink:type="locator" xlink:href="../tifrs-scf-2013-03-31.xsd#tifrs-SCF_ShareOfLossProfitOfAssociatesAndJointVenturesAccountedForUsingEquityMethod" xlink:label="ShareOfLossProfitOfAssociatesAndJointVenturesAccountedForUsingEquityMethod" xlink:title="ShareOfLossProfitOfAssociatesAndJointVenturesAccountedForUsingEquityMethod"/>
    <link:presentationArc xlink:type="arc" xlink:arcrole="http://www.xbrl.org/2003/arcrole/parent-child" xlink:from="AdjustmentsToReconcileProfitLossAbstract" xlink:to="ShareOfLossProfitOfAssociatesAndJointVenturesAccountedForUsingEquityMethod" xlink:title="presentation: AdjustmentsToReconcileProfitLossAbstract to ShareOfLossProfitOfAssociatesAndJointVenturesAccountedForUsingEquityMethod" order="10.1"/>
    <link:loc xlink:type="locator" xlink:href="../tifrs-scf-2013-03-31.xsd#tifrs-SCF_UnrealizedProfitLossFromSales" xlink:label="UnrealizedProfitLossFromSales" xlink:title="UnrealizedProfitLossFromSales"/>
    <link:presentationArc xlink:type="arc" xlink:arcrole="http://www.xbrl.org/2003/arcrole/parent-child" xlink:from="AdjustmentsToReconcileProfitLossAbstract" xlink:to="UnrealizedProfitLossFromSales" xlink:title="presentation: AdjustmentsToReconcileProfitLossAbstract to UnrealizedProfitLossFromSales" order="20.1"/>
    <link:loc xlink:type="locator" xlink:href="../tifrs-scf-2013-03-31.xsd#tifrs-SCF_RealizedLossProfitOnFromSales" xlink:label="RealizedLossProfitOnFromSales" xlink:title="RealizedLossProfitOnFromSales"/>
    <link:presentationArc xlink:type="arc" xlink:arcrole="http://www.xbrl.org/2003/arcrole/parent-child" xlink:from="AdjustmentsToReconcileProfitLossAbstract" xlink:to="RealizedLossProfitOnFromSales" xlink:title="presentation: AdjustmentsToReconcileProfitLossAbstract to RealizedLossProfitOnFromSales" order="20.2"/>
    <link:loc xlink:type="locator" xlink:href="../tifrs-scf-2013-03-31.xsd#tifrs-SCF_ChangesInOperatingAssetsAbstract" xlink:label="ChangesInOperatingAssetsAbstract" xlink:title="ChangesInOperatingAssetsAbstract"/>
    <link:loc xlink:type="locator" xlink:href="../tifrs-scf-2013-03-31.xsd#tifrs-SCF_DecreaseIncreaseInFinancialAssetsHeldForTrading" xlink:label="DecreaseIncreaseInFinancialAssetsHeldForTrading" xlink:title="DecreaseIncreaseInFinancialAssetsHeldForTrading"/>
    <link:presentationArc xlink:type="arc" xlink:arcrole="http://www.xbrl.org/2003/arcrole/parent-child" xlink:from="ChangesInOperatingAssetsAbstract" xlink:to="DecreaseIncreaseInFinancialAssetsHeldForTrading" xlink:title="presentation: ChangesInOperatingAssetsAbstract to DecreaseIncreaseInFinancialAssetsHeldForTrading" order="1.0"/>
    <link:loc xlink:type="locator" xlink:href="../tifrs-scf-2013-03-31.xsd#tifrs-SCF_DecreaseIncreaseInDerivativeFinancialAssetsForHedging" xlink:label="DecreaseIncreaseInDerivativeFinancialAssetsForHedging" xlink:title="DecreaseIncreaseInDerivativeFinancialAssetsForHedging"/>
    <link:presentationArc xlink:type="arc" xlink:arcrole="http://www.xbrl.org/2003/arcrole/parent-child" xlink:from="ChangesInOperatingAssetsAbstract" xlink:to="DecreaseIncreaseInDerivativeFinancialAssetsForHedging" xlink:title="presentation: ChangesInOperatingAssetsAbstract to DecreaseIncreaseInDerivativeFinancialAssetsForHedging" order="2.0"/>
    <link:loc xlink:type="locator" xlink:href="../tifrs-scf-2013-03-31.xsd#tifrs-SCF_DecreaseIncreaseInNotesReceivable" xlink:label="DecreaseIncreaseInNotesReceivable" xlink:title="DecreaseIncreaseInNotesReceivable"/>
    <link:presentationArc xlink:type="arc" xlink:arcrole="http://www.xbrl.org/2003/arcrole/parent-child" xlink:from="ChangesInOperatingAssetsAbstract" xlink:to="DecreaseIncreaseInNotesReceivable" xlink:title="presentation: ChangesInOperatingAssetsAbstract to DecreaseIncreaseInNotesReceivable" order="3.0"/>
    <link:loc xlink:type="locator" xlink:href="../tifrs-scf-2013-03-31.xsd#tifrs-SCF_DecreaseIncreaseInNotesReceivableDueFromRelatedParties" xlink:label="DecreaseIncreaseInNotesReceivableDueFromRelatedParties" xlink:title="DecreaseIncreaseInNotesReceivableDueFromRelatedParties"/>
    <link:presentationArc xlink:type="arc" xlink:arcrole="http://www.xbrl.org/2003/arcrole/parent-child" xlink:from="ChangesInOperatingAssetsAbstract" xlink:to="DecreaseIncreaseInNotesReceivableDueFromRelatedParties" xlink:title="presentation: ChangesInOperatingAssetsAbstract to DecreaseIncreaseInNotesReceivableDueFromRelatedParties" order="4.0"/>
    <link:loc xlink:type="locator" xlink:href="../tifrs-scf-2013-03-31.xsd#tifrs-SCF_DecreaseIncreaseInAccountsReceivable" xlink:label="DecreaseIncreaseInAccountsReceivable" xlink:title="DecreaseIncreaseInAccountsReceivable"/>
    <link:presentationArc xlink:type="arc" xlink:arcrole="http://www.xbrl.org/2003/arcrole/parent-child" xlink:from="ChangesInOperatingAssetsAbstract" xlink:to="DecreaseIncreaseInAccountsReceivable" xlink:title="presentation: ChangesInOperatingAssetsAbstract to DecreaseIncreaseInAccountsReceivable" order="5.0"/>
    <link:loc xlink:type="locator" xlink:href="../tifrs-scf-2013-03-31.xsd#tifrs-SCF_DecreaseIncreaseInAccountsReceivableDueFromRelatedParties" xlink:label="DecreaseIncreaseInAccountsReceivableDueFromRelatedParties" xlink:title="DecreaseIncreaseInAccountsReceivableDueFromRelatedParties"/>
    <link:presentationArc xlink:type="arc" xlink:arcrole="http://www.xbrl.org/2003/arcrole/parent-child" xlink:from="ChangesInOperatingAssetsAbstract" xlink:to="DecreaseIncreaseInAccountsReceivableDueFromRelatedParties" xlink:title="presentation: ChangesInOperatingAssetsAbstract to DecreaseIncreaseInAccountsReceivableDueFromRelatedParties" order="6.0"/>
    <link:loc xlink:type="locator" xlink:href="../tifrs-scf-2013-03-31.xsd#tifrs-SCF_DecreaseIncreaseInConstructionContractsReceivable" xlink:label="DecreaseIncreaseInConstructionContractsReceivable" xlink:title="DecreaseIncreaseInConstructionContractsReceivable"/>
    <link:presentationArc xlink:type="arc" xlink:arcrole="http://www.xbrl.org/2003/arcrole/parent-child" xlink:from="ChangesInOperatingAssetsAbstract" xlink:to="DecreaseIncreaseInConstructionContractsReceivable" xlink:title="presentation: ChangesInOperatingAssetsAbstract to DecreaseIncreaseInConstructionContractsReceivable" order="7.0"/>
    <link:loc xlink:type="locator" xlink:href="../tifrs-scf-2013-03-31.xsd#tifrs-SCF_DecreaseIncreaseInOtherReceivables" xlink:label="DecreaseIncreaseInOtherReceivables" xlink:title="DecreaseIncreaseInOtherReceivables"/>
    <link:presentationArc xlink:type="arc" xlink:arcrole="http://www.xbrl.org/2003/arcrole/parent-child" xlink:from="ChangesInOperatingAssetsAbstract" xlink:to="DecreaseIncreaseInOtherReceivables" xlink:title="presentation: ChangesInOperatingAssetsAbstract to DecreaseIncreaseInOtherReceivables" order="8.0"/>
    <link:loc xlink:type="locator" xlink:href="../tifrs-scf-2013-03-31.xsd#tifrs-SCF_DecreaseIncreaseInOtherReceivableDueFromRelatedParties" xlink:label="DecreaseIncreaseInOtherReceivableDueFromRelatedParties" xlink:title="DecreaseIncreaseInOtherReceivableDueFromRelatedParties"/>
    <link:presentationArc xlink:type="arc" xlink:arcrole="http://www.xbrl.org/2003/arcrole/parent-child" xlink:from="ChangesInOperatingAssetsAbstract" xlink:to="DecreaseIncreaseInOtherReceivableDueFromRelatedParties" xlink:title="presentation: ChangesInOperatingAssetsAbstract to DecreaseIncreaseInOtherReceivableDueFromRelatedParties" order="9.0"/>
    <link:loc xlink:type="locator" xlink:href="../tifrs-scf-2013-03-31.xsd#tifrs-SCF_DecreaseIncreaseInInventories" xlink:label="DecreaseIncreaseInInventories" xlink:title="DecreaseIncreaseInInventories"/>
    <link:presentationArc xlink:type="arc" xlink:arcrole="http://www.xbrl.org/2003/arcrole/parent-child" xlink:from="ChangesInOperatingAssetsAbstract" xlink:to="DecreaseIncreaseInInventories" xlink:title="presentation: ChangesInOperatingAssetsAbstract to DecreaseIncreaseInInventories" order="10.0"/>
    <link:loc xlink:type="locator" xlink:href="../tifrs-scf-2013-03-31.xsd#tifrs-SCF_DecreaseIncreaseInBiologicalAssets" xlink:label="DecreaseIncreaseInBiologicalAssets" xlink:title="DecreaseIncreaseInBiologicalAssets"/>
    <link:presentationArc xlink:type="arc" xlink:arcrole="http://www.xbrl.org/2003/arcrole/parent-child" xlink:from="ChangesInOperatingAssetsAbstract" xlink:to="DecreaseIncreaseInBiologicalAssets" xlink:title="presentation: ChangesInOperatingAssetsAbstract to DecreaseIncreaseInBiologicalAssets" order="11.0"/>
    <link:loc xlink:type="locator" xlink:href="../tifrs-scf-2013-03-31.xsd#tifrs-SCF_DecreaseIncreaseInPrepaidExpenses" xlink:label="DecreaseIncreaseInPrepaidExpenses" xlink:title="DecreaseIncreaseInPrepaidExpenses"/>
    <link:presentationArc xlink:type="arc" xlink:arcrole="http://www.xbrl.org/2003/arcrole/parent-child" xlink:from="ChangesInOperatingAssetsAbstract" xlink:to="DecreaseIncreaseInPrepaidExpenses" xlink:title="presentation: ChangesInOperatingAssetsAbstract to DecreaseIncreaseInPrepaidExpenses" order="12.0"/>
    <link:loc xlink:type="locator" xlink:href="../tifrs-scf-2013-03-31.xsd#tifrs-SCF_DecreaseIncreaseInPrepayments" xlink:label="DecreaseIncreaseInPrepayments" xlink:title="DecreaseIncreaseInPrepayments"/>
    <link:presentationArc xlink:type="arc" xlink:arcrole="http://www.xbrl.org/2003/arcrole/parent-child" xlink:from="ChangesInOperatingAssetsAbstract" xlink:to="DecreaseIncreaseInPrepayments" xlink:title="presentation: ChangesInOperatingAssetsAbstract to DecreaseIncreaseInPrepayments" order="13.0"/>
    <link:loc xlink:type="locator" xlink:href="../tifrs-scf-2013-03-31.xsd#tifrs-SCF_DecreaseIncreaseInOtherCurrentAssets" xlink:label="DecreaseIncreaseInOtherCurrentAssets" xlink:title="DecreaseIncreaseInOtherCurrentAssets"/>
    <link:presentationArc xlink:type="arc" xlink:arcrole="http://www.xbrl.org/2003/arcrole/parent-child" xlink:from="ChangesInOperatingAssetsAbstract" xlink:to="DecreaseIncreaseInOtherCurrentAssets" xlink:title="presentation: ChangesInOperatingAssetsAbstract to DecreaseIncreaseInOtherCurrentAssets" order="14.0"/>
    <link:loc xlink:type="locator" xlink:href="../tifrs-scf-2013-03-31.xsd#tifrs-SCF_DecreaseIncreaseInOtherFinancialAssets" xlink:label="DecreaseIncreaseInOtherFinancialAssets" xlink:title="DecreaseIncreaseInOtherFinancialAssets"/>
    <link:presentationArc xlink:type="arc" xlink:arcrole="http://www.xbrl.org/2003/arcrole/parent-child" xlink:from="ChangesInOperatingAssetsAbstract" xlink:to="DecreaseIncreaseInOtherFinancialAssets" xlink:title="presentation: ChangesInOperatingAssetsAbstract to DecreaseIncreaseInOtherFinancialAssets" order="15.0"/>
    <link:loc xlink:type="locator" xlink:href="../tifrs-scf-2013-03-31.xsd#tifrs-SCF_DecreaseIncreaseInDeferredDebits" xlink:label="DecreaseIncreaseInDeferredDebits" xlink:title="DecreaseIncreaseInDeferredDebits"/>
    <link:presentationArc xlink:type="arc" xlink:arcrole="http://www.xbrl.org/2003/arcrole/parent-child" xlink:from="ChangesInOperatingAssetsAbstract" xlink:to="DecreaseIncreaseInDeferredDebits" xlink:title="presentation: ChangesInOperatingAssetsAbstract to DecreaseIncreaseInDeferredDebits" order="16.0"/>
    <link:loc xlink:type="locator" xlink:href="../tifrs-scf-2013-03-31.xsd#tifrs-SCF_DecreaseIncreaseInOtherOperatingAssets" xlink:label="DecreaseIncreaseInOtherOperatingAssets" xlink:title="DecreaseIncreaseInOtherOperatingAssets"/>
    <link:presentationArc xlink:type="arc" xlink:arcrole="http://www.xbrl.org/2003/arcrole/parent-child" xlink:from="ChangesInOperatingAssetsAbstract" xlink:to="DecreaseIncreaseInOtherOperatingAssets" xlink:title="presentation: ChangesInOperatingAssetsAbstract to DecreaseIncreaseInOtherOperatingAssets" order="17.0"/>
    <link:loc xlink:type="locator" xlink:href="../tifrs-scf-2013-03-31.xsd#tifrs-SCF_ChangesInOperatingLiabilitiesAbstract" xlink:label="ChangesInOperatingLiabilitiesAbstract" xlink:title="ChangesInOperatingLiabilitiesAbstract"/>
    <link:loc xlink:type="locator" xlink:href="../tifrs-scf-2013-03-31.xsd#tifrs-SCF_IncreaseDecreaseInFinancialLiabilitiesHeldForTrading" xlink:label="IncreaseDecreaseInFinancialLiabilitiesHeldForTrading" xlink:title="IncreaseDecreaseInFinancialLiabilitiesHeldForTrading"/>
    <link:presentationArc xlink:type="arc" xlink:arcrole="http://www.xbrl.org/2003/arcrole/parent-child" xlink:from="ChangesInOperatingLiabilitiesAbstract" xlink:to="IncreaseDecreaseInFinancialLiabilitiesHeldForTrading" xlink:title="presentation: ChangesInOperatingLiabilitiesAbstract to IncreaseDecreaseInFinancialLiabilitiesHeldForTrading" order="1.0"/>
    <link:loc xlink:type="locator" xlink:href="../tifrs-scf-2013-03-31.xsd#tifrs-SCF_IncreaseDecreaseInDerivativeFinancialLiabilitiesForHedging" xlink:label="IncreaseDecreaseInDerivativeFinancialLiabilitiesForHedging" xlink:title="IncreaseDecreaseInDerivativeFinancialLiabilitiesForHedging"/>
    <link:presentationArc xlink:type="arc" xlink:arcrole="http://www.xbrl.org/2003/arcrole/parent-child" xlink:from="ChangesInOperatingLiabilitiesAbstract" xlink:to="IncreaseDecreaseInDerivativeFinancialLiabilitiesForHedging" xlink:title="presentation: ChangesInOperatingLiabilitiesAbstract to IncreaseDecreaseInDerivativeFinancialLiabilitiesForHedging" order="2.0"/>
    <link:loc xlink:type="locator" xlink:href="../tifrs-scf-2013-03-31.xsd#tifrs-SCF_IncreaseDecreaseInNotesPayable" xlink:label="IncreaseDecreaseInNotesPayable" xlink:title="IncreaseDecreaseInNotesPayable"/>
    <link:presentationArc xlink:type="arc" xlink:arcrole="http://www.xbrl.org/2003/arcrole/parent-child" xlink:from="ChangesInOperatingLiabilitiesAbstract" xlink:to="IncreaseDecreaseInNotesPayable" xlink:title="presentation: ChangesInOperatingLiabilitiesAbstract to IncreaseDecreaseInNotesPayable" order="3.0"/>
    <link:loc xlink:type="locator" xlink:href="../tifrs-scf-2013-03-31.xsd#tifrs-SCF_IncreaseDecreaseInNotesPayableToRelatedParties" xlink:label="IncreaseDecreaseInNotesPayableToRelatedParties" xlink:title="IncreaseDecreaseInNotesPayableToRelatedParties"/>
    <link:presentationArc xlink:type="arc" xlink:arcrole="http://www.xbrl.org/2003/arcrole/parent-child" xlink:from="ChangesInOperatingLiabilitiesAbstract" xlink:to="IncreaseDecreaseInNotesPayableToRelatedParties" xlink:title="presentation: ChangesInOperatingLiabilitiesAbstract to IncreaseDecreaseInNotesPayableToRelatedParties" order="4.0"/>
    <link:loc xlink:type="locator" xlink:href="../tifrs-scf-2013-03-31.xsd#tifrs-SCF_IncreaseDecreaseInAccountsPayable" xlink:label="IncreaseDecreaseInAccountsPayable" xlink:title="IncreaseDecreaseInAccountsPayable"/>
    <link:presentationArc xlink:type="arc" xlink:arcrole="http://www.xbrl.org/2003/arcrole/parent-child" xlink:from="ChangesInOperatingLiabilitiesAbstract" xlink:to="IncreaseDecreaseInAccountsPayable" xlink:title="presentation: ChangesInOperatingLiabilitiesAbstract to IncreaseDecreaseInAccountsPayable" order="5.0"/>
    <link:loc xlink:type="locator" xlink:href="../tifrs-scf-2013-03-31.xsd#tifrs-SCF_IncreaseDecreaseInAccountsPayableToRelatedParties" xlink:label="IncreaseDecreaseInAccountsPayableToRelatedParties" xlink:title="IncreaseDecreaseInAccountsPayableToRelatedParties"/>
    <link:presentationArc xlink:type="arc" xlink:arcrole="http://www.xbrl.org/2003/arcrole/parent-child" xlink:from="ChangesInOperatingLiabilitiesAbstract" xlink:to="IncreaseDecreaseInAccountsPayableToRelatedParties" xlink:title="presentation: ChangesInOperatingLiabilitiesAbstract to IncreaseDecreaseInAccountsPayableToRelatedParties" order="6.0"/>
    <link:loc xlink:type="locator" xlink:href="../tifrs-scf-2013-03-31.xsd#tifrs-SCF_IncreaseDecreaseInConstructionContractsReceivable" xlink:label="IncreaseDecreaseInConstructionContractsReceivable" xlink:title="IncreaseDecreaseInConstructionContractsReceivable"/>
    <link:presentationArc xlink:type="arc" xlink:arcrole="http://www.xbrl.org/2003/arcrole/parent-child" xlink:from="ChangesInOperatingLiabilitiesAbstract" xlink:to="IncreaseDecreaseInConstructionContractsReceivable" xlink:title="presentation: ChangesInOperatingLiabilitiesAbstract to IncreaseDecreaseInConstructionContractsReceivable" order="7.0"/>
    <link:loc xlink:type="locator" xlink:href="../tifrs-scf-2013-03-31.xsd#tifrs-SCF_IncreaseDecreaseInOtherPayables" xlink:label="IncreaseDecreaseInOtherPayables" xlink:title="IncreaseDecreaseInOtherPayables"/>
    <link:presentationArc xlink:type="arc" xlink:arcrole="http://www.xbrl.org/2003/arcrole/parent-child" xlink:from="ChangesInOperatingLiabilitiesAbstract" xlink:to="IncreaseDecreaseInOtherPayables" xlink:title="presentation: ChangesInOperatingLiabilitiesAbstract to IncreaseDecreaseInOtherPayables" order="8.0"/>
    <link:loc xlink:type="locator" xlink:href="../tifrs-scf-2013-03-31.xsd#tifrs-SCF_IncreaseDecreaseInOtherPayableToRelatedParties" xlink:label="IncreaseDecreaseInOtherPayableToRelatedParties" xlink:title="IncreaseDecreaseInOtherPayableToRelatedParties"/>
    <link:presentationArc xlink:type="arc" xlink:arcrole="http://www.xbrl.org/2003/arcrole/parent-child" xlink:from="ChangesInOperatingLiabilitiesAbstract" xlink:to="IncreaseDecreaseInOtherPayableToRelatedParties" xlink:title="presentation: ChangesInOperatingLiabilitiesAbstract to IncreaseDecreaseInOtherPayableToRelatedParties" order="9.0"/>
    <link:loc xlink:type="locator" xlink:href="../tifrs-scf-2013-03-31.xsd#tifrs-SCF_IncreaseDecreaseInProvisions" xlink:label="IncreaseDecreaseInProvisions" xlink:title="IncreaseDecreaseInProvisions"/>
    <link:presentationArc xlink:type="arc" xlink:arcrole="http://www.xbrl.org/2003/arcrole/parent-child" xlink:from="ChangesInOperatingLiabilitiesAbstract" xlink:to="IncreaseDecreaseInProvisions" xlink:title="presentation: ChangesInOperatingLiabilitiesAbstract to IncreaseDecreaseInProvisions" order="10.0"/>
    <link:loc xlink:type="locator" xlink:href="../tifrs-scf-2013-03-31.xsd#tifrs-SCF_IncreaseDecreaseInReceiptsInAdvance" xlink:label="IncreaseDecreaseInReceiptsInAdvance" xlink:title="IncreaseDecreaseInReceiptsInAdvance"/>
    <link:presentationArc xlink:type="arc" xlink:arcrole="http://www.xbrl.org/2003/arcrole/parent-child" xlink:from="ChangesInOperatingLiabilitiesAbstract" xlink:to="IncreaseDecreaseInReceiptsInAdvance" xlink:title="presentation: ChangesInOperatingLiabilitiesAbstract to IncreaseDecreaseInReceiptsInAdvance" order="11.0"/>
    <link:loc xlink:type="locator" xlink:href="../tifrs-scf-2013-03-31.xsd#tifrs-SCF_IncreaseDecreaseInOtherFinancialLiabilities" xlink:label="IncreaseDecreaseInOtherFinancialLiabilities" xlink:title="IncreaseDecreaseInOtherFinancialLiabilities"/>
    <link:presentationArc xlink:type="arc" xlink:arcrole="http://www.xbrl.org/2003/arcrole/parent-child" xlink:from="ChangesInOperatingLiabilitiesAbstract" xlink:to="IncreaseDecreaseInOtherFinancialLiabilities" xlink:title="presentation: ChangesInOperatingLiabilitiesAbstract to IncreaseDecreaseInOtherFinancialLiabilities" order="12.0"/>
    <link:loc xlink:type="locator" xlink:href="../tifrs-scf-2013-03-31.xsd#tifrs-SCF_IncreaseDecreaseInOtherCurrentLiabilities" xlink:label="IncreaseDecreaseInOtherCurrentLiabilities" xlink:title="IncreaseDecreaseInOtherCurrentLiabilities"/>
    <link:presentationArc xlink:type="arc" xlink:arcrole="http://www.xbrl.org/2003/arcrole/parent-child" xlink:from="ChangesInOperatingLiabilitiesAbstract" xlink:to="IncreaseDecreaseInOtherCurrentLiabilities" xlink:title="presentation: ChangesInOperatingLiabilitiesAbstract to IncreaseDecreaseInOtherCurrentLiabilities" order="13.0"/>
    <link:loc xlink:type="locator" xlink:href="../tifrs-scf-2013-03-31.xsd#tifrs-SCF_IncreaseDecreaseInAccruedPensionLiabilities" xlink:label="IncreaseDecreaseInAccruedPensionLiabilities" xlink:title="IncreaseDecreaseInAccruedPensionLiabilities"/>
    <link:presentationArc xlink:type="arc" xlink:arcrole="http://www.xbrl.org/2003/arcrole/parent-child" xlink:from="ChangesInOperatingLiabilitiesAbstract" xlink:to="IncreaseDecreaseInAccruedPensionLiabilities" xlink:title="presentation: ChangesInOperatingLiabilitiesAbstract to IncreaseDecreaseInAccruedPensionLiabilities" order="14.0"/>
    <link:loc xlink:type="locator" xlink:href="../tifrs-scf-2013-03-31.xsd#tifrs-SCF_IncreaseDecreaseInDeferredCredits" xlink:label="IncreaseDecreaseInDeferredCredits" xlink:title="IncreaseDecreaseInDeferredCredits"/>
    <link:presentationArc xlink:type="arc" xlink:arcrole="http://www.xbrl.org/2003/arcrole/parent-child" xlink:from="ChangesInOperatingLiabilitiesAbstract" xlink:to="IncreaseDecreaseInDeferredCredits" xlink:title="presentation: ChangesInOperatingLiabilitiesAbstract to IncreaseDecreaseInDeferredCredits" order="15.0"/>
    <link:loc xlink:type="locator" xlink:href="../tifrs-scf-2013-03-31.xsd#tifrs-SCF_IncreaseDecreaseInFinancialLiabilitiesAtCost" xlink:label="IncreaseDecreaseInFinancialLiabilitiesAtCost" xlink:title="IncreaseDecreaseInFinancialLiabilitiesAtCost"/>
    <link:presentationArc xlink:type="arc" xlink:arcrole="http://www.xbrl.org/2003/arcrole/parent-child" xlink:from="ChangesInOperatingLiabilitiesAbstract" xlink:to="IncreaseDecreaseInFinancialLiabilitiesAtCost" xlink:title="presentation: ChangesInOperatingLiabilitiesAbstract to IncreaseDecreaseInFinancialLiabilitiesAtCost" order="16.0"/>
    <link:loc xlink:type="locator" xlink:href="../tifrs-scf-2013-03-31.xsd#tifrs-SCF_IncreaseDecreaseInOtherOperatingLiabilities" xlink:label="IncreaseDecreaseInOtherOperatingLiabilities" xlink:title="IncreaseDecreaseInOtherOperatingLiabilities"/>
    <link:presentationArc xlink:type="arc" xlink:arcrole="http://www.xbrl.org/2003/arcrole/parent-child" xlink:from="ChangesInOperatingLiabilitiesAbstract" xlink:to="IncreaseDecreaseInOtherOperatingLiabilities" xlink:title="presentation: ChangesInOperatingLiabilitiesAbstract to IncreaseDecreaseInOtherOperatingLiabilities" order="17.0"/>
    <link:loc xlink:type="locator" xlink:href="../../ifrs_20100430/ifrs-cor_2010-04-30.xsd#ifrs_ClassesOfCashReceiptsFromOperatingActivitiesAbstract" xlink:label="ClassesOfCashReceiptsFromOperatingActivitiesAbstract" xlink:title="ClassesOfCashReceiptsFromOperatingActivitiesAbstract"/>
    <link:loc xlink:type="locator" xlink:href="../../ifrs_20100430/ifrs-cor_2010-04-30.xsd#ifrs_ReceiptsFromPremiumsAndClaimsAnnuitiesAndOtherPolicyBenefits" xlink:label="ReceiptsFromPremiumsAndClaimsAnnuitiesAndOtherPolicyBenefits" xlink:title="ReceiptsFromPremiumsAndClaimsAnnuitiesAndOtherPolicyBenefits"/>
    <link:presentationArc xlink:type="arc" xlink:arcrole="http://www.xbrl.org/2003/arcrole/parent-child" xlink:from="ClassesOfCashReceiptsFromOperatingActivitiesAbstract" xlink:to="ReceiptsFromPremiumsAndClaimsAnnuitiesAndOtherPolicyBenefits" xlink:title="presentation: ClassesOfCashReceiptsFromOperatingActivitiesAbstract to ReceiptsFromPremiumsAndClaimsAnnuitiesAndOtherPolicyBenefits" order="3.1"/>
    <link:loc xlink:type="locator" xlink:href="../tifrs-scf-2013-03-31.xsd#tifrs-SCF_ClassesOfCashPaymentsFromOperatingActivitiesAbstract" xlink:label="ClassesOfCashPaymentsFromOperatingActivitiesAbstract" xlink:title="ClassesOfCashPaymentsFromOperatingActivitiesAbstract"/>
    <link:loc xlink:type="locator" xlink:href="../../ifrs_20100430/ifrs-cor_2010-04-30.xsd#ifrs_PaymentsForPremiumsAndClaimsAnnuitiesAndOtherPolicyBenefits" xlink:label="PaymentsForPremiumsAndClaimsAnnuitiesAndOtherPolicyBenefits" xlink:title="PaymentsForPremiumsAndClaimsAnnuitiesAndOtherPolicyBenefits"/>
    <link:presentationArc xlink:type="arc" xlink:arcrole="http://www.xbrl.org/2003/arcrole/parent-child" xlink:from="ClassesOfCashPaymentsFromOperatingActivitiesAbstract" xlink:to="PaymentsForPremiumsAndClaimsAnnuitiesAndOtherPolicyBenefits" xlink:title="presentation: ClassesOfCashPaymentsFromOperatingActivitiesAbstract to PaymentsForPremiumsAndClaimsAnnuitiesAndOtherPolicyBenefits" order="3.1"/>
    <link:loc xlink:type="locator" xlink:href="../../ifrs_20100430/ifrs-cor_2010-04-30.xsd#ifrs_CashFlowsFromUsedInInvestingActivitiesAbstract" xlink:label="CashFlowsFromUsedInInvestingActivitiesAbstract" xlink:title="CashFlowsFromUsedInInvestingActivitiesAbstract"/>
    <link:loc xlink:type="locator" xlink:href="../tifrs-scf-2013-03-31.xsd#tifrs-SCF_AcquisitionOfFinancialAssetsAtFairValueThroughOtherComprehensiveIncome" xlink:label="AcquisitionOfFinancialAssetsAtFairValueThroughOtherComprehensiveIncome" xlink:title="AcquisitionOfFinancialAssetsAtFairValueThroughOtherComprehensiveIncome"/>
    <link:presentationArc xlink:type="arc" xlink:arcrole="http://www.xbrl.org/2003/arcrole/parent-child" xlink:from="CashFlowsFromUsedInInvestingActivitiesAbstract" xlink:to="AcquisitionOfFinancialAssetsAtFairValueThroughOtherComprehensiveIncome" xlink:title="presentation: CashFlowsFromUsedInInvestingActivitiesAbstract to AcquisitionOfFinancialAssetsAtFairValueThroughOtherComprehensiveIncome" order="0.1"/>
    <link:loc xlink:type="locator" xlink:href="../tifrs-scf-2013-03-31.xsd#tifrs-SCF_ProceedsFromDisposalOfFinancialAssetsAtFairValueThroughOtherComprehensiveIncome" xlink:label="ProceedsFromDisposalOfFinancialAssetsAtFairValueThroughOtherComprehensiveIncome" xlink:title="ProceedsFromDisposalOfFinancialAssetsAtFairValueThroughOtherComprehensiveIncome"/>
    <link:presentationArc xlink:type="arc" xlink:arcrole="http://www.xbrl.org/2003/arcrole/parent-child" xlink:from="CashFlowsFromUsedInInvestingActivitiesAbstract" xlink:to="ProceedsFromDisposalOfFinancialAssetsAtFairValueThroughOtherComprehensiveIncome" xlink:title="presentation: CashFlowsFromUsedInInvestingActivitiesAbstract to ProceedsFromDisposalOfFinancialAssetsAtFairValueThroughOtherComprehensiveIncome" order="0.2"/>
    <link:loc xlink:type="locator" xlink:href="../tifrs-scf-2013-03-31.xsd#tifrs-SCF_ProceedsFromCapitalReductionOfFinancialAssetsAtFairValueThroughOtherComprehensiveIncome" xlink:label="ProceedsFromCapitalReductionOfFinancialAssetsAtFairValueThroughOtherComprehensiveIncome" xlink:title="ProceedsFromCapitalReductionOfFinancialAssetsAtFairValueThroughOtherComprehensiveIncome"/>
    <link:presentationArc xlink:type="arc" xlink:arcrole="http://www.xbrl.org/2003/arcrole/parent-child" xlink:from="CashFlowsFromUsedInInvestingActivitiesAbstract" xlink:to="ProceedsFromCapitalReductionOfFinancialAssetsAtFairValueThroughOtherComprehensiveIncome" xlink:title="presentation: CashFlowsFromUsedInInvestingActivitiesAbstract to ProceedsFromCapitalReductionOfFinancialAssetsAtFairValueThroughOtherComprehensiveIncome" order="0.3"/>
    <link:loc xlink:type="locator" xlink:href="../tifrs-scf-2013-03-31.xsd#tifrs-SCF_AcquisitionOfFinancialAssetsAtAmortisedCost" xlink:label="AcquisitionOfFinancialAssetsAtAmortisedCost" xlink:title="AcquisitionOfFinancialAssetsAtAmortisedCost"/>
    <link:presentationArc xlink:type="arc" xlink:arcrole="http://www.xbrl.org/2003/arcrole/parent-child" xlink:from="CashFlowsFromUsedInInvestingActivitiesAbstract" xlink:to="AcquisitionOfFinancialAssetsAtAmortisedCost" xlink:title="presentation: CashFlowsFromUsedInInvestingActivitiesAbstract to AcquisitionOfFinancialAssetsAtAmortisedCost" order="0.4"/>
    <link:loc xlink:type="locator" xlink:href="../tifrs-scf-2013-03-31.xsd#tifrs-SCF_ProceedsFromDisposalOfFinancialAssetsAtAmortisedCost" xlink:label="ProceedsFromDisposalOfFinancialAssetsAtAmortisedCost" xlink:title="ProceedsFromDisposalOfFinancialAssetsAtAmortisedCost"/>
    <link:presentationArc xlink:type="arc" xlink:arcrole="http://www.xbrl.org/2003/arcrole/parent-child" xlink:from="CashFlowsFromUsedInInvestingActivitiesAbstract" xlink:to="ProceedsFromDisposalOfFinancialAssetsAtAmortisedCost" xlink:title="presentation: CashFlowsFromUsedInInvestingActivitiesAbstract to ProceedsFromDisposalOfFinancialAssetsAtAmortisedCost" order="0.5"/>
    <link:loc xlink:type="locator" xlink:href="../tifrs-scf-2013-03-31.xsd#tifrs-SCF_ProceedsFromRepaymentsOfFinancialAssetsAtAmortisedCost" xlink:label="ProceedsFromRepaymentsOfFinancialAssetsAtAmortisedCost" xlink:title="ProceedsFromRepaymentsOfFinancialAssetsAtAmortisedCost"/>
    <link:presentationArc xlink:type="arc" xlink:arcrole="http://www.xbrl.org/2003/arcrole/parent-child" xlink:from="CashFlowsFromUsedInInvestingActivitiesAbstract" xlink:to="ProceedsFromRepaymentsOfFinancialAssetsAtAmortisedCost" xlink:title="presentation: CashFlowsFromUsedInInvestingActivitiesAbstract to ProceedsFromRepaymentsOfFinancialAssetsAtAmortisedCost" order="0.6"/>
    <link:loc xlink:type="locator" xlink:href="../tifrs-scf-2013-03-31.xsd#tifrs-SCF_AcquisitionOfFinancialAssetsAtFairValueThroughProfitOrLossDesignatedAsUponInitialRecognition" xlink:label="AcquisitionOfFinancialAssetsAtFairValueThroughProfitOrLossDesignatedAsUponInitialRecognition" xlink:title="AcquisitionOfFinancialAssetsAtFairValueThroughProfitOrLossDesignatedAsUponInitialRecognition"/>
    <link:presentationArc xlink:type="arc" xlink:arcrole="http://www.xbrl.org/2003/arcrole/parent-child" xlink:from="CashFlowsFromUsedInInvestingActivitiesAbstract" xlink:to="AcquisitionOfFinancialAssetsAtFairValueThroughProfitOrLossDesignatedAsUponInitialRecognition" xlink:title="presentation: CashFlowsFromUsedInInvestingActivitiesAbstract to AcquisitionOfFinancialAssetsAtFairValueThroughProfitOrLossDesignatedAsUponInitialRecognition" order="0.7"/>
    <link:loc xlink:type="locator" xlink:href="../tifrs-scf-2013-03-31.xsd#tifrs-SCF_ProceedsFromDisposalOfFinancialAssetsAtFairValueThroughProfitOrLossDesignatedAsUponInitialRecognition" xlink:label="ProceedsFromDisposalOfFinancialAssetsAtFairValueThroughProfitOrLossDesignatedAsUponInitialRecognition" xlink:title="ProceedsFromDisposalOfFinancialAssetsAtFairValueThroughProfitOrLossDesignatedAsUponInitialRecognition"/>
    <link:presentationArc xlink:type="arc" xlink:arcrole="http://www.xbrl.org/2003/arcrole/parent-child" xlink:from="CashFlowsFromUsedInInvestingActivitiesAbstract" xlink:to="ProceedsFromDisposalOfFinancialAssetsAtFairValueThroughProfitOrLossDesignatedAsUponInitialRecognition" xlink:title="presentation: CashFlowsFromUsedInInvestingActivitiesAbstract to ProceedsFromDisposalOfFinancialAssetsAtFairValueThroughProfitOrLossDesignatedAsUponInitialRecognition" order="0.8"/>
    <link:loc xlink:type="locator" xlink:href="../tifrs-scf-2013-03-31.xsd#tifrs-SCF_AcquisitionOfDerivativeFinancialAssetsForHedging-CashFlowsFromUsedInInvestingActivities" xlink:label="AcquisitionOfDerivativeFinancialAssetsForHedging-CashFlowsFromUsedInInvestingActivities" xlink:title="AcquisitionOfDerivativeFinancialAssetsForHedging-CashFlowsFromUsedInInvestingActivities"/>
    <link:presentationArc xlink:type="arc" xlink:arcrole="http://www.xbrl.org/2003/arcrole/parent-child" xlink:from="CashFlowsFromUsedInInvestingActivitiesAbstract" xlink:to="AcquisitionOfDerivativeFinancialAssetsForHedging-CashFlowsFromUsedInInvestingActivities" xlink:title="presentation: CashFlowsFromUsedInInvestingActivitiesAbstract to AcquisitionOfDerivativeFinancialAssetsForHedging-CashFlowsFromUsedInInvestingActivities" order="12.1"/>
    <link:loc xlink:type="locator" xlink:href="../tifrs-scf-2013-03-31.xsd#tifrs-SCF_DisposalOfDerivativeFinancialAssetsForHedging-CashFlowsFromUsedInInvestingActivities" xlink:label="DisposalOfDerivativeFinancialAssetsForHedging-CashFlowsFromUsedInInvestingActivities" xlink:title="DisposalOfDerivativeFinancialAssetsForHedging-CashFlowsFromUsedInInvestingActivities"/>
    <link:presentationArc xlink:type="arc" xlink:arcrole="http://www.xbrl.org/2003/arcrole/parent-child" xlink:from="CashFlowsFromUsedInInvestingActivitiesAbstract" xlink:to="DisposalOfDerivativeFinancialAssetsForHedging-CashFlowsFromUsedInInvestingActivities" xlink:title="presentation: CashFlowsFromUsedInInvestingActivitiesAbstract to DisposalOfDerivativeFinancialAssetsForHedging-CashFlowsFromUsedInInvestingActivities" order="12.2"/>
    <link:loc xlink:type="locator" xlink:href="../tifrs-scf-2013-03-31.xsd#tifrs-SCF_DerecognitionOfDerivativeFinancialLiabilitiesForHedging-CashFlowsFromUsedInInvestingActivities" xlink:label="DerecognitionOfDerivativeFinancialLiabilitiesForHedging-CashFlowsFromUsedInInvestingActivities" xlink:title="DerecognitionOfDerivativeFinancialLiabilitiesForHedging-CashFlowsFromUsedInInvestingActivities"/>
    <link:presentationArc xlink:type="arc" xlink:arcrole="http://www.xbrl.org/2003/arcrole/parent-child" xlink:from="CashFlowsFromUsedInInvestingActivitiesAbstract" xlink:to="DerecognitionOfDerivativeFinancialLiabilitiesForHedging-CashFlowsFromUsedInInvestingActivities" xlink:title="presentation: CashFlowsFromUsedInInvestingActivitiesAbstract to DerecognitionOfDerivativeFinancialLiabilitiesForHedging-CashFlowsFromUsedInInvestingActivities" order="12.3"/>
    <link:loc xlink:type="locator" xlink:href="../tifrs-scf-2013-03-31.xsd#tifrs-SCF_AcquisitionOfNoncurrentAssetsClassifiedAsHeldForSale" xlink:label="AcquisitionOfNoncurrentAssetsClassifiedAsHeldForSale" xlink:title="AcquisitionOfNoncurrentAssetsClassifiedAsHeldForSale"/>
    <link:presentationArc xlink:type="arc" xlink:arcrole="http://www.xbrl.org/2003/arcrole/parent-child" xlink:from="CashFlowsFromUsedInInvestingActivitiesAbstract" xlink:to="AcquisitionOfNoncurrentAssetsClassifiedAsHeldForSale" xlink:title="presentation: CashFlowsFromUsedInInvestingActivitiesAbstract to AcquisitionOfNoncurrentAssetsClassifiedAsHeldForSale" order="19.1"/>
    <link:loc xlink:type="locator" xlink:href="../tifrs-scf-2013-03-31.xsd#tifrs-SCF_ProceedsFromDisposalOfNoncurrentAssetsClassifiedAsHeldForSale" xlink:label="ProceedsFromDisposalOfNoncurrentAssetsClassifiedAsHeldForSale" xlink:title="ProceedsFromDisposalOfNoncurrentAssetsClassifiedAsHeldForSale"/>
    <link:presentationArc xlink:type="arc" xlink:arcrole="http://www.xbrl.org/2003/arcrole/parent-child" xlink:from="CashFlowsFromUsedInInvestingActivitiesAbstract" xlink:to="ProceedsFromDisposalOfNoncurrentAssetsClassifiedAsHeldForSale" xlink:title="presentation: CashFlowsFromUsedInInvestingActivitiesAbstract to ProceedsFromDisposalOfNoncurrentAssetsClassifiedAsHeldForSale" order="19.2"/>
    <link:loc xlink:type="locator" xlink:href="../tifrs-scf-2013-03-31.xsd#tifrs-SCF_AcquisitionOfPropertyPlantAndEquipment" xlink:label="AcquisitionOfPropertyPlantAndEquipment" xlink:title="AcquisitionOfPropertyPlantAndEquipment"/>
    <link:presentationArc xlink:type="arc" xlink:arcrole="http://www.xbrl.org/2003/arcrole/parent-child" xlink:from="CashFlowsFromUsedInInvestingActivitiesAbstract" xlink:to="AcquisitionOfPropertyPlantAndEquipment" xlink:title="presentation: CashFlowsFromUsedInInvestingActivitiesAbstract to AcquisitionOfPropertyPlantAndEquipment" order="19.3"/>
    <link:loc xlink:type="locator" xlink:href="../tifrs-scf-2013-03-31.xsd#tifrs-SCF_ProceedsFromDisposalOfPropertyPlantAndEquipment" xlink:label="ProceedsFromDisposalOfPropertyPlantAndEquipment" xlink:title="ProceedsFromDisposalOfPropertyPlantAndEquipment"/>
    <link:presentationArc xlink:type="arc" xlink:arcrole="http://www.xbrl.org/2003/arcrole/parent-child" xlink:from="CashFlowsFromUsedInInvestingActivitiesAbstract" xlink:to="ProceedsFromDisposalOfPropertyPlantAndEquipment" xlink:title="presentation: CashFlowsFromUsedInInvestingActivitiesAbstract to ProceedsFromDisposalOfPropertyPlantAndEquipment" order="19.4"/>
    <link:loc xlink:type="locator" xlink:href="../tifrs-scf-2013-03-31.xsd#tifrs-SCF_IncreaseInReceivables" xlink:label="IncreaseInReceivables" xlink:title="IncreaseInReceivables"/>
    <link:presentationArc xlink:type="arc" xlink:arcrole="http://www.xbrl.org/2003/arcrole/parent-child" xlink:from="CashFlowsFromUsedInInvestingActivitiesAbstract" xlink:to="IncreaseInReceivables" xlink:title="presentation: CashFlowsFromUsedInInvestingActivitiesAbstract to IncreaseInReceivables" order="34.1"/>
    <link:loc xlink:type="locator" xlink:href="../tifrs-scf-2013-03-31.xsd#tifrs-SCF_DecreaseInReceivables" xlink:label="DecreaseInReceivables" xlink:title="DecreaseInReceivables"/>
    <link:presentationArc xlink:type="arc" xlink:arcrole="http://www.xbrl.org/2003/arcrole/parent-child" xlink:from="CashFlowsFromUsedInInvestingActivitiesAbstract" xlink:to="DecreaseInReceivables" xlink:title="presentation: CashFlowsFromUsedInInvestingActivitiesAbstract to DecreaseInReceivables" order="34.2"/>
    <link:loc xlink:type="locator" xlink:href="../tifrs-scf-2013-03-31.xsd#tifrs-SCF_IncreaseInLongTermLeaseAndInstallmentReceivables" xlink:label="IncreaseInLongTermLeaseAndInstallmentReceivables" xlink:title="IncreaseInLongTermLeaseAndInstallmentReceivables"/>
    <link:presentationArc xlink:type="arc" xlink:arcrole="http://www.xbrl.org/2003/arcrole/parent-child" xlink:from="CashFlowsFromUsedInInvestingActivitiesAbstract" xlink:to="IncreaseInLongTermLeaseAndInstallmentReceivables" xlink:title="presentation: CashFlowsFromUsedInInvestingActivitiesAbstract to IncreaseInLongTermLeaseAndInstallmentReceivables" order="34.3"/>
    <link:loc xlink:type="locator" xlink:href="../tifrs-scf-2013-03-31.xsd#tifrs-SCF_DecreaseInLongTermLeaseAndInstallmentReceivables" xlink:label="DecreaseInLongTermLeaseAndInstallmentReceivables" xlink:title="DecreaseInLongTermLeaseAndInstallmentReceivables"/>
    <link:presentationArc xlink:type="arc" xlink:arcrole="http://www.xbrl.org/2003/arcrole/parent-child" xlink:from="CashFlowsFromUsedInInvestingActivitiesAbstract" xlink:to="DecreaseInLongTermLeaseAndInstallmentReceivables" xlink:title="presentation: CashFlowsFromUsedInInvestingActivitiesAbstract to DecreaseInLongTermLeaseAndInstallmentReceivables" order="34.4"/>
    <link:loc xlink:type="locator" xlink:href="../tifrs-scf-2013-03-31.xsd#tifrs-SCF_IncreaseInOtherAssets" xlink:label="IncreaseInOtherAssets" xlink:title="IncreaseInOtherAssets"/>
    <link:presentationArc xlink:type="arc" xlink:arcrole="http://www.xbrl.org/2003/arcrole/parent-child" xlink:from="CashFlowsFromUsedInInvestingActivitiesAbstract" xlink:to="IncreaseInOtherAssets" xlink:title="presentation: CashFlowsFromUsedInInvestingActivitiesAbstract to IncreaseInOtherAssets" order="38.1" preferredLabel="http://www.xbrl.org/2003/role/verboseLabel"/>
    <link:loc xlink:type="locator" xlink:href="../tifrs-scf-2013-03-31.xsd#tifrs-SCF_DecreaseInOtherAssets" xlink:label="DecreaseInOtherAssets" xlink:title="DecreaseInOtherAssets"/>
    <link:presentationArc xlink:type="arc" xlink:arcrole="http://www.xbrl.org/2003/arcrole/parent-child" xlink:from="CashFlowsFromUsedInInvestingActivitiesAbstract" xlink:to="DecreaseInOtherAssets" xlink:title="presentation: CashFlowsFromUsedInInvestingActivitiesAbstract to DecreaseInOtherAssets" order="38.2" preferredLabel="http://www.xbrl.org/2003/role/verboseLabel"/>
    <link:loc xlink:type="locator" xlink:href="../tifrs-scf-2013-03-31.xsd#tifrs-SCF_IncreaseInPrepaymentsForBusinessFacilities" xlink:label="IncreaseInPrepaymentsForBusinessFacilities" xlink:title="IncreaseInPrepaymentsForBusinessFacilities"/>
    <link:presentationArc xlink:type="arc" xlink:arcrole="http://www.xbrl.org/2003/arcrole/parent-child" xlink:from="CashFlowsFromUsedInInvestingActivitiesAbstract" xlink:to="IncreaseInPrepaymentsForBusinessFacilities" xlink:title="presentation: CashFlowsFromUsedInInvestingActivitiesAbstract to IncreaseInPrepaymentsForBusinessFacilities" order="38.3"/>
    <link:loc xlink:type="locator" xlink:href="../tifrs-scf-2013-03-31.xsd#tifrs-SCF_DecreaseInPrepaymentsForBusinessFacilities" xlink:label="DecreaseInPrepaymentsForBusinessFacilities" xlink:title="DecreaseInPrepaymentsForBusinessFacilities"/>
    <link:presentationArc xlink:type="arc" xlink:arcrole="http://www.xbrl.org/2003/arcrole/parent-child" xlink:from="CashFlowsFromUsedInInvestingActivitiesAbstract" xlink:to="DecreaseInPrepaymentsForBusinessFacilities" xlink:title="presentation: CashFlowsFromUsedInInvestingActivitiesAbstract to DecreaseInPrepaymentsForBusinessFacilities" order="38.4"/>
    <link:loc xlink:type="locator" xlink:href="../tifrs-scf-2013-03-31.xsd#tifrs-SCF_IncreaseInOtherPrepayments" xlink:label="IncreaseInOtherPrepayments" xlink:title="IncreaseInOtherPrepayments"/>
    <link:presentationArc xlink:type="arc" xlink:arcrole="http://www.xbrl.org/2003/arcrole/parent-child" xlink:from="CashFlowsFromUsedInInvestingActivitiesAbstract" xlink:to="IncreaseInOtherPrepayments" xlink:title="presentation: CashFlowsFromUsedInInvestingActivitiesAbstract to IncreaseInOtherPrepayments" order="38.5"/>
    <link:loc xlink:type="locator" xlink:href="../tifrs-scf-2013-03-31.xsd#tifrs-SCF_DecreaseInOtherPrepayments" xlink:label="DecreaseInOtherPrepayments" xlink:title="DecreaseInOtherPrepayments"/>
    <link:presentationArc xlink:type="arc" xlink:arcrole="http://www.xbrl.org/2003/arcrole/parent-child" xlink:from="CashFlowsFromUsedInInvestingActivitiesAbstract" xlink:to="DecreaseInOtherPrepayments" xlink:title="presentation: CashFlowsFromUsedInInvestingActivitiesAbstract to DecreaseInOtherPrepayments" order="38.6"/>
    <link:loc xlink:type="locator" xlink:href="../../ifrs_20100430/ifrs-cor_2010-04-30.xsd#ifrs_CashFlowsFromUsedInFinancingActivitiesAbstract" xlink:label="CashFlowsFromUsedInFinancingActivitiesAbstract" xlink:title="CashFlowsFromUsedInFinancingActivitiesAbstract"/>
    <link:loc xlink:type="locator" xlink:href="../tifrs-scf-2013-03-31.xsd#tifrs-SCF_IncreaseInShortTermNotesAndBillsPayable" xlink:label="IncreaseInShortTermNotesAndBillsPayable" xlink:title="IncreaseInShortTermNotesAndBillsPayable"/>
    <link:presentationArc xlink:type="arc" xlink:arcrole="http://www.xbrl.org/2003/arcrole/parent-child" xlink:from="CashFlowsFromUsedInFinancingActivitiesAbstract" xlink:to="IncreaseInShortTermNotesAndBillsPayable" xlink:title="presentation: CashFlowsFromUsedInFinancingActivitiesAbstract to IncreaseInShortTermNotesAndBillsPayable" order="2.1"/>
    <link:loc xlink:type="locator" xlink:href="../tifrs-scf-2013-03-31.xsd#tifrs-SCF_DecreaseInShortTermNotesAndBillsPayable" xlink:label="DecreaseInShortTermNotesAndBillsPayable" xlink:title="DecreaseInShortTermNotesAndBillsPayable"/>
    <link:presentationArc xlink:type="arc" xlink:arcrole="http://www.xbrl.org/2003/arcrole/parent-child" xlink:from="CashFlowsFromUsedInFinancingActivitiesAbstract" xlink:to="DecreaseInShortTermNotesAndBillsPayable" xlink:title="presentation: CashFlowsFromUsedInFinancingActivitiesAbstract to DecreaseInShortTermNotesAndBillsPayable" order="2.2"/>
    <link:loc xlink:type="locator" xlink:href="../tifrs-scf-2013-03-31.xsd#tifrs-SCF_AcquisitionOfDerivativeFinancialAssetsForHedging-CashFlowsFromUsedInFinancingActivities" xlink:label="AcquisitionOfDerivativeFinancialAssetsForHedging-CashFlowsFromUsedInFinancingActivities" xlink:title="AcquisitionOfDerivativeFinancialAssetsForHedging-CashFlowsFromUsedInFinancingActivities"/>
    <link:presentationArc xlink:type="arc" xlink:arcrole="http://www.xbrl.org/2003/arcrole/parent-child" xlink:from="CashFlowsFromUsedInFinancingActivitiesAbstract" xlink:to="AcquisitionOfDerivativeFinancialAssetsForHedging-CashFlowsFromUsedInFinancingActivities" xlink:title="presentation: CashFlowsFromUsedInFinancingActivitiesAbstract to AcquisitionOfDerivativeFinancialAssetsForHedging-CashFlowsFromUsedInFinancingActivities" order="2.3"/>
    <link:loc xlink:type="locator" xlink:href="../tifrs-scf-2013-03-31.xsd#tifrs-SCF_ProceedsFromDisposalOfDerivativeFinancialAssetsForHedging-CashFlowsFromUsedInFinancingActivities" xlink:label="ProceedsFromDisposalOfDerivativeFinancialAssetsForHedging-CashFlowsFromUsedInFinancingActivities" xlink:title="ProceedsFromDisposalOfDerivativeFinancialAssetsForHedging-CashFlowsFromUsedInFinancingActivities"/>
    <link:presentationArc xlink:type="arc" xlink:arcrole="http://www.xbrl.org/2003/arcrole/parent-child" xlink:from="CashFlowsFromUsedInFinancingActivitiesAbstract" xlink:to="ProceedsFromDisposalOfDerivativeFinancialAssetsForHedging-CashFlowsFromUsedInFinancingActivities" xlink:title="presentation: CashFlowsFromUsedInFinancingActivitiesAbstract to ProceedsFromDisposalOfDerivativeFinancialAssetsForHedging-CashFlowsFromUsedInFinancingActivities" order="2.4"/>
    <link:loc xlink:type="locator" xlink:href="../tifrs-scf-2013-03-31.xsd#tifrs-SCF_DerecognitionOfDerivativeFinancialLiabilitiesForHedging-CashFlowsFromUsedInFinancingActivities" xlink:label="DerecognitionOfDerivativeFinancialLiabilitiesForHedging-CashFlowsFromUsedInFinancingActivities" xlink:title="DerecognitionOfDerivativeFinancialLiabilitiesForHedging-CashFlowsFromUsedInFinancingActivities"/>
    <link:presentationArc xlink:type="arc" xlink:arcrole="http://www.xbrl.org/2003/arcrole/parent-child" xlink:from="CashFlowsFromUsedInFinancingActivitiesAbstract" xlink:to="DerecognitionOfDerivativeFinancialLiabilitiesForHedging-CashFlowsFromUsedInFinancingActivities" xlink:title="presentation: CashFlowsFromUsedInFinancingActivitiesAbstract to DerecognitionOfDerivativeFinancialLiabilitiesForHedging-CashFlowsFromUsedInFinancingActivities" order="2.5"/>
    <link:loc xlink:type="locator" xlink:href="../tifrs-scf-2013-03-31.xsd#tifrs-SCF_ProceedsFromLongTermDebt" xlink:label="ProceedsFromLongTermDebt" xlink:title="ProceedsFromLongTermDebt"/>
    <link:presentationArc xlink:type="arc" xlink:arcrole="http://www.xbrl.org/2003/arcrole/parent-child" xlink:from="CashFlowsFromUsedInFinancingActivitiesAbstract" xlink:to="ProceedsFromLongTermDebt" xlink:title="presentation: CashFlowsFromUsedInFinancingActivitiesAbstract to ProceedsFromLongTermDebt" order="4.1"/>
    <link:loc xlink:type="locator" xlink:href="../tifrs-scf-2013-03-31.xsd#tifrs-SCF_RepaymentsOfLongTermDebt" xlink:label="RepaymentsOfLongTermDebt" xlink:title="RepaymentsOfLongTermDebt"/>
    <link:presentationArc xlink:type="arc" xlink:arcrole="http://www.xbrl.org/2003/arcrole/parent-child" xlink:from="CashFlowsFromUsedInFinancingActivitiesAbstract" xlink:to="RepaymentsOfLongTermDebt" xlink:title="presentation: CashFlowsFromUsedInFinancingActivitiesAbstract to RepaymentsOfLongTermDebt" order="4.2"/>
    <link:loc xlink:type="locator" xlink:href="../tifrs-scf-2013-03-31.xsd#tifrs-SCF_IncreaseInOtherBorrowings" xlink:label="IncreaseInOtherBorrowings" xlink:title="IncreaseInOtherBorrowings"/>
    <link:presentationArc xlink:type="arc" xlink:arcrole="http://www.xbrl.org/2003/arcrole/parent-child" xlink:from="CashFlowsFromUsedInFinancingActivitiesAbstract" xlink:to="IncreaseInOtherBorrowings" xlink:title="presentation: CashFlowsFromUsedInFinancingActivitiesAbstract to IncreaseInOtherBorrowings" order="4.3"/>
    <link:loc xlink:type="locator" xlink:href="../tifrs-scf-2013-03-31.xsd#tifrs-SCF_DecreaseInOtherBorrowings" xlink:label="DecreaseInOtherBorrowings" xlink:title="DecreaseInOtherBorrowings"/>
    <link:presentationArc xlink:type="arc" xlink:arcrole="http://www.xbrl.org/2003/arcrole/parent-child" xlink:from="CashFlowsFromUsedInFinancingActivitiesAbstract" xlink:to="DecreaseInOtherBorrowings" xlink:title="presentation: CashFlowsFromUsedInFinancingActivitiesAbstract to DecreaseInOtherBorrowings" order="4.4"/>
    <link:loc xlink:type="locator" xlink:href="../tifrs-scf-2013-03-31.xsd#tifrs-SCF_IncreaseInNotesAndBondsIssuedUnderRepurchaseAgreement" xlink:label="IncreaseInNotesAndBondsIssuedUnderRepurchaseAgreement" xlink:title="IncreaseInNotesAndBondsIssuedUnderRepurchaseAgreement"/>
    <link:presentationArc xlink:type="arc" xlink:arcrole="http://www.xbrl.org/2003/arcrole/parent-child" xlink:from="CashFlowsFromUsedInFinancingActivitiesAbstract" xlink:to="IncreaseInNotesAndBondsIssuedUnderRepurchaseAgreement" xlink:title="presentation: CashFlowsFromUsedInFinancingActivitiesAbstract to IncreaseInNotesAndBondsIssuedUnderRepurchaseAgreement" order="4.5"/>
    <link:loc xlink:type="locator" xlink:href="../tifrs-scf-2013-03-31.xsd#tifrs-SCF_DecreaseInNotesAndBondsIssuedUnderRepurchaseAgreement" xlink:label="DecreaseInNotesAndBondsIssuedUnderRepurchaseAgreement" xlink:title="DecreaseInNotesAndBondsIssuedUnderRepurchaseAgreement"/>
    <link:presentationArc xlink:type="arc" xlink:arcrole="http://www.xbrl.org/2003/arcrole/parent-child" xlink:from="CashFlowsFromUsedInFinancingActivitiesAbstract" xlink:to="DecreaseInNotesAndBondsIssuedUnderRepurchaseAgreement" xlink:title="presentation: CashFlowsFromUsedInFinancingActivitiesAbstract to DecreaseInNotesAndBondsIssuedUnderRepurchaseAgreement" order="4.6"/>
    <link:loc xlink:type="locator" xlink:href="../tifrs-scf-2013-03-31.xsd#tifrs-SCF_IncreaseInFinancialLiabilitiesAtFairValueThroughProfitOrLossDesignatedAsUponInitialRecognition" xlink:label="IncreaseInFinancialLiabilitiesAtFairValueThroughProfitOrLossDesignatedAsUponInitialRecognition" xlink:title="IncreaseInFinancialLiabilitiesAtFairValueThroughProfitOrLossDesignatedAsUponInitialRecognition"/>
    <link:presentationArc xlink:type="arc" xlink:arcrole="http://www.xbrl.org/2003/arcrole/parent-child" xlink:from="CashFlowsFromUsedInFinancingActivitiesAbstract" xlink:to="IncreaseInFinancialLiabilitiesAtFairValueThroughProfitOrLossDesignatedAsUponInitialRecognition" xlink:title="presentation: CashFlowsFromUsedInFinancingActivitiesAbstract to IncreaseInFinancialLiabilitiesAtFairValueThroughProfitOrLossDesignatedAsUponInitialRecognition" order="4.7"/>
    <link:loc xlink:type="locator" xlink:href="../tifrs-scf-2013-03-31.xsd#tifrs-SCF_DecreaseInFinancialLiabilitiesAtFairValueThroughProfitOrLossDesignatedAsUponInitialRecognition" xlink:label="DecreaseInFinancialLiabilitiesAtFairValueThroughProfitOrLossDesignatedAsUponInitialRecognition" xlink:title="DecreaseInFinancialLiabilitiesAtFairValueThroughProfitOrLossDesignatedAsUponInitialRecognition"/>
    <link:presentationArc xlink:type="arc" xlink:arcrole="http://www.xbrl.org/2003/arcrole/parent-child" xlink:from="CashFlowsFromUsedInFinancingActivitiesAbstract" xlink:to="DecreaseInFinancialLiabilitiesAtFairValueThroughProfitOrLossDesignatedAsUponInitialRecognition" xlink:title="presentation: CashFlowsFromUsedInFinancingActivitiesAbstract to DecreaseInFinancialLiabilitiesAtFairValueThroughProfitOrLossDesignatedAsUponInitialRecognition" order="4.8"/>
    <link:loc xlink:type="locator" xlink:href="../tifrs-scf-2013-03-31.xsd#tifrs-SCF_IncreaseInFinancialLiabilitiesAtAmortisedCost" xlink:label="IncreaseInFinancialLiabilitiesAtAmortisedCost" xlink:title="IncreaseInFinancialLiabilitiesAtAmortisedCost"/>
    <link:presentationArc xlink:type="arc" xlink:arcrole="http://www.xbrl.org/2003/arcrole/parent-child" xlink:from="CashFlowsFromUsedInFinancingActivitiesAbstract" xlink:to="IncreaseInFinancialLiabilitiesAtAmortisedCost" xlink:title="presentation: CashFlowsFromUsedInFinancingActivitiesAbstract to IncreaseInFinancialLiabilitiesAtAmortisedCost" order="4.9"/>
    <link:loc xlink:type="locator" xlink:href="../tifrs-scf-2013-03-31.xsd#tifrs-SCF_DecreaseInFinancialLiabilitiesAtAmortisedCost" xlink:label="DecreaseInFinancialLiabilitiesAtAmortisedCost" xlink:title="DecreaseInFinancialLiabilitiesAtAmortisedCost"/>
    <link:presentationArc xlink:type="arc" xlink:arcrole="http://www.xbrl.org/2003/arcrole/parent-child" xlink:from="CashFlowsFromUsedInFinancingActivitiesAbstract" xlink:to="DecreaseInFinancialLiabilitiesAtAmortisedCost" xlink:title="presentation: CashFlowsFromUsedInFinancingActivitiesAbstract to DecreaseInFinancialLiabilitiesAtAmortisedCost" order="4.91"/>
    <link:loc xlink:type="locator" xlink:href="../tifrs-scf-2013-03-31.xsd#tifrs-SCF_IncreaseInPayables" xlink:label="IncreaseInPayables" xlink:title="IncreaseInPayables"/>
    <link:presentationArc xlink:type="arc" xlink:arcrole="http://www.xbrl.org/2003/arcrole/parent-child" xlink:from="CashFlowsFromUsedInFinancingActivitiesAbstract" xlink:to="IncreaseInPayables" xlink:title="presentation: CashFlowsFromUsedInFinancingActivitiesAbstract to IncreaseInPayables" order="11.1"/>
    <link:loc xlink:type="locator" xlink:href="../tifrs-scf-2013-03-31.xsd#tifrs-SCF_DecreaseInPayables" xlink:label="DecreaseInPayables" xlink:title="DecreaseInPayables"/>
    <link:presentationArc xlink:type="arc" xlink:arcrole="http://www.xbrl.org/2003/arcrole/parent-child" xlink:from="CashFlowsFromUsedInFinancingActivitiesAbstract" xlink:to="DecreaseInPayables" xlink:title="presentation: CashFlowsFromUsedInFinancingActivitiesAbstract to DecreaseInPayables" order="11.2"/>
    <link:loc xlink:type="locator" xlink:href="../tifrs-scf-2013-03-31.xsd#tifrs-SCF_IncreaseInLeasePayable" xlink:label="IncreaseInLeasePayable" xlink:title="IncreaseInLeasePayable"/>
    <link:presentationArc xlink:type="arc" xlink:arcrole="http://www.xbrl.org/2003/arcrole/parent-child" xlink:from="CashFlowsFromUsedInFinancingActivitiesAbstract" xlink:to="IncreaseInLeasePayable" xlink:title="presentation: CashFlowsFromUsedInFinancingActivitiesAbstract to IncreaseInLeasePayable" order="13.1"/>
    <link:loc xlink:type="locator" xlink:href="../tifrs-scf-2013-03-31.xsd#tifrs-SCF_DecreaseInLeasePayable" xlink:label="DecreaseInLeasePayable" xlink:title="DecreaseInLeasePayable"/>
    <link:presentationArc xlink:type="arc" xlink:arcrole="http://www.xbrl.org/2003/arcrole/parent-child" xlink:from="CashFlowsFromUsedInFinancingActivitiesAbstract" xlink:to="DecreaseInLeasePayable" xlink:title="presentation: CashFlowsFromUsedInFinancingActivitiesAbstract to DecreaseInLeasePayable" order="13.2"/>
    <link:loc xlink:type="locator" xlink:href="../tifrs-scf-2013-03-31.xsd#tifrs-SCF_IncreaseInOtherLiabilities" xlink:label="IncreaseInOtherLiabilities" xlink:title="IncreaseInOtherLiabilities"/>
    <link:presentationArc xlink:type="arc" xlink:arcrole="http://www.xbrl.org/2003/arcrole/parent-child" xlink:from="CashFlowsFromUsedInFinancingActivitiesAbstract" xlink:to="IncreaseInOtherLiabilities" xlink:title="presentation: CashFlowsFromUsedInFinancingActivitiesAbstract to IncreaseInOtherLiabilities" order="15.1"/>
    <link:loc xlink:type="locator" xlink:href="../tifrs-scf-2013-03-31.xsd#tifrs-SCF_DecreaseInOtherLiabilities" xlink:label="DecreaseInOtherLiabilities" xlink:title="DecreaseInOtherLiabilities"/>
    <link:presentationArc xlink:type="arc" xlink:arcrole="http://www.xbrl.org/2003/arcrole/parent-child" xlink:from="CashFlowsFromUsedInFinancingActivitiesAbstract" xlink:to="DecreaseInOtherLiabilities" xlink:title="presentation: CashFlowsFromUsedInFinancingActivitiesAbstract to DecreaseInOtherLiabilities" order="15.2"/>
    <link:loc xlink:type="locator" xlink:href="../../ifrs_20100430/ifrs-cor_2010-04-30.xsd#ifrs_InterestPaidClassifiedAsFinancingActivities" xlink:label="InterestPaidClassifiedAsFinancingActivities" xlink:title="InterestPaidClassifiedAsFinancingActivities"/>
    <link:presentationArc xlink:type="arc" xlink:arcrole="http://www.xbrl.org/2003/arcrole/parent-child" xlink:from="CashFlowsFromUsedInFinancingActivitiesAbstract" xlink:to="InterestPaidClassifiedAsFinancingActivities" xlink:title="presentation: CashFlowsFromUsedInFinancingActivitiesAbstract to InterestPaidClassifiedAsFinancingActivities" order="26.1"/>
  </link:presentationLink>
</link:linkbase>
