<?xml version="1.0" encoding="UTF-8"?>
<!-- Generated by Fujitsu XWand B0184C -->
<link:linkbase xmlns:xsi="http://www.w3.org/2001/XMLSchema-instance" xsi:schemaLocation="http://www.xbrl.org/2003/linkbase http://www.xbrl.org/2003/xbrl-linkbase-2003-12-31.xsd" xmlns:xbrli="http://www.xbrl.org/2003/instance" xmlns:xlink="http://www.w3.org/1999/xlink" xmlns:link="http://www.xbrl.org/2003/linkbase">
  <link:labelLink xlink:type="extended" xlink:role="http://www.xbrl.org/2003/role/link">
    <link:loc xlink:type="locator" xlink:href="../tifrs-scf-2013-03-31.xsd#tifrs-SCF_DecreaseIncreaseInFinancialAssetsHeldForTrading" xlink:label="DecreaseIncreaseInFinancialAssetsHeldForTrading" xlink:title="DecreaseIncreaseInFinancialAssetsHeldForTrading"/>
    <link:label xlink:type="resource" xlink:label="label_DecreaseIncreaseInFinancialAssetsHeldForTrading" xlink:role="http://www.xbrl.org/2003/role/terseLabel" xlink:title="label_DecreaseIncreaseInFinancialAssetsHeldForTrading" xml:lang="en" id="label_DecreaseIncreaseInFinancialAssetsHeldForTrading">A31110</link:label>
    <link:labelArc xlink:type="arc" xlink:arcrole="http://www.xbrl.org/2003/arcrole/concept-label" xlink:from="DecreaseIncreaseInFinancialAssetsHeldForTrading" xlink:to="label_DecreaseIncreaseInFinancialAssetsHeldForTrading" xlink:title="label: DecreaseIncreaseInFinancialAssetsHeldForTrading to label_DecreaseIncreaseInFinancialAssetsHeldForTrading"/>
    <link:loc xlink:type="locator" xlink:href="../tifrs-scf-2013-03-31.xsd#tifrs-SCF_DecreaseIncreaseInDerivativeFinancialAssetsForHedging" xlink:label="DecreaseIncreaseInDerivativeFinancialAssetsForHedging" xlink:title="DecreaseIncreaseInDerivativeFinancialAssetsForHedging"/>
    <link:label xlink:type="resource" xlink:label="label_DecreaseIncreaseInDerivativeFinancialAssetsForHedging" xlink:role="http://www.xbrl.org/2003/role/terseLabel" xlink:title="label_DecreaseIncreaseInDerivativeFinancialAssetsForHedging" xml:lang="en" id="label_DecreaseIncreaseInDerivativeFinancialAssetsForHedging">A31120</link:label>
    <link:labelArc xlink:type="arc" xlink:arcrole="http://www.xbrl.org/2003/arcrole/concept-label" xlink:from="DecreaseIncreaseInDerivativeFinancialAssetsForHedging" xlink:to="label_DecreaseIncreaseInDerivativeFinancialAssetsForHedging" xlink:title="label: DecreaseIncreaseInDerivativeFinancialAssetsForHedging to label_DecreaseIncreaseInDerivativeFinancialAssetsForHedging"/>
    <link:loc xlink:type="locator" xlink:href="../tifrs-scf-2013-03-31.xsd#tifrs-SCF_DecreaseIncreaseInNotesReceivable" xlink:label="DecreaseIncreaseInNotesReceivable" xlink:title="DecreaseIncreaseInNotesReceivable"/>
    <link:label xlink:type="resource" xlink:label="label_DecreaseIncreaseInNotesReceivable" xlink:role="http://www.xbrl.org/2003/role/terseLabel" xlink:title="label_DecreaseIncreaseInNotesReceivable" xml:lang="en" id="label_DecreaseIncreaseInNotesReceivable">A31130</link:label>
    <link:labelArc xlink:type="arc" xlink:arcrole="http://www.xbrl.org/2003/arcrole/concept-label" xlink:from="DecreaseIncreaseInNotesReceivable" xlink:to="label_DecreaseIncreaseInNotesReceivable" xlink:title="label: DecreaseIncreaseInNotesReceivable to label_DecreaseIncreaseInNotesReceivable"/>
    <link:loc xlink:type="locator" xlink:href="../tifrs-scf-2013-03-31.xsd#tifrs-SCF_DecreaseIncreaseInNotesReceivableDueFromRelatedParties" xlink:label="DecreaseIncreaseInNotesReceivableDueFromRelatedParties" xlink:title="DecreaseIncreaseInNotesReceivableDueFromRelatedParties"/>
    <link:label xlink:type="resource" xlink:label="label_DecreaseIncreaseInNotesReceivableDueFromRelatedParties" xlink:role="http://www.xbrl.org/2003/role/terseLabel" xlink:title="label_DecreaseIncreaseInNotesReceivableDueFromRelatedParties" xml:lang="en" id="label_DecreaseIncreaseInNotesReceivableDueFromRelatedParties">A31140</link:label>
    <link:labelArc xlink:type="arc" xlink:arcrole="http://www.xbrl.org/2003/arcrole/concept-label" xlink:from="DecreaseIncreaseInNotesReceivableDueFromRelatedParties" xlink:to="label_DecreaseIncreaseInNotesReceivableDueFromRelatedParties" xlink:title="label: DecreaseIncreaseInNotesReceivableDueFromRelatedParties to label_DecreaseIncreaseInNotesReceivableDueFromRelatedParties"/>
    <link:loc xlink:type="locator" xlink:href="../tifrs-scf-2013-03-31.xsd#tifrs-SCF_DecreaseIncreaseInAccountsReceivable" xlink:label="DecreaseIncreaseInAccountsReceivable" xlink:title="DecreaseIncreaseInAccountsReceivable"/>
    <link:label xlink:type="resource" xlink:label="label_DecreaseIncreaseInAccountsReceivable" xlink:role="http://www.xbrl.org/2003/role/terseLabel" xlink:title="label_DecreaseIncreaseInAccountsReceivable" xml:lang="en" id="label_DecreaseIncreaseInAccountsReceivable">A31150</link:label>
    <link:labelArc xlink:type="arc" xlink:arcrole="http://www.xbrl.org/2003/arcrole/concept-label" xlink:from="DecreaseIncreaseInAccountsReceivable" xlink:to="label_DecreaseIncreaseInAccountsReceivable" xlink:title="label: DecreaseIncreaseInAccountsReceivable to label_DecreaseIncreaseInAccountsReceivable"/>
    <link:loc xlink:type="locator" xlink:href="../tifrs-scf-2013-03-31.xsd#tifrs-SCF_DecreaseIncreaseInAccountsReceivableDueFromRelatedParties" xlink:label="DecreaseIncreaseInAccountsReceivableDueFromRelatedParties" xlink:title="DecreaseIncreaseInAccountsReceivableDueFromRelatedParties"/>
    <link:label xlink:type="resource" xlink:label="label_DecreaseIncreaseInAccountsReceivableDueFromRelatedParties" xlink:role="http://www.xbrl.org/2003/role/terseLabel" xlink:title="label_DecreaseIncreaseInAccountsReceivableDueFromRelatedParties" xml:lang="en" id="label_DecreaseIncreaseInAccountsReceivableDueFromRelatedParties">A31160</link:label>
    <link:labelArc xlink:type="arc" xlink:arcrole="http://www.xbrl.org/2003/arcrole/concept-label" xlink:from="DecreaseIncreaseInAccountsReceivableDueFromRelatedParties" xlink:to="label_DecreaseIncreaseInAccountsReceivableDueFromRelatedParties" xlink:title="label: DecreaseIncreaseInAccountsReceivableDueFromRelatedParties to label_DecreaseIncreaseInAccountsReceivableDueFromRelatedParties"/>
    <link:loc xlink:type="locator" xlink:href="../tifrs-scf-2013-03-31.xsd#tifrs-SCF_DecreaseIncreaseInConstructionContractsReceivable" xlink:label="DecreaseIncreaseInConstructionContractsReceivable" xlink:title="DecreaseIncreaseInConstructionContractsReceivable"/>
    <link:label xlink:type="resource" xlink:label="label_DecreaseIncreaseInConstructionContractsReceivable" xlink:role="http://www.xbrl.org/2003/role/terseLabel" xlink:title="label_DecreaseIncreaseInConstructionContractsReceivable" xml:lang="en" id="label_DecreaseIncreaseInConstructionContractsReceivable">A31170</link:label>
    <link:labelArc xlink:type="arc" xlink:arcrole="http://www.xbrl.org/2003/arcrole/concept-label" xlink:from="DecreaseIncreaseInConstructionContractsReceivable" xlink:to="label_DecreaseIncreaseInConstructionContractsReceivable" xlink:title="label: DecreaseIncreaseInConstructionContractsReceivable to label_DecreaseIncreaseInConstructionContractsReceivable"/>
    <link:loc xlink:type="locator" xlink:href="../tifrs-scf-2013-03-31.xsd#tifrs-SCF_DecreaseIncreaseInOtherReceivables" xlink:label="DecreaseIncreaseInOtherReceivables" xlink:title="DecreaseIncreaseInOtherReceivables"/>
    <link:label xlink:type="resource" xlink:label="label_DecreaseIncreaseInOtherReceivables" xlink:role="http://www.xbrl.org/2003/role/terseLabel" xlink:title="label_DecreaseIncreaseInOtherReceivables" xml:lang="en" id="label_DecreaseIncreaseInOtherReceivables">A31180</link:label>
    <link:labelArc xlink:type="arc" xlink:arcrole="http://www.xbrl.org/2003/arcrole/concept-label" xlink:from="DecreaseIncreaseInOtherReceivables" xlink:to="label_DecreaseIncreaseInOtherReceivables" xlink:title="label: DecreaseIncreaseInOtherReceivables to label_DecreaseIncreaseInOtherReceivables"/>
    <link:loc xlink:type="locator" xlink:href="../tifrs-scf-2013-03-31.xsd#tifrs-SCF_DecreaseIncreaseInOtherReceivableDueFromRelatedParties" xlink:label="DecreaseIncreaseInOtherReceivableDueFromRelatedParties" xlink:title="DecreaseIncreaseInOtherReceivableDueFromRelatedParties"/>
    <link:label xlink:type="resource" xlink:label="label_DecreaseIncreaseInOtherReceivableDueFromRelatedParties" xlink:role="http://www.xbrl.org/2003/role/terseLabel" xlink:title="label_DecreaseIncreaseInOtherReceivableDueFromRelatedParties" xml:lang="en" id="label_DecreaseIncreaseInOtherReceivableDueFromRelatedParties">A31190</link:label>
    <link:labelArc xlink:type="arc" xlink:arcrole="http://www.xbrl.org/2003/arcrole/concept-label" xlink:from="DecreaseIncreaseInOtherReceivableDueFromRelatedParties" xlink:to="label_DecreaseIncreaseInOtherReceivableDueFromRelatedParties" xlink:title="label: DecreaseIncreaseInOtherReceivableDueFromRelatedParties to label_DecreaseIncreaseInOtherReceivableDueFromRelatedParties"/>
    <link:loc xlink:type="locator" xlink:href="../tifrs-scf-2013-03-31.xsd#tifrs-SCF_DecreaseIncreaseInInventories" xlink:label="DecreaseIncreaseInInventories" xlink:title="DecreaseIncreaseInInventories"/>
    <link:label xlink:type="resource" xlink:label="label_DecreaseIncreaseInInventories" xlink:role="http://www.xbrl.org/2003/role/terseLabel" xlink:title="label_DecreaseIncreaseInInventories" xml:lang="en" id="label_DecreaseIncreaseInInventories">A31200</link:label>
    <link:labelArc xlink:type="arc" xlink:arcrole="http://www.xbrl.org/2003/arcrole/concept-label" xlink:from="DecreaseIncreaseInInventories" xlink:to="label_DecreaseIncreaseInInventories" xlink:title="label: DecreaseIncreaseInInventories to label_DecreaseIncreaseInInventories"/>
    <link:loc xlink:type="locator" xlink:href="../tifrs-scf-2013-03-31.xsd#tifrs-SCF_DecreaseIncreaseInBiologicalAssets" xlink:label="DecreaseIncreaseInBiologicalAssets" xlink:title="DecreaseIncreaseInBiologicalAssets"/>
    <link:label xlink:type="resource" xlink:label="label_DecreaseIncreaseInBiologicalAssets" xlink:role="http://www.xbrl.org/2003/role/terseLabel" xlink:title="label_DecreaseIncreaseInBiologicalAssets" xml:lang="en" id="label_DecreaseIncreaseInBiologicalAssets">A31210</link:label>
    <link:labelArc xlink:type="arc" xlink:arcrole="http://www.xbrl.org/2003/arcrole/concept-label" xlink:from="DecreaseIncreaseInBiologicalAssets" xlink:to="label_DecreaseIncreaseInBiologicalAssets" xlink:title="label: DecreaseIncreaseInBiologicalAssets to label_DecreaseIncreaseInBiologicalAssets"/>
    <link:loc xlink:type="locator" xlink:href="../tifrs-scf-2013-03-31.xsd#tifrs-SCF_DecreaseIncreaseInPrepaidExpenses" xlink:label="DecreaseIncreaseInPrepaidExpenses" xlink:title="DecreaseIncreaseInPrepaidExpenses"/>
    <link:label xlink:type="resource" xlink:label="label_DecreaseIncreaseInPrepaidExpenses" xlink:role="http://www.xbrl.org/2003/role/terseLabel" xlink:title="label_DecreaseIncreaseInPrepaidExpenses" xml:lang="en" id="label_DecreaseIncreaseInPrepaidExpenses">A31220</link:label>
    <link:labelArc xlink:type="arc" xlink:arcrole="http://www.xbrl.org/2003/arcrole/concept-label" xlink:from="DecreaseIncreaseInPrepaidExpenses" xlink:to="label_DecreaseIncreaseInPrepaidExpenses" xlink:title="label: DecreaseIncreaseInPrepaidExpenses to label_DecreaseIncreaseInPrepaidExpenses"/>
    <link:loc xlink:type="locator" xlink:href="../tifrs-scf-2013-03-31.xsd#tifrs-SCF_DecreaseIncreaseInPrepayments" xlink:label="DecreaseIncreaseInPrepayments" xlink:title="DecreaseIncreaseInPrepayments"/>
    <link:label xlink:type="resource" xlink:label="label_DecreaseIncreaseInPrepayments" xlink:role="http://www.xbrl.org/2003/role/terseLabel" xlink:title="label_DecreaseIncreaseInPrepayments" xml:lang="en" id="label_DecreaseIncreaseInPrepayments">A31230</link:label>
    <link:labelArc xlink:type="arc" xlink:arcrole="http://www.xbrl.org/2003/arcrole/concept-label" xlink:from="DecreaseIncreaseInPrepayments" xlink:to="label_DecreaseIncreaseInPrepayments" xlink:title="label: DecreaseIncreaseInPrepayments to label_DecreaseIncreaseInPrepayments"/>
    <link:loc xlink:type="locator" xlink:href="../tifrs-scf-2013-03-31.xsd#tifrs-SCF_DecreaseIncreaseInOtherCurrentAssets" xlink:label="DecreaseIncreaseInOtherCurrentAssets" xlink:title="DecreaseIncreaseInOtherCurrentAssets"/>
    <link:label xlink:type="resource" xlink:label="label_DecreaseIncreaseInOtherCurrentAssets" xlink:role="http://www.xbrl.org/2003/role/terseLabel" xlink:title="label_DecreaseIncreaseInOtherCurrentAssets" xml:lang="en" id="label_DecreaseIncreaseInOtherCurrentAssets">A31240</link:label>
    <link:labelArc xlink:type="arc" xlink:arcrole="http://www.xbrl.org/2003/arcrole/concept-label" xlink:from="DecreaseIncreaseInOtherCurrentAssets" xlink:to="label_DecreaseIncreaseInOtherCurrentAssets" xlink:title="label: DecreaseIncreaseInOtherCurrentAssets to label_DecreaseIncreaseInOtherCurrentAssets"/>
    <link:loc xlink:type="locator" xlink:href="../tifrs-scf-2013-03-31.xsd#tifrs-SCF_DecreaseIncreaseInOtherFinancialAssets" xlink:label="DecreaseIncreaseInOtherFinancialAssets" xlink:title="DecreaseIncreaseInOtherFinancialAssets"/>
    <link:label xlink:type="resource" xlink:label="label_DecreaseIncreaseInOtherFinancialAssets" xlink:role="http://www.xbrl.org/2003/role/terseLabel" xlink:title="label_DecreaseIncreaseInOtherFinancialAssets" xml:lang="en" id="label_DecreaseIncreaseInOtherFinancialAssets">A31250</link:label>
    <link:labelArc xlink:type="arc" xlink:arcrole="http://www.xbrl.org/2003/arcrole/concept-label" xlink:from="DecreaseIncreaseInOtherFinancialAssets" xlink:to="label_DecreaseIncreaseInOtherFinancialAssets" xlink:title="label: DecreaseIncreaseInOtherFinancialAssets to label_DecreaseIncreaseInOtherFinancialAssets"/>
    <link:loc xlink:type="locator" xlink:href="../tifrs-scf-2013-03-31.xsd#tifrs-SCF_DecreaseIncreaseInDeferredDebits" xlink:label="DecreaseIncreaseInDeferredDebits" xlink:title="DecreaseIncreaseInDeferredDebits"/>
    <link:label xlink:type="resource" xlink:label="label_DecreaseIncreaseInDeferredDebits" xlink:role="http://www.xbrl.org/2003/role/terseLabel" xlink:title="label_DecreaseIncreaseInDeferredDebits" xml:lang="en" id="label_DecreaseIncreaseInDeferredDebits">A31260</link:label>
    <link:labelArc xlink:type="arc" xlink:arcrole="http://www.xbrl.org/2003/arcrole/concept-label" xlink:from="DecreaseIncreaseInDeferredDebits" xlink:to="label_DecreaseIncreaseInDeferredDebits" xlink:title="label: DecreaseIncreaseInDeferredDebits to label_DecreaseIncreaseInDeferredDebits"/>
    <link:loc xlink:type="locator" xlink:href="../tifrs-scf-2013-03-31.xsd#tifrs-SCF_DecreaseIncreaseInOtherOperatingAssets" xlink:label="DecreaseIncreaseInOtherOperatingAssets" xlink:title="DecreaseIncreaseInOtherOperatingAssets"/>
    <link:label xlink:type="resource" xlink:label="label_DecreaseIncreaseInOtherOperatingAssets" xlink:role="http://www.xbrl.org/2003/role/terseLabel" xlink:title="label_DecreaseIncreaseInOtherOperatingAssets" xml:lang="en" id="label_DecreaseIncreaseInOtherOperatingAssets">A31990</link:label>
    <link:labelArc xlink:type="arc" xlink:arcrole="http://www.xbrl.org/2003/arcrole/concept-label" xlink:from="DecreaseIncreaseInOtherOperatingAssets" xlink:to="label_DecreaseIncreaseInOtherOperatingAssets" xlink:title="label: DecreaseIncreaseInOtherOperatingAssets to label_DecreaseIncreaseInOtherOperatingAssets"/>
    <link:loc xlink:type="locator" xlink:href="../tifrs-scf-2013-03-31.xsd#tifrs-SCF_ChangesInOperatingAssets" xlink:label="ChangesInOperatingAssets" xlink:title="ChangesInOperatingAssets"/>
    <link:label xlink:type="resource" xlink:label="label_ChangesInOperatingAssets" xlink:role="http://www.xbrl.org/2003/role/terseLabel" xlink:title="label_ChangesInOperatingAssets" xml:lang="en" id="label_ChangesInOperatingAssets">A31000</link:label>
    <link:labelArc xlink:type="arc" xlink:arcrole="http://www.xbrl.org/2003/arcrole/concept-label" xlink:from="ChangesInOperatingAssets" xlink:to="label_ChangesInOperatingAssets" xlink:title="label: ChangesInOperatingAssets to label_ChangesInOperatingAssets"/>
    <link:loc xlink:type="locator" xlink:href="../tifrs-scf-2013-03-31.xsd#tifrs-SCF_IncreaseDecreaseInFinancialLiabilitiesHeldForTrading" xlink:label="IncreaseDecreaseInFinancialLiabilitiesHeldForTrading" xlink:title="IncreaseDecreaseInFinancialLiabilitiesHeldForTrading"/>
    <link:label xlink:type="resource" xlink:label="label_IncreaseDecreaseInFinancialLiabilitiesHeldForTrading" xlink:role="http://www.xbrl.org/2003/role/terseLabel" xlink:title="label_IncreaseDecreaseInFinancialLiabilitiesHeldForTrading" xml:lang="en" id="label_IncreaseDecreaseInFinancialLiabilitiesHeldForTrading">A32110</link:label>
    <link:labelArc xlink:type="arc" xlink:arcrole="http://www.xbrl.org/2003/arcrole/concept-label" xlink:from="IncreaseDecreaseInFinancialLiabilitiesHeldForTrading" xlink:to="label_IncreaseDecreaseInFinancialLiabilitiesHeldForTrading" xlink:title="label: IncreaseDecreaseInFinancialLiabilitiesHeldForTrading to label_IncreaseDecreaseInFinancialLiabilitiesHeldForTrading"/>
    <link:loc xlink:type="locator" xlink:href="../tifrs-scf-2013-03-31.xsd#tifrs-SCF_IncreaseDecreaseInDerivativeFinancialLiabilitiesForHedging" xlink:label="IncreaseDecreaseInDerivativeFinancialLiabilitiesForHedging" xlink:title="IncreaseDecreaseInDerivativeFinancialLiabilitiesForHedging"/>
    <link:label xlink:type="resource" xlink:label="label_IncreaseDecreaseInDerivativeFinancialLiabilitiesForHedging" xlink:role="http://www.xbrl.org/2003/role/terseLabel" xlink:title="label_IncreaseDecreaseInDerivativeFinancialLiabilitiesForHedging" xml:lang="en" id="label_IncreaseDecreaseInDerivativeFinancialLiabilitiesForHedging">A32120</link:label>
    <link:labelArc xlink:type="arc" xlink:arcrole="http://www.xbrl.org/2003/arcrole/concept-label" xlink:from="IncreaseDecreaseInDerivativeFinancialLiabilitiesForHedging" xlink:to="label_IncreaseDecreaseInDerivativeFinancialLiabilitiesForHedging" xlink:title="label: IncreaseDecreaseInDerivativeFinancialLiabilitiesForHedging to label_IncreaseDecreaseInDerivativeFinancialLiabilitiesForHedging"/>
    <link:loc xlink:type="locator" xlink:href="../tifrs-scf-2013-03-31.xsd#tifrs-SCF_IncreaseDecreaseInNotesPayable" xlink:label="IncreaseDecreaseInNotesPayable" xlink:title="IncreaseDecreaseInNotesPayable"/>
    <link:label xlink:type="resource" xlink:label="label_IncreaseDecreaseInNotesPayable" xlink:role="http://www.xbrl.org/2003/role/terseLabel" xlink:title="label_IncreaseDecreaseInNotesPayable" xml:lang="en" id="label_IncreaseDecreaseInNotesPayable">A32130</link:label>
    <link:labelArc xlink:type="arc" xlink:arcrole="http://www.xbrl.org/2003/arcrole/concept-label" xlink:from="IncreaseDecreaseInNotesPayable" xlink:to="label_IncreaseDecreaseInNotesPayable" xlink:title="label: IncreaseDecreaseInNotesPayable to label_IncreaseDecreaseInNotesPayable"/>
    <link:loc xlink:type="locator" xlink:href="../tifrs-scf-2013-03-31.xsd#tifrs-SCF_IncreaseDecreaseInNotesPayableToRelatedParties" xlink:label="IncreaseDecreaseInNotesPayableToRelatedParties" xlink:title="IncreaseDecreaseInNotesPayableToRelatedParties"/>
    <link:label xlink:type="resource" xlink:label="label_IncreaseDecreaseInNotesPayableToRelatedParties" xlink:role="http://www.xbrl.org/2003/role/terseLabel" xlink:title="label_IncreaseDecreaseInNotesPayableToRelatedParties" xml:lang="en" id="label_IncreaseDecreaseInNotesPayableToRelatedParties">A32140</link:label>
    <link:labelArc xlink:type="arc" xlink:arcrole="http://www.xbrl.org/2003/arcrole/concept-label" xlink:from="IncreaseDecreaseInNotesPayableToRelatedParties" xlink:to="label_IncreaseDecreaseInNotesPayableToRelatedParties" xlink:title="label: IncreaseDecreaseInNotesPayableToRelatedParties to label_IncreaseDecreaseInNotesPayableToRelatedParties"/>
    <link:loc xlink:type="locator" xlink:href="../tifrs-scf-2013-03-31.xsd#tifrs-SCF_IncreaseDecreaseInAccountsPayable" xlink:label="IncreaseDecreaseInAccountsPayable" xlink:title="IncreaseDecreaseInAccountsPayable"/>
    <link:label xlink:type="resource" xlink:label="label_IncreaseDecreaseInAccountsPayable" xlink:role="http://www.xbrl.org/2003/role/terseLabel" xlink:title="label_IncreaseDecreaseInAccountsPayable" xml:lang="en" id="label_IncreaseDecreaseInAccountsPayable">A32150</link:label>
    <link:labelArc xlink:type="arc" xlink:arcrole="http://www.xbrl.org/2003/arcrole/concept-label" xlink:from="IncreaseDecreaseInAccountsPayable" xlink:to="label_IncreaseDecreaseInAccountsPayable" xlink:title="label: IncreaseDecreaseInAccountsPayable to label_IncreaseDecreaseInAccountsPayable"/>
    <link:loc xlink:type="locator" xlink:href="../tifrs-scf-2013-03-31.xsd#tifrs-SCF_IncreaseDecreaseInAccountsPayableToRelatedParties" xlink:label="IncreaseDecreaseInAccountsPayableToRelatedParties" xlink:title="IncreaseDecreaseInAccountsPayableToRelatedParties"/>
    <link:label xlink:type="resource" xlink:label="label_IncreaseDecreaseInAccountsPayableToRelatedParties" xlink:role="http://www.xbrl.org/2003/role/terseLabel" xlink:title="label_IncreaseDecreaseInAccountsPayableToRelatedParties" xml:lang="en" id="label_IncreaseDecreaseInAccountsPayableToRelatedParties">A32160</link:label>
    <link:labelArc xlink:type="arc" xlink:arcrole="http://www.xbrl.org/2003/arcrole/concept-label" xlink:from="IncreaseDecreaseInAccountsPayableToRelatedParties" xlink:to="label_IncreaseDecreaseInAccountsPayableToRelatedParties" xlink:title="label: IncreaseDecreaseInAccountsPayableToRelatedParties to label_IncreaseDecreaseInAccountsPayableToRelatedParties"/>
    <link:loc xlink:type="locator" xlink:href="../tifrs-scf-2013-03-31.xsd#tifrs-SCF_IncreaseDecreaseInConstructionContractsReceivable" xlink:label="IncreaseDecreaseInConstructionContractsReceivable" xlink:title="IncreaseDecreaseInConstructionContractsReceivable"/>
    <link:label xlink:type="resource" xlink:label="label_IncreaseDecreaseInConstructionContractsReceivable" xlink:role="http://www.xbrl.org/2003/role/terseLabel" xlink:title="label_IncreaseDecreaseInConstructionContractsReceivable" xml:lang="en" id="label_IncreaseDecreaseInConstructionContractsReceivable">A32170</link:label>
    <link:labelArc xlink:type="arc" xlink:arcrole="http://www.xbrl.org/2003/arcrole/concept-label" xlink:from="IncreaseDecreaseInConstructionContractsReceivable" xlink:to="label_IncreaseDecreaseInConstructionContractsReceivable" xlink:title="label: IncreaseDecreaseInConstructionContractsReceivable to label_IncreaseDecreaseInConstructionContractsReceivable"/>
    <link:loc xlink:type="locator" xlink:href="../tifrs-scf-2013-03-31.xsd#tifrs-SCF_IncreaseDecreaseInOtherPayables" xlink:label="IncreaseDecreaseInOtherPayables" xlink:title="IncreaseDecreaseInOtherPayables"/>
    <link:label xlink:type="resource" xlink:label="label_IncreaseDecreaseInOtherPayables" xlink:role="http://www.xbrl.org/2003/role/terseLabel" xlink:title="label_IncreaseDecreaseInOtherPayables" xml:lang="en" id="label_IncreaseDecreaseInOtherPayables">A32180</link:label>
    <link:labelArc xlink:type="arc" xlink:arcrole="http://www.xbrl.org/2003/arcrole/concept-label" xlink:from="IncreaseDecreaseInOtherPayables" xlink:to="label_IncreaseDecreaseInOtherPayables" xlink:title="label: IncreaseDecreaseInOtherPayables to label_IncreaseDecreaseInOtherPayables"/>
    <link:loc xlink:type="locator" xlink:href="../tifrs-scf-2013-03-31.xsd#tifrs-SCF_IncreaseDecreaseInOtherPayableToRelatedParties" xlink:label="IncreaseDecreaseInOtherPayableToRelatedParties" xlink:title="IncreaseDecreaseInOtherPayableToRelatedParties"/>
    <link:label xlink:type="resource" xlink:label="label_IncreaseDecreaseInOtherPayableToRelatedParties" xlink:role="http://www.xbrl.org/2003/role/terseLabel" xlink:title="label_IncreaseDecreaseInOtherPayableToRelatedParties" xml:lang="en" id="label_IncreaseDecreaseInOtherPayableToRelatedParties">A32190</link:label>
    <link:labelArc xlink:type="arc" xlink:arcrole="http://www.xbrl.org/2003/arcrole/concept-label" xlink:from="IncreaseDecreaseInOtherPayableToRelatedParties" xlink:to="label_IncreaseDecreaseInOtherPayableToRelatedParties" xlink:title="label: IncreaseDecreaseInOtherPayableToRelatedParties to label_IncreaseDecreaseInOtherPayableToRelatedParties"/>
    <link:loc xlink:type="locator" xlink:href="../tifrs-scf-2013-03-31.xsd#tifrs-SCF_IncreaseDecreaseInProvisions" xlink:label="IncreaseDecreaseInProvisions" xlink:title="IncreaseDecreaseInProvisions"/>
    <link:label xlink:type="resource" xlink:label="label_IncreaseDecreaseInProvisions" xlink:role="http://www.xbrl.org/2003/role/terseLabel" xlink:title="label_IncreaseDecreaseInProvisions" xml:lang="en" id="label_IncreaseDecreaseInProvisions">A32200</link:label>
    <link:labelArc xlink:type="arc" xlink:arcrole="http://www.xbrl.org/2003/arcrole/concept-label" xlink:from="IncreaseDecreaseInProvisions" xlink:to="label_IncreaseDecreaseInProvisions" xlink:title="label: IncreaseDecreaseInProvisions to label_IncreaseDecreaseInProvisions"/>
    <link:loc xlink:type="locator" xlink:href="../tifrs-scf-2013-03-31.xsd#tifrs-SCF_IncreaseDecreaseInReceiptsInAdvance" xlink:label="IncreaseDecreaseInReceiptsInAdvance" xlink:title="IncreaseDecreaseInReceiptsInAdvance"/>
    <link:label xlink:type="resource" xlink:label="label_IncreaseDecreaseInReceiptsInAdvance" xlink:role="http://www.xbrl.org/2003/role/terseLabel" xlink:title="label_IncreaseDecreaseInReceiptsInAdvance" xml:lang="en" id="label_IncreaseDecreaseInReceiptsInAdvance">A32210</link:label>
    <link:labelArc xlink:type="arc" xlink:arcrole="http://www.xbrl.org/2003/arcrole/concept-label" xlink:from="IncreaseDecreaseInReceiptsInAdvance" xlink:to="label_IncreaseDecreaseInReceiptsInAdvance" xlink:title="label: IncreaseDecreaseInReceiptsInAdvance to label_IncreaseDecreaseInReceiptsInAdvance"/>
    <link:loc xlink:type="locator" xlink:href="../tifrs-scf-2013-03-31.xsd#tifrs-SCF_IncreaseDecreaseInOtherFinancialLiabilities" xlink:label="IncreaseDecreaseInOtherFinancialLiabilities" xlink:title="IncreaseDecreaseInOtherFinancialLiabilities"/>
    <link:label xlink:type="resource" xlink:label="label_IncreaseDecreaseInOtherFinancialLiabilities" xlink:role="http://www.xbrl.org/2003/role/terseLabel" xlink:title="label_IncreaseDecreaseInOtherFinancialLiabilities" xml:lang="en" id="label_IncreaseDecreaseInOtherFinancialLiabilities">A32220</link:label>
    <link:labelArc xlink:type="arc" xlink:arcrole="http://www.xbrl.org/2003/arcrole/concept-label" xlink:from="IncreaseDecreaseInOtherFinancialLiabilities" xlink:to="label_IncreaseDecreaseInOtherFinancialLiabilities" xlink:title="label: IncreaseDecreaseInOtherFinancialLiabilities to label_IncreaseDecreaseInOtherFinancialLiabilities"/>
    <link:loc xlink:type="locator" xlink:href="../tifrs-scf-2013-03-31.xsd#tifrs-SCF_IncreaseDecreaseInOtherCurrentLiabilities" xlink:label="IncreaseDecreaseInOtherCurrentLiabilities" xlink:title="IncreaseDecreaseInOtherCurrentLiabilities"/>
    <link:label xlink:type="resource" xlink:label="label_IncreaseDecreaseInOtherCurrentLiabilities" xlink:role="http://www.xbrl.org/2003/role/terseLabel" xlink:title="label_IncreaseDecreaseInOtherCurrentLiabilities" xml:lang="en" id="label_IncreaseDecreaseInOtherCurrentLiabilities">A32230</link:label>
    <link:labelArc xlink:type="arc" xlink:arcrole="http://www.xbrl.org/2003/arcrole/concept-label" xlink:from="IncreaseDecreaseInOtherCurrentLiabilities" xlink:to="label_IncreaseDecreaseInOtherCurrentLiabilities" xlink:title="label: IncreaseDecreaseInOtherCurrentLiabilities to label_IncreaseDecreaseInOtherCurrentLiabilities"/>
    <link:loc xlink:type="locator" xlink:href="../tifrs-scf-2013-03-31.xsd#tifrs-SCF_IncreaseDecreaseInAccruedPensionLiabilities" xlink:label="IncreaseDecreaseInAccruedPensionLiabilities" xlink:title="IncreaseDecreaseInAccruedPensionLiabilities"/>
    <link:label xlink:type="resource" xlink:label="label_IncreaseDecreaseInAccruedPensionLiabilities" xlink:role="http://www.xbrl.org/2003/role/terseLabel" xlink:title="label_IncreaseDecreaseInAccruedPensionLiabilities" xml:lang="en" id="label_IncreaseDecreaseInAccruedPensionLiabilities">A32240</link:label>
    <link:labelArc xlink:type="arc" xlink:arcrole="http://www.xbrl.org/2003/arcrole/concept-label" xlink:from="IncreaseDecreaseInAccruedPensionLiabilities" xlink:to="label_IncreaseDecreaseInAccruedPensionLiabilities" xlink:title="label: IncreaseDecreaseInAccruedPensionLiabilities to label_IncreaseDecreaseInAccruedPensionLiabilities"/>
    <link:loc xlink:type="locator" xlink:href="../tifrs-scf-2013-03-31.xsd#tifrs-SCF_IncreaseDecreaseInDeferredCredits" xlink:label="IncreaseDecreaseInDeferredCredits" xlink:title="IncreaseDecreaseInDeferredCredits"/>
    <link:label xlink:type="resource" xlink:label="label_IncreaseDecreaseInDeferredCredits" xlink:role="http://www.xbrl.org/2003/role/terseLabel" xlink:title="label_IncreaseDecreaseInDeferredCredits" xml:lang="en" id="label_IncreaseDecreaseInDeferredCredits">A32250</link:label>
    <link:labelArc xlink:type="arc" xlink:arcrole="http://www.xbrl.org/2003/arcrole/concept-label" xlink:from="IncreaseDecreaseInDeferredCredits" xlink:to="label_IncreaseDecreaseInDeferredCredits" xlink:title="label: IncreaseDecreaseInDeferredCredits to label_IncreaseDecreaseInDeferredCredits"/>
    <link:loc xlink:type="locator" xlink:href="../tifrs-scf-2013-03-31.xsd#tifrs-SCF_IncreaseDecreaseInFinancialLiabilitiesAtCost" xlink:label="IncreaseDecreaseInFinancialLiabilitiesAtCost" xlink:title="IncreaseDecreaseInFinancialLiabilitiesAtCost"/>
    <link:label xlink:type="resource" xlink:label="label_IncreaseDecreaseInFinancialLiabilitiesAtCost" xlink:role="http://www.xbrl.org/2003/role/terseLabel" xlink:title="label_IncreaseDecreaseInFinancialLiabilitiesAtCost" xml:lang="en" id="label_IncreaseDecreaseInFinancialLiabilitiesAtCost">A32260</link:label>
    <link:labelArc xlink:type="arc" xlink:arcrole="http://www.xbrl.org/2003/arcrole/concept-label" xlink:from="IncreaseDecreaseInFinancialLiabilitiesAtCost" xlink:to="label_IncreaseDecreaseInFinancialLiabilitiesAtCost" xlink:title="label: IncreaseDecreaseInFinancialLiabilitiesAtCost to label_IncreaseDecreaseInFinancialLiabilitiesAtCost"/>
    <link:loc xlink:type="locator" xlink:href="../tifrs-scf-2013-03-31.xsd#tifrs-SCF_IncreaseDecreaseInOtherOperatingLiabilities" xlink:label="IncreaseDecreaseInOtherOperatingLiabilities" xlink:title="IncreaseDecreaseInOtherOperatingLiabilities"/>
    <link:label xlink:type="resource" xlink:label="label_IncreaseDecreaseInOtherOperatingLiabilities" xlink:role="http://www.xbrl.org/2003/role/terseLabel" xlink:title="label_IncreaseDecreaseInOtherOperatingLiabilities" xml:lang="en" id="label_IncreaseDecreaseInOtherOperatingLiabilities">A32990</link:label>
    <link:labelArc xlink:type="arc" xlink:arcrole="http://www.xbrl.org/2003/arcrole/concept-label" xlink:from="IncreaseDecreaseInOtherOperatingLiabilities" xlink:to="label_IncreaseDecreaseInOtherOperatingLiabilities" xlink:title="label: IncreaseDecreaseInOtherOperatingLiabilities to label_IncreaseDecreaseInOtherOperatingLiabilities"/>
    <link:loc xlink:type="locator" xlink:href="../tifrs-scf-2013-03-31.xsd#tifrs-SCF_ChangesInOperatingLiabilities" xlink:label="ChangesInOperatingLiabilities" xlink:title="ChangesInOperatingLiabilities"/>
    <link:label xlink:type="resource" xlink:label="label_ChangesInOperatingLiabilities" xlink:role="http://www.xbrl.org/2003/role/terseLabel" xlink:title="label_ChangesInOperatingLiabilities" xml:lang="en" id="label_ChangesInOperatingLiabilities">A32000</link:label>
    <link:labelArc xlink:type="arc" xlink:arcrole="http://www.xbrl.org/2003/arcrole/concept-label" xlink:from="ChangesInOperatingLiabilities" xlink:to="label_ChangesInOperatingLiabilities" xlink:title="label: ChangesInOperatingLiabilities to label_ChangesInOperatingLiabilities"/>
    <link:loc xlink:type="locator" xlink:href="../tifrs-scf-2013-03-31.xsd#tifrs-SCF_ChangesInOperatingAssetsAndLiabilities" xlink:label="ChangesInOperatingAssetsAndLiabilities" xlink:title="ChangesInOperatingAssetsAndLiabilities"/>
    <link:label xlink:type="resource" xlink:label="label_ChangesInOperatingAssetsAndLiabilities" xlink:role="http://www.xbrl.org/2003/role/terseLabel" xlink:title="label_ChangesInOperatingAssetsAndLiabilities" xml:lang="en" id="label_ChangesInOperatingAssetsAndLiabilities">A30000</link:label>
    <link:labelArc xlink:type="arc" xlink:arcrole="http://www.xbrl.org/2003/arcrole/concept-label" xlink:from="ChangesInOperatingAssetsAndLiabilities" xlink:to="label_ChangesInOperatingAssetsAndLiabilities" xlink:title="label: ChangesInOperatingAssetsAndLiabilities to label_ChangesInOperatingAssetsAndLiabilities"/>
  </link:labelLink>
</link:linkbase>
