<?xml version="1.0" encoding="UTF-8"?>
<!-- Generated by Fujitsu XWand B0184C -->
<link:linkbase xmlns:xsi="http://www.w3.org/2001/XMLSchema-instance" xsi:schemaLocation="http://www.xbrl.org/2003/linkbase http://www.xbrl.org/2003/xbrl-linkbase-2003-12-31.xsd" xmlns:link="http://www.xbrl.org/2003/linkbase" xmlns:xbrli="http://www.xbrl.org/2003/instance" xmlns:xlink="http://www.w3.org/1999/xlink">
  <link:roleRef roleURI="http://www.xbrl.org/tifrs/fr/role/StatementOfChangesInEquity" xlink:type="simple" xlink:href="../tifrs-es-2013-03-31.xsd#RT_1"/>
  <link:presentationLink xlink:type="extended" xlink:role="http://www.xbrl.org/tifrs/fr/role/StatementOfChangesInEquity">
    <link:loc xlink:type="locator" xlink:href="../tifrs-es-2013-03-31.xsd#tifrs-es_TotalEquityMember" xlink:label="TotalEquityMember" xlink:title="TotalEquityMember"/>
    <link:loc xlink:type="locator" xlink:href="../tifrs-es-2013-03-31.xsd#tifrs-es_TotalEquityAttributableToOwnersOfParentMember" xlink:label="TotalEquityAttributableToOwnersOfParentMember" xlink:title="TotalEquityAttributableToOwnersOfParentMember"/>
    <link:presentationArc xlink:type="arc" xlink:arcrole="http://www.xbrl.org/2003/arcrole/parent-child" xlink:from="TotalEquityMember" xlink:to="TotalEquityAttributableToOwnersOfParentMember" xlink:title="presentation: TotalEquityMember to TotalEquityAttributableToOwnersOfParentMember" use="optional" order="1.0"/>
    <link:loc xlink:type="locator" xlink:href="../tifrs-es-2013-03-31.xsd#tifrs-es_TotalShareCapitalMember" xlink:label="TotalShareCapitalMember" xlink:title="TotalShareCapitalMember"/>
    <link:presentationArc xlink:type="arc" xlink:arcrole="http://www.xbrl.org/2003/arcrole/parent-child" xlink:from="TotalEquityAttributableToOwnersOfParentMember" xlink:to="TotalShareCapitalMember" xlink:title="presentation: TotalEquityAttributableToOwnersOfParentMember to TotalShareCapitalMember" use="optional" order="1.0"/>
    <link:loc xlink:type="locator" xlink:href="../tifrs-es-2013-03-31.xsd#tifrs-es_OrdinaryShareMember" xlink:label="OrdinaryShareMember" xlink:title="OrdinaryShareMember"/>
    <link:presentationArc xlink:type="arc" xlink:arcrole="http://www.xbrl.org/2003/arcrole/parent-child" xlink:from="TotalShareCapitalMember" xlink:to="OrdinaryShareMember" xlink:title="presentation: TotalShareCapitalMember to OrdinaryShareMember" use="optional" order="1.0"/>
    <link:loc xlink:type="locator" xlink:href="../tifrs-es-2013-03-31.xsd#tifrs-es_PreferenceShareMember" xlink:label="PreferenceShareMember" xlink:title="PreferenceShareMember"/>
    <link:presentationArc xlink:type="arc" xlink:arcrole="http://www.xbrl.org/2003/arcrole/parent-child" xlink:from="TotalShareCapitalMember" xlink:to="PreferenceShareMember" xlink:title="presentation: TotalShareCapitalMember to PreferenceShareMember" use="optional" order="2.0"/>
    <link:loc xlink:type="locator" xlink:href="../tifrs-es-2013-03-31.xsd#tifrs-es_CertificateOfEntitlementToNewSharesFromConvertibleBondMember" xlink:label="CertificateOfEntitlementToNewSharesFromConvertibleBondMember" xlink:title="CertificateOfEntitlementToNewSharesFromConvertibleBondMember"/>
    <link:presentationArc xlink:type="arc" xlink:arcrole="http://www.xbrl.org/2003/arcrole/parent-child" xlink:from="TotalShareCapitalMember" xlink:to="CertificateOfEntitlementToNewSharesFromConvertibleBondMember" xlink:title="presentation: TotalShareCapitalMember to CertificateOfEntitlementToNewSharesFromConvertibleBondMember" use="optional" order="3.0"/>
    <link:loc xlink:type="locator" xlink:href="../tifrs-es-2013-03-31.xsd#tifrs-es_AdvanceReceiptsForShareCapitalMember" xlink:label="AdvanceReceiptsForShareCapitalMember" xlink:title="AdvanceReceiptsForShareCapitalMember"/>
    <link:presentationArc xlink:type="arc" xlink:arcrole="http://www.xbrl.org/2003/arcrole/parent-child" xlink:from="TotalShareCapitalMember" xlink:to="AdvanceReceiptsForShareCapitalMember" xlink:title="presentation: TotalShareCapitalMember to AdvanceReceiptsForShareCapitalMember" use="optional" order="4.0"/>
    <link:loc xlink:type="locator" xlink:href="../tifrs-es-2013-03-31.xsd#tifrs-es_StockDividendToBeDistributedMember" xlink:label="StockDividendToBeDistributedMember" xlink:title="StockDividendToBeDistributedMember"/>
    <link:presentationArc xlink:type="arc" xlink:arcrole="http://www.xbrl.org/2003/arcrole/parent-child" xlink:from="TotalShareCapitalMember" xlink:to="StockDividendToBeDistributedMember" xlink:title="presentation: TotalShareCapitalMember to StockDividendToBeDistributedMember" use="optional" order="5.0"/>
    <link:loc xlink:type="locator" xlink:href="../tifrs-es-2013-03-31.xsd#tifrs-es_Other-ShareCapitalMember" xlink:label="Other-ShareCapitalMember" xlink:title="Other-ShareCapitalMember"/>
    <link:presentationArc xlink:type="arc" xlink:arcrole="http://www.xbrl.org/2003/arcrole/parent-child" xlink:from="TotalShareCapitalMember" xlink:to="Other-ShareCapitalMember" xlink:title="presentation: TotalShareCapitalMember to Other-ShareCapitalMember" use="optional" order="6.0"/>
    <link:loc xlink:type="locator" xlink:href="../tifrs-es-2013-03-31.xsd#tifrs-es_CapitalSurplusMember" xlink:label="CapitalSurplusMember" xlink:title="CapitalSurplusMember"/>
    <link:presentationArc xlink:type="arc" xlink:arcrole="http://www.xbrl.org/2003/arcrole/parent-child" xlink:from="TotalEquityAttributableToOwnersOfParentMember" xlink:to="CapitalSurplusMember" xlink:title="presentation: TotalEquityAttributableToOwnersOfParentMember to CapitalSurplusMember" use="optional" order="2.0"/>
    <link:loc xlink:type="locator" xlink:href="../tifrs-es-2013-03-31.xsd#tifrs-es_TotalRetainedEarningsMember" xlink:label="TotalRetainedEarningsMember" xlink:title="TotalRetainedEarningsMember"/>
    <link:presentationArc xlink:type="arc" xlink:arcrole="http://www.xbrl.org/2003/arcrole/parent-child" xlink:from="TotalEquityAttributableToOwnersOfParentMember" xlink:to="TotalRetainedEarningsMember" xlink:title="presentation: TotalEquityAttributableToOwnersOfParentMember to TotalRetainedEarningsMember" use="optional" order="3.0"/>
    <link:loc xlink:type="locator" xlink:href="../tifrs-es-2013-03-31.xsd#tifrs-es_LegalReserveMember" xlink:label="LegalReserveMember" xlink:title="LegalReserveMember"/>
    <link:presentationArc xlink:type="arc" xlink:arcrole="http://www.xbrl.org/2003/arcrole/parent-child" xlink:from="TotalRetainedEarningsMember" xlink:to="LegalReserveMember" xlink:title="presentation: TotalRetainedEarningsMember to LegalReserveMember" use="optional" order="1.0"/>
    <link:loc xlink:type="locator" xlink:href="../tifrs-es-2013-03-31.xsd#tifrs-es_SpecialReserveMember" xlink:label="SpecialReserveMember" xlink:title="SpecialReserveMember"/>
    <link:presentationArc xlink:type="arc" xlink:arcrole="http://www.xbrl.org/2003/arcrole/parent-child" xlink:from="TotalRetainedEarningsMember" xlink:to="SpecialReserveMember" xlink:title="presentation: TotalRetainedEarningsMember to SpecialReserveMember" use="optional" order="2.0"/>
    <link:loc xlink:type="locator" xlink:href="../tifrs-es-2013-03-31.xsd#tifrs-es_UnappropriatedRetainedEarningsAccumulatedDeficitMember" xlink:label="UnappropriatedRetainedEarningsAccumulatedDeficitMember" xlink:title="UnappropriatedRetainedEarningsAccumulatedDeficitMember"/>
    <link:presentationArc xlink:type="arc" xlink:arcrole="http://www.xbrl.org/2003/arcrole/parent-child" xlink:from="TotalRetainedEarningsMember" xlink:to="UnappropriatedRetainedEarningsAccumulatedDeficitMember" xlink:title="presentation: TotalRetainedEarningsMember to UnappropriatedRetainedEarningsAccumulatedDeficitMember" use="optional" order="3.0"/>
    <link:loc xlink:type="locator" xlink:href="../tifrs-es-2013-03-31.xsd#tifrs-es_TotalOtherEquityInterestMember" xlink:label="TotalOtherEquityInterestMember" xlink:title="TotalOtherEquityInterestMember"/>
    <link:presentationArc xlink:type="arc" xlink:arcrole="http://www.xbrl.org/2003/arcrole/parent-child" xlink:from="TotalEquityAttributableToOwnersOfParentMember" xlink:to="TotalOtherEquityInterestMember" xlink:title="presentation: TotalEquityAttributableToOwnersOfParentMember to TotalOtherEquityInterestMember" use="optional" order="4.0"/>
    <link:loc xlink:type="locator" xlink:href="../tifrs-es-2013-03-31.xsd#tifrs-es_ExchangeDifferencesOnTranslationOfForeignFinancialStatementsMember" xlink:label="ExchangeDifferencesOnTranslationOfForeignFinancialStatementsMember" xlink:title="ExchangeDifferencesOnTranslationOfForeignFinancialStatementsMember"/>
    <link:presentationArc xlink:type="arc" xlink:arcrole="http://www.xbrl.org/2003/arcrole/parent-child" xlink:from="TotalOtherEquityInterestMember" xlink:to="ExchangeDifferencesOnTranslationOfForeignFinancialStatementsMember" xlink:title="presentation: TotalOtherEquityInterestMember to ExchangeDifferencesOnTranslationOfForeignFinancialStatementsMember" use="optional" order="1.0"/>
    <link:loc xlink:type="locator" xlink:href="../tifrs-es-2013-03-31.xsd#tifrs-es_GainsLossesFromInvestmentsInEquityInstrumentsMeasuredAtFairValueThroughOtherComprehensiveIncomeMember" xlink:label="GainsLossesFromInvestmentsInEquityInstrumentsMeasuredAtFairValueThroughOtherComprehensiveIncomeMember" xlink:title="GainsLossesFromInvestmentsInEquityInstrumentsMeasuredAtFairValueThroughOtherComprehensiveIncomeMember"/>
    <link:presentationArc xlink:type="arc" xlink:arcrole="http://www.xbrl.org/2003/arcrole/parent-child" xlink:from="TotalOtherEquityInterestMember" xlink:to="GainsLossesFromInvestmentsInEquityInstrumentsMeasuredAtFairValueThroughOtherComprehensiveIncomeMember" xlink:title="presentation: TotalOtherEquityInterestMember to GainsLossesFromInvestmentsInEquityInstrumentsMeasuredAtFairValueThroughOtherComprehensiveIncomeMember" use="optional" order="2.0"/>
    <link:loc xlink:type="locator" xlink:href="../tifrs-es-2013-03-31.xsd#tifrs-es_UnrealizedGainsLossesOnAvailable-For-SaleFinancialAssetsMember" xlink:label="UnrealizedGainsLossesOnAvailable-For-SaleFinancialAssetsMember" xlink:title="UnrealizedGainsLossesOnAvailable-For-SaleFinancialAssetsMember"/>
    <link:presentationArc xlink:type="arc" xlink:arcrole="http://www.xbrl.org/2003/arcrole/parent-child" xlink:from="TotalOtherEquityInterestMember" xlink:to="UnrealizedGainsLossesOnAvailable-For-SaleFinancialAssetsMember" xlink:title="presentation: TotalOtherEquityInterestMember to UnrealizedGainsLossesOnAvailable-For-SaleFinancialAssetsMember" use="optional" order="3.0"/>
    <link:loc xlink:type="locator" xlink:href="../tifrs-es-2013-03-31.xsd#tifrs-es_GainsLossesOnEffectivePortionOfCashFlowHedgesMember" xlink:label="GainsLossesOnEffectivePortionOfCashFlowHedgesMember" xlink:title="GainsLossesOnEffectivePortionOfCashFlowHedgesMember"/>
    <link:presentationArc xlink:type="arc" xlink:arcrole="http://www.xbrl.org/2003/arcrole/parent-child" xlink:from="TotalOtherEquityInterestMember" xlink:to="GainsLossesOnEffectivePortionOfCashFlowHedgesMember" xlink:title="presentation: TotalOtherEquityInterestMember to GainsLossesOnEffectivePortionOfCashFlowHedgesMember" use="optional" order="4.0"/>
    <link:loc xlink:type="locator" xlink:href="../tifrs-es-2013-03-31.xsd#tifrs-es_GainsLossesOnEffectivePortionOfHedgesOfNetInvestmentsInForeignOperationsMember" xlink:label="GainsLossesOnEffectivePortionOfHedgesOfNetInvestmentsInForeignOperationsMember" xlink:title="GainsLossesOnEffectivePortionOfHedgesOfNetInvestmentsInForeignOperationsMember"/>
    <link:presentationArc xlink:type="arc" xlink:arcrole="http://www.xbrl.org/2003/arcrole/parent-child" xlink:from="TotalOtherEquityInterestMember" xlink:to="GainsLossesOnEffectivePortionOfHedgesOfNetInvestmentsInForeignOperationsMember" xlink:title="presentation: TotalOtherEquityInterestMember to GainsLossesOnEffectivePortionOfHedgesOfNetInvestmentsInForeignOperationsMember" use="optional" order="5.0"/>
    <link:loc xlink:type="locator" xlink:href="../tifrs-es-2013-03-31.xsd#tifrs-es_EquityRelatedToNoncurrentAssetsClassifiedAsHeldForSaleMember" xlink:label="EquityRelatedToNoncurrentAssetsClassifiedAsHeldForSaleMember" xlink:title="EquityRelatedToNoncurrentAssetsClassifiedAsHeldForSaleMember"/>
    <link:presentationArc xlink:type="arc" xlink:arcrole="http://www.xbrl.org/2003/arcrole/parent-child" xlink:from="TotalOtherEquityInterestMember" xlink:to="EquityRelatedToNoncurrentAssetsClassifiedAsHeldForSaleMember" xlink:title="presentation: TotalOtherEquityInterestMember to EquityRelatedToNoncurrentAssetsClassifiedAsHeldForSaleMember" use="optional" order="6.0"/>
    <link:loc xlink:type="locator" xlink:href="../tifrs-es-2013-03-31.xsd#tifrs-es_Others-OtherEquityInterestMember" xlink:label="Others-OtherEquityInterestMember" xlink:title="Others-OtherEquityInterestMember"/>
    <link:presentationArc xlink:type="arc" xlink:arcrole="http://www.xbrl.org/2003/arcrole/parent-child" xlink:from="TotalOtherEquityInterestMember" xlink:to="Others-OtherEquityInterestMember" xlink:title="presentation: TotalOtherEquityInterestMember to Others-OtherEquityInterestMember" use="optional" order="7.0"/>
    <link:loc xlink:type="locator" xlink:href="../tifrs-es-2013-03-31.xsd#tifrs-es_TreasurySharesMember" xlink:label="TreasurySharesMember_2" xlink:title="TreasurySharesMember"/>
    <link:presentationArc xlink:type="arc" xlink:arcrole="http://www.xbrl.org/2003/arcrole/parent-child" xlink:from="TotalEquityAttributableToOwnersOfParentMember" xlink:to="TreasurySharesMember_2" xlink:title="presentation: TotalEquityAttributableToOwnersOfParentMember to TreasurySharesMember" order="6.0"/>
    <link:loc xlink:type="locator" xlink:href="../tifrs-es-2013-03-31.xsd#tifrs-es_NonControllingInterestsMember" xlink:label="NonControllingInterestsMember" xlink:title="NonControllingInterestsMember"/>
    <link:presentationArc xlink:type="arc" xlink:arcrole="http://www.xbrl.org/2003/arcrole/parent-child" xlink:from="TotalEquityMember" xlink:to="NonControllingInterestsMember" xlink:title="presentation: TotalEquityMember to NonControllingInterestsMember" order="3.0"/>
    <link:loc xlink:type="locator" xlink:href="../tifrs-es-2013-03-31.xsd#tifrs-es_EquityAttributableToFomerOwnerOfBusinessCombinationUnderCommonControl" xlink:label="EquityAttributableToFomerOwnerOfBusinessCombinationUnderCommonControl" xlink:title="EquityAttributableToFomerOwnerOfBusinessCombinationUnderCommonControl"/>
    <link:presentationArc xlink:type="arc" xlink:arcrole="http://www.xbrl.org/2003/arcrole/parent-child" xlink:from="TotalEquityMember" xlink:to="EquityAttributableToFomerOwnerOfBusinessCombinationUnderCommonControl" xlink:title="presentation: TotalEquityMember to EquityAttributableToFomerOwnerOfBusinessCombinationUnderCommonControl" order="2.1"/>
    <link:loc xlink:type="locator" xlink:href="../../ifrs_20100430/ifrs-cor_2010-04-30.xsd#ifrs_StatementOfChangesInEquityLineItems" xlink:label="StatementOfChangesInEquityLineItems" xlink:title="StatementOfChangesInEquityLineItems"/>
    <link:loc xlink:type="locator" xlink:href="../tifrs-es-2013-03-31.xsd#tifrs-es_ChangesInNoncontrollingInterests" xlink:label="ChangesInNoncontrollingInterests" xlink:title="ChangesInNoncontrollingInterests"/>
    <link:presentationArc xlink:type="arc" xlink:arcrole="http://www.xbrl.org/2003/arcrole/parent-child" xlink:from="StatementOfChangesInEquityLineItems" xlink:to="ChangesInNoncontrollingInterests" xlink:title="presentation: StatementOfChangesInEquityLineItems to ChangesInNoncontrollingInterests" order="28.1"/>
  </link:presentationLink>
</link:linkbase>
