<?xml version="1.0" encoding="UTF-8"?>
<!-- Generated by Fujitsu Interstage XWand B0196 -->
<link:linkbase xmlns:xsi="http://www.w3.org/2001/XMLSchema-instance" xsi:schemaLocation="http://www.xbrl.org/2003/linkbase http://www.xbrl.org/2003/xbrl-linkbase-2003-12-31.xsd" xmlns:link="http://www.xbrl.org/2003/linkbase" xmlns:xbrli="http://www.xbrl.org/2003/instance" xmlns:xlink="http://www.w3.org/1999/xlink">
  <link:roleRef roleURI="http://www.xbrl.org/tifrs/notes/role/DateAndProceduresOfAuthorisationForIssueOfFinancialStatements" xlink:type="simple" xlink:href="tifrs-notes-2015-03-31.xsd#RT_3"/>
  <link:roleRef roleURI="http://www.xbrl.org/tifrs/notes/role/DisclosureOfChangesInAccountingPoliciesAccountingEstimatesAndErrors" xlink:type="simple" xlink:href="tifrs-notes-2015-03-31.xsd#RT_4"/>
  <link:roleRef roleURI="http://www.xbrl.org/tifrs/notes/role/FinancialStatementsNotes" xlink:type="simple" xlink:href="tifrs-notes-2015-03-31.xsd#RT_7"/>
  <link:roleRef roleURI="http://www.xbrl.org/tifrs/notes/role/HistoryAndOrganization" xlink:type="simple" xlink:href="tifrs-notes-2015-03-31.xsd#RT_2"/>
  <link:roleRef roleURI="http://www.xbrl.org/tifrs/notes/role/SourcesOfUncertaintyFromSignificantAccountingJudgmentsAssumptionsAndEstimations" xlink:type="simple" xlink:href="tifrs-notes-2015-03-31.xsd#RT_6"/>
  <link:roleRef roleURI="http://www.xbrl.org/tifrs/notes/role/SummaryOfSignificantAccountingPolicies" xlink:type="simple" xlink:href="tifrs-notes-2015-03-31.xsd#RT_5"/>
  <link:roleRef roleURI="http://www.xbrl.org/tifrs/role/DisclosureOfGeneralInformationAboutFinancialStatements" xlink:type="simple" xlink:href="tifrs-notes-2015-03-31.xsd#RT_8"/>
  <link:roleRef roleURI="http://www.xbrl.org/tifrs/notes/role/ApplicationOfNewlyIssuedOrAmendedStandardsAndInterpretations" xlink:type="simple" xlink:href="tifrs-notes-2015-03-31.xsd#RT_9"/>
  <link:roleRef roleURI="http://www.xbrl.org/tifrs/notes/role/ReportOfIndependentAuditors" xlink:type="simple" xlink:href="tifrs-notes-2015-03-31.xsd#RT_11"/>
  <link:roleRef roleURI="http://www.xbrl.org/tifrs/notes/role/SignificantIntercompanyTransactionsBetweenConsolidatedEntities" xlink:type="simple" xlink:href="tifrs-notes-2015-03-31.xsd#RT_12"/>
  <link:presentationLink xlink:type="extended" xlink:role="http://www.xbrl.org/tifrs/notes/role/HistoryAndOrganization">
    <link:loc xlink:type="locator" xlink:href="tifrs-notes-2015-03-31.xsd#tifrs-notes_HistoryAndOrganizationAbstract" xlink:label="HistoryAndOrganizationAbstract" xlink:title="HistoryAndOrganizationAbstract"/>
    <link:loc xlink:type="locator" xlink:href="tifrs-notes-2015-03-31.xsd#tifrs-notes_HistoryAndOrganization" xlink:label="HistoryAndOrganization" xlink:title="HistoryAndOrganization"/>
    <link:presentationArc xlink:type="arc" xlink:arcrole="http://www.xbrl.org/2003/arcrole/parent-child" xlink:from="HistoryAndOrganizationAbstract" xlink:to="HistoryAndOrganization" xlink:title="presentation: HistoryAndOrganizationAbstract to HistoryAndOrganization" order="1.0"/>
  </link:presentationLink>
  <link:presentationLink xlink:type="extended" xlink:role="http://www.xbrl.org/tifrs/notes/role/DateAndProceduresOfAuthorisationForIssueOfFinancialStatements">
    <link:loc xlink:type="locator" xlink:href="tifrs-notes-2015-03-31.xsd#tifrs-notes_DateAndProceduresOfAuthorisationForIssueOfFinancialStatementsAbstract" xlink:label="DateAndProceduresOfAuthorisationForIssueOfFinancialStatementsAbstract" xlink:title="DateAndProceduresOfAuthorisationForIssueOfFinancialStatementsAbstract"/>
    <link:loc xlink:type="locator" xlink:href="tifrs-notes-2015-03-31.xsd#tifrs-notes_DateAndProceduresOfAuthorisationForIssueOfFinancialStatements" xlink:label="DateAndProceduresOfAuthorisationForIssueOfFinancialStatements" xlink:title="DateAndProceduresOfAuthorisationForIssueOfFinancialStatements"/>
    <link:presentationArc xlink:type="arc" xlink:arcrole="http://www.xbrl.org/2003/arcrole/parent-child" xlink:from="DateAndProceduresOfAuthorisationForIssueOfFinancialStatementsAbstract" xlink:to="DateAndProceduresOfAuthorisationForIssueOfFinancialStatements" xlink:title="presentation: DateAndProceduresOfAuthorisationForIssueOfFinancialStatementsAbstract to DateAndProceduresOfAuthorisationForIssueOfFinancialStatements" order="1.0"/>
  </link:presentationLink>
  <link:presentationLink xlink:type="extended" xlink:role="http://www.xbrl.org/tifrs/notes/role/ApplicationOfNewlyIssuedOrAmendedStandardsAndInterpretations">
    <link:loc xlink:type="locator" xlink:href="tifrs-notes-2015-03-31.xsd#tifrs-notes_ApplicationOfNewlyIssuedOrAmendedStandardsAndInterpretationsAbstract" xlink:label="ApplicationOfNewlyIssuedOrAmendedStandardsAndInterpretationsAbstract" xlink:title="ApplicationOfNewlyIssuedOrAmendedStandardsAndInterpretationsAbstract"/>
    <link:loc xlink:type="locator" xlink:href="tifrs-notes-2015-03-31.xsd#tifrs-notes_ApplicationOfNewlyIssuedOrAmendedStandardsAndInterpretations" xlink:label="ApplicationOfNewlyIssuedOrAmendedStandardsAndInterpretations" xlink:title="ApplicationOfNewlyIssuedOrAmendedStandardsAndInterpretations"/>
    <link:presentationArc xlink:type="arc" xlink:arcrole="http://www.xbrl.org/2003/arcrole/parent-child" xlink:from="ApplicationOfNewlyIssuedOrAmendedStandardsAndInterpretationsAbstract" xlink:to="ApplicationOfNewlyIssuedOrAmendedStandardsAndInterpretations" xlink:title="presentation: ApplicationOfNewlyIssuedOrAmendedStandardsAndInterpretationsAbstract to ApplicationOfNewlyIssuedOrAmendedStandardsAndInterpretations" order="1.0"/>
  </link:presentationLink>
  <link:presentationLink xlink:type="extended" xlink:role="http://www.xbrl.org/tifrs/notes/role/SummaryOfSignificantAccountingPolicies">
    <link:loc xlink:type="locator" xlink:href="tifrs-notes-2015-03-31.xsd#tifrs-notes_SummaryOfSignificantAccountingPoliciesAbstract" xlink:label="SummaryOfSignificantAccountingPoliciesAbstract" xlink:title="SummaryOfSignificantAccountingPoliciesAbstract"/>
    <link:loc xlink:type="locator" xlink:href="tifrs-notes-2015-03-31.xsd#tifrs-notes_StatementOfIFRSAndRelatedRegulationsCompliance" xlink:label="StatementOfIFRSAndRelatedRegulationsCompliance" xlink:title="StatementOfIFRSAndRelatedRegulationsCompliance"/>
    <link:presentationArc xlink:type="arc" xlink:arcrole="http://www.xbrl.org/2003/arcrole/parent-child" xlink:from="SummaryOfSignificantAccountingPoliciesAbstract" xlink:to="StatementOfIFRSAndRelatedRegulationsCompliance" xlink:title="presentation: SummaryOfSignificantAccountingPoliciesAbstract to StatementOfIFRSAndRelatedRegulationsCompliance" order="1.0"/>
    <link:loc xlink:type="locator" xlink:href="tifrs-notes-2015-03-31.xsd#tifrs-notes_BasisOfPreparation" xlink:label="BasisOfPreparation" xlink:title="BasisOfPreparation"/>
    <link:presentationArc xlink:type="arc" xlink:arcrole="http://www.xbrl.org/2003/arcrole/parent-child" xlink:from="SummaryOfSignificantAccountingPoliciesAbstract" xlink:to="BasisOfPreparation" xlink:title="presentation: SummaryOfSignificantAccountingPoliciesAbstract to BasisOfPreparation" order="2.0"/>
    <link:loc xlink:type="locator" xlink:href="tifrs-notes-2015-03-31.xsd#tifrs-notes_BasisOfConsolidation" xlink:label="BasisOfConsolidation" xlink:title="BasisOfConsolidation"/>
    <link:presentationArc xlink:type="arc" xlink:arcrole="http://www.xbrl.org/2003/arcrole/parent-child" xlink:from="SummaryOfSignificantAccountingPoliciesAbstract" xlink:to="BasisOfConsolidation" xlink:title="presentation: SummaryOfSignificantAccountingPoliciesAbstract to BasisOfConsolidation" order="3.0"/>
    <link:loc xlink:type="locator" xlink:href="tifrs-notes-2015-03-31.xsd#tifrs-notes_PrinciplesOfConsolidation" xlink:label="PrinciplesOfConsolidation" xlink:title="PrinciplesOfConsolidation"/>
    <link:presentationArc xlink:type="arc" xlink:arcrole="http://www.xbrl.org/2003/arcrole/parent-child" xlink:from="BasisOfConsolidation" xlink:to="PrinciplesOfConsolidation" xlink:title="presentation: BasisOfConsolidation to PrinciplesOfConsolidation" order="1.0"/>
    <link:loc xlink:type="locator" xlink:href="tifrs-notes-2015-03-31.xsd#tifrs-notes_TheConsolidatedEntitiesAbstract" xlink:label="TheConsolidatedEntitiesAbstract" xlink:title="TheConsolidatedEntitiesAbstract"/>
    <link:presentationArc xlink:type="arc" xlink:arcrole="http://www.xbrl.org/2003/arcrole/parent-child" xlink:from="BasisOfConsolidation" xlink:to="TheConsolidatedEntitiesAbstract" xlink:title="presentation: BasisOfConsolidation to TheConsolidatedEntitiesAbstract" order="2.0"/>
    <link:loc xlink:type="locator" xlink:href="tifrs-notes-2015-03-31.xsd#tifrs-notes_TheConsolidatedEntities" xlink:label="TheConsolidatedEntities" xlink:title="TheConsolidatedEntities"/>
    <link:presentationArc xlink:type="arc" xlink:arcrole="http://www.xbrl.org/2003/arcrole/parent-child" xlink:from="TheConsolidatedEntitiesAbstract" xlink:to="TheConsolidatedEntities" xlink:title="presentation: TheConsolidatedEntitiesAbstract to TheConsolidatedEntities" order="1.0"/>
    <link:loc xlink:type="locator" xlink:href="tifrs-notes-2015-03-31.xsd#tifrs-notes_CompanyNameOfTheInvestor" xlink:label="CompanyNameOfTheInvestor" xlink:title="CompanyNameOfTheInvestor"/>
    <link:presentationArc xlink:type="arc" xlink:arcrole="http://www.xbrl.org/2003/arcrole/parent-child" xlink:from="TheConsolidatedEntities" xlink:to="CompanyNameOfTheInvestor" xlink:title="presentation: TheConsolidatedEntities to CompanyNameOfTheInvestor" order="1.0"/>
    <link:loc xlink:type="locator" xlink:href="tifrs-notes-2015-03-31.xsd#tifrs-notes_NameOfInvestee" xlink:label="NameOfInvestee" xlink:title="NameOfInvestee"/>
    <link:presentationArc xlink:type="arc" xlink:arcrole="http://www.xbrl.org/2003/arcrole/parent-child" xlink:from="TheConsolidatedEntities" xlink:to="NameOfInvestee" xlink:title="presentation: TheConsolidatedEntities to NameOfInvestee" order="2.0"/>
    <link:loc xlink:type="locator" xlink:href="tifrs-notes-2015-03-31.xsd#tifrs-notes_MainBusinesses" xlink:label="MainBusinesses" xlink:title="MainBusinesses"/>
    <link:presentationArc xlink:type="arc" xlink:arcrole="http://www.xbrl.org/2003/arcrole/parent-child" xlink:from="TheConsolidatedEntities" xlink:to="MainBusinesses" xlink:title="presentation: TheConsolidatedEntities to MainBusinesses" order="3.0"/>
    <link:loc xlink:type="locator" xlink:href="tifrs-notes-2015-03-31.xsd#tifrs-notes_Description" xlink:label="Description" xlink:title="Description"/>
    <link:presentationArc xlink:type="arc" xlink:arcrole="http://www.xbrl.org/2003/arcrole/parent-child" xlink:from="TheConsolidatedEntities" xlink:to="Description" xlink:title="presentation: TheConsolidatedEntities to Description" order="5.0"/>
    <link:loc xlink:type="locator" xlink:href="tifrs-notes-2015-03-31.xsd#tifrs-notes_PercentageOfOwnership4" xlink:label="PercentageOfOwnership4" xlink:title="PercentageOfOwnership4"/>
    <link:presentationArc xlink:type="arc" xlink:arcrole="http://www.xbrl.org/2003/arcrole/parent-child" xlink:from="TheConsolidatedEntities" xlink:to="PercentageOfOwnership4" xlink:title="presentation: TheConsolidatedEntities to PercentageOfOwnership4" order="4.0"/>
    <link:loc xlink:type="locator" xlink:href="tifrs-notes-2015-03-31.xsd#tifrs-notes_Note-TheConsolidatedEntities" xlink:label="Note-TheConsolidatedEntities" xlink:title="Note-TheConsolidatedEntities"/>
    <link:presentationArc xlink:type="arc" xlink:arcrole="http://www.xbrl.org/2003/arcrole/parent-child" xlink:from="TheConsolidatedEntitiesAbstract" xlink:to="Note-TheConsolidatedEntities" xlink:title="presentation: TheConsolidatedEntitiesAbstract to Note-TheConsolidatedEntities" order="2.0"/>
    <link:loc xlink:type="locator" xlink:href="tifrs-notes-2015-03-31.xsd#tifrs-notes_SubsidiariesNotConsolidatedInTheFinancialStatementsAbstract" xlink:label="SubsidiariesNotConsolidatedInTheFinancialStatementsAbstract" xlink:title="SubsidiariesNotConsolidatedInTheFinancialStatementsAbstract"/>
    <link:presentationArc xlink:type="arc" xlink:arcrole="http://www.xbrl.org/2003/arcrole/parent-child" xlink:from="BasisOfConsolidation" xlink:to="SubsidiariesNotConsolidatedInTheFinancialStatementsAbstract" xlink:title="presentation: BasisOfConsolidation to SubsidiariesNotConsolidatedInTheFinancialStatementsAbstract" order="3.0"/>
    <link:loc xlink:type="locator" xlink:href="tifrs-notes-2015-03-31.xsd#tifrs-notes_Note-SubsidiariesNotConsolidatedInTheFinancialStatements" xlink:label="Note-SubsidiariesNotConsolidatedInTheFinancialStatements" xlink:title="Note-SubsidiariesNotConsolidatedInTheFinancialStatements"/>
    <link:presentationArc xlink:type="arc" xlink:arcrole="http://www.xbrl.org/2003/arcrole/parent-child" xlink:from="SubsidiariesNotConsolidatedInTheFinancialStatementsAbstract" xlink:to="Note-SubsidiariesNotConsolidatedInTheFinancialStatements" xlink:title="presentation: SubsidiariesNotConsolidatedInTheFinancialStatementsAbstract to Note-SubsidiariesNotConsolidatedInTheFinancialStatements" order="2.0"/>
    <link:loc xlink:type="locator" xlink:href="tifrs-notes-2015-03-31.xsd#tifrs-notes_SubsidiariesNotConsolidatedInTheFinancialStatements" xlink:label="SubsidiariesNotConsolidatedInTheFinancialStatements" xlink:title="SubsidiariesNotConsolidatedInTheFinancialStatements"/>
    <link:presentationArc xlink:type="arc" xlink:arcrole="http://www.xbrl.org/2003/arcrole/parent-child" xlink:from="SubsidiariesNotConsolidatedInTheFinancialStatementsAbstract" xlink:to="SubsidiariesNotConsolidatedInTheFinancialStatements" xlink:title="presentation: SubsidiariesNotConsolidatedInTheFinancialStatementsAbstract to SubsidiariesNotConsolidatedInTheFinancialStatements" order="1.0"/>
    <link:presentationArc xlink:type="arc" xlink:arcrole="http://www.xbrl.org/2003/arcrole/parent-child" xlink:from="SubsidiariesNotConsolidatedInTheFinancialStatements" xlink:to="CompanyNameOfTheInvestor" xlink:title="presentation: SubsidiariesNotConsolidatedInTheFinancialStatements to CompanyNameOfTheInvestor" use="optional" order="1.0"/>
    <link:presentationArc xlink:type="arc" xlink:arcrole="http://www.xbrl.org/2003/arcrole/parent-child" xlink:from="SubsidiariesNotConsolidatedInTheFinancialStatements" xlink:to="NameOfInvestee" xlink:title="presentation: SubsidiariesNotConsolidatedInTheFinancialStatements to NameOfInvestee" use="optional" order="2.0"/>
    <link:presentationArc xlink:type="arc" xlink:arcrole="http://www.xbrl.org/2003/arcrole/parent-child" xlink:from="SubsidiariesNotConsolidatedInTheFinancialStatements" xlink:to="MainBusinesses" xlink:title="presentation: SubsidiariesNotConsolidatedInTheFinancialStatements to MainBusinesses" use="optional" order="3.0"/>
    <link:presentationArc xlink:type="arc" xlink:arcrole="http://www.xbrl.org/2003/arcrole/parent-child" xlink:from="SubsidiariesNotConsolidatedInTheFinancialStatements" xlink:to="Description" xlink:title="presentation: SubsidiariesNotConsolidatedInTheFinancialStatements to Description" use="optional" order="5.0"/>
    <link:presentationArc xlink:type="arc" xlink:arcrole="http://www.xbrl.org/2003/arcrole/parent-child" xlink:from="SubsidiariesNotConsolidatedInTheFinancialStatements" xlink:to="PercentageOfOwnership4" xlink:title="presentation: SubsidiariesNotConsolidatedInTheFinancialStatements to PercentageOfOwnership4" order="4.0"/>
    <link:loc xlink:type="locator" xlink:href="tifrs-notes-2015-03-31.xsd#tifrs-notes_ForeignCurrencies" xlink:label="ForeignCurrencies" xlink:title="ForeignCurrencies"/>
    <link:presentationArc xlink:type="arc" xlink:arcrole="http://www.xbrl.org/2003/arcrole/parent-child" xlink:from="SummaryOfSignificantAccountingPoliciesAbstract" xlink:to="ForeignCurrencies" xlink:title="presentation: SummaryOfSignificantAccountingPoliciesAbstract to ForeignCurrencies" order="4.0"/>
    <link:loc xlink:type="locator" xlink:href="tifrs-notes-2015-03-31.xsd#tifrs-notes_ClassificationOfCurrentAndNoncurrentAssetsAndLiabilities" xlink:label="ClassificationOfCurrentAndNoncurrentAssetsAndLiabilities" xlink:title="ClassificationOfCurrentAndNoncurrentAssetsAndLiabilities"/>
    <link:presentationArc xlink:type="arc" xlink:arcrole="http://www.xbrl.org/2003/arcrole/parent-child" xlink:from="SummaryOfSignificantAccountingPoliciesAbstract" xlink:to="ClassificationOfCurrentAndNoncurrentAssetsAndLiabilities" xlink:title="presentation: SummaryOfSignificantAccountingPoliciesAbstract to ClassificationOfCurrentAndNoncurrentAssetsAndLiabilities" order="5.0"/>
    <link:loc xlink:type="locator" xlink:href="tifrs-notes-2015-03-31.xsd#tifrs-notes_CashAndCashEquivalents" xlink:label="CashAndCashEquivalents" xlink:title="CashAndCashEquivalents"/>
    <link:presentationArc xlink:type="arc" xlink:arcrole="http://www.xbrl.org/2003/arcrole/parent-child" xlink:from="SummaryOfSignificantAccountingPoliciesAbstract" xlink:to="CashAndCashEquivalents" xlink:title="presentation: SummaryOfSignificantAccountingPoliciesAbstract to CashAndCashEquivalents" order="6.0"/>
    <link:loc xlink:type="locator" xlink:href="tifrs-notes-2015-03-31.xsd#tifrs-notes_FinancialInstruments" xlink:label="FinancialInstruments" xlink:title="FinancialInstruments"/>
    <link:presentationArc xlink:type="arc" xlink:arcrole="http://www.xbrl.org/2003/arcrole/parent-child" xlink:from="SummaryOfSignificantAccountingPoliciesAbstract" xlink:to="FinancialInstruments" xlink:title="presentation: SummaryOfSignificantAccountingPoliciesAbstract to FinancialInstruments" order="7.0"/>
    <link:loc xlink:type="locator" xlink:href="tifrs-notes-2015-03-31.xsd#tifrs-notes_FinancialAssets" xlink:label="FinancialAssets" xlink:title="FinancialAssets"/>
    <link:presentationArc xlink:type="arc" xlink:arcrole="http://www.xbrl.org/2003/arcrole/parent-child" xlink:from="FinancialInstruments" xlink:to="FinancialAssets" xlink:title="presentation: FinancialInstruments to FinancialAssets" order="1.0"/>
    <link:loc xlink:type="locator" xlink:href="tifrs-notes-2015-03-31.xsd#tifrs-notes_FinancialAssetsAtFairValueThroughProfitOrLoss" xlink:label="FinancialAssetsAtFairValueThroughProfitOrLoss" xlink:title="FinancialAssetsAtFairValueThroughProfitOrLoss"/>
    <link:presentationArc xlink:type="arc" xlink:arcrole="http://www.xbrl.org/2003/arcrole/parent-child" xlink:from="FinancialAssets" xlink:to="FinancialAssetsAtFairValueThroughProfitOrLoss" xlink:title="presentation: FinancialAssets to FinancialAssetsAtFairValueThroughProfitOrLoss" order="1.0"/>
    <link:loc xlink:type="locator" xlink:href="tifrs-notes-2015-03-31.xsd#tifrs-notes_FinancialAssetsAtFairValueThroughOtherComprehensiveIncome" xlink:label="FinancialAssetsAtFairValueThroughOtherComprehensiveIncome" xlink:title="FinancialAssetsAtFairValueThroughOtherComprehensiveIncome"/>
    <link:presentationArc xlink:type="arc" xlink:arcrole="http://www.xbrl.org/2003/arcrole/parent-child" xlink:from="FinancialAssets" xlink:to="FinancialAssetsAtFairValueThroughOtherComprehensiveIncome" xlink:title="presentation: FinancialAssets to FinancialAssetsAtFairValueThroughOtherComprehensiveIncome" order="2.0"/>
    <link:loc xlink:type="locator" xlink:href="tifrs-notes-2015-03-31.xsd#tifrs-notes_AvailableForSaleFinancialAssets" xlink:label="AvailableForSaleFinancialAssets" xlink:title="AvailableForSaleFinancialAssets"/>
    <link:presentationArc xlink:type="arc" xlink:arcrole="http://www.xbrl.org/2003/arcrole/parent-child" xlink:from="FinancialAssets" xlink:to="AvailableForSaleFinancialAssets" xlink:title="presentation: FinancialAssets to AvailableForSaleFinancialAssets" order="3.0"/>
    <link:loc xlink:type="locator" xlink:href="tifrs-notes-2015-03-31.xsd#tifrs-notes_HeldToMaturityFinancialAssets" xlink:label="HeldToMaturityFinancialAssets" xlink:title="HeldToMaturityFinancialAssets"/>
    <link:presentationArc xlink:type="arc" xlink:arcrole="http://www.xbrl.org/2003/arcrole/parent-child" xlink:from="FinancialAssets" xlink:to="HeldToMaturityFinancialAssets" xlink:title="presentation: FinancialAssets to HeldToMaturityFinancialAssets" order="4.0"/>
    <link:loc xlink:type="locator" xlink:href="tifrs-notes-2015-03-31.xsd#tifrs-notes_LoansAndReceivables" xlink:label="LoansAndReceivables" xlink:title="LoansAndReceivables"/>
    <link:presentationArc xlink:type="arc" xlink:arcrole="http://www.xbrl.org/2003/arcrole/parent-child" xlink:from="FinancialAssets" xlink:to="LoansAndReceivables" xlink:title="presentation: FinancialAssets to LoansAndReceivables" order="5.0"/>
    <link:loc xlink:type="locator" xlink:href="tifrs-notes-2015-03-31.xsd#tifrs-notes_ImpairmentOfFinancialAssets" xlink:label="ImpairmentOfFinancialAssets" xlink:title="ImpairmentOfFinancialAssets"/>
    <link:presentationArc xlink:type="arc" xlink:arcrole="http://www.xbrl.org/2003/arcrole/parent-child" xlink:from="FinancialAssets" xlink:to="ImpairmentOfFinancialAssets" xlink:title="presentation: FinancialAssets to ImpairmentOfFinancialAssets" order="6.0"/>
    <link:loc xlink:type="locator" xlink:href="tifrs-notes-2015-03-31.xsd#tifrs-notes_DerecognitionOfFinancialAssets" xlink:label="DerecognitionOfFinancialAssets" xlink:title="DerecognitionOfFinancialAssets"/>
    <link:presentationArc xlink:type="arc" xlink:arcrole="http://www.xbrl.org/2003/arcrole/parent-child" xlink:from="FinancialAssets" xlink:to="DerecognitionOfFinancialAssets" xlink:title="presentation: FinancialAssets to DerecognitionOfFinancialAssets" order="7.0"/>
    <link:loc xlink:type="locator" xlink:href="tifrs-notes-2015-03-31.xsd#tifrs-notes_FinancialLiabilitiesAndEquityInstruments" xlink:label="FinancialLiabilitiesAndEquityInstruments" xlink:title="FinancialLiabilitiesAndEquityInstruments"/>
    <link:presentationArc xlink:type="arc" xlink:arcrole="http://www.xbrl.org/2003/arcrole/parent-child" xlink:from="FinancialInstruments" xlink:to="FinancialLiabilitiesAndEquityInstruments" xlink:title="presentation: FinancialInstruments to FinancialLiabilitiesAndEquityInstruments" order="2.0"/>
    <link:loc xlink:type="locator" xlink:href="tifrs-notes-2015-03-31.xsd#tifrs-notes_ClassificationOfFinancialLiabilitiesAndEquityInstruments" xlink:label="ClassificationOfFinancialLiabilitiesAndEquityInstruments" xlink:title="ClassificationOfFinancialLiabilitiesAndEquityInstruments"/>
    <link:presentationArc xlink:type="arc" xlink:arcrole="http://www.xbrl.org/2003/arcrole/parent-child" xlink:from="FinancialLiabilitiesAndEquityInstruments" xlink:to="ClassificationOfFinancialLiabilitiesAndEquityInstruments" xlink:title="presentation: FinancialLiabilitiesAndEquityInstruments to ClassificationOfFinancialLiabilitiesAndEquityInstruments" order="1.0"/>
    <link:loc xlink:type="locator" xlink:href="tifrs-notes-2015-03-31.xsd#tifrs-notes_FinancialLiabilitiesAtFairValueThroughProfitOrLoss" xlink:label="FinancialLiabilitiesAtFairValueThroughProfitOrLoss" xlink:title="FinancialLiabilitiesAtFairValueThroughProfitOrLoss"/>
    <link:presentationArc xlink:type="arc" xlink:arcrole="http://www.xbrl.org/2003/arcrole/parent-child" xlink:from="FinancialLiabilitiesAndEquityInstruments" xlink:to="FinancialLiabilitiesAtFairValueThroughProfitOrLoss" xlink:title="presentation: FinancialLiabilitiesAndEquityInstruments to FinancialLiabilitiesAtFairValueThroughProfitOrLoss" order="2.0"/>
    <link:loc xlink:type="locator" xlink:href="tifrs-notes-2015-03-31.xsd#tifrs-notes_OtherFinancialLiabilities" xlink:label="OtherFinancialLiabilities" xlink:title="OtherFinancialLiabilities"/>
    <link:presentationArc xlink:type="arc" xlink:arcrole="http://www.xbrl.org/2003/arcrole/parent-child" xlink:from="FinancialLiabilitiesAndEquityInstruments" xlink:to="OtherFinancialLiabilities" xlink:title="presentation: FinancialLiabilitiesAndEquityInstruments to OtherFinancialLiabilities" order="3.0"/>
    <link:loc xlink:type="locator" xlink:href="tifrs-notes-2015-03-31.xsd#tifrs-notes_DerecognitionOfFinancialLiabilities" xlink:label="DerecognitionOfFinancialLiabilities" xlink:title="DerecognitionOfFinancialLiabilities"/>
    <link:presentationArc xlink:type="arc" xlink:arcrole="http://www.xbrl.org/2003/arcrole/parent-child" xlink:from="FinancialLiabilitiesAndEquityInstruments" xlink:to="DerecognitionOfFinancialLiabilities" xlink:title="presentation: FinancialLiabilitiesAndEquityInstruments to DerecognitionOfFinancialLiabilities" order="4.0"/>
    <link:loc xlink:type="locator" xlink:href="tifrs-notes-2015-03-31.xsd#tifrs-notes_OffsettingFinancialAssetsAndFinancialLiabilities" xlink:label="OffsettingFinancialAssetsAndFinancialLiabilities" xlink:title="OffsettingFinancialAssetsAndFinancialLiabilities"/>
    <link:presentationArc xlink:type="arc" xlink:arcrole="http://www.xbrl.org/2003/arcrole/parent-child" xlink:from="FinancialLiabilitiesAndEquityInstruments" xlink:to="OffsettingFinancialAssetsAndFinancialLiabilities" xlink:title="presentation: FinancialLiabilitiesAndEquityInstruments to OffsettingFinancialAssetsAndFinancialLiabilities" order="5.0"/>
    <link:loc xlink:type="locator" xlink:href="tifrs-notes-2015-03-31.xsd#tifrs-notes_FinancialGuaranteeContracts" xlink:label="FinancialGuaranteeContracts" xlink:title="FinancialGuaranteeContracts"/>
    <link:presentationArc xlink:type="arc" xlink:arcrole="http://www.xbrl.org/2003/arcrole/parent-child" xlink:from="FinancialInstruments" xlink:to="FinancialGuaranteeContracts" xlink:title="presentation: FinancialInstruments to FinancialGuaranteeContracts" order="3.0"/>
    <link:loc xlink:type="locator" xlink:href="tifrs-notes-2015-03-31.xsd#tifrs-notes_DerivativeInstrumentsAndHedgeAccounting" xlink:label="DerivativeInstrumentsAndHedgeAccounting" xlink:title="DerivativeInstrumentsAndHedgeAccounting"/>
    <link:presentationArc xlink:type="arc" xlink:arcrole="http://www.xbrl.org/2003/arcrole/parent-child" xlink:from="FinancialInstruments" xlink:to="DerivativeInstrumentsAndHedgeAccounting" xlink:title="presentation: FinancialInstruments to DerivativeInstrumentsAndHedgeAccounting" order="4.0"/>
    <link:loc xlink:type="locator" xlink:href="tifrs-notes-2015-03-31.xsd#tifrs-notes_RealEstateInvestmentTrustsAndAssetSecuritizations" xlink:label="RealEstateInvestmentTrustsAndAssetSecuritizations" xlink:title="RealEstateInvestmentTrustsAndAssetSecuritizations"/>
    <link:presentationArc xlink:type="arc" xlink:arcrole="http://www.xbrl.org/2003/arcrole/parent-child" xlink:from="SummaryOfSignificantAccountingPoliciesAbstract" xlink:to="RealEstateInvestmentTrustsAndAssetSecuritizations" xlink:title="presentation: SummaryOfSignificantAccountingPoliciesAbstract to RealEstateInvestmentTrustsAndAssetSecuritizations" order="8.0"/>
    <link:loc xlink:type="locator" xlink:href="tifrs-notes-2015-03-31.xsd#tifrs-notes_SecuritiesLending" xlink:label="SecuritiesLending" xlink:title="SecuritiesLending"/>
    <link:presentationArc xlink:type="arc" xlink:arcrole="http://www.xbrl.org/2003/arcrole/parent-child" xlink:from="SummaryOfSignificantAccountingPoliciesAbstract" xlink:to="SecuritiesLending" xlink:title="presentation: SummaryOfSignificantAccountingPoliciesAbstract to SecuritiesLending" order="9.0"/>
    <link:loc xlink:type="locator" xlink:href="tifrs-notes-2015-03-31.xsd#tifrs-notes_NoncurrentAssetHeldForSaleAndDiscontinuedOperations" xlink:label="NoncurrentAssetHeldForSaleAndDiscontinuedOperations" xlink:title="NoncurrentAssetHeldForSaleAndDiscontinuedOperations"/>
    <link:presentationArc xlink:type="arc" xlink:arcrole="http://www.xbrl.org/2003/arcrole/parent-child" xlink:from="SummaryOfSignificantAccountingPoliciesAbstract" xlink:to="NoncurrentAssetHeldForSaleAndDiscontinuedOperations" xlink:title="presentation: SummaryOfSignificantAccountingPoliciesAbstract to NoncurrentAssetHeldForSaleAndDiscontinuedOperations" order="10.0"/>
    <link:loc xlink:type="locator" xlink:href="tifrs-notes-2015-03-31.xsd#tifrs-notes_InvestmentsInAssociates" xlink:label="InvestmentsInAssociates" xlink:title="InvestmentsInAssociates"/>
    <link:presentationArc xlink:type="arc" xlink:arcrole="http://www.xbrl.org/2003/arcrole/parent-child" xlink:from="SummaryOfSignificantAccountingPoliciesAbstract" xlink:to="InvestmentsInAssociates" xlink:title="presentation: SummaryOfSignificantAccountingPoliciesAbstract to InvestmentsInAssociates" order="11.0"/>
    <link:loc xlink:type="locator" xlink:href="tifrs-notes-2015-03-31.xsd#tifrs-notes_InterestsInJointVentures" xlink:label="InterestsInJointVentures" xlink:title="InterestsInJointVentures"/>
    <link:presentationArc xlink:type="arc" xlink:arcrole="http://www.xbrl.org/2003/arcrole/parent-child" xlink:from="SummaryOfSignificantAccountingPoliciesAbstract" xlink:to="InterestsInJointVentures" xlink:title="presentation: SummaryOfSignificantAccountingPoliciesAbstract to InterestsInJointVentures" order="12.0"/>
    <link:loc xlink:type="locator" xlink:href="tifrs-notes-2015-03-31.xsd#tifrs-notes_InvestmentProperty" xlink:label="InvestmentProperty" xlink:title="InvestmentProperty"/>
    <link:presentationArc xlink:type="arc" xlink:arcrole="http://www.xbrl.org/2003/arcrole/parent-child" xlink:from="SummaryOfSignificantAccountingPoliciesAbstract" xlink:to="InvestmentProperty" xlink:title="presentation: SummaryOfSignificantAccountingPoliciesAbstract to InvestmentProperty" order="13.0"/>
    <link:loc xlink:type="locator" xlink:href="tifrs-notes-2015-03-31.xsd#tifrs-notes_PropertyPlantAndEquipment" xlink:label="PropertyPlantAndEquipment" xlink:title="PropertyPlantAndEquipment"/>
    <link:presentationArc xlink:type="arc" xlink:arcrole="http://www.xbrl.org/2003/arcrole/parent-child" xlink:from="SummaryOfSignificantAccountingPoliciesAbstract" xlink:to="PropertyPlantAndEquipment" xlink:title="presentation: SummaryOfSignificantAccountingPoliciesAbstract to PropertyPlantAndEquipment" order="15.0"/>
    <link:loc xlink:type="locator" xlink:href="tifrs-notes-2015-03-31.xsd#tifrs-notes_Leasing" xlink:label="Leasing" xlink:title="Leasing"/>
    <link:presentationArc xlink:type="arc" xlink:arcrole="http://www.xbrl.org/2003/arcrole/parent-child" xlink:from="SummaryOfSignificantAccountingPoliciesAbstract" xlink:to="Leasing" xlink:title="presentation: SummaryOfSignificantAccountingPoliciesAbstract to Leasing" order="16.0"/>
    <link:loc xlink:type="locator" xlink:href="tifrs-notes-2015-03-31.xsd#tifrs-notes_IntangibleAssets" xlink:label="IntangibleAssets" xlink:title="IntangibleAssets"/>
    <link:presentationArc xlink:type="arc" xlink:arcrole="http://www.xbrl.org/2003/arcrole/parent-child" xlink:from="SummaryOfSignificantAccountingPoliciesAbstract" xlink:to="IntangibleAssets" xlink:title="presentation: SummaryOfSignificantAccountingPoliciesAbstract to IntangibleAssets" order="17.0"/>
    <link:loc xlink:type="locator" xlink:href="tifrs-notes-2015-03-31.xsd#tifrs-notes_ImpairmentOfNonFinancialAssets" xlink:label="ImpairmentOfNonFinancialAsset" xlink:title="ImpairmentOfNonFinancialAsset"/>
    <link:presentationArc xlink:type="arc" xlink:arcrole="http://www.xbrl.org/2003/arcrole/parent-child" xlink:from="SummaryOfSignificantAccountingPoliciesAbstract" xlink:to="ImpairmentOfNonFinancialAsset" xlink:title="presentation: SummaryOfSignificantAccountingPoliciesAbstract to ImpairmentOfNonFinancialAsset" order="18.0"/>
    <link:loc xlink:type="locator" xlink:href="tifrs-notes-2015-03-31.xsd#tifrs-notes_Provisions" xlink:label="Provisions" xlink:title="Provisions"/>
    <link:presentationArc xlink:type="arc" xlink:arcrole="http://www.xbrl.org/2003/arcrole/parent-child" xlink:from="SummaryOfSignificantAccountingPoliciesAbstract" xlink:to="Provisions" xlink:title="presentation: SummaryOfSignificantAccountingPoliciesAbstract to Provisions" order="19.0"/>
    <link:loc xlink:type="locator" xlink:href="tifrs-notes-2015-03-31.xsd#tifrs-notes_TreasuryStock" xlink:label="TreasuryStock" xlink:title="TreasuryStock"/>
    <link:presentationArc xlink:type="arc" xlink:arcrole="http://www.xbrl.org/2003/arcrole/parent-child" xlink:from="SummaryOfSignificantAccountingPoliciesAbstract" xlink:to="TreasuryStock" xlink:title="presentation: SummaryOfSignificantAccountingPoliciesAbstract to TreasuryStock" order="20.0"/>
    <link:loc xlink:type="locator" xlink:href="tifrs-notes-2015-03-31.xsd#tifrs-notes_RevenueRecognition" xlink:label="RevenueRecognition" xlink:title="RevenueRecognition"/>
    <link:presentationArc xlink:type="arc" xlink:arcrole="http://www.xbrl.org/2003/arcrole/parent-child" xlink:from="SummaryOfSignificantAccountingPoliciesAbstract" xlink:to="RevenueRecognition" xlink:title="presentation: SummaryOfSignificantAccountingPoliciesAbstract to RevenueRecognition" order="21.0"/>
    <link:loc xlink:type="locator" xlink:href="tifrs-notes-2015-03-31.xsd#tifrs-notes_BorrowingCost" xlink:label="BorrowingCost" xlink:title="BorrowingCost"/>
    <link:presentationArc xlink:type="arc" xlink:arcrole="http://www.xbrl.org/2003/arcrole/parent-child" xlink:from="SummaryOfSignificantAccountingPoliciesAbstract" xlink:to="BorrowingCost" xlink:title="presentation: SummaryOfSignificantAccountingPoliciesAbstract to BorrowingCost" order="22.0"/>
    <link:loc xlink:type="locator" xlink:href="tifrs-notes-2015-03-31.xsd#tifrs-notes_EmployeeBenefits" xlink:label="EmployeeBenefits" xlink:title="EmployeeBenefits"/>
    <link:presentationArc xlink:type="arc" xlink:arcrole="http://www.xbrl.org/2003/arcrole/parent-child" xlink:from="SummaryOfSignificantAccountingPoliciesAbstract" xlink:to="EmployeeBenefits" xlink:title="presentation: SummaryOfSignificantAccountingPoliciesAbstract to EmployeeBenefits" order="23.0"/>
    <link:loc xlink:type="locator" xlink:href="tifrs-notes-2015-03-31.xsd#tifrs-notes_ShareBasedPayment" xlink:label="ShareBasedPayment" xlink:title="ShareBasedPayment"/>
    <link:presentationArc xlink:type="arc" xlink:arcrole="http://www.xbrl.org/2003/arcrole/parent-child" xlink:from="SummaryOfSignificantAccountingPoliciesAbstract" xlink:to="ShareBasedPayment" xlink:title="presentation: SummaryOfSignificantAccountingPoliciesAbstract to ShareBasedPayment" order="24.0"/>
    <link:loc xlink:type="locator" xlink:href="tifrs-notes-2015-03-31.xsd#tifrs-notes_IncomeTax" xlink:label="IncomeTax" xlink:title="IncomeTax"/>
    <link:presentationArc xlink:type="arc" xlink:arcrole="http://www.xbrl.org/2003/arcrole/parent-child" xlink:from="SummaryOfSignificantAccountingPoliciesAbstract" xlink:to="IncomeTax" xlink:title="presentation: SummaryOfSignificantAccountingPoliciesAbstract to IncomeTax" order="25.0"/>
    <link:loc xlink:type="locator" xlink:href="tifrs-notes-2015-03-31.xsd#tifrs-notes_BusinessCombination" xlink:label="BusinessCombination" xlink:title="BusinessCombination"/>
    <link:presentationArc xlink:type="arc" xlink:arcrole="http://www.xbrl.org/2003/arcrole/parent-child" xlink:from="SummaryOfSignificantAccountingPoliciesAbstract" xlink:to="BusinessCombination" xlink:title="presentation: SummaryOfSignificantAccountingPoliciesAbstract to BusinessCombination" order="26.0"/>
    <link:loc xlink:type="locator" xlink:href="tifrs-notes-2015-03-31.xsd#tifrs-notes_Others" xlink:label="Others" xlink:title="Others"/>
    <link:presentationArc xlink:type="arc" xlink:arcrole="http://www.xbrl.org/2003/arcrole/parent-child" xlink:from="SummaryOfSignificantAccountingPoliciesAbstract" xlink:to="Others" xlink:title="presentation: SummaryOfSignificantAccountingPoliciesAbstract to Others" order="27.0"/>
    <link:loc xlink:type="locator" xlink:href="tifrs-notes-2015-03-31.xsd#tifrs-notes_Item" xlink:label="Item" xlink:title="Item"/>
    <link:presentationArc xlink:type="arc" xlink:arcrole="http://www.xbrl.org/2003/arcrole/parent-child" xlink:from="Others" xlink:to="Item" xlink:title="presentation: Others to Item" order="1.0"/>
    <link:presentationArc xlink:type="arc" xlink:arcrole="http://www.xbrl.org/2003/arcrole/parent-child" xlink:from="Others" xlink:to="Description" xlink:title="presentation: Others to Description" order="2.0"/>
    <link:loc xlink:type="locator" xlink:href="tifrs-notes-2015-03-31.xsd#tifrs-notes_VoluntaryChangesInAccountingPoliciesAndChangesInAccountingEstimates" xlink:label="VoluntaryChangesInAccountingPoliciesAndChangesInAccountingEstimates" xlink:title="VoluntaryChangesInAccountingPoliciesAndChangesInAccountingEstimates"/>
    <link:presentationArc xlink:type="arc" xlink:arcrole="http://www.xbrl.org/2003/arcrole/parent-child" xlink:from="SummaryOfSignificantAccountingPoliciesAbstract" xlink:to="VoluntaryChangesInAccountingPoliciesAndChangesInAccountingEstimates" xlink:title="presentation: SummaryOfSignificantAccountingPoliciesAbstract to VoluntaryChangesInAccountingPoliciesAndChangesInAccountingEstimates" order="5.1"/>
  </link:presentationLink>
  <link:presentationLink xlink:type="extended" xlink:role="http://www.xbrl.org/tifrs/notes/role/SourcesOfUncertaintyFromSignificantAccountingJudgmentsAssumptionsAndEstimations">
    <link:loc xlink:type="locator" xlink:href="tifrs-notes-2015-03-31.xsd#tifrs-notes_SourcesOfUncertaintyFromSignificantAccountingJudgmentsAssumptionsAndEstimationsAbstract" xlink:label="SourcesOfUncertaintyFromSignificantAccountingJudgmentsAssumptionsAndEstimationsAbstract" xlink:title="SourcesOfUncertaintyFromSignificantAccountingJudgmentsAssumptionsAndEstimationsAbstract"/>
    <link:loc xlink:type="locator" xlink:href="tifrs-notes-2015-03-31.xsd#tifrs-notes_SourcesOfUncertaintyFromSignificantAccountingJudgmentsAssumptionsAndEstimations" xlink:label="SourcesOfUncertaintyFromSignificantAccountingJudgmentsAssumptionsAndEstimations" xlink:title="SourcesOfUncertaintyFromSignificantAccountingJudgmentsAssumptionsAndEstimations"/>
    <link:presentationArc xlink:type="arc" xlink:arcrole="http://www.xbrl.org/2003/arcrole/parent-child" xlink:from="SourcesOfUncertaintyFromSignificantAccountingJudgmentsAssumptionsAndEstimationsAbstract" xlink:to="SourcesOfUncertaintyFromSignificantAccountingJudgmentsAssumptionsAndEstimations" xlink:title="presentation: SourcesOfUncertaintyFromSignificantAccountingJudgmentsAssumptionsAndEstimationsAbstract to SourcesOfUncertaintyFromSignificantAccountingJudgmentsAssumptionsAndEstimations" order="1.0"/>
  </link:presentationLink>
  <link:presentationLink xlink:type="extended" xlink:role="http://www.xbrl.org/tifrs/notes/role/FinancialStatementsNotes">
    <link:loc xlink:type="locator" xlink:href="tifrs-notes-2015-03-31.xsd#tifrs-notes_FinancialStatementNotesAbstarct" xlink:label="FinancialStatementNotesAbstarct" xlink:title="FinancialStatementNotesAbstarct"/>
    <link:loc xlink:type="locator" xlink:href="tifrs-notes-2015-03-31.xsd#tifrs-notes_FinancialStatementNotes" xlink:label="FinancialStatementNotes" xlink:title="FinancialStatementNotes"/>
    <link:presentationArc xlink:type="arc" xlink:arcrole="http://www.xbrl.org/2003/arcrole/parent-child" xlink:from="FinancialStatementNotesAbstarct" xlink:to="FinancialStatementNotes" xlink:title="presentation: FinancialStatementNotesAbstarct to FinancialStatementNotes" order="1.0"/>
  </link:presentationLink>
  <link:presentationLink xlink:type="extended" xlink:role="http://www.xbrl.org/tifrs/role/DisclosureOfGeneralInformationAboutFinancialStatements">
    <link:loc xlink:type="locator" xlink:href="tifrs-notes-2015-03-31.xsd#tifrs-notes_DisclosureOfGeneralInformationAboutFinancialStatementsAbstract" xlink:label="DisclosureOfGeneralInformationAboutFinancialStatementsAbstract" xlink:title="DisclosureOfGeneralInformationAboutFinancialStatementsAbstract"/>
    <link:loc xlink:type="locator" xlink:href="tifrs-notes-2015-03-31.xsd#tifrs-notes_Year" xlink:label="Year" xlink:title="Year"/>
    <link:presentationArc xlink:type="arc" xlink:arcrole="http://www.xbrl.org/2003/arcrole/parent-child" xlink:from="DisclosureOfGeneralInformationAboutFinancialStatementsAbstract" xlink:to="Year" xlink:title="presentation: DisclosureOfGeneralInformationAboutFinancialStatementsAbstract to Year" order="1.0"/>
    <link:loc xlink:type="locator" xlink:href="tifrs-notes-2015-03-31.xsd#tifrs-notes_Quarter" xlink:label="Quarter" xlink:title="Quarter"/>
    <link:presentationArc xlink:type="arc" xlink:arcrole="http://www.xbrl.org/2003/arcrole/parent-child" xlink:from="DisclosureOfGeneralInformationAboutFinancialStatementsAbstract" xlink:to="Quarter" xlink:title="presentation: DisclosureOfGeneralInformationAboutFinancialStatementsAbstract to Quarter" order="2.0"/>
    <link:loc xlink:type="locator" xlink:href="tifrs-notes-2015-03-31.xsd#tifrs-notes_ReportType" xlink:label="ReportType" xlink:title="ReportType"/>
    <link:presentationArc xlink:type="arc" xlink:arcrole="http://www.xbrl.org/2003/arcrole/parent-child" xlink:from="DisclosureOfGeneralInformationAboutFinancialStatementsAbstract" xlink:to="ReportType" xlink:title="presentation: DisclosureOfGeneralInformationAboutFinancialStatementsAbstract to ReportType" order="3.0"/>
    <link:loc xlink:type="locator" xlink:href="tifrs-notes-2015-03-31.xsd#tifrs-notes_ReportCategory" xlink:label="ReportCategory" xlink:title="ReportCategory"/>
    <link:presentationArc xlink:type="arc" xlink:arcrole="http://www.xbrl.org/2003/arcrole/parent-child" xlink:from="DisclosureOfGeneralInformationAboutFinancialStatementsAbstract" xlink:to="ReportCategory" xlink:title="presentation: DisclosureOfGeneralInformationAboutFinancialStatementsAbstract to ReportCategory" order="4.0"/>
    <link:loc xlink:type="locator" xlink:href="tifrs-notes-2015-03-31.xsd#tifrs-notes_Market" xlink:label="Market" xlink:title="Market"/>
    <link:presentationArc xlink:type="arc" xlink:arcrole="http://www.xbrl.org/2003/arcrole/parent-child" xlink:from="DisclosureOfGeneralInformationAboutFinancialStatementsAbstract" xlink:to="Market" xlink:title="presentation: DisclosureOfGeneralInformationAboutFinancialStatementsAbstract to Market" order="5.0"/>
    <link:loc xlink:type="locator" xlink:href="tifrs-notes-2015-03-31.xsd#tifrs-notes_IndustrySector" xlink:label="IndustrySector" xlink:title="IndustrySector"/>
    <link:presentationArc xlink:type="arc" xlink:arcrole="http://www.xbrl.org/2003/arcrole/parent-child" xlink:from="DisclosureOfGeneralInformationAboutFinancialStatementsAbstract" xlink:to="IndustrySector" xlink:title="presentation: DisclosureOfGeneralInformationAboutFinancialStatementsAbstract to IndustrySector" order="6.0"/>
  </link:presentationLink>
</link:linkbase>
