<?xml version="1.0" encoding="UTF-8"?><!--
        Taxonomy: 2010-04-30 (Final)
        ********************** 
        Copyright © 2010 International Accounting Standards Committee (IASC) Foundation*
        All rights reserved.  No part of this publication may be translated, reprinted or reproduced 
        or utilised in any form either in whole or in part without prior permission in writing from the IASC Foundation.
        For more information on the IASC Foundation’s copyright, please refer to http://www.iasb.org/XBRL/Legal/
        **********************
        *To become IFRS Foundation
    --><link:linkbase xmlns:gen="http://xbrl.org/2008/generic" xmlns:label="http://xbrl.org/2008/label" xmlns:link="http://www.xbrl.org/2003/linkbase" xmlns:xsi="http://www.w3.org/2001/XMLSchema-instance" xsi:schemaLocation="http://www.xbrl.org/2003/linkbase http://www.xbrl.org/2003/xbrl-linkbase-2003-12-31.xsd http://xbrl.org/2008/label http://www.xbrl.org/2008/generic-label.xsd http://xbrl.org/2008/generic http://www.xbrl.org/2008/generic-link.xsd http://www.w3.org/1999/xlink http://www.xbrl.org/2003/xlink-2003-12-31.xsd"><link:roleRef xmlns:xlink="http://www.w3.org/1999/xlink" roleURI="http://www.xbrl.org/2008/role/link" xlink:href="http://www.xbrl.org/2008/generic-link.xsd#standard-link-role" xlink:type="simple"/><link:roleRef xmlns:xlink="http://www.w3.org/1999/xlink" roleURI="http://www.xbrl.org/2008/role/label" xlink:href="http://www.xbrl.org/2008/generic-label.xsd#standard-label" xlink:type="simple"/><link:arcroleRef xmlns:xlink="http://www.w3.org/1999/xlink" arcroleURI="http://xbrl.org/arcrole/2008/element-label" xlink:href="http://www.xbrl.org/2008/generic-label.xsd#element-label" xlink:type="simple"/><gen:link xmlns:xlink="http://www.w3.org/1999/xlink" xlink:role="http://www.xbrl.org/2008/role/link" xlink:type="extended"><link:loc xlink:href="rol_ifrs_for_smes-dim_2010-04-30.xsd#ifrs_for_smes-dim_role-913000" xlink:label="loc_1" xlink:type="locator"/><gen:arc xlink:arcrole="http://xbrl.org/arcrole/2008/element-label" xlink:from="loc_1" xlink:to="res_1" xlink:type="arc"/><label:label xlink:label="res_1" xlink:role="http://www.xbrl.org/2008/role/label" xlink:type="resource" xml:lang="en">Dimension - Consolidated, combined and separate financial statements</label:label><link:loc xlink:href="rol_ifrs_for_smes-dim_2010-04-30.xsd#ifrs_for_smes-dim_role-901000" xlink:label="loc_2" xlink:type="locator"/><gen:arc xlink:arcrole="http://xbrl.org/arcrole/2008/element-label" xlink:from="loc_2" xlink:to="res_2" xlink:type="arc"/><label:label xlink:label="res_2" xlink:role="http://www.xbrl.org/2008/role/label" xlink:type="resource" xml:lang="en">Dimension - Retrospective application and retrospective restatement</label:label><link:loc xlink:href="rol_ifrs_for_smes-dim_2010-04-30.xsd#ifrs_for_smes-dim_role-901500" xlink:label="loc_3" xlink:type="locator"/><gen:arc xlink:arcrole="http://xbrl.org/arcrole/2008/element-label" xlink:from="loc_3" xlink:to="res_3" xlink:type="arc"/><label:label xlink:label="res_3" xlink:role="http://www.xbrl.org/2008/role/label" xlink:type="resource" xml:lang="en">Dimension - Creation date</label:label></gen:link></link:linkbase>