<?xml version="1.0" encoding="UTF-8"?>
<!-- Generated by Fujitsu XWand B0184C -->
<link:linkbase xmlns:xsi="http://www.w3.org/2001/XMLSchema-instance" xsi:schemaLocation="http://www.xbrl.org/2003/linkbase http://www.xbrl.org/2003/xbrl-linkbase-2003-12-31.xsd" xmlns:link="http://www.xbrl.org/2003/linkbase" xmlns:xbrli="http://www.xbrl.org/2003/instance" xmlns:xlink="http://www.w3.org/1999/xlink">
  <link:roleRef roleURI="http://www.xbrl.org/tifrs/fr/role/BalanceSheet" xlink:type="simple" xlink:href="../../../BSCI/tifrs-bsci-ci-2013-03-31.xsd#RT_1"/>
  <link:roleRef roleURI="http://www.xbrl.org/tifrs/fr/role/StatementOfCashFlows" xlink:type="simple" xlink:href="../../../SCF/tifrs-scf-2013-03-31.xsd#RT_1"/>
  <link:calculationLink xlink:type="extended" xlink:role="http://www.xbrl.org/tifrs/fr/role/BalanceSheet">
    <link:loc xlink:type="locator" xlink:href="../../../ifrs_20100430/ifrs-cor_2010-04-30.xsd#ifrs_Equity" xlink:label="Equity" xlink:title="Equity"/>
    <link:loc xlink:type="locator" xlink:href="../../../ifrs_20100430/ifrs-cor_2010-04-30.xsd#ifrs_EquityAttributableToOwnersOfParent" xlink:label="EquityAttributableToOwnersOfParent" xlink:title="EquityAttributableToOwnersOfParent"/>
    <link:calculationArc xlink:type="arc" xlink:arcrole="http://www.xbrl.org/2003/arcrole/summation-item" xlink:from="Equity" xlink:to="EquityAttributableToOwnersOfParent" xlink:title="calculation: Equity to EquityAttributableToOwnersOfParent" order="1.0" weight="1.0"/>
    <link:loc xlink:type="locator" xlink:href="../../../BSCI/tifrs-bsci-ci-2013-03-31.xsd#tifrs-bsci-ci_CapitalStock" xlink:label="CapitalStock" xlink:title="CapitalStock"/>
    <link:calculationArc xlink:type="arc" xlink:arcrole="http://www.xbrl.org/2003/arcrole/summation-item" xlink:from="EquityAttributableToOwnersOfParent" xlink:to="CapitalStock" xlink:title="calculation: EquityAttributableToOwnersOfParent to CapitalStock" order="1.0" weight="1.0"/>
    <link:loc xlink:type="locator" xlink:href="../../../BSCI/tifrs-bsci-ci-2013-03-31.xsd#tifrs-bsci-ci_CapitalSurplus" xlink:label="CapitalSurplus" xlink:title="CapitalSurplus"/>
    <link:calculationArc xlink:type="arc" xlink:arcrole="http://www.xbrl.org/2003/arcrole/summation-item" xlink:from="EquityAttributableToOwnersOfParent" xlink:to="CapitalSurplus" xlink:title="calculation: EquityAttributableToOwnersOfParent to CapitalSurplus" order="2.0" weight="1.0"/>
    <link:loc xlink:type="locator" xlink:href="../../../ifrs_20100430/ifrs-cor_2010-04-30.xsd#ifrs_RetainedEarnings" xlink:label="RetainedEarnings" xlink:title="RetainedEarnings"/>
    <link:calculationArc xlink:type="arc" xlink:arcrole="http://www.xbrl.org/2003/arcrole/summation-item" xlink:from="EquityAttributableToOwnersOfParent" xlink:to="RetainedEarnings" xlink:title="calculation: EquityAttributableToOwnersOfParent to RetainedEarnings" order="3.0" weight="1.0"/>
    <link:loc xlink:type="locator" xlink:href="../../../ifrs_20100430/ifrs-cor_2010-04-30.xsd#ifrs_OtherEquityInterest" xlink:label="OtherEquityInterest" xlink:title="OtherEquityInterest"/>
    <link:calculationArc xlink:type="arc" xlink:arcrole="http://www.xbrl.org/2003/arcrole/summation-item" xlink:from="EquityAttributableToOwnersOfParent" xlink:to="OtherEquityInterest" xlink:title="calculation: EquityAttributableToOwnersOfParent to OtherEquityInterest" order="4.0" weight="1.0"/>
    <link:loc xlink:type="locator" xlink:href="../../../ifrs_20100430/ifrs-cor_2010-04-30.xsd#ifrs_TreasuryShares" xlink:label="TreasuryShares" xlink:title="TreasuryShares"/>
    <link:calculationArc xlink:type="arc" xlink:arcrole="http://www.xbrl.org/2003/arcrole/summation-item" xlink:from="EquityAttributableToOwnersOfParent" xlink:to="TreasuryShares" xlink:title="calculation: EquityAttributableToOwnersOfParent to TreasuryShares" order="5.0" weight="-1"/>
    <link:loc xlink:type="locator" xlink:href="../../../ifrs_20100430/ifrs-cor_2010-04-30.xsd#ifrs_NoncontrollingInterests" xlink:label="NoncontrollingInterests" xlink:title="NoncontrollingInterests"/>
    <link:calculationArc xlink:type="arc" xlink:arcrole="http://www.xbrl.org/2003/arcrole/summation-item" xlink:from="Equity" xlink:to="NoncontrollingInterests" xlink:title="calculation: Equity to NoncontrollingInterests" order="2.0" weight="1.0"/>
    <link:loc xlink:type="locator" xlink:href="../../../BSCI/tifrs-bsci-ci-2013-03-31.xsd#tifrs-bsci-ci_EquityAttributableToFomerOwnerOfBusinessCombinationUnderCommonControl" xlink:label="EquityAttributableToFomerOwnerOfBusinessCombinationUnderCommonControl" xlink:title="EquityAttributableToFomerOwnerOfBusinessCombinationUnderCommonControl"/>
    <link:calculationArc xlink:type="arc" xlink:arcrole="http://www.xbrl.org/2003/arcrole/summation-item" xlink:from="Equity" xlink:to="EquityAttributableToFomerOwnerOfBusinessCombinationUnderCommonControl" xlink:title="calculation: Equity to EquityAttributableToFomerOwnerOfBusinessCombinationUnderCommonControl" order="1.1" weight="1.0"/>
  </link:calculationLink>
  <link:calculationLink xlink:type="extended" xlink:role="http://www.xbrl.org/tifrs/fr/role/StatementOfCashFlows">
    <link:loc xlink:type="locator" xlink:href="../../../SCF/tifrs-scf-2013-03-31.xsd#tifrs-SCF_CashFlowsFromUsedInFinancingActivities" xlink:label="CashFlowsFromUsedInFinancingActivities" xlink:title="CashFlowsFromUsedInFinancingActivities"/>
    <link:loc xlink:type="locator" xlink:href="../../../SCF/tifrs-scf-2013-03-31.xsd#tifrs-SCF_ChangeInNoncontrollingInterests" xlink:label="ChangeInNoncontrollingInterests" xlink:title="ChangeInNoncontrollingInterests"/>
    <link:calculationArc xlink:type="arc" xlink:arcrole="http://www.xbrl.org/2003/arcrole/summation-item" xlink:from="CashFlowsFromUsedInFinancingActivities" xlink:to="ChangeInNoncontrollingInterests" xlink:title="calculation: CashFlowsFromUsedInFinancingActivities to ChangeInNoncontrollingInterests" order="28.1" weight="1.0"/>
  </link:calculationLink>
</link:linkbase>
