<?xml version="1.0" encoding="UTF-8" standalone="no"?>
<!-- Generated by Fujitsu XWand B0072_01T -->
<!--
        Taxonomy: 2010-04-30 (Final)
        ********************** 
        Copyright © 2010 International Accounting Standards Committee (IASC) Foundation*
        All rights reserved.  No part of this publication may be translated, reprinted or reproduced 
        or utilised in any form either in whole or in part without prior permission in writing from the IASC Foundation.
        For more information on the IASC Foundation’s copyright, please refer to http://www.iasb.org/XBRL/Legal/
        **********************
        *To become IFRS Foundation
    -->
<link:linkbase xmlns:link="http://www.xbrl.org/2003/linkbase" xmlns:ref="http://www.xbrl.org/2006/ref" xmlns:xbrli="http://www.xbrl.org/2003/instance" xmlns:xlink="http://www.w3.org/1999/xlink" xmlns:xsi="http://www.w3.org/2001/XMLSchema-instance" xsi:schemaLocation="http://www.xbrl.org/2006/ref http://www.xbrl.org/2006/ref-2006-02-27.xsd http://www.xbrl.org/2003/linkbase http://www.xbrl.org/2003/xbrl-linkbase-2003-12-31.xsd">
  <link:roleRef roleURI="http://www.xbrl.org/2009/role/commonPracticeRef" xlink:href="http://www.xbrl.org/lrr/role/reference-2009-12-16.xsd#commonPracticeRef" xlink:type="simple"/>
  <link:referenceLink xlink:role="http://www.xbrl.org/2003/role/link" xlink:type="extended">
    <link:loc xlink:href="../../ifrs-cor_2010-04-30.xsd#ifrs_DisclosureOfEventsAfterReportingPeriodExplanatory" xlink:label="loc" xlink:type="locator"/>
    <link:reference xlink:label="res" xlink:role="http://www.xbrl.org/2003/role/disclosureRef" xlink:type="resource">
      <ref:Name>IAS</ref:Name>
      <ref:Number>10</ref:Number>
      <ref:IssueDate>2010-01-01</ref:IssueDate>
      <ref:Section>Disclosure</ref:Section>
      <ref:URI>http://eifrs.iasb.org/eifrs/XBRL?type=IAS&amp;num=10&amp;date=2010-04-30&amp;anchor=sect_Disclosure&amp;doctype=Standard</ref:URI>
      <ref:URIDate>2010-04-30</ref:URIDate>
    </link:reference>
    <link:referenceArc xlink:arcrole="http://www.xbrl.org/2003/arcrole/concept-reference" xlink:from="loc" xlink:to="res" xlink:type="arc"/>
    <link:loc xlink:href="../../ifrs-cor_2010-04-30.xsd#ifrs_DisclosureOfNonadjustingEventsAfterReportingPeriodExplanatory" xlink:label="loc_2" xlink:type="locator"/>
    <link:reference xlink:label="res_2" xlink:role="http://www.xbrl.org/2003/role/disclosureRef" xlink:type="resource">
      <ref:Name>IAS</ref:Name>
      <ref:Number>10</ref:Number>
      <ref:IssueDate>2010-01-01</ref:IssueDate>
      <ref:Paragraph>21</ref:Paragraph>
      <ref:URI>http://eifrs.iasb.org/eifrs/XBRL?type=IAS&amp;num=10&amp;date=2010-04-30&amp;anchor=para_21&amp;doctype=Standard</ref:URI>
      <ref:URIDate>2010-04-30</ref:URIDate>
    </link:reference>
    <link:referenceArc xlink:arcrole="http://www.xbrl.org/2003/arcrole/concept-reference" xlink:from="loc_2" xlink:to="res_2" xlink:type="arc"/>
    <link:loc xlink:href="../../ifrs-cor_2010-04-30.xsd#ifrs_ExplanationOfBodyOfAuthorisation" xlink:label="loc_3" xlink:type="locator"/>
    <link:reference xlink:label="res_3" xlink:role="http://www.xbrl.org/2003/role/disclosureRef" xlink:type="resource">
      <ref:Name>IAS</ref:Name>
      <ref:Number>10</ref:Number>
      <ref:IssueDate>2010-01-01</ref:IssueDate>
      <ref:Paragraph>17</ref:Paragraph>
      <ref:URI>http://eifrs.iasb.org/eifrs/XBRL?type=IAS&amp;num=10&amp;date=2010-04-30&amp;anchor=para_17&amp;doctype=Standard</ref:URI>
      <ref:URIDate>2010-04-30</ref:URIDate>
    </link:reference>
    <link:referenceArc xlink:arcrole="http://www.xbrl.org/2003/arcrole/concept-reference" xlink:from="loc_3" xlink:to="res_3" xlink:type="arc"/>
    <link:loc xlink:href="../../ifrs-cor_2010-04-30.xsd#ifrs_DateOfAuthorisationForIssueOfFinancialStatements" xlink:label="loc_5" xlink:type="locator"/>
    <link:referenceArc xlink:arcrole="http://www.xbrl.org/2003/arcrole/concept-reference" xlink:from="loc_5" xlink:to="res_3" xlink:type="arc"/>
    <link:loc xlink:href="../../ifrs-cor_2010-04-30.xsd#ifrs_ExplanationOfFactThatEntitysOwnersOrOthersHavePowerToAmendFinancialStatementsAfterIssue" xlink:label="loc_6" xlink:type="locator"/>
    <link:referenceArc xlink:arcrole="http://www.xbrl.org/2003/arcrole/concept-reference" xlink:from="loc_6" xlink:to="res_3" xlink:type="arc"/>
    <link:loc xlink:href="../../ifrs-cor_2010-04-30.xsd#ifrs_DescriptionOfNatureOfNonadjustingEventAfterReportingPeriod" xlink:label="loc_7" xlink:type="locator"/>
    <link:reference xlink:label="res_4" xlink:role="http://www.xbrl.org/2003/role/disclosureRef" xlink:type="resource">
      <ref:Name>IAS</ref:Name>
      <ref:Number>10</ref:Number>
      <ref:IssueDate>2010-01-01</ref:IssueDate>
      <ref:Paragraph>21</ref:Paragraph>
      <ref:Subparagraph>a</ref:Subparagraph>
      <ref:URI>http://eifrs.iasb.org/eifrs/XBRL?type=IAS&amp;num=10&amp;date=2010-04-30&amp;anchor=para_21_a&amp;doctype=Standard</ref:URI>
      <ref:URIDate>2010-04-30</ref:URIDate>
    </link:reference>
    <link:referenceArc xlink:arcrole="http://www.xbrl.org/2003/arcrole/concept-reference" xlink:from="loc_7" xlink:to="res_4" xlink:type="arc"/>
    <link:loc xlink:href="../../ifrs-cor_2010-04-30.xsd#ifrs_ExplanationOfFinancialEffectOfNonadjustingEventAfterReportingPeriod" xlink:label="loc_8" xlink:type="locator"/>
    <link:reference xlink:label="res_5" xlink:role="http://www.xbrl.org/2003/role/disclosureRef" xlink:type="resource">
      <ref:Name>IAS</ref:Name>
      <ref:Number>10</ref:Number>
      <ref:IssueDate>2010-01-01</ref:IssueDate>
      <ref:Paragraph>21</ref:Paragraph>
      <ref:Subparagraph>b</ref:Subparagraph>
      <ref:URI>http://eifrs.iasb.org/eifrs/XBRL?type=IAS&amp;num=10&amp;date=2010-04-30&amp;anchor=para_21_b&amp;doctype=Standard</ref:URI>
      <ref:URIDate>2010-04-30</ref:URIDate>
    </link:reference>
    <link:referenceArc xlink:arcrole="http://www.xbrl.org/2003/arcrole/concept-reference" xlink:from="loc_8" xlink:to="res_5" xlink:type="arc"/>
    <link:loc xlink:href="../../ifrs-cor_2010-04-30.xsd#ifrs_DisclosureOfNonadjustingEventsAfterReportingPeriodTable" xlink:label="loc_9" xlink:type="locator"/>
    <link:referenceArc xlink:arcrole="http://www.xbrl.org/2003/arcrole/concept-reference" xlink:from="loc_9" xlink:to="res_2" xlink:type="arc"/>
    <link:loc xlink:href="../../ifrs-cor_2010-04-30.xsd#ifrs_NonadjustingEventsAfterReportingPeriodAxis" xlink:label="loc_10" xlink:type="locator"/>
    <link:referenceArc xlink:arcrole="http://www.xbrl.org/2003/arcrole/concept-reference" xlink:from="loc_10" xlink:to="res_2" xlink:type="arc"/>
    <link:loc xlink:href="../../ifrs-cor_2010-04-30.xsd#ifrs_NonadjustingEventsMember" xlink:label="loc_12" xlink:type="locator"/>
    <link:referenceArc xlink:arcrole="http://www.xbrl.org/2003/arcrole/concept-reference" xlink:from="loc_12" xlink:to="res_2" xlink:type="arc"/>
    <link:loc xlink:href="../../ifrs-cor_2010-04-30.xsd#ifrs_MajorBusinessCombinationMember" xlink:label="loc_13" xlink:type="locator"/>
    <link:reference xlink:label="res_6" xlink:role="http://www.xbrl.org/2009/role/commonPracticeRef" xlink:type="resource">
      <ref:Name>IAS</ref:Name>
      <ref:Number>10</ref:Number>
      <ref:IssueDate>2010-01-01</ref:IssueDate>
      <ref:Paragraph>22</ref:Paragraph>
      <ref:Subparagraph>a</ref:Subparagraph>
      <ref:URI>http://eifrs.iasb.org/eifrs/XBRL?type=IAS&amp;num=10&amp;date=2010-04-30&amp;anchor=para_22_a&amp;doctype=Standard</ref:URI>
      <ref:URIDate>2010-04-30</ref:URIDate>
    </link:reference>
    <link:referenceArc xlink:arcrole="http://www.xbrl.org/2003/arcrole/concept-reference" xlink:from="loc_13" xlink:to="res_6" xlink:type="arc"/>
    <link:loc xlink:href="../../ifrs-cor_2010-04-30.xsd#ifrs_DisposalOfMajorSubsidiaryMember" xlink:label="loc_14" xlink:type="locator"/>
    <link:referenceArc xlink:arcrole="http://www.xbrl.org/2003/arcrole/concept-reference" xlink:from="loc_14" xlink:to="res_6" xlink:type="arc"/>
    <link:loc xlink:href="../../ifrs-cor_2010-04-30.xsd#ifrs_AnnouncementOfPlanToDiscontinueOperationMember" xlink:label="loc_15" xlink:type="locator"/>
    <link:reference xlink:label="res_7" xlink:role="http://www.xbrl.org/2009/role/commonPracticeRef" xlink:type="resource">
      <ref:Name>IAS</ref:Name>
      <ref:Number>10</ref:Number>
      <ref:IssueDate>2010-01-01</ref:IssueDate>
      <ref:Paragraph>22</ref:Paragraph>
      <ref:Subparagraph>b</ref:Subparagraph>
      <ref:URI>http://eifrs.iasb.org/eifrs/XBRL?type=IAS&amp;num=10&amp;date=2010-04-30&amp;anchor=para_22_b&amp;doctype=Standard</ref:URI>
      <ref:URIDate>2010-04-30</ref:URIDate>
    </link:reference>
    <link:referenceArc xlink:arcrole="http://www.xbrl.org/2003/arcrole/concept-reference" xlink:from="loc_15" xlink:to="res_7" xlink:type="arc"/>
    <link:loc xlink:href="../../ifrs-cor_2010-04-30.xsd#ifrs_MajorPurchasesOfAssetsMember" xlink:label="loc_16" xlink:type="locator"/>
    <link:reference xlink:label="res_9" xlink:role="http://www.xbrl.org/2009/role/commonPracticeRef" xlink:type="resource">
      <ref:Name>IAS</ref:Name>
      <ref:Number>10</ref:Number>
      <ref:IssueDate>2010-01-01</ref:IssueDate>
      <ref:Paragraph>22</ref:Paragraph>
      <ref:Subparagraph>c</ref:Subparagraph>
      <ref:URI>http://eifrs.iasb.org/eifrs/XBRL?type=IAS&amp;num=10&amp;date=2010-04-30&amp;anchor=para_22_c&amp;doctype=Standard</ref:URI>
      <ref:URIDate>2010-04-30</ref:URIDate>
    </link:reference>
    <link:referenceArc xlink:arcrole="http://www.xbrl.org/2003/arcrole/concept-reference" xlink:from="loc_16" xlink:to="res_9" xlink:type="arc"/>
    <link:loc xlink:href="../../ifrs-cor_2010-04-30.xsd#ifrs_OtherDisposalsOfAssetsMember" xlink:label="loc_17" xlink:type="locator"/>
    <link:referenceArc xlink:arcrole="http://www.xbrl.org/2003/arcrole/concept-reference" xlink:from="loc_17" xlink:to="res_9" xlink:type="arc"/>
    <link:loc xlink:href="../../ifrs-cor_2010-04-30.xsd#ifrs_ExpropriationOfMajorAssetsByGovernmentMember" xlink:label="loc_20" xlink:type="locator"/>
    <link:referenceArc xlink:arcrole="http://www.xbrl.org/2003/arcrole/concept-reference" xlink:from="loc_20" xlink:to="res_9" xlink:type="arc"/>
    <link:loc xlink:href="../../ifrs-cor_2010-04-30.xsd#ifrs_DestructionOfMajorProductionPlantMember" xlink:label="loc_21" xlink:type="locator"/>
    <link:reference xlink:label="res_11" xlink:role="http://www.xbrl.org/2009/role/commonPracticeRef" xlink:type="resource">
      <ref:Name>IAS</ref:Name>
      <ref:Number>10</ref:Number>
      <ref:IssueDate>2010-01-01</ref:IssueDate>
      <ref:Paragraph>22</ref:Paragraph>
      <ref:Subparagraph>d</ref:Subparagraph>
      <ref:URI>http://eifrs.iasb.org/eifrs/XBRL?type=IAS&amp;num=10&amp;date=2010-04-30&amp;anchor=para_22_d&amp;doctype=Standard</ref:URI>
      <ref:URIDate>2010-04-30</ref:URIDate>
    </link:reference>
    <link:referenceArc xlink:arcrole="http://www.xbrl.org/2003/arcrole/concept-reference" xlink:from="loc_21" xlink:to="res_11" xlink:type="arc"/>
    <link:loc xlink:href="../../ifrs-cor_2010-04-30.xsd#ifrs_AnnouncingOrCommencingImplementationOfMajorRestructuringMember" xlink:label="loc_22" xlink:type="locator"/>
    <link:reference xlink:label="res_12" xlink:role="http://www.xbrl.org/2009/role/commonPracticeRef" xlink:type="resource">
      <ref:Name>IAS</ref:Name>
      <ref:Number>10</ref:Number>
      <ref:IssueDate>2010-01-01</ref:IssueDate>
      <ref:Paragraph>22</ref:Paragraph>
      <ref:Subparagraph>e</ref:Subparagraph>
      <ref:URI>http://eifrs.iasb.org/eifrs/XBRL?type=IAS&amp;num=10&amp;date=2010-04-30&amp;anchor=para_22_e&amp;doctype=Standard</ref:URI>
      <ref:URIDate>2010-04-30</ref:URIDate>
    </link:reference>
    <link:referenceArc xlink:arcrole="http://www.xbrl.org/2003/arcrole/concept-reference" xlink:from="loc_22" xlink:to="res_12" xlink:type="arc"/>
    <link:loc xlink:href="../../ifrs-cor_2010-04-30.xsd#ifrs_AbnormallyLargeChangesInAssetPricesOrForeignExchangeRatesMember" xlink:label="loc_25" xlink:type="locator"/>
    <link:reference xlink:label="res_14" xlink:role="http://www.xbrl.org/2009/role/commonPracticeRef" xlink:type="resource">
      <ref:Name>IAS</ref:Name>
      <ref:Number>10</ref:Number>
      <ref:IssueDate>2010-01-01</ref:IssueDate>
      <ref:Paragraph>22</ref:Paragraph>
      <ref:Subparagraph>g</ref:Subparagraph>
      <ref:URI>http://eifrs.iasb.org/eifrs/XBRL?type=IAS&amp;num=10&amp;date=2010-04-30&amp;anchor=para_22_g&amp;doctype=Standard</ref:URI>
      <ref:URIDate>2010-04-30</ref:URIDate>
    </link:reference>
    <link:referenceArc xlink:arcrole="http://www.xbrl.org/2003/arcrole/concept-reference" xlink:from="loc_25" xlink:to="res_14" xlink:type="arc"/>
    <link:loc xlink:href="../../ifrs-cor_2010-04-30.xsd#ifrs_ChangesInTaxRatesOrTaxLawsEnactedOrAnnouncedMember" xlink:label="loc_26" xlink:type="locator"/>
    <link:reference xlink:label="res_15" xlink:role="http://www.xbrl.org/2009/role/commonPracticeRef" xlink:type="resource">
      <ref:Name>IAS</ref:Name>
      <ref:Number>10</ref:Number>
      <ref:IssueDate>2010-01-01</ref:IssueDate>
      <ref:Paragraph>22</ref:Paragraph>
      <ref:Subparagraph>h</ref:Subparagraph>
      <ref:URI>http://eifrs.iasb.org/eifrs/XBRL?type=IAS&amp;num=10&amp;date=2010-04-30&amp;anchor=para_22_h&amp;doctype=Standard</ref:URI>
      <ref:URIDate>2010-04-30</ref:URIDate>
    </link:reference>
    <link:referenceArc xlink:arcrole="http://www.xbrl.org/2003/arcrole/concept-reference" xlink:from="loc_26" xlink:to="res_15" xlink:type="arc"/>
    <link:loc xlink:href="../../ifrs-cor_2010-04-30.xsd#ifrs_EnteringIntoSignificantCommitmentsOrContingentLiabilitiesMember" xlink:label="loc_27" xlink:type="locator"/>
    <link:reference xlink:label="res_16" xlink:role="http://www.xbrl.org/2009/role/commonPracticeRef" xlink:type="resource">
      <ref:Name>IAS</ref:Name>
      <ref:Number>10</ref:Number>
      <ref:IssueDate>2010-01-01</ref:IssueDate>
      <ref:Paragraph>22</ref:Paragraph>
      <ref:Subparagraph>i</ref:Subparagraph>
      <ref:URI>http://eifrs.iasb.org/eifrs/XBRL?type=IAS&amp;num=10&amp;date=2010-04-30&amp;anchor=para_22_i&amp;doctype=Standard</ref:URI>
      <ref:URIDate>2010-04-30</ref:URIDate>
    </link:reference>
    <link:referenceArc xlink:arcrole="http://www.xbrl.org/2003/arcrole/concept-reference" xlink:from="loc_27" xlink:to="res_16" xlink:type="arc"/>
    <link:loc xlink:href="../../ifrs-cor_2010-04-30.xsd#ifrs_CommencementOfMajorLitigationMember" xlink:label="loc_28" xlink:type="locator"/>
    <link:reference xlink:label="res_17" xlink:role="http://www.xbrl.org/2009/role/commonPracticeRef" xlink:type="resource">
      <ref:Name>IAS</ref:Name>
      <ref:Number>10</ref:Number>
      <ref:IssueDate>2010-01-01</ref:IssueDate>
      <ref:Paragraph>22</ref:Paragraph>
      <ref:Subparagraph>j</ref:Subparagraph>
      <ref:URI>http://eifrs.iasb.org/eifrs/XBRL?type=IAS&amp;num=10&amp;date=2010-04-30&amp;anchor=para_22_j&amp;doctype=Standard</ref:URI>
      <ref:URIDate>2010-04-30</ref:URIDate>
    </link:reference>
    <link:referenceArc xlink:arcrole="http://www.xbrl.org/2003/arcrole/concept-reference" xlink:from="loc_28" xlink:to="res_17" xlink:type="arc"/>
    <link:loc xlink:href="../../ifrs-cor_2010-04-30.xsd#ifrs_DividendsNotRecognisedAsLiability" xlink:label="loc_4" xlink:type="locator"/>
    <link:reference xlink:label="res_8" xlink:role="http://www.xbrl.org/2003/role/disclosureRef" xlink:type="resource">
      <ref:Name>IAS</ref:Name>
      <ref:Number>10</ref:Number>
      <ref:IssueDate>2010-01-01</ref:IssueDate>
      <ref:Paragraph>13</ref:Paragraph>
      <ref:URI>http://eifrs.iasb.org/eifrs/XBRL?type=IAS&amp;num=10&amp;date=2010-04-30&amp;anchor=para_13&amp;doctype=Standard</ref:URI>
      <ref:URIDate>2010-04-30</ref:URIDate>
    </link:reference>
    <link:referenceArc xlink:arcrole="http://www.xbrl.org/2003/arcrole/concept-reference" xlink:from="loc_4" xlink:to="res_8" xlink:type="arc"/>
    <link:loc xlink:href="../../ifrs-cor_2010-04-30.xsd#ifrs_MajorOrdinaryShareTransactionsMember" xlink:label="loc_23" xlink:type="locator"/>
    <link:reference xlink:label="res_13" xlink:role="http://www.xbrl.org/2009/role/commonPracticeRef" xlink:type="resource">
      <ref:Name>IAS</ref:Name>
      <ref:Number>10</ref:Number>
      <ref:IssueDate>2010-01-01</ref:IssueDate>
      <ref:Paragraph>22</ref:Paragraph>
      <ref:Subparagraph>f</ref:Subparagraph>
      <ref:URI>http://eifrs.iasb.org/eifrs/XBRL?type=IAS&amp;num=10&amp;date=2010-04-30&amp;anchor=para_22_f&amp;doctype=Standard</ref:URI>
      <ref:URIDate>2010-04-30</ref:URIDate>
    </link:reference>
    <link:referenceArc xlink:arcrole="http://www.xbrl.org/2003/arcrole/concept-reference" xlink:from="loc_23" xlink:to="res_13" xlink:type="arc"/>
    <link:loc xlink:href="../../ifrs-cor_2010-04-30.xsd#ifrs_ClassificationOfAssetsAsHeldForSaleMember" xlink:label="loc_18" xlink:type="locator"/>
    <link:referenceArc xlink:arcrole="http://www.xbrl.org/2003/arcrole/concept-reference" xlink:from="loc_18" xlink:to="res_9" xlink:type="arc"/>
    <link:loc xlink:href="../../ifrs-cor_2010-04-30.xsd#ifrs_PotentialOrdinaryShareTransactionsMember" xlink:label="loc_24" xlink:type="locator"/>
    <link:referenceArc xlink:arcrole="http://www.xbrl.org/2003/arcrole/concept-reference" xlink:from="loc_24" xlink:to="res_13" xlink:type="arc"/>
  </link:referenceLink>
</link:linkbase>
