<?xml version="1.0" encoding="UTF-8"?>
<!-- Generated by Fujitsu XWand B0184C -->
<link:linkbase xmlns:xsi="http://www.w3.org/2001/XMLSchema-instance" xsi:schemaLocation="http://www.xbrl.org/2003/linkbase http://www.xbrl.org/2003/xbrl-linkbase-2003-12-31.xsd" xmlns:xbrli="http://www.xbrl.org/2003/instance" xmlns:xlink="http://www.w3.org/1999/xlink" xmlns:link="http://www.xbrl.org/2003/linkbase" xmlns:xbrldt="http://xbrl.org/2005/xbrldt">
  <link:roleRef roleURI="http://www.xbrl.org/tifrs/notes/role/AssetQualityForBankingBusiness-NonPerformingLoans" xlink:type="simple" xlink:href="tifrs-notes-basi-2013-03-31.xsd#RT_1"/>
  <link:roleRef roleURI="http://www.xbrl.org/tifrs/notes/role/AssetQualityForBankingBusiness-NonPerformingLoansAndNonPerformingReceivablesExemptedFromReportingToTheCompetentAuthority" xlink:type="simple" xlink:href="tifrs-notes-basi-2013-03-31.xsd#RT_3"/>
  <link:roleRef roleURI="http://www.xbrl.org/tifrs/notes/role/AssetQualityForBankingBusiness-NonPerformingReceivables" xlink:type="simple" xlink:href="tifrs-notes-basi-2013-03-31.xsd#RT_2"/>
  <link:arcroleRef arcroleURI="http://xbrl.org/int/dim/arcrole/all" xlink:type="simple" xlink:href="http://www.xbrl.org/2005/xbrldt-2005.xsd#all"/>
  <link:arcroleRef arcroleURI="http://xbrl.org/int/dim/arcrole/dimension-domain" xlink:type="simple" xlink:href="http://www.xbrl.org/2005/xbrldt-2005.xsd#dimension-domain"/>
  <link:arcroleRef arcroleURI="http://xbrl.org/int/dim/arcrole/domain-member" xlink:type="simple" xlink:href="http://www.xbrl.org/2005/xbrldt-2005.xsd#domain-member"/>
  <link:arcroleRef arcroleURI="http://xbrl.org/int/dim/arcrole/hypercube-dimension" xlink:type="simple" xlink:href="http://www.xbrl.org/2005/xbrldt-2005.xsd#hypercube-dimension"/>
  <link:definitionLink xlink:type="extended" xlink:role="http://www.xbrl.org/tifrs/notes/role/AssetQualityForBankingBusiness-NonPerformingLoans">
    <link:loc xlink:type="locator" xlink:href="../tifrs-notes-2013-03-31.xsd#tifrs-notes_TableLabelItemList-NonPerformingLoansAbstractMember" xlink:label="TableLabelItemList-NonPerformingLoansAbstractMember" xlink:title="TableLabelItemList-NonPerformingLoansAbstractMember"/>
    <link:loc xlink:type="locator" xlink:href="../tifrs-notes-2013-03-31.xsd#tifrs-notes_TableFieldTitleStructure-NonPerformingLoansMember" xlink:label="TableFieldTitleStructure-NonPerformingLoansMember" xlink:title="TableFieldTitleStructure-NonPerformingLoansMember"/>
    <link:definitionArc xlink:type="arc" xlink:arcrole="http://xbrl.org/int/dim/arcrole/all" xlink:from="TableLabelItemList-NonPerformingLoansAbstractMember" xlink:to="TableFieldTitleStructure-NonPerformingLoansMember" xlink:title="definition: TableLabelItemList-NonPerformingLoansAbstractMember to TableFieldTitleStructure-NonPerformingLoansMember" order="1.0" xbrldt:contextElement="scenario"/>
    <link:loc xlink:type="locator" xlink:href="../tifrs-notes-2013-03-31.xsd#tifrs-notes_NonPerformingLoansDimensionMember" xlink:label="NonPerformingLoansDimensionMember" xlink:title="NonPerformingLoansDimensionMember"/>
    <link:definitionArc xlink:type="arc" xlink:arcrole="http://xbrl.org/int/dim/arcrole/hypercube-dimension" xlink:from="TableFieldTitleStructure-NonPerformingLoansMember" xlink:to="NonPerformingLoansDimensionMember" xlink:title="definition: TableFieldTitleStructure-NonPerformingLoansMember to NonPerformingLoansDimensionMember" order="1.0"/>
    <link:loc xlink:type="locator" xlink:href="../tifrs-notes-2013-03-31.xsd#tifrs-notes_Segment-NonPerformingLoansAbstractMember" xlink:label="Segment-NonPerformingLoansAbstractMember" xlink:title="Segment-NonPerformingLoansAbstractMember"/>
    <link:definitionArc xlink:type="arc" xlink:arcrole="http://xbrl.org/int/dim/arcrole/dimension-domain" xlink:from="NonPerformingLoansDimensionMember" xlink:to="Segment-NonPerformingLoansAbstractMember" xlink:title="definition: NonPerformingLoansDimensionMember to Segment-NonPerformingLoansAbstractMember" order="1.0"/>
    <link:loc xlink:type="locator" xlink:href="../tifrs-notes-2013-03-31.xsd#tifrs-notes_CorporateFinanceAbstractMember" xlink:label="CorporateFinanceAbstractMember" xlink:title="CorporateFinanceAbstractMember"/>
    <link:definitionArc xlink:type="arc" xlink:arcrole="http://xbrl.org/int/dim/arcrole/domain-member" xlink:from="Segment-NonPerformingLoansAbstractMember" xlink:to="CorporateFinanceAbstractMember" xlink:title="definition: Segment-NonPerformingLoansAbstractMember to CorporateFinanceAbstractMember" order="1.0"/>
    <link:loc xlink:type="locator" xlink:href="../tifrs-notes-2013-03-31.xsd#tifrs-notes_Secured-CorporateFinanceAbstractMember" xlink:label="Secured-CorporateFinanceAbstractMember" xlink:title="Secured-CorporateFinanceAbstractMember"/>
    <link:definitionArc xlink:type="arc" xlink:arcrole="http://xbrl.org/int/dim/arcrole/domain-member" xlink:from="CorporateFinanceAbstractMember" xlink:to="Secured-CorporateFinanceAbstractMember" xlink:title="definition: CorporateFinanceAbstractMember to Secured-CorporateFinanceAbstractMember" order="1.0"/>
    <link:loc xlink:type="locator" xlink:href="../tifrs-notes-2013-03-31.xsd#tifrs-notes_Unsecured-CorporateFinanceAbstractMember" xlink:label="Unsecured-CorporateFinanceAbstractMember" xlink:title="Unsecured-CorporateFinanceAbstractMember"/>
    <link:definitionArc xlink:type="arc" xlink:arcrole="http://xbrl.org/int/dim/arcrole/domain-member" xlink:from="CorporateFinanceAbstractMember" xlink:to="Unsecured-CorporateFinanceAbstractMember" xlink:title="definition: CorporateFinanceAbstractMember to Unsecured-CorporateFinanceAbstractMember" order="2.0"/>
    <link:loc xlink:type="locator" xlink:href="../tifrs-notes-2013-03-31.xsd#tifrs-notes_ConsumerFinanceAbstractMember" xlink:label="ConsumerFinanceAbstractMember" xlink:title="ConsumerFinanceAbstractMember"/>
    <link:definitionArc xlink:type="arc" xlink:arcrole="http://xbrl.org/int/dim/arcrole/domain-member" xlink:from="Segment-NonPerformingLoansAbstractMember" xlink:to="ConsumerFinanceAbstractMember" xlink:title="definition: Segment-NonPerformingLoansAbstractMember to ConsumerFinanceAbstractMember" order="2.0"/>
    <link:loc xlink:type="locator" xlink:href="../tifrs-notes-2013-03-31.xsd#tifrs-notes_ResidentialMortgage-ConsumerFinanceAbstractMember" xlink:label="ResidentialMortgage-ConsumerFinanceAbstractMember" xlink:title="ResidentialMortgage-ConsumerFinanceAbstractMember"/>
    <link:definitionArc xlink:type="arc" xlink:arcrole="http://xbrl.org/int/dim/arcrole/domain-member" xlink:from="ConsumerFinanceAbstractMember" xlink:to="ResidentialMortgage-ConsumerFinanceAbstractMember" xlink:title="definition: ConsumerFinanceAbstractMember to ResidentialMortgage-ConsumerFinanceAbstractMember" order="1.0"/>
    <link:loc xlink:type="locator" xlink:href="../tifrs-notes-2013-03-31.xsd#tifrs-notes_CashCard-ConsumerFinanceAbstractMember" xlink:label="CashCard-ConsumerFinanceAbstractMember" xlink:title="CashCard-ConsumerFinanceAbstractMember"/>
    <link:definitionArc xlink:type="arc" xlink:arcrole="http://xbrl.org/int/dim/arcrole/domain-member" xlink:from="ConsumerFinanceAbstractMember" xlink:to="CashCard-ConsumerFinanceAbstractMember" xlink:title="definition: ConsumerFinanceAbstractMember to CashCard-ConsumerFinanceAbstractMember" order="2.0"/>
    <link:loc xlink:type="locator" xlink:href="../tifrs-notes-2013-03-31.xsd#tifrs-notes_SmallAmountOfCreditLoans-ConsumerFinanceAbstractMember" xlink:label="SmallAmountOfCreditLoans-ConsumerFinanceAbstractMember" xlink:title="SmallAmountOfCreditLoans-ConsumerFinanceAbstractMember"/>
    <link:definitionArc xlink:type="arc" xlink:arcrole="http://xbrl.org/int/dim/arcrole/domain-member" xlink:from="ConsumerFinanceAbstractMember" xlink:to="SmallAmountOfCreditLoans-ConsumerFinanceAbstractMember" xlink:title="definition: ConsumerFinanceAbstractMember to SmallAmountOfCreditLoans-ConsumerFinanceAbstractMember" order="3.0"/>
    <link:loc xlink:type="locator" xlink:href="../tifrs-notes-2013-03-31.xsd#tifrs-notes_OthersSecuredUnsecured-ConsumerFinanceAbstractMember" xlink:label="OthersSecuredUnsecured-ConsumerFinanceAbstractMember" xlink:title="OthersSecuredUnsecured-ConsumerFinanceAbstractMember"/>
    <link:definitionArc xlink:type="arc" xlink:arcrole="http://xbrl.org/int/dim/arcrole/domain-member" xlink:from="ConsumerFinanceAbstractMember" xlink:to="OthersSecuredUnsecured-ConsumerFinanceAbstractMember" xlink:title="definition: ConsumerFinanceAbstractMember to OthersSecuredUnsecured-ConsumerFinanceAbstractMember" order="4.0"/>
    <link:loc xlink:type="locator" xlink:href="../tifrs-notes-2013-03-31.xsd#tifrs-notes_TotalLoansMember" xlink:label="TotalLoansMember" xlink:title="TotalLoansMember"/>
    <link:definitionArc xlink:type="arc" xlink:arcrole="http://xbrl.org/int/dim/arcrole/domain-member" xlink:from="Segment-NonPerformingLoansAbstractMember" xlink:to="TotalLoansMember" xlink:title="definition: Segment-NonPerformingLoansAbstractMember to TotalLoansMember" order="3.0"/>
    <link:loc xlink:type="locator" xlink:href="../tifrs-notes-2013-03-31.xsd#tifrs-notes_Items-NonPerformingLoansAbstractMember" xlink:label="Items-NonPerformingLoansAbstractMember" xlink:title="Items-NonPerformingLoansAbstractMember"/>
    <link:definitionArc xlink:type="arc" xlink:arcrole="http://xbrl.org/int/dim/arcrole/domain-member" xlink:from="TableLabelItemList-NonPerformingLoansAbstractMember" xlink:to="Items-NonPerformingLoansAbstractMember" xlink:title="definition: TableLabelItemList-NonPerformingLoansAbstractMember to Items-NonPerformingLoansAbstractMember" order="2.0"/>
    <link:loc xlink:type="locator" xlink:href="../tifrs-notes-2013-03-31.xsd#tifrs-notes_AmountOfNon-PerformingLoansMember" xlink:label="AmountOfNon-PerformingLoansMember" xlink:title="AmountOfNon-PerformingLoansMember"/>
    <link:definitionArc xlink:type="arc" xlink:arcrole="http://xbrl.org/int/dim/arcrole/domain-member" xlink:from="Items-NonPerformingLoansAbstractMember" xlink:to="AmountOfNon-PerformingLoansMember" xlink:title="definition: Items-NonPerformingLoansAbstractMember to AmountOfNon-PerformingLoansMember" order="1.0"/>
    <link:loc xlink:type="locator" xlink:href="../tifrs-notes-2013-03-31.xsd#tifrs-notes_GrossLoansMember" xlink:label="GrossLoansMember" xlink:title="GrossLoansMember"/>
    <link:definitionArc xlink:type="arc" xlink:arcrole="http://xbrl.org/int/dim/arcrole/domain-member" xlink:from="Items-NonPerformingLoansAbstractMember" xlink:to="GrossLoansMember" xlink:title="definition: Items-NonPerformingLoansAbstractMember to GrossLoansMember" order="2.0"/>
    <link:loc xlink:type="locator" xlink:href="../tifrs-notes-2013-03-31.xsd#tifrs-notes_NonPerformingLoansRatioMember" xlink:label="NonPerformingLoansRatioMember" xlink:title="NonPerformingLoansRatioMember"/>
    <link:definitionArc xlink:type="arc" xlink:arcrole="http://xbrl.org/int/dim/arcrole/domain-member" xlink:from="Items-NonPerformingLoansAbstractMember" xlink:to="NonPerformingLoansRatioMember" xlink:title="definition: Items-NonPerformingLoansAbstractMember to NonPerformingLoansRatioMember" order="3.0"/>
    <link:loc xlink:type="locator" xlink:href="../tifrs-notes-2013-03-31.xsd#tifrs-notes_AllowanceForBadDebtsMember-AssetQualityForBankingBusinessAbstractMember" xlink:label="AllowanceForBadDebtsMember-AssetQualityForBankingBusinessAbstractMember" xlink:title="AllowanceForBadDebtsMember-AssetQualityForBankingBusinessAbstractMember"/>
    <link:definitionArc xlink:type="arc" xlink:arcrole="http://xbrl.org/int/dim/arcrole/domain-member" xlink:from="Items-NonPerformingLoansAbstractMember" xlink:to="AllowanceForBadDebtsMember-AssetQualityForBankingBusinessAbstractMember" xlink:title="definition: Items-NonPerformingLoansAbstractMember to AllowanceForBadDebtsMember-AssetQualityForBankingBusinessAbstractMember" order="4.0"/>
    <link:loc xlink:type="locator" xlink:href="../tifrs-notes-2013-03-31.xsd#tifrs-notes_CoverageRatioMember" xlink:label="CoverageRatioMember" xlink:title="CoverageRatioMember"/>
    <link:definitionArc xlink:type="arc" xlink:arcrole="http://xbrl.org/int/dim/arcrole/domain-member" xlink:from="Items-NonPerformingLoansAbstractMember" xlink:to="CoverageRatioMember" xlink:title="definition: Items-NonPerformingLoansAbstractMember to CoverageRatioMember" order="5.0"/>
  </link:definitionLink>
  <link:definitionLink xlink:type="extended" xlink:role="http://www.xbrl.org/tifrs/notes/role/AssetQualityForBankingBusiness-NonPerformingLoansAndNonPerformingReceivablesExemptedFromReportingToTheCompetentAuthority">
    <link:loc xlink:type="locator" xlink:href="../tifrs-notes-2013-03-31.xsd#tifrs-notes_TableLabelItemList-NonPerformingLoansAndNonPerformingReceivablesExemptedFromReportingToTheCompetentAuthorityAbstractMember" xlink:label="TableLabelItemList-NonPerformingLoansAndNonPerformingReceivablesExemptedFromReportingToTheCompetentAuthorityAbstractMember" xlink:title="TableLabelItemList-NonPerformingLoansAndNonPerformingReceivablesExemptedFromReportingToTheCompetentAuthorityAbstractMember"/>
    <link:loc xlink:type="locator" xlink:href="../tifrs-notes-2013-03-31.xsd#tifrs-notes_TableFieldTitleStructure-NonPerformingLoansAndNonPerformingReceivablesExemptedFromReportingToTheCompetentAuthorityAbstractMember" xlink:label="TableFieldTitleStructure-NonPerformingLoansAndNonPerformingReceivablesExemptedFromReportingToTheCompetentAuthorityAbstractMember" xlink:title="TableFieldTitleStructure-NonPerformingLoansAndNonPerformingReceivablesExemptedFromReportingToTheCompetentAuthorityAbstractMember"/>
    <link:definitionArc xlink:type="arc" xlink:arcrole="http://xbrl.org/int/dim/arcrole/all" xlink:from="TableLabelItemList-NonPerformingLoansAndNonPerformingReceivablesExemptedFromReportingToTheCompetentAuthorityAbstractMember" xlink:to="TableFieldTitleStructure-NonPerformingLoansAndNonPerformingReceivablesExemptedFromReportingToTheCompetentAuthorityAbstractMember" xlink:title="definition: TableLabelItemList-NonPerformingLoansAndNonPerformingReceivablesExemptedFromReportingToTheCompetentAuthorityAbstractMember to TableFieldTitleStructure-NonPerformingLoansAndNonPerformingReceivablesExemptedFromReportingToTheCompetentAuthorityAbstractMember" order="1.0" xbrldt:contextElement="scenario"/>
    <link:loc xlink:type="locator" xlink:href="../tifrs-notes-2013-03-31.xsd#tifrs-notes_NonPerformingLoansAndNonPerformingReceivablesExemptedFromReportingToTheCompetentAuthorityAbstractMemberDimensionMember" xlink:label="NonPerformingLoansAndNonPerformingReceivablesExemptedFromReportingToTheCompetentAuthorityAbstractMemberDimensionMember" xlink:title="NonPerformingLoansAndNonPerformingReceivablesExemptedFromReportingToTheCompetentAuthorityAbstractMemberDimensionMember"/>
    <link:definitionArc xlink:type="arc" xlink:arcrole="http://xbrl.org/int/dim/arcrole/hypercube-dimension" xlink:from="TableFieldTitleStructure-NonPerformingLoansAndNonPerformingReceivablesExemptedFromReportingToTheCompetentAuthorityAbstractMember" xlink:to="NonPerformingLoansAndNonPerformingReceivablesExemptedFromReportingToTheCompetentAuthorityAbstractMemberDimensionMember" xlink:title="definition: TableFieldTitleStructure-NonPerformingLoansAndNonPerformingReceivablesExemptedFromReportingToTheCompetentAuthorityAbstractMember to NonPerformingLoansAndNonPerformingReceivablesExemptedFromReportingToTheCompetentAuthorityAbstractMemberDimensionMember" order="1.0"/>
    <link:loc xlink:type="locator" xlink:href="../tifrs-notes-2013-03-31.xsd#tifrs-notes_NonPerformingLoansExemptedFromReportingMember" xlink:label="NonPerformingLoansExemptedFromReportingMember" xlink:title="NonPerformingLoansExemptedFromReportingMember"/>
    <link:definitionArc xlink:type="arc" xlink:arcrole="http://xbrl.org/int/dim/arcrole/dimension-domain" xlink:from="NonPerformingLoansAndNonPerformingReceivablesExemptedFromReportingToTheCompetentAuthorityAbstractMemberDimensionMember" xlink:to="NonPerformingLoansExemptedFromReportingMember" xlink:title="definition: NonPerformingLoansAndNonPerformingReceivablesExemptedFromReportingToTheCompetentAuthorityAbstractMemberDimensionMember to NonPerformingLoansExemptedFromReportingMember" order="1.0"/>
    <link:loc xlink:type="locator" xlink:href="../tifrs-notes-2013-03-31.xsd#tifrs-notes_NonPerformingReceivablesExemptedFromReportingMember" xlink:label="NonPerformingReceivablesExemptedFromReportingMember" xlink:title="NonPerformingReceivablesExemptedFromReportingMember"/>
    <link:definitionArc xlink:type="arc" xlink:arcrole="http://xbrl.org/int/dim/arcrole/dimension-domain" xlink:from="NonPerformingLoansAndNonPerformingReceivablesExemptedFromReportingToTheCompetentAuthorityAbstractMemberDimensionMember" xlink:to="NonPerformingReceivablesExemptedFromReportingMember" xlink:title="definition: NonPerformingLoansAndNonPerformingReceivablesExemptedFromReportingToTheCompetentAuthorityAbstractMemberDimensionMember to NonPerformingReceivablesExemptedFromReportingMember" order="2.0"/>
    <link:loc xlink:type="locator" xlink:href="../tifrs-notes-2013-03-31.xsd#tifrs-notes_Items-NonPerformingLoansAndNonPerformingReceivablesExemptedFromReportingToTheCompetentAuthorityAbstractMember" xlink:label="Items-NonPerformingLoansAndNonPerformingReceivablesExemptedFromReportingToTheCompetentAuthorityAbstractMember" xlink:title="Items-NonPerformingLoansAndNonPerformingReceivablesExemptedFromReportingToTheCompetentAuthorityAbstractMember"/>
    <link:definitionArc xlink:type="arc" xlink:arcrole="http://xbrl.org/int/dim/arcrole/domain-member" xlink:from="TableLabelItemList-NonPerformingLoansAndNonPerformingReceivablesExemptedFromReportingToTheCompetentAuthorityAbstractMember" xlink:to="Items-NonPerformingLoansAndNonPerformingReceivablesExemptedFromReportingToTheCompetentAuthorityAbstractMember" xlink:title="definition: TableLabelItemList-NonPerformingLoansAndNonPerformingReceivablesExemptedFromReportingToTheCompetentAuthorityAbstractMember to Items-NonPerformingLoansAndNonPerformingReceivablesExemptedFromReportingToTheCompetentAuthorityAbstractMember" order="2.0"/>
    <link:loc xlink:type="locator" xlink:href="../tifrs-notes-2013-03-31.xsd#tifrs-notes_NegotiatedLoansInAccordanceWithTheAgreementThatExemptedFromReportingMember" xlink:label="NegotiatedLoansInAccordanceWithTheAgreementThatExemptedFromReportingMember" xlink:title="NegotiatedLoansInAccordanceWithTheAgreementThatExemptedFromReportingMember"/>
    <link:definitionArc xlink:type="arc" xlink:arcrole="http://xbrl.org/int/dim/arcrole/domain-member" xlink:from="Items-NonPerformingLoansAndNonPerformingReceivablesExemptedFromReportingToTheCompetentAuthorityAbstractMember" xlink:to="NegotiatedLoansInAccordanceWithTheAgreementThatExemptedFromReportingMember" xlink:title="definition: Items-NonPerformingLoansAndNonPerformingReceivablesExemptedFromReportingToTheCompetentAuthorityAbstractMember to NegotiatedLoansInAccordanceWithTheAgreementThatExemptedFromReportingMember" order="1.0"/>
    <link:loc xlink:type="locator" xlink:href="../tifrs-notes-2013-03-31.xsd#tifrs-notes_NegotiatedAccountsReceivableInAccordanceWithDebtLiquidationProgramAndRestructuringProgramMember" xlink:label="NegotiatedAccountsReceivableInAccordanceWithDebtLiquidationProgramAndRestructuringProgramMember" xlink:title="NegotiatedAccountsReceivableInAccordanceWithDebtLiquidationProgramAndRestructuringProgramMember"/>
    <link:definitionArc xlink:type="arc" xlink:arcrole="http://xbrl.org/int/dim/arcrole/domain-member" xlink:from="Items-NonPerformingLoansAndNonPerformingReceivablesExemptedFromReportingToTheCompetentAuthorityAbstractMember" xlink:to="NegotiatedAccountsReceivableInAccordanceWithDebtLiquidationProgramAndRestructuringProgramMember" xlink:title="definition: Items-NonPerformingLoansAndNonPerformingReceivablesExemptedFromReportingToTheCompetentAuthorityAbstractMember to NegotiatedAccountsReceivableInAccordanceWithDebtLiquidationProgramAndRestructuringProgramMember" order="2.0"/>
    <link:loc xlink:type="locator" xlink:href="../tifrs-notes-2013-03-31.xsd#tifrs-notes_TotalMember" xlink:label="TotalMember" xlink:title="TotalMember"/>
    <link:definitionArc xlink:type="arc" xlink:arcrole="http://xbrl.org/int/dim/arcrole/domain-member" xlink:from="Items-NonPerformingLoansAndNonPerformingReceivablesExemptedFromReportingToTheCompetentAuthorityAbstractMember" xlink:to="TotalMember" xlink:title="definition: Items-NonPerformingLoansAndNonPerformingReceivablesExemptedFromReportingToTheCompetentAuthorityAbstractMember to TotalMember" order="3.0"/>
  </link:definitionLink>
  <link:definitionLink xlink:type="extended" xlink:role="http://www.xbrl.org/tifrs/notes/role/AssetQualityForBankingBusiness-NonPerformingReceivables">
    <link:loc xlink:type="locator" xlink:href="../tifrs-notes-2013-03-31.xsd#tifrs-notes_TableLabelItemList-NonPerformingReceivablesAbstractMember" xlink:label="TableLabelItemList-NonPerformingReceivablesAbstractMember" xlink:title="TableLabelItemList-NonPerformingReceivablesAbstractMember"/>
    <link:loc xlink:type="locator" xlink:href="../tifrs-notes-2013-03-31.xsd#tifrs-notes_TableFieldTitleStructure-NonPerformingReceivablesAbstractMember" xlink:label="TableFieldTitleStructure-NonPerformingReceivablesAbstractMember" xlink:title="TableFieldTitleStructure-NonPerformingReceivablesAbstractMember"/>
    <link:definitionArc xlink:type="arc" xlink:arcrole="http://xbrl.org/int/dim/arcrole/all" xlink:from="TableLabelItemList-NonPerformingReceivablesAbstractMember" xlink:to="TableFieldTitleStructure-NonPerformingReceivablesAbstractMember" xlink:title="definition: TableLabelItemList-NonPerformingReceivablesAbstractMember to TableFieldTitleStructure-NonPerformingReceivablesAbstractMember" order="1.0" xbrldt:contextElement="scenario"/>
    <link:loc xlink:type="locator" xlink:href="../tifrs-notes-2013-03-31.xsd#tifrs-notes_NonPerformingReceivablesDimensionMember" xlink:label="NonPerformingReceivablesDimensionMember" xlink:title="NonPerformingReceivablesDimensionMember"/>
    <link:definitionArc xlink:type="arc" xlink:arcrole="http://xbrl.org/int/dim/arcrole/hypercube-dimension" xlink:from="TableFieldTitleStructure-NonPerformingReceivablesAbstractMember" xlink:to="NonPerformingReceivablesDimensionMember" xlink:title="definition: TableFieldTitleStructure-NonPerformingReceivablesAbstractMember to NonPerformingReceivablesDimensionMember" order="1.0"/>
    <link:loc xlink:type="locator" xlink:href="../tifrs-notes-2013-03-31.xsd#tifrs-notes_Segment-NonPerformingReceivablesAbstractMember" xlink:label="Segment-NonPerformingReceivablesAbstractMember" xlink:title="Segment-NonPerformingReceivablesAbstractMember"/>
    <link:definitionArc xlink:type="arc" xlink:arcrole="http://xbrl.org/int/dim/arcrole/dimension-domain" xlink:from="NonPerformingReceivablesDimensionMember" xlink:to="Segment-NonPerformingReceivablesAbstractMember" xlink:title="definition: NonPerformingReceivablesDimensionMember to Segment-NonPerformingReceivablesAbstractMember" order="1.0"/>
    <link:loc xlink:type="locator" xlink:href="../tifrs-notes-2013-03-31.xsd#tifrs-notes_CreditCardServiceMember" xlink:label="CreditCardServiceMember" xlink:title="CreditCardServiceMember"/>
    <link:definitionArc xlink:type="arc" xlink:arcrole="http://xbrl.org/int/dim/arcrole/domain-member" xlink:from="Segment-NonPerformingReceivablesAbstractMember" xlink:to="CreditCardServiceMember" xlink:title="definition: Segment-NonPerformingReceivablesAbstractMember to CreditCardServiceMember" order="1.0"/>
    <link:loc xlink:type="locator" xlink:href="../tifrs-notes-2013-03-31.xsd#tifrs-notes_AccountsReceivableFactoredWithoutRecourseMember" xlink:label="AccountsReceivableFactoredWithoutRecourseMember" xlink:title="AccountsReceivableFactoredWithoutRecourseMember"/>
    <link:definitionArc xlink:type="arc" xlink:arcrole="http://xbrl.org/int/dim/arcrole/domain-member" xlink:from="Segment-NonPerformingReceivablesAbstractMember" xlink:to="AccountsReceivableFactoredWithoutRecourseMember" xlink:title="definition: Segment-NonPerformingReceivablesAbstractMember to AccountsReceivableFactoredWithoutRecourseMember" order="2.0"/>
    <link:loc xlink:type="locator" xlink:href="../tifrs-notes-2013-03-31.xsd#tifrs-notes_Items-NonPerformingReceivablesAbstractMember" xlink:label="Items-NonPerformingReceivablesAbstractMember" xlink:title="Items-NonPerformingReceivablesAbstractMember"/>
    <link:definitionArc xlink:type="arc" xlink:arcrole="http://xbrl.org/int/dim/arcrole/domain-member" xlink:from="TableLabelItemList-NonPerformingReceivablesAbstractMember" xlink:to="Items-NonPerformingReceivablesAbstractMember" xlink:title="definition: TableLabelItemList-NonPerformingReceivablesAbstractMember to Items-NonPerformingReceivablesAbstractMember" order="2.0"/>
    <link:loc xlink:type="locator" xlink:href="../tifrs-notes-2013-03-31.xsd#tifrs-notes_AmountOfNonPerformingReceivablesMember" xlink:label="AmountOfNonPerformingReceivablesMember" xlink:title="AmountOfNonPerformingReceivablesMember"/>
    <link:definitionArc xlink:type="arc" xlink:arcrole="http://xbrl.org/int/dim/arcrole/domain-member" xlink:from="Items-NonPerformingReceivablesAbstractMember" xlink:to="AmountOfNonPerformingReceivablesMember" xlink:title="definition: Items-NonPerformingReceivablesAbstractMember to AmountOfNonPerformingReceivablesMember" order="1.0"/>
    <link:loc xlink:type="locator" xlink:href="../tifrs-notes-2013-03-31.xsd#tifrs-notes_GrossReceivablesMember" xlink:label="GrossReceivablesMember" xlink:title="GrossReceivablesMember"/>
    <link:definitionArc xlink:type="arc" xlink:arcrole="http://xbrl.org/int/dim/arcrole/domain-member" xlink:from="Items-NonPerformingReceivablesAbstractMember" xlink:to="GrossReceivablesMember" xlink:title="definition: Items-NonPerformingReceivablesAbstractMember to GrossReceivablesMember" order="2.0"/>
    <link:loc xlink:type="locator" xlink:href="../tifrs-notes-2013-03-31.xsd#tifrs-notes_NonPerformingReceivablesRatioMember" xlink:label="NonPerformingReceivablesRatioMember" xlink:title="NonPerformingReceivablesRatioMember"/>
    <link:definitionArc xlink:type="arc" xlink:arcrole="http://xbrl.org/int/dim/arcrole/domain-member" xlink:from="Items-NonPerformingReceivablesAbstractMember" xlink:to="NonPerformingReceivablesRatioMember" xlink:title="definition: Items-NonPerformingReceivablesAbstractMember to NonPerformingReceivablesRatioMember" order="3.0"/>
    <link:loc xlink:type="locator" xlink:href="../tifrs-notes-2013-03-31.xsd#tifrs-notes_AllowanceForBadDebtsMember-AssetQualityForBankingBusinessAbstractMember" xlink:label="AllowanceForBadDebtsMember-AssetQualityForBankingBusinessAbstractMember" xlink:title="AllowanceForBadDebtsMember-AssetQualityForBankingBusinessAbstractMember"/>
    <link:definitionArc xlink:type="arc" xlink:arcrole="http://xbrl.org/int/dim/arcrole/domain-member" xlink:from="Items-NonPerformingReceivablesAbstractMember" xlink:to="AllowanceForBadDebtsMember-AssetQualityForBankingBusinessAbstractMember" xlink:title="definition: Items-NonPerformingReceivablesAbstractMember to AllowanceForBadDebtsMember-AssetQualityForBankingBusinessAbstractMember" order="4.0"/>
    <link:loc xlink:type="locator" xlink:href="../tifrs-notes-2013-03-31.xsd#tifrs-notes_CoverageRatioMember" xlink:label="CoverageRatioMember" xlink:title="CoverageRatioMember"/>
    <link:definitionArc xlink:type="arc" xlink:arcrole="http://xbrl.org/int/dim/arcrole/domain-member" xlink:from="Items-NonPerformingReceivablesAbstractMember" xlink:to="CoverageRatioMember" xlink:title="definition: Items-NonPerformingReceivablesAbstractMember to CoverageRatioMember" order="5.0"/>
  </link:definitionLink>
</link:linkbase>
