<?xml version="1.0" encoding="UTF-8"?>
<!-- Generated by Fujitsu Interstage XWand B0196 -->
<link:linkbase xmlns:xsi="http://www.w3.org/2001/XMLSchema-instance" xsi:schemaLocation="http://www.xbrl.org/2003/linkbase http://www.xbrl.org/2003/xbrl-linkbase-2003-12-31.xsd" xmlns:link="http://www.xbrl.org/2003/linkbase" xmlns:xlink="http://www.w3.org/1999/xlink" xmlns:xbrli="http://www.xbrl.org/2003/instance">
  <link:roleRef roleURI="http://www.xbrl.org/tifrs/fr/role/BalanceSheet" xlink:type="simple" xlink:href="../../../BSCI/tifrs-bsci-bd-2015-03-31.xsd#RT_1"/>
  <link:roleRef roleURI="http://www.xbrl.org/tifrs/fr/role/StatementOfComprehensiveIncome" xlink:type="simple" xlink:href="../../../BSCI/tifrs-bsci-bd-2015-03-31.xsd#RT_2"/>
  <link:roleRef roleURI="http://www.xbrl.org/tifrs/fr/role/StatementOfCashFlows" xlink:type="simple" xlink:href="../../../SCF/tifrs-scf-2015-03-31.xsd#RT_1"/>
  <link:roleRef roleURI="http://www.xbrl.org/tifrs/notes/role/RestrictionsOnFinancialRatio" xlink:type="simple" xlink:href="tifrs-bd-cr-2015-03-31.xsd#RT_1"/>
  <link:presentationLink xlink:type="extended" xlink:role="http://www.xbrl.org/tifrs/notes/role/RestrictionsOnFinancialRatio">
    <link:loc xlink:type="locator" xlink:href="../../../NOTES/tifrs-notes-2015-03-31.xsd#tifrs-notes_RestrictionsOnFinancialRatioAbstract" xlink:label="RestrictionsOnFinancialRatioAbstract" xlink:title="RestrictionsOnFinancialRatioAbstract"/>
    <link:loc xlink:type="locator" xlink:href="../../../NOTES/tifrs-notes-2015-03-31.xsd#tifrs-notes_RestrictionsOnFinancialRatio" xlink:label="RestrictionsOnFinancialRatio" xlink:title="RestrictionsOnFinancialRatio"/>
    <link:presentationArc xlink:type="arc" xlink:arcrole="http://www.xbrl.org/2003/arcrole/parent-child" xlink:from="RestrictionsOnFinancialRatioAbstract" xlink:to="RestrictionsOnFinancialRatio" xlink:title="presentation: RestrictionsOnFinancialRatioAbstract to RestrictionsOnFinancialRatio" order="1.0"/>
    <link:loc xlink:type="locator" xlink:href="../../../NOTES/tifrs-notes-2015-03-31.xsd#tifrs-notes_NameOfTheCompany" xlink:label="NameOfTheCompany" xlink:title="NameOfTheCompany"/>
    <link:presentationArc xlink:type="arc" xlink:arcrole="http://www.xbrl.org/2003/arcrole/parent-child" xlink:from="RestrictionsOnFinancialRatio" xlink:to="NameOfTheCompany" xlink:title="presentation: RestrictionsOnFinancialRatio to NameOfTheCompany" order="1.0"/>
    <link:loc xlink:type="locator" xlink:href="../../../NOTES/tifrs-notes-2015-03-31.xsd#tifrs-notes_ArticleAndCalculationFormula" xlink:label="ArticleAndCalculationFormula" xlink:title="ArticleAndCalculationFormula"/>
    <link:presentationArc xlink:type="arc" xlink:arcrole="http://www.xbrl.org/2003/arcrole/parent-child" xlink:from="RestrictionsOnFinancialRatio" xlink:to="ArticleAndCalculationFormula" xlink:title="presentation: RestrictionsOnFinancialRatio to ArticleAndCalculationFormula" order="2.0"/>
    <link:loc xlink:type="locator" xlink:href="../../../NOTES/tifrs-notes-2015-03-31.xsd#tifrs-notes_Article17AndNumeratorShareholdersEquityDenominatorTotalLiabilitiesFuturesTradersEquity" xlink:label="Article17AndNumeratorShareholdersEquityDenominatorTotalLiabilitiesFuturesTradersEquity" xlink:title="Article17AndNumeratorShareholdersEquityDenominatorTotalLiabilitiesFuturesTradersEquity"/>
    <link:presentationArc xlink:type="arc" xlink:arcrole="http://www.xbrl.org/2003/arcrole/parent-child" xlink:from="ArticleAndCalculationFormula" xlink:to="Article17AndNumeratorShareholdersEquityDenominatorTotalLiabilitiesFuturesTradersEquity" xlink:title="presentation: ArticleAndCalculationFormula to Article17AndNumeratorShareholdersEquityDenominatorTotalLiabilitiesFuturesTradersEquity" order="1.0"/>
    <link:loc xlink:type="locator" xlink:href="../../../NOTES/tifrs-notes-2015-03-31.xsd#tifrs-notes_CurrentPeriod" xlink:label="CurrentPeriod" xlink:title="CurrentPeriod"/>
    <link:presentationArc xlink:type="arc" xlink:arcrole="http://www.xbrl.org/2003/arcrole/parent-child" xlink:from="Article17AndNumeratorShareholdersEquityDenominatorTotalLiabilitiesFuturesTradersEquity" xlink:to="CurrentPeriod" xlink:title="presentation: Article17AndNumeratorShareholdersEquityDenominatorTotalLiabilitiesFuturesTradersEquity to CurrentPeriod" order="1.0"/>
    <link:loc xlink:type="locator" xlink:href="../../../NOTES/tifrs-notes-2015-03-31.xsd#tifrs-notes_Numerator" xlink:label="Numerator" xlink:title="Numerator"/>
    <link:presentationArc xlink:type="arc" xlink:arcrole="http://www.xbrl.org/2003/arcrole/parent-child" xlink:from="CurrentPeriod" xlink:to="Numerator" xlink:title="presentation: CurrentPeriod to Numerator" order="1.0"/>
    <link:loc xlink:type="locator" xlink:href="../../../NOTES/tifrs-notes-2015-03-31.xsd#tifrs-notes_Denominator" xlink:label="Denominator" xlink:title="Denominator"/>
    <link:presentationArc xlink:type="arc" xlink:arcrole="http://www.xbrl.org/2003/arcrole/parent-child" xlink:from="CurrentPeriod" xlink:to="Denominator" xlink:title="presentation: CurrentPeriod to Denominator" order="2.0"/>
    <link:loc xlink:type="locator" xlink:href="../../../NOTES/tifrs-notes-2015-03-31.xsd#tifrs-notes_Ratio" xlink:label="Ratio" xlink:title="Ratio"/>
    <link:presentationArc xlink:type="arc" xlink:arcrole="http://www.xbrl.org/2003/arcrole/parent-child" xlink:from="CurrentPeriod" xlink:to="Ratio" xlink:title="presentation: CurrentPeriod to Ratio" order="3.0"/>
    <link:loc xlink:type="locator" xlink:href="../../../NOTES/tifrs-notes-2015-03-31.xsd#tifrs-notes_PriorPeriod" xlink:label="PriorPeriod" xlink:title="PriorPeriod"/>
    <link:presentationArc xlink:type="arc" xlink:arcrole="http://www.xbrl.org/2003/arcrole/parent-child" xlink:from="Article17AndNumeratorShareholdersEquityDenominatorTotalLiabilitiesFuturesTradersEquity" xlink:to="PriorPeriod" xlink:title="presentation: Article17AndNumeratorShareholdersEquityDenominatorTotalLiabilitiesFuturesTradersEquity to PriorPeriod" order="2.0"/>
    <link:presentationArc xlink:type="arc" xlink:arcrole="http://www.xbrl.org/2003/arcrole/parent-child" xlink:from="PriorPeriod" xlink:to="Numerator" xlink:title="presentation: PriorPeriod to Numerator" order="1.0"/>
    <link:presentationArc xlink:type="arc" xlink:arcrole="http://www.xbrl.org/2003/arcrole/parent-child" xlink:from="PriorPeriod" xlink:to="Denominator" xlink:title="presentation: PriorPeriod to Denominator" order="2.0"/>
    <link:presentationArc xlink:type="arc" xlink:arcrole="http://www.xbrl.org/2003/arcrole/parent-child" xlink:from="PriorPeriod" xlink:to="Ratio" xlink:title="presentation: PriorPeriod to Ratio" order="3.0"/>
    <link:loc xlink:type="locator" xlink:href="../../../NOTES/tifrs-notes-2015-03-31.xsd#tifrs-notes_Criteria" xlink:label="Criteria" xlink:title="Criteria"/>
    <link:presentationArc xlink:type="arc" xlink:arcrole="http://www.xbrl.org/2003/arcrole/parent-child" xlink:from="Article17AndNumeratorShareholdersEquityDenominatorTotalLiabilitiesFuturesTradersEquity" xlink:to="Criteria" xlink:title="presentation: Article17AndNumeratorShareholdersEquityDenominatorTotalLiabilitiesFuturesTradersEquity to Criteria" order="3.0"/>
    <link:loc xlink:type="locator" xlink:href="../../../NOTES/tifrs-notes-2015-03-31.xsd#tifrs-notes_Enforcement" xlink:label="Enforcement" xlink:title="Enforcement"/>
    <link:presentationArc xlink:type="arc" xlink:arcrole="http://www.xbrl.org/2003/arcrole/parent-child" xlink:from="Article17AndNumeratorShareholdersEquityDenominatorTotalLiabilitiesFuturesTradersEquity" xlink:to="Enforcement" xlink:title="presentation: Article17AndNumeratorShareholdersEquityDenominatorTotalLiabilitiesFuturesTradersEquity to Enforcement" order="4.0"/>
    <link:loc xlink:type="locator" xlink:href="../../../NOTES/tifrs-notes-2015-03-31.xsd#tifrs-notes_Article17AndNumeratorCurrentAssetsDenominatorCurrentLiabilities" xlink:label="Article17AndNumeratorCurrentAssetsDenominatorCurrentLiabilities" xlink:title="Article17AndNumeratorCurrentAssetsDenominatorCurrentLiabilities"/>
    <link:presentationArc xlink:type="arc" xlink:arcrole="http://www.xbrl.org/2003/arcrole/parent-child" xlink:from="ArticleAndCalculationFormula" xlink:to="Article17AndNumeratorCurrentAssetsDenominatorCurrentLiabilities" xlink:title="presentation: ArticleAndCalculationFormula to Article17AndNumeratorCurrentAssetsDenominatorCurrentLiabilities" order="2.0"/>
    <link:presentationArc xlink:type="arc" xlink:arcrole="http://www.xbrl.org/2003/arcrole/parent-child" xlink:from="Article17AndNumeratorCurrentAssetsDenominatorCurrentLiabilities" xlink:to="CurrentPeriod" xlink:title="presentation: Article17AndNumeratorCurrentAssetsDenominatorCurrentLiabilities to CurrentPeriod" order="1.0"/>
    <link:presentationArc xlink:type="arc" xlink:arcrole="http://www.xbrl.org/2003/arcrole/parent-child" xlink:from="Article17AndNumeratorCurrentAssetsDenominatorCurrentLiabilities" xlink:to="PriorPeriod" xlink:title="presentation: Article17AndNumeratorCurrentAssetsDenominatorCurrentLiabilities to PriorPeriod" order="2.0"/>
    <link:presentationArc xlink:type="arc" xlink:arcrole="http://www.xbrl.org/2003/arcrole/parent-child" xlink:from="Article17AndNumeratorCurrentAssetsDenominatorCurrentLiabilities" xlink:to="Criteria" xlink:title="presentation: Article17AndNumeratorCurrentAssetsDenominatorCurrentLiabilities to Criteria" order="3.0"/>
    <link:presentationArc xlink:type="arc" xlink:arcrole="http://www.xbrl.org/2003/arcrole/parent-child" xlink:from="Article17AndNumeratorCurrentAssetsDenominatorCurrentLiabilities" xlink:to="Enforcement" xlink:title="presentation: Article17AndNumeratorCurrentAssetsDenominatorCurrentLiabilities to Enforcement" order="4.0"/>
    <link:loc xlink:type="locator" xlink:href="../../../NOTES/tifrs-notes-2015-03-31.xsd#tifrs-notes_Article22AndNumeratorShareholdersEquityDenominatorMinimumPaid-inCapital" xlink:label="Article22AndNumeratorShareholdersEquityDenominatorMinimumPaid-inCapital" xlink:title="Article22AndNumeratorShareholdersEquityDenominatorMinimumPaid-inCapital"/>
    <link:presentationArc xlink:type="arc" xlink:arcrole="http://www.xbrl.org/2003/arcrole/parent-child" xlink:from="ArticleAndCalculationFormula" xlink:to="Article22AndNumeratorShareholdersEquityDenominatorMinimumPaid-inCapital" xlink:title="presentation: ArticleAndCalculationFormula to Article22AndNumeratorShareholdersEquityDenominatorMinimumPaid-inCapital" order="3.0"/>
    <link:presentationArc xlink:type="arc" xlink:arcrole="http://www.xbrl.org/2003/arcrole/parent-child" xlink:from="Article22AndNumeratorShareholdersEquityDenominatorMinimumPaid-inCapital" xlink:to="CurrentPeriod" xlink:title="presentation: Article22AndNumeratorShareholdersEquityDenominatorMinimumPaid-inCapital to CurrentPeriod" order="1.0"/>
    <link:presentationArc xlink:type="arc" xlink:arcrole="http://www.xbrl.org/2003/arcrole/parent-child" xlink:from="Article22AndNumeratorShareholdersEquityDenominatorMinimumPaid-inCapital" xlink:to="PriorPeriod" xlink:title="presentation: Article22AndNumeratorShareholdersEquityDenominatorMinimumPaid-inCapital to PriorPeriod" order="2.0"/>
    <link:presentationArc xlink:type="arc" xlink:arcrole="http://www.xbrl.org/2003/arcrole/parent-child" xlink:from="Article22AndNumeratorShareholdersEquityDenominatorMinimumPaid-inCapital" xlink:to="Criteria" xlink:title="presentation: Article22AndNumeratorShareholdersEquityDenominatorMinimumPaid-inCapital to Criteria" order="3.0"/>
    <link:presentationArc xlink:type="arc" xlink:arcrole="http://www.xbrl.org/2003/arcrole/parent-child" xlink:from="Article22AndNumeratorShareholdersEquityDenominatorMinimumPaid-inCapital" xlink:to="Enforcement" xlink:title="presentation: Article22AndNumeratorShareholdersEquityDenominatorMinimumPaid-inCapital to Enforcement" order="4.0"/>
    <link:loc xlink:type="locator" xlink:href="../../../NOTES/tifrs-notes-2015-03-31.xsd#tifrs-notes_Article22AndNumeratorAdjustedNetCapitalDenominatorTotalMarginDepositsRequiredForFuturesTradersOnUnoffsetPosition" xlink:label="Article22AndNumeratorAdjustedNetCapitalDenominatorTotalMarginDepositsRequiredForFuturesTradersOnUnoffsetPosition" xlink:title="Article22AndNumeratorAdjustedNetCapitalDenominatorTotalMarginDepositsRequiredForFuturesTradersOnUnoffsetPosition"/>
    <link:presentationArc xlink:type="arc" xlink:arcrole="http://www.xbrl.org/2003/arcrole/parent-child" xlink:from="ArticleAndCalculationFormula" xlink:to="Article22AndNumeratorAdjustedNetCapitalDenominatorTotalMarginDepositsRequiredForFuturesTradersOnUnoffsetPosition" xlink:title="presentation: ArticleAndCalculationFormula to Article22AndNumeratorAdjustedNetCapitalDenominatorTotalMarginDepositsRequiredForFuturesTradersOnUnoffsetPosition" order="4.0"/>
    <link:presentationArc xlink:type="arc" xlink:arcrole="http://www.xbrl.org/2003/arcrole/parent-child" xlink:from="Article22AndNumeratorAdjustedNetCapitalDenominatorTotalMarginDepositsRequiredForFuturesTradersOnUnoffsetPosition" xlink:to="CurrentPeriod" xlink:title="presentation: Article22AndNumeratorAdjustedNetCapitalDenominatorTotalMarginDepositsRequiredForFuturesTradersOnUnoffsetPosition to CurrentPeriod" order="1.0"/>
    <link:presentationArc xlink:type="arc" xlink:arcrole="http://www.xbrl.org/2003/arcrole/parent-child" xlink:from="Article22AndNumeratorAdjustedNetCapitalDenominatorTotalMarginDepositsRequiredForFuturesTradersOnUnoffsetPosition" xlink:to="PriorPeriod" xlink:title="presentation: Article22AndNumeratorAdjustedNetCapitalDenominatorTotalMarginDepositsRequiredForFuturesTradersOnUnoffsetPosition to PriorPeriod" order="2.0"/>
    <link:presentationArc xlink:type="arc" xlink:arcrole="http://www.xbrl.org/2003/arcrole/parent-child" xlink:from="Article22AndNumeratorAdjustedNetCapitalDenominatorTotalMarginDepositsRequiredForFuturesTradersOnUnoffsetPosition" xlink:to="Criteria" xlink:title="presentation: Article22AndNumeratorAdjustedNetCapitalDenominatorTotalMarginDepositsRequiredForFuturesTradersOnUnoffsetPosition to Criteria" order="3.0"/>
    <link:presentationArc xlink:type="arc" xlink:arcrole="http://www.xbrl.org/2003/arcrole/parent-child" xlink:from="Article22AndNumeratorAdjustedNetCapitalDenominatorTotalMarginDepositsRequiredForFuturesTradersOnUnoffsetPosition" xlink:to="Enforcement" xlink:title="presentation: Article22AndNumeratorAdjustedNetCapitalDenominatorTotalMarginDepositsRequiredForFuturesTradersOnUnoffsetPosition to Enforcement" order="4.0"/>
  </link:presentationLink>
  <link:presentationLink xlink:type="extended" xlink:role="http://www.xbrl.org/tifrs/fr/role/BalanceSheet">
    <link:loc xlink:type="locator" xlink:href="../../../ifrs_20100430/ifrs-cor_2010-04-30.xsd#ifrs_EquityAbstract" xlink:label="EquityAbstract" xlink:title="EquityAbstract"/>
    <link:loc xlink:type="locator" xlink:href="../../../BSCI/tifrs-bsci-bd-2015-03-31.xsd#tifrs-bsci-bd_EquityAttributableToOwnersOfParentAbstract" xlink:label="EquityAttributableToOwnersOfParentAbstract" xlink:title="EquityAttributableToOwnersOfParentAbstract"/>
    <link:presentationArc xlink:type="arc" xlink:arcrole="http://www.xbrl.org/2003/arcrole/parent-child" xlink:from="EquityAbstract" xlink:to="EquityAttributableToOwnersOfParentAbstract" xlink:title="presentation: EquityAbstract to EquityAttributableToOwnersOfParentAbstract" order="1.0"/>
    <link:loc xlink:type="locator" xlink:href="../../../BSCI/tifrs-bsci-bd-2015-03-31.xsd#tifrs-bsci-bd_CapitalStockAbstract" xlink:label="CapitalStockAbstract" xlink:title="CapitalStockAbstract"/>
    <link:presentationArc xlink:type="arc" xlink:arcrole="http://www.xbrl.org/2003/arcrole/parent-child" xlink:from="EquityAttributableToOwnersOfParentAbstract" xlink:to="CapitalStockAbstract" xlink:title="presentation: EquityAttributableToOwnersOfParentAbstract to CapitalStockAbstract" order="1.0"/>
    <link:loc xlink:type="locator" xlink:href="../../../BSCI/tifrs-bsci-bd-2015-03-31.xsd#tifrs-bsci-bd_CapitalSurplusAbstract" xlink:label="CapitalSurplusAbstract" xlink:title="CapitalSurplusAbstract"/>
    <link:presentationArc xlink:type="arc" xlink:arcrole="http://www.xbrl.org/2003/arcrole/parent-child" xlink:from="EquityAttributableToOwnersOfParentAbstract" xlink:to="CapitalSurplusAbstract" xlink:title="presentation: EquityAttributableToOwnersOfParentAbstract to CapitalSurplusAbstract" order="2.0"/>
    <link:loc xlink:type="locator" xlink:href="../../../BSCI/tifrs-bsci-bd-2015-03-31.xsd#tifrs-bsci-bd_RetainedEarningsOrAccumulatedDeficitAbstract" xlink:label="RetainedEarningsOrAccumulatedDeficitAbstract" xlink:title="RetainedEarningsOrAccumulatedDeficitAbstract"/>
    <link:presentationArc xlink:type="arc" xlink:arcrole="http://www.xbrl.org/2003/arcrole/parent-child" xlink:from="EquityAttributableToOwnersOfParentAbstract" xlink:to="RetainedEarningsOrAccumulatedDeficitAbstract" xlink:title="presentation: EquityAttributableToOwnersOfParentAbstract to RetainedEarningsOrAccumulatedDeficitAbstract" order="3.0"/>
    <link:loc xlink:type="locator" xlink:href="../../../BSCI/tifrs-bsci-bd-2015-03-31.xsd#tifrs-bsci-bd_OtherEquityInterestAbstract" xlink:label="OtherEquityInterestAbstract" xlink:title="OtherEquityInterestAbstract"/>
    <link:presentationArc xlink:type="arc" xlink:arcrole="http://www.xbrl.org/2003/arcrole/parent-child" xlink:from="EquityAttributableToOwnersOfParentAbstract" xlink:to="OtherEquityInterestAbstract" xlink:title="presentation: EquityAttributableToOwnersOfParentAbstract to OtherEquityInterestAbstract" order="4.0"/>
    <link:loc xlink:type="locator" xlink:href="../../../ifrs_20100430/ifrs-cor_2010-04-30.xsd#ifrs_TreasuryShares" xlink:label="TreasuryShares" xlink:title="TreasuryShares"/>
    <link:presentationArc xlink:type="arc" xlink:arcrole="http://www.xbrl.org/2003/arcrole/parent-child" xlink:from="EquityAttributableToOwnersOfParentAbstract" xlink:to="TreasuryShares" xlink:title="presentation: EquityAttributableToOwnersOfParentAbstract to TreasuryShares" order="5.0"/>
    <link:loc xlink:type="locator" xlink:href="../../../ifrs_20100430/ifrs-cor_2010-04-30.xsd#ifrs_EquityAttributableToOwnersOfParent" xlink:label="EquityAttributableToOwnersOfParent" xlink:title="EquityAttributableToOwnersOfParent"/>
    <link:presentationArc xlink:type="arc" xlink:arcrole="http://www.xbrl.org/2003/arcrole/parent-child" xlink:from="EquityAttributableToOwnersOfParentAbstract" xlink:to="EquityAttributableToOwnersOfParent" xlink:title="presentation: EquityAttributableToOwnersOfParentAbstract to EquityAttributableToOwnersOfParent" order="6.0" preferredLabel="http://www.xbrl.org/2003/role/totalLabel"/>
    <link:loc xlink:type="locator" xlink:href="../../../ifrs_20100430/ifrs-cor_2010-04-30.xsd#ifrs_NoncontrollingInterests" xlink:label="NoncontrollingInterests" xlink:title="NoncontrollingInterests"/>
    <link:presentationArc xlink:type="arc" xlink:arcrole="http://www.xbrl.org/2003/arcrole/parent-child" xlink:from="EquityAbstract" xlink:to="NoncontrollingInterests" xlink:title="presentation: EquityAbstract to NoncontrollingInterests" order="2.0"/>
    <link:loc xlink:type="locator" xlink:href="../../../BSCI/tifrs-bsci-bd-2015-03-31.xsd#tifrs-bsci-bd_EquityAttributableToFomerOwnerOofBusinessCombinationUnderCommonControl" xlink:label="EquityAttributableToFomerOwnerOofBusinessCombinationUnderCommonControl" xlink:title="EquityAttributableToFomerOwnerOofBusinessCombinationUnderCommonControl"/>
    <link:presentationArc xlink:type="arc" xlink:arcrole="http://www.xbrl.org/2003/arcrole/parent-child" xlink:from="EquityAbstract" xlink:to="EquityAttributableToFomerOwnerOofBusinessCombinationUnderCommonControl" xlink:title="presentation: EquityAbstract to EquityAttributableToFomerOwnerOofBusinessCombinationUnderCommonControl" order="1.1"/>
  </link:presentationLink>
  <link:presentationLink xlink:type="extended" xlink:role="http://www.xbrl.org/tifrs/fr/role/StatementOfComprehensiveIncome">
    <link:loc xlink:type="locator" xlink:href="../../../ifrs_20100430/ifrs-cor_2010-04-30.xsd#ifrs_StatementOfComprehensiveIncomeAbstract" xlink:label="StatementOfComprehensiveIncomeAbstract" xlink:title="StatementOfComprehensiveIncomeAbstract"/>
    <link:loc xlink:type="locator" xlink:href="../../../ifrs_20100430/ifrs-cor_2010-04-30.xsd#ifrs_ProfitLossAttributableToAbstract" xlink:label="ProfitLossAttributableToAbstract" xlink:title="ProfitLossAttributableToAbstract"/>
    <link:presentationArc xlink:type="arc" xlink:arcrole="http://www.xbrl.org/2003/arcrole/parent-child" xlink:from="StatementOfComprehensiveIncomeAbstract" xlink:to="ProfitLossAttributableToAbstract" xlink:title="presentation: StatementOfComprehensiveIncomeAbstract to ProfitLossAttributableToAbstract" order="10.1"/>
    <link:loc xlink:type="locator" xlink:href="../../../ifrs_20100430/ifrs-cor_2010-04-30.xsd#ifrs_ProfitLossAttributableToOwnersOfParent" xlink:label="ProfitLossAttributableToOwnersOfParent" xlink:title="ProfitLossAttributableToOwnersOfParent"/>
    <link:presentationArc xlink:type="arc" xlink:arcrole="http://www.xbrl.org/2003/arcrole/parent-child" xlink:from="ProfitLossAttributableToAbstract" xlink:to="ProfitLossAttributableToOwnersOfParent" xlink:title="presentation: ProfitLossAttributableToAbstract to ProfitLossAttributableToOwnersOfParent" order="1.0"/>
    <link:loc xlink:type="locator" xlink:href="../../../ifrs_20100430/ifrs-cor_2010-04-30.xsd#ifrs_ProfitLossAttributableToNoncontrollingInterests" xlink:label="ProfitLossAttributableToNoncontrollingInterests" xlink:title="ProfitLossAttributableToNoncontrollingInterests"/>
    <link:presentationArc xlink:type="arc" xlink:arcrole="http://www.xbrl.org/2003/arcrole/parent-child" xlink:from="ProfitLossAttributableToAbstract" xlink:to="ProfitLossAttributableToNoncontrollingInterests" xlink:title="presentation: ProfitLossAttributableToAbstract to ProfitLossAttributableToNoncontrollingInterests" order="2.0"/>
    <link:loc xlink:type="locator" xlink:href="../../../BSCI/tifrs-bsci-bd-2015-03-31.xsd#tifrs-bsci-bd_ProfitLossAttributableToFormerOwnerOfBusinessCombinationUnderCommonControl" xlink:label="ProfitLossAttributableToFormerOwnerOfBusinessCombinationUnderCommonControl" xlink:title="ProfitLossAttributableToFormerOwnerOfBusinessCombinationUnderCommonControl"/>
    <link:presentationArc xlink:type="arc" xlink:arcrole="http://www.xbrl.org/2003/arcrole/parent-child" xlink:from="ProfitLossAttributableToAbstract" xlink:to="ProfitLossAttributableToFormerOwnerOfBusinessCombinationUnderCommonControl" xlink:title="presentation: ProfitLossAttributableToAbstract to ProfitLossAttributableToFormerOwnerOfBusinessCombinationUnderCommonControl" order="1.1"/>
    <link:loc xlink:type="locator" xlink:href="../../../ifrs_20100430/ifrs-cor_2010-04-30.xsd#ifrs_ComprehensiveIncomeAttributableToAbstract" xlink:label="ComprehensiveIncomeAttributableToAbstract" xlink:title="ComprehensiveIncomeAttributableToAbstract"/>
    <link:presentationArc xlink:type="arc" xlink:arcrole="http://www.xbrl.org/2003/arcrole/parent-child" xlink:from="StatementOfComprehensiveIncomeAbstract" xlink:to="ComprehensiveIncomeAttributableToAbstract" xlink:title="presentation: StatementOfComprehensiveIncomeAbstract to ComprehensiveIncomeAttributableToAbstract" order="10.2"/>
    <link:loc xlink:type="locator" xlink:href="../../../ifrs_20100430/ifrs-cor_2010-04-30.xsd#ifrs_ComprehensiveIncomeAttributableToOwnersOfParent" xlink:label="ComprehensiveIncomeAttributableToOwnersOfParent" xlink:title="ComprehensiveIncomeAttributableToOwnersOfParent"/>
    <link:presentationArc xlink:type="arc" xlink:arcrole="http://www.xbrl.org/2003/arcrole/parent-child" xlink:from="ComprehensiveIncomeAttributableToAbstract" xlink:to="ComprehensiveIncomeAttributableToOwnersOfParent" xlink:title="presentation: ComprehensiveIncomeAttributableToAbstract to ComprehensiveIncomeAttributableToOwnersOfParent" order="1.0"/>
    <link:loc xlink:type="locator" xlink:href="../../../ifrs_20100430/ifrs-cor_2010-04-30.xsd#ifrs_ComprehensiveIncomeAttributableToNoncontrollingInterests" xlink:label="ComprehensiveIncomeAttributableToNoncontrollingInterests" xlink:title="ComprehensiveIncomeAttributableToNoncontrollingInterests"/>
    <link:presentationArc xlink:type="arc" xlink:arcrole="http://www.xbrl.org/2003/arcrole/parent-child" xlink:from="ComprehensiveIncomeAttributableToAbstract" xlink:to="ComprehensiveIncomeAttributableToNoncontrollingInterests" xlink:title="presentation: ComprehensiveIncomeAttributableToAbstract to ComprehensiveIncomeAttributableToNoncontrollingInterests" order="2.0"/>
    <link:loc xlink:type="locator" xlink:href="../../../BSCI/tifrs-bsci-bd-2015-03-31.xsd#tifrs-bsci-bd_ComprehensiveIncomeAttributableToFormerOwnerOfBusinessCombinationUnderCommonControl" xlink:label="ComprehensiveIncomeAttributableToFormerOwnerOfBusinessCombinationUnderCommonControl" xlink:title="ComprehensiveIncomeAttributableToFormerOwnerOfBusinessCombinationUnderCommonControl"/>
    <link:presentationArc xlink:type="arc" xlink:arcrole="http://www.xbrl.org/2003/arcrole/parent-child" xlink:from="ComprehensiveIncomeAttributableToAbstract" xlink:to="ComprehensiveIncomeAttributableToFormerOwnerOfBusinessCombinationUnderCommonControl" xlink:title="presentation: ComprehensiveIncomeAttributableToAbstract to ComprehensiveIncomeAttributableToFormerOwnerOfBusinessCombinationUnderCommonControl" order="1.1"/>
  </link:presentationLink>
  <link:presentationLink xlink:type="extended" xlink:role="http://www.xbrl.org/tifrs/fr/role/StatementOfCashFlows">
    <link:loc xlink:type="locator" xlink:href="../../../SCF/tifrs-scf-2015-03-31.xsd#tifrs-SCF_AdjustmentsToReconcileProfitLossAbstract" xlink:label="AdjustmentsToReconcileProfitLossAbstract" xlink:title="AdjustmentsToReconcileProfitLossAbstract"/>
    <link:loc xlink:type="locator" xlink:href="../../../SCF/tifrs-scf-2015-03-31.xsd#tifrs-SCF_ShareOfLossProfitOfAssociatesAndJointVenturesAccountedForUsingEquityMethod" xlink:label="ShareOfLossProfitOfAssociatesAndJointVenturesAccountedForUsingEquityMethod" xlink:title="ShareOfLossProfitOfAssociatesAndJointVenturesAccountedForUsingEquityMethod"/>
    <link:presentationArc xlink:type="arc" xlink:arcrole="http://www.xbrl.org/2003/arcrole/parent-child" xlink:from="AdjustmentsToReconcileProfitLossAbstract" xlink:to="ShareOfLossProfitOfAssociatesAndJointVenturesAccountedForUsingEquityMethod" xlink:title="presentation: AdjustmentsToReconcileProfitLossAbstract to ShareOfLossProfitOfAssociatesAndJointVenturesAccountedForUsingEquityMethod" order="10.1"/>
    <link:loc xlink:type="locator" xlink:href="../../../ifrs_20100430/ifrs-cor_2010-04-30.xsd#ifrs_CashFlowsFromUsedInFinancingActivitiesAbstract" xlink:label="CashFlowsFromUsedInFinancingActivitiesAbstract" xlink:title="CashFlowsFromUsedInFinancingActivitiesAbstract"/>
    <link:loc xlink:type="locator" xlink:href="../../../SCF/tifrs-scf-2015-03-31.xsd#tifrs-SCF_ChangeInNoncontrollingInterests" xlink:label="ChangeInNoncontrollingInterests" xlink:title="ChangeInNoncontrollingInterests"/>
    <link:presentationArc xlink:type="arc" xlink:arcrole="http://www.xbrl.org/2003/arcrole/parent-child" xlink:from="CashFlowsFromUsedInFinancingActivitiesAbstract" xlink:to="ChangeInNoncontrollingInterests" xlink:title="presentation: CashFlowsFromUsedInFinancingActivitiesAbstract to ChangeInNoncontrollingInterests" order="28.1"/>
  </link:presentationLink>
</link:linkbase>
