<?xml version="1.0" encoding="UTF-8"?>
<!-- Generated by Fujitsu XWand B0184C -->
<link:linkbase xmlns:xsi="http://www.w3.org/2001/XMLSchema-instance" xsi:schemaLocation="http://www.xbrl.org/2003/linkbase http://www.xbrl.org/2003/xbrl-linkbase-2003-12-31.xsd" xmlns:link="http://www.xbrl.org/2003/linkbase" xmlns:xbrli="http://www.xbrl.org/2003/instance" xmlns:xlink="http://www.w3.org/1999/xlink">
  <link:roleRef roleURI="http://www.xbrl.org/tifrs/notes/role/SummaryOfSignificantAccountingPolicies" xlink:type="simple" xlink:href="../tifrs-notes-2013-03-31.xsd#RT_5"/>
  <link:roleRef roleURI="http://www.xbrl.org/tifrs/notes/role/EndorsementGuaranteeProvidedToOthers" xlink:type="simple" xlink:href="tifrs-notes-bd-2013-03-31.xsd#RT_3"/>
  <link:roleRef roleURI="http://www.xbrl.org/tifrs/notes/role/InvestmentInMainlandChina" xlink:type="simple" xlink:href="tifrs-notes-bd-2013-03-31.xsd#RT_5"/>
  <link:roleRef roleURI="http://www.xbrl.org/tifrs/notes/role/LoansToOthers" xlink:type="simple" xlink:href="tifrs-notes-bd-2013-03-31.xsd#RT_2"/>
  <link:roleRef roleURI="http://www.xbrl.org/tifrs/notes/role/NamesLocationsAndRelatedInformationOfInvesteesOverWhichTheCompanyExercisesSignificantInfluence" xlink:type="simple" xlink:href="tifrs-notes-bd-2013-03-31.xsd#RT_4"/>
  <link:presentationLink xlink:type="extended" xlink:role="http://www.xbrl.org/tifrs/notes/role/SummaryOfSignificantAccountingPolicies">
    <link:loc xlink:type="locator" xlink:href="../tifrs-notes-2013-03-31.xsd#tifrs-notes_SummaryOfSignificantAccountingPoliciesAbstract" xlink:label="SummaryOfSignificantAccountingPoliciesAbstract" xlink:title="SummaryOfSignificantAccountingPoliciesAbstract"/>
    <link:loc xlink:type="locator" xlink:href="../tifrs-notes-2013-03-31.xsd#tifrs-notes_MarginLoansStockLoansAndRefinancing" xlink:label="MarginLoansStockLoansAndRefinancing" xlink:title="MarginLoansStockLoansAndRefinancing"/>
    <link:presentationArc xlink:type="arc" xlink:arcrole="http://www.xbrl.org/2003/arcrole/parent-child" xlink:from="SummaryOfSignificantAccountingPoliciesAbstract" xlink:to="MarginLoansStockLoansAndRefinancing" xlink:title="presentation: SummaryOfSignificantAccountingPoliciesAbstract to MarginLoansStockLoansAndRefinancing" order="8.1"/>
    <link:loc xlink:type="locator" xlink:href="../tifrs-notes-2013-03-31.xsd#tifrs-notes_BillsAndBondsUnderRepurchaseOrResaleAgreements" xlink:label="BillsAndBondsUnderRepurchaseOrResaleAgreements" xlink:title="BillsAndBondsUnderRepurchaseOrResaleAgreements"/>
    <link:presentationArc xlink:type="arc" xlink:arcrole="http://www.xbrl.org/2003/arcrole/parent-child" xlink:from="SummaryOfSignificantAccountingPoliciesAbstract" xlink:to="BillsAndBondsUnderRepurchaseOrResaleAgreements" xlink:title="presentation: SummaryOfSignificantAccountingPoliciesAbstract to BillsAndBondsUnderRepurchaseOrResaleAgreements" order="8.2"/>
    <link:loc xlink:type="locator" xlink:href="../tifrs-notes-2013-03-31.xsd#tifrs-notes_MoneyLendingInConnectionWithSecuritiesBusinessAndSecuritiesLending" xlink:label="MoneyLendingInConnectionWithSecuritiesBusinessAndSecuritiesLending" xlink:title="MoneyLendingInConnectionWithSecuritiesBusinessAndSecuritiesLending"/>
    <link:presentationArc xlink:type="arc" xlink:arcrole="http://www.xbrl.org/2003/arcrole/parent-child" xlink:from="SummaryOfSignificantAccountingPoliciesAbstract" xlink:to="MoneyLendingInConnectionWithSecuritiesBusinessAndSecuritiesLending" xlink:title="presentation: SummaryOfSignificantAccountingPoliciesAbstract to MoneyLendingInConnectionWithSecuritiesBusinessAndSecuritiesLending" order="8.3"/>
    <link:loc xlink:type="locator" xlink:href="../tifrs-notes-2013-03-31.xsd#tifrs-notes_CustomerMarginAccountsAndEquityOfFuturesTrader" xlink:label="CustomerMarginAccountsAndEquityOfFuturesTrader" xlink:title="CustomerMarginAccountsAndEquityOfFuturesTrader"/>
    <link:presentationArc xlink:type="arc" xlink:arcrole="http://www.xbrl.org/2003/arcrole/parent-child" xlink:from="SummaryOfSignificantAccountingPoliciesAbstract" xlink:to="CustomerMarginAccountsAndEquityOfFuturesTrader" xlink:title="presentation: SummaryOfSignificantAccountingPoliciesAbstract to CustomerMarginAccountsAndEquityOfFuturesTrader" order="8.4"/>
    <link:loc xlink:type="locator" xlink:href="../tifrs-notes-2013-03-31.xsd#tifrs-notes_FuturesTrading" xlink:label="FuturesTrading" xlink:title="FuturesTrading"/>
    <link:presentationArc xlink:type="arc" xlink:arcrole="http://www.xbrl.org/2003/arcrole/parent-child" xlink:from="SummaryOfSignificantAccountingPoliciesAbstract" xlink:to="FuturesTrading" xlink:title="presentation: SummaryOfSignificantAccountingPoliciesAbstract to FuturesTrading" order="9.1"/>
    <link:loc xlink:type="locator" xlink:href="../tifrs-notes-2013-03-31.xsd#tifrs-notes_ConstructionContracts" xlink:label="ConstructionContracts" xlink:title="ConstructionContracts"/>
    <link:presentationArc xlink:type="arc" xlink:arcrole="http://www.xbrl.org/2003/arcrole/parent-child" xlink:from="SummaryOfSignificantAccountingPoliciesAbstract" xlink:to="ConstructionContracts" xlink:title="presentation: SummaryOfSignificantAccountingPoliciesAbstract to ConstructionContracts" order="9.2"/>
    <link:loc xlink:type="locator" xlink:href="../tifrs-notes-2013-03-31.xsd#tifrs-notes_ReceiptsUnderCustodyFromExerciseOfWarrantAndCustomersSecuritySubscription" xlink:label="ReceiptsUnderCustodyFromExerciseOfWarrantAndCustomersSecuritySubscription" xlink:title="ReceiptsUnderCustodyFromExerciseOfWarrantAndCustomersSecuritySubscription"/>
    <link:presentationArc xlink:type="arc" xlink:arcrole="http://www.xbrl.org/2003/arcrole/parent-child" xlink:from="SummaryOfSignificantAccountingPoliciesAbstract" xlink:to="ReceiptsUnderCustodyFromExerciseOfWarrantAndCustomersSecuritySubscription" xlink:title="presentation: SummaryOfSignificantAccountingPoliciesAbstract to ReceiptsUnderCustodyFromExerciseOfWarrantAndCustomersSecuritySubscription" order="18.1"/>
    <link:loc xlink:type="locator" xlink:href="../tifrs-notes-2013-03-31.xsd#tifrs-notes_CashSurrenderValueOfLifeInsuranc" xlink:label="CashSurrenderValueOfLifeInsuranc" xlink:title="CashSurrenderValueOfLifeInsuranc"/>
    <link:presentationArc xlink:type="arc" xlink:arcrole="http://www.xbrl.org/2003/arcrole/parent-child" xlink:from="SummaryOfSignificantAccountingPoliciesAbstract" xlink:to="CashSurrenderValueOfLifeInsuranc" xlink:title="presentation: SummaryOfSignificantAccountingPoliciesAbstract to CashSurrenderValueOfLifeInsuranc" order="14.0"/>
  </link:presentationLink>
  <link:presentationLink xlink:type="extended" xlink:role="http://www.xbrl.org/tifrs/notes/role/LoansToOthers">
    <link:loc xlink:type="locator" xlink:href="../tifrs-notes-2013-03-31.xsd#tifrs-notes_LoansToOthersAbstract" xlink:label="LoansToOthersAbstract" xlink:title="LoansToOthersAbstract"/>
    <link:loc xlink:type="locator" xlink:href="../tifrs-notes-2013-03-31.xsd#tifrs-notes_LoansToOthers" xlink:label="LoansToOthers" xlink:title="LoansToOthers"/>
    <link:presentationArc xlink:type="arc" xlink:arcrole="http://www.xbrl.org/2003/arcrole/parent-child" xlink:from="LoansToOthersAbstract" xlink:to="LoansToOthers" xlink:title="presentation: LoansToOthersAbstract to LoansToOthers" order="1.0"/>
    <link:loc xlink:type="locator" xlink:href="../tifrs-notes-2013-03-31.xsd#tifrs-notes_No." xlink:label="No." xlink:title="No."/>
    <link:presentationArc xlink:type="arc" xlink:arcrole="http://www.xbrl.org/2003/arcrole/parent-child" xlink:from="LoansToOthers" xlink:to="No." xlink:title="presentation: LoansToOthers to No." order="1.0"/>
    <link:loc xlink:type="locator" xlink:href="../tifrs-notes-2013-03-31.xsd#tifrs-notes_Lender1" xlink:label="Lender1" xlink:title="Lender1"/>
    <link:presentationArc xlink:type="arc" xlink:arcrole="http://www.xbrl.org/2003/arcrole/parent-child" xlink:from="LoansToOthers" xlink:to="Lender1" xlink:title="presentation: LoansToOthers to Lender1" use="optional" order="2.0"/>
    <link:loc xlink:type="locator" xlink:href="../tifrs-notes-2013-03-31.xsd#tifrs-notes_Counterparty1" xlink:label="Counterparty1" xlink:title="Counterparty1"/>
    <link:presentationArc xlink:type="arc" xlink:arcrole="http://www.xbrl.org/2003/arcrole/parent-child" xlink:from="LoansToOthers" xlink:to="Counterparty1" xlink:title="presentation: LoansToOthers to Counterparty1" use="optional" order="3.0"/>
    <link:loc xlink:type="locator" xlink:href="../tifrs-notes-2013-03-31.xsd#tifrs-notes_FinancialStatementItem" xlink:label="FinancialStatementItem" xlink:title="FinancialStatementItem"/>
    <link:presentationArc xlink:type="arc" xlink:arcrole="http://www.xbrl.org/2003/arcrole/parent-child" xlink:from="LoansToOthers" xlink:to="FinancialStatementItem" xlink:title="presentation: LoansToOthers to FinancialStatementItem" use="optional" order="4.0"/>
    <link:loc xlink:type="locator" xlink:href="../tifrs-notes-2013-03-31.xsd#tifrs-notes_MaximumBalanceForThePeriod1" xlink:label="MaximumBalanceForThePeriod1" xlink:title="MaximumBalanceForThePeriod1"/>
    <link:presentationArc xlink:type="arc" xlink:arcrole="http://www.xbrl.org/2003/arcrole/parent-child" xlink:from="LoansToOthers" xlink:to="MaximumBalanceForThePeriod1" xlink:title="presentation: LoansToOthers to MaximumBalanceForThePeriod1" use="optional" order="5.0"/>
    <link:loc xlink:type="locator" xlink:href="../tifrs-notes-2013-03-31.xsd#tifrs-notes_EndingBalance1" xlink:label="EndingBalance1" xlink:title="EndingBalance1"/>
    <link:presentationArc xlink:type="arc" xlink:arcrole="http://www.xbrl.org/2003/arcrole/parent-child" xlink:from="LoansToOthers" xlink:to="EndingBalance1" xlink:title="presentation: LoansToOthers to EndingBalance1" use="optional" order="6.0"/>
    <link:loc xlink:type="locator" xlink:href="../tifrs-notes-2013-03-31.xsd#tifrs-notes_ActualAmountProvided" xlink:label="ActualAmountProvided" xlink:title="ActualAmountProvided"/>
    <link:presentationArc xlink:type="arc" xlink:arcrole="http://www.xbrl.org/2003/arcrole/parent-child" xlink:from="LoansToOthers" xlink:to="ActualAmountProvided" xlink:title="presentation: LoansToOthers to ActualAmountProvided" use="optional" order="7.0"/>
    <link:loc xlink:type="locator" xlink:href="../tifrs-notes-2013-03-31.xsd#tifrs-notes_RangeOfInterestRates" xlink:label="RangeOfInterestRates" xlink:title="RangeOfInterestRates"/>
    <link:presentationArc xlink:type="arc" xlink:arcrole="http://www.xbrl.org/2003/arcrole/parent-child" xlink:from="LoansToOthers" xlink:to="RangeOfInterestRates" xlink:title="presentation: LoansToOthers to RangeOfInterestRates" use="optional" order="8.0"/>
    <link:loc xlink:type="locator" xlink:href="../tifrs-notes-2013-03-31.xsd#tifrs-notes_NatureOfLoans" xlink:label="NatureOfLoans" xlink:title="NatureOfLoans"/>
    <link:presentationArc xlink:type="arc" xlink:arcrole="http://www.xbrl.org/2003/arcrole/parent-child" xlink:from="LoansToOthers" xlink:to="NatureOfLoans" xlink:title="presentation: LoansToOthers to NatureOfLoans" use="optional" order="9.0"/>
    <link:loc xlink:type="locator" xlink:href="../tifrs-notes-2013-03-31.xsd#tifrs-notes_AmountOfSalesToPurchasesFromCounterparty" xlink:label="AmountOfSalesToPurchasesFromCounterparty" xlink:title="AmountOfSalesToPurchasesFromCounterparty"/>
    <link:presentationArc xlink:type="arc" xlink:arcrole="http://www.xbrl.org/2003/arcrole/parent-child" xlink:from="LoansToOthers" xlink:to="AmountOfSalesToPurchasesFromCounterparty" xlink:title="presentation: LoansToOthers to AmountOfSalesToPurchasesFromCounterparty" use="optional" order="10.0"/>
    <link:loc xlink:type="locator" xlink:href="../tifrs-notes-2013-03-31.xsd#tifrs-notes_ReasonForShort-termLoans" xlink:label="ReasonForShort-termLoans" xlink:title="ReasonForShort-termLoans"/>
    <link:presentationArc xlink:type="arc" xlink:arcrole="http://www.xbrl.org/2003/arcrole/parent-child" xlink:from="LoansToOthers" xlink:to="ReasonForShort-termLoans" xlink:title="presentation: LoansToOthers to ReasonForShort-termLoans" use="optional" order="11.0"/>
    <link:loc xlink:type="locator" xlink:href="../tifrs-notes-2013-03-31.xsd#tifrs-notes_Collateral" xlink:label="Collateral" xlink:title="Collateral"/>
    <link:presentationArc xlink:type="arc" xlink:arcrole="http://www.xbrl.org/2003/arcrole/parent-child" xlink:from="LoansToOthers" xlink:to="Collateral" xlink:title="presentation: LoansToOthers to Collateral" use="optional" order="13.0"/>
    <link:loc xlink:type="locator" xlink:href="../tifrs-notes-2013-03-31.xsd#tifrs-notes_Item1" xlink:label="Item1" xlink:title="Item1"/>
    <link:presentationArc xlink:type="arc" xlink:arcrole="http://www.xbrl.org/2003/arcrole/parent-child" xlink:from="Collateral" xlink:to="Item1" xlink:title="presentation: Collateral to Item1" use="optional" order="1.0"/>
    <link:loc xlink:type="locator" xlink:href="../tifrs-notes-2013-03-31.xsd#tifrs-notes_Value" xlink:label="Value" xlink:title="Value"/>
    <link:presentationArc xlink:type="arc" xlink:arcrole="http://www.xbrl.org/2003/arcrole/parent-child" xlink:from="Collateral" xlink:to="Value" xlink:title="presentation: Collateral to Value" use="optional" order="2.0"/>
    <link:loc xlink:type="locator" xlink:href="../tifrs-notes-2013-03-31.xsd#tifrs-notes_LimitOfLoanAmountForIndividualCounterparty" xlink:label="LimitOfLoanAmountForIndividualCounterparty" xlink:title="LimitOfLoanAmountForIndividualCounterparty"/>
    <link:presentationArc xlink:type="arc" xlink:arcrole="http://www.xbrl.org/2003/arcrole/parent-child" xlink:from="LoansToOthers" xlink:to="LimitOfLoanAmountForIndividualCounterparty" xlink:title="presentation: LoansToOthers to LimitOfLoanAmountForIndividualCounterparty" use="optional" order="14.0"/>
    <link:loc xlink:type="locator" xlink:href="../tifrs-notes-2013-03-31.xsd#tifrs-notes_LimitOfTotalLoanAmount1" xlink:label="LimitOfTotalLoanAmount1" xlink:title="LimitOfTotalLoanAmount1"/>
    <link:presentationArc xlink:type="arc" xlink:arcrole="http://www.xbrl.org/2003/arcrole/parent-child" xlink:from="LoansToOthers" xlink:to="LimitOfTotalLoanAmount1" xlink:title="presentation: LoansToOthers to LimitOfTotalLoanAmount1" use="optional" order="15.0"/>
    <link:loc xlink:type="locator" xlink:href="../tifrs-notes-2013-03-31.xsd#tifrs-notes_Note" xlink:label="Note" xlink:title="Note"/>
    <link:presentationArc xlink:type="arc" xlink:arcrole="http://www.xbrl.org/2003/arcrole/parent-child" xlink:from="LoansToOthers" xlink:to="Note" xlink:title="presentation: LoansToOthers to Note" use="optional" order="16.0"/>
    <link:loc xlink:type="locator" xlink:href="../tifrs-notes-2013-03-31.xsd#tifrs-notes_AllowanceForBadDebts" xlink:label="AllowanceForBadDebts" xlink:title="AllowanceForBadDebts"/>
    <link:presentationArc xlink:type="arc" xlink:arcrole="http://www.xbrl.org/2003/arcrole/parent-child" xlink:from="LoansToOthers" xlink:to="AllowanceForBadDebts" xlink:title="presentation: LoansToOthers to AllowanceForBadDebts" order="12.0"/>
    <link:loc xlink:type="locator" xlink:href="../tifrs-notes-2013-03-31.xsd#tifrs-notes_TotalEndingBalance1-Parent" xlink:label="TotalEndingBalance1-Parent" xlink:title="TotalEndingBalance1-Parent"/>
    <link:presentationArc xlink:type="arc" xlink:arcrole="http://www.xbrl.org/2003/arcrole/parent-child" xlink:from="LoansToOthersAbstract" xlink:to="TotalEndingBalance1-Parent" xlink:title="presentation: LoansToOthersAbstract to TotalEndingBalance1-Parent" order="2.0"/>
    <link:loc xlink:type="locator" xlink:href="../tifrs-notes-2013-03-31.xsd#tifrs-notes_TotalEndingBalance1-Subsidiaries" xlink:label="TotalEndingBalance1-Subsidiaries" xlink:title="TotalEndingBalance1-Subsidiaries"/>
    <link:presentationArc xlink:type="arc" xlink:arcrole="http://www.xbrl.org/2003/arcrole/parent-child" xlink:from="LoansToOthersAbstract" xlink:to="TotalEndingBalance1-Subsidiaries" xlink:title="presentation: LoansToOthersAbstract to TotalEndingBalance1-Subsidiaries" order="3.0"/>
    <link:loc xlink:type="locator" xlink:href="../tifrs-notes-2013-03-31.xsd#tifrs-notes_TotalActualAmountProvided1-Parent" xlink:label="TotalActualAmountProvided1-Parent" xlink:title="TotalActualAmountProvided1-Parent"/>
    <link:presentationArc xlink:type="arc" xlink:arcrole="http://www.xbrl.org/2003/arcrole/parent-child" xlink:from="LoansToOthersAbstract" xlink:to="TotalActualAmountProvided1-Parent" xlink:title="presentation: LoansToOthersAbstract to TotalActualAmountProvided1-Parent" order="4.0"/>
    <link:loc xlink:type="locator" xlink:href="../tifrs-notes-2013-03-31.xsd#tifrs-notes_TotalActualAmountProvided1-Subsidiaries" xlink:label="TotalActualAmountProvided1-Subsidiaries" xlink:title="TotalActualAmountProvided1-Subsidiaries"/>
    <link:presentationArc xlink:type="arc" xlink:arcrole="http://www.xbrl.org/2003/arcrole/parent-child" xlink:from="LoansToOthersAbstract" xlink:to="TotalActualAmountProvided1-Subsidiaries" xlink:title="presentation: LoansToOthersAbstract to TotalActualAmountProvided1-Subsidiaries" order="5.0"/>
    <link:loc xlink:type="locator" xlink:href="../tifrs-notes-2013-03-31.xsd#tifrs-notes_Note-LoansToOthers" xlink:label="Note-LoansToOthers" xlink:title="Note-LoansToOthers"/>
    <link:presentationArc xlink:type="arc" xlink:arcrole="http://www.xbrl.org/2003/arcrole/parent-child" xlink:from="LoansToOthersAbstract" xlink:to="Note-LoansToOthers" xlink:title="presentation: LoansToOthersAbstract to Note-LoansToOthers" order="6.0"/>
  </link:presentationLink>
  <link:presentationLink xlink:type="extended" xlink:role="http://www.xbrl.org/tifrs/notes/role/EndorsementGuaranteeProvidedToOthers">
    <link:loc xlink:type="locator" xlink:href="../tifrs-notes-2013-03-31.xsd#tifrs-notes_EndorsementGuaranteeProvidedToOthersAbstract" xlink:label="EndorsementGuaranteeProvidedToOthersAbstract" xlink:title="EndorsementGuaranteeProvidedToOthersAbstract"/>
    <link:loc xlink:type="locator" xlink:href="../tifrs-notes-2013-03-31.xsd#tifrs-notes_EndorsementGuaranteeProvidedToOthers" xlink:label="EndorsementGuaranteeProvidedToOthers" xlink:title="EndorsementGuaranteeProvidedToOthers"/>
    <link:presentationArc xlink:type="arc" xlink:arcrole="http://www.xbrl.org/2003/arcrole/parent-child" xlink:from="EndorsementGuaranteeProvidedToOthersAbstract" xlink:to="EndorsementGuaranteeProvidedToOthers" xlink:title="presentation: EndorsementGuaranteeProvidedToOthersAbstract to EndorsementGuaranteeProvidedToOthers" order="1.0"/>
    <link:loc xlink:type="locator" xlink:href="../tifrs-notes-2013-03-31.xsd#tifrs-notes_No." xlink:label="No." xlink:title="No."/>
    <link:presentationArc xlink:type="arc" xlink:arcrole="http://www.xbrl.org/2003/arcrole/parent-child" xlink:from="EndorsementGuaranteeProvidedToOthers" xlink:to="No." xlink:title="presentation: EndorsementGuaranteeProvidedToOthers to No." order="1.0"/>
    <link:loc xlink:type="locator" xlink:href="../tifrs-notes-2013-03-31.xsd#tifrs-notes_CompanyNameOfTheEndorserGuarantor" xlink:label="CompanyNameOfTheEndorserGuarantor" xlink:title="CompanyNameOfTheEndorserGuarantor"/>
    <link:presentationArc xlink:type="arc" xlink:arcrole="http://www.xbrl.org/2003/arcrole/parent-child" xlink:from="EndorsementGuaranteeProvidedToOthers" xlink:to="CompanyNameOfTheEndorserGuarantor" xlink:title="presentation: EndorsementGuaranteeProvidedToOthers to CompanyNameOfTheEndorserGuarantor" order="2.0"/>
    <link:loc xlink:type="locator" xlink:href="../tifrs-notes-2013-03-31.xsd#tifrs-notes_Counterparty2" xlink:label="Counterparty2" xlink:title="Counterparty2"/>
    <link:presentationArc xlink:type="arc" xlink:arcrole="http://www.xbrl.org/2003/arcrole/parent-child" xlink:from="EndorsementGuaranteeProvidedToOthers" xlink:to="Counterparty2" xlink:title="presentation: EndorsementGuaranteeProvidedToOthers to Counterparty2" order="3.0"/>
    <link:loc xlink:type="locator" xlink:href="../tifrs-notes-2013-03-31.xsd#tifrs-notes_NameOfTheCompany" xlink:label="NameOfTheCompany" xlink:title="NameOfTheCompany"/>
    <link:presentationArc xlink:type="arc" xlink:arcrole="http://www.xbrl.org/2003/arcrole/parent-child" xlink:from="Counterparty2" xlink:to="NameOfTheCompany" xlink:title="presentation: Counterparty2 to NameOfTheCompany" order="1.0"/>
    <link:loc xlink:type="locator" xlink:href="../tifrs-notes-2013-03-31.xsd#tifrs-notes_Relationship1" xlink:label="Relationship1" xlink:title="Relationship1"/>
    <link:presentationArc xlink:type="arc" xlink:arcrole="http://www.xbrl.org/2003/arcrole/parent-child" xlink:from="Counterparty2" xlink:to="Relationship1" xlink:title="presentation: Counterparty2 to Relationship1" order="2.0"/>
    <link:loc xlink:type="locator" xlink:href="../tifrs-notes-2013-03-31.xsd#tifrs-notes_LimitOnEndorsementGuaranteeAmountProvidedToIndividualCounterparty" xlink:label="LimitOnEndorsementGuaranteeAmountProvidedToIndividualCounterparty" xlink:title="LimitOnEndorsementGuaranteeAmountProvidedToIndividualCounterparty"/>
    <link:presentationArc xlink:type="arc" xlink:arcrole="http://www.xbrl.org/2003/arcrole/parent-child" xlink:from="EndorsementGuaranteeProvidedToOthers" xlink:to="LimitOnEndorsementGuaranteeAmountProvidedToIndividualCounterparty" xlink:title="presentation: EndorsementGuaranteeProvidedToOthers to LimitOnEndorsementGuaranteeAmountProvidedToIndividualCounterparty" order="4.0"/>
    <link:loc xlink:type="locator" xlink:href="../tifrs-notes-2013-03-31.xsd#tifrs-notes_MaximumBalanceForThePeriod" xlink:label="MaximumBalanceForThePeriod" xlink:title="MaximumBalanceForThePeriod"/>
    <link:presentationArc xlink:type="arc" xlink:arcrole="http://www.xbrl.org/2003/arcrole/parent-child" xlink:from="EndorsementGuaranteeProvidedToOthers" xlink:to="MaximumBalanceForThePeriod" xlink:title="presentation: EndorsementGuaranteeProvidedToOthers to MaximumBalanceForThePeriod" order="5.0"/>
    <link:loc xlink:type="locator" xlink:href="../tifrs-notes-2013-03-31.xsd#tifrs-notes_EndingBalance2" xlink:label="EndingBalance2" xlink:title="EndingBalance2"/>
    <link:presentationArc xlink:type="arc" xlink:arcrole="http://www.xbrl.org/2003/arcrole/parent-child" xlink:from="EndorsementGuaranteeProvidedToOthers" xlink:to="EndingBalance2" xlink:title="presentation: EndorsementGuaranteeProvidedToOthers to EndingBalance2" order="6.0"/>
    <link:loc xlink:type="locator" xlink:href="../tifrs-notes-2013-03-31.xsd#tifrs-notes_ActualAmountProvided" xlink:label="ActualAmountProvided" xlink:title="ActualAmountProvided"/>
    <link:presentationArc xlink:type="arc" xlink:arcrole="http://www.xbrl.org/2003/arcrole/parent-child" xlink:from="EndorsementGuaranteeProvidedToOthers" xlink:to="ActualAmountProvided" xlink:title="presentation: EndorsementGuaranteeProvidedToOthers to ActualAmountProvided" order="7.0"/>
    <link:loc xlink:type="locator" xlink:href="../tifrs-notes-2013-03-31.xsd#tifrs-notes_AmountOfEndorsementsGuaranteesSecuredWithCollateral" xlink:label="AmountOfEndorsementsGuaranteesSecuredWithCollateral" xlink:title="AmountOfEndorsementsGuaranteesSecuredWithCollateral"/>
    <link:presentationArc xlink:type="arc" xlink:arcrole="http://www.xbrl.org/2003/arcrole/parent-child" xlink:from="EndorsementGuaranteeProvidedToOthers" xlink:to="AmountOfEndorsementsGuaranteesSecuredWithCollateral" xlink:title="presentation: EndorsementGuaranteeProvidedToOthers to AmountOfEndorsementsGuaranteesSecuredWithCollateral" order="8.0"/>
    <link:loc xlink:type="locator" xlink:href="../tifrs-notes-2013-03-31.xsd#tifrs-notes_RatioOfAccumulatedEndorsementGuaranteeAmountToNetAssetOfTheCompanyPerLatestFinancialStatements" xlink:label="RatioOfAccumulatedEndorsementGuaranteeAmountToNetAssetOfTheCompanyPerLatestFinancialStatements" xlink:title="RatioOfAccumulatedEndorsementGuaranteeAmountToNetAssetOfTheCompanyPerLatestFinancialStatements"/>
    <link:presentationArc xlink:type="arc" xlink:arcrole="http://www.xbrl.org/2003/arcrole/parent-child" xlink:from="EndorsementGuaranteeProvidedToOthers" xlink:to="RatioOfAccumulatedEndorsementGuaranteeAmountToNetAssetOfTheCompanyPerLatestFinancialStatements" xlink:title="presentation: EndorsementGuaranteeProvidedToOthers to RatioOfAccumulatedEndorsementGuaranteeAmountToNetAssetOfTheCompanyPerLatestFinancialStatements" order="9.0"/>
    <link:loc xlink:type="locator" xlink:href="../tifrs-notes-2013-03-31.xsd#tifrs-notes_LimitOfTotalGuaranteeEndorsementAmount" xlink:label="LimitOfTotalGuaranteeEndorsementAmount" xlink:title="LimitOfTotalGuaranteeEndorsementAmount"/>
    <link:presentationArc xlink:type="arc" xlink:arcrole="http://www.xbrl.org/2003/arcrole/parent-child" xlink:from="EndorsementGuaranteeProvidedToOthers" xlink:to="LimitOfTotalGuaranteeEndorsementAmount" xlink:title="presentation: EndorsementGuaranteeProvidedToOthers to LimitOfTotalGuaranteeEndorsementAmount" order="10.0"/>
    <link:loc xlink:type="locator" xlink:href="../tifrs-notes-2013-03-31.xsd#tifrs-notes_EndorsementsGuaranteesProvidedToSubsidiaryByParentCompany" xlink:label="EndorsementsGuaranteesProvidedToSubsidiaryByParentCompany" xlink:title="EndorsementsGuaranteesProvidedToSubsidiaryByParentCompany"/>
    <link:presentationArc xlink:type="arc" xlink:arcrole="http://www.xbrl.org/2003/arcrole/parent-child" xlink:from="EndorsementGuaranteeProvidedToOthers" xlink:to="EndorsementsGuaranteesProvidedToSubsidiaryByParentCompany" xlink:title="presentation: EndorsementGuaranteeProvidedToOthers to EndorsementsGuaranteesProvidedToSubsidiaryByParentCompany" order="11.0"/>
    <link:loc xlink:type="locator" xlink:href="../tifrs-notes-2013-03-31.xsd#tifrs-notes_EndorsementsGuaranteesProvidedToParentCompanyBySubsidiaries" xlink:label="EndorsementsGuaranteesProvidedToParentCompanyBySubsidiaries" xlink:title="EndorsementsGuaranteesProvidedToParentCompanyBySubsidiaries"/>
    <link:presentationArc xlink:type="arc" xlink:arcrole="http://www.xbrl.org/2003/arcrole/parent-child" xlink:from="EndorsementGuaranteeProvidedToOthers" xlink:to="EndorsementsGuaranteesProvidedToParentCompanyBySubsidiaries" xlink:title="presentation: EndorsementGuaranteeProvidedToOthers to EndorsementsGuaranteesProvidedToParentCompanyBySubsidiaries" order="12.0"/>
    <link:loc xlink:type="locator" xlink:href="../tifrs-notes-2013-03-31.xsd#tifrs-notes_EndorsementsGuaranteesProvidedToCompanyInMainlandChina" xlink:label="EndorsementsGuaranteesProvidedToCompanyInMainlandChina" xlink:title="EndorsementsGuaranteesProvidedToCompanyInMainlandChina"/>
    <link:presentationArc xlink:type="arc" xlink:arcrole="http://www.xbrl.org/2003/arcrole/parent-child" xlink:from="EndorsementGuaranteeProvidedToOthers" xlink:to="EndorsementsGuaranteesProvidedToCompanyInMainlandChina" xlink:title="presentation: EndorsementGuaranteeProvidedToOthers to EndorsementsGuaranteesProvidedToCompanyInMainlandChina" order="13.0"/>
    <link:loc xlink:type="locator" xlink:href="../tifrs-notes-2013-03-31.xsd#tifrs-notes_Note" xlink:label="Note" xlink:title="Note"/>
    <link:presentationArc xlink:type="arc" xlink:arcrole="http://www.xbrl.org/2003/arcrole/parent-child" xlink:from="EndorsementGuaranteeProvidedToOthers" xlink:to="Note" xlink:title="presentation: EndorsementGuaranteeProvidedToOthers to Note" order="14.0"/>
    <link:loc xlink:type="locator" xlink:href="../tifrs-notes-2013-03-31.xsd#tifrs-notes_TotalEndingBalance2-Parent" xlink:label="TotalEndingBalance2-Parent" xlink:title="TotalEndingBalance2-Parent"/>
    <link:presentationArc xlink:type="arc" xlink:arcrole="http://www.xbrl.org/2003/arcrole/parent-child" xlink:from="EndorsementGuaranteeProvidedToOthersAbstract" xlink:to="TotalEndingBalance2-Parent" xlink:title="presentation: EndorsementGuaranteeProvidedToOthersAbstract to TotalEndingBalance2-Parent" order="2.0"/>
    <link:loc xlink:type="locator" xlink:href="../tifrs-notes-2013-03-31.xsd#tifrs-notes_TotalEndingBalance2-Subsidiaries" xlink:label="TotalEndingBalance2-Subsidiaries" xlink:title="TotalEndingBalance2-Subsidiaries"/>
    <link:presentationArc xlink:type="arc" xlink:arcrole="http://www.xbrl.org/2003/arcrole/parent-child" xlink:from="EndorsementGuaranteeProvidedToOthersAbstract" xlink:to="TotalEndingBalance2-Subsidiaries" xlink:title="presentation: EndorsementGuaranteeProvidedToOthersAbstract to TotalEndingBalance2-Subsidiaries" order="3.0"/>
    <link:loc xlink:type="locator" xlink:href="../tifrs-notes-2013-03-31.xsd#tifrs-notes_TotalActualAmountProvided2-Parent" xlink:label="TotalActualAmountProvided2-Parent" xlink:title="TotalActualAmountProvided2-Parent"/>
    <link:presentationArc xlink:type="arc" xlink:arcrole="http://www.xbrl.org/2003/arcrole/parent-child" xlink:from="EndorsementGuaranteeProvidedToOthersAbstract" xlink:to="TotalActualAmountProvided2-Parent" xlink:title="presentation: EndorsementGuaranteeProvidedToOthersAbstract to TotalActualAmountProvided2-Parent" order="4.0"/>
    <link:loc xlink:type="locator" xlink:href="../tifrs-notes-2013-03-31.xsd#tifrs-notes_TotalActualAmountProvided2-Subsidiaries" xlink:label="TotalActualAmountProvided2-Subsidiaries" xlink:title="TotalActualAmountProvided2-Subsidiaries"/>
    <link:presentationArc xlink:type="arc" xlink:arcrole="http://www.xbrl.org/2003/arcrole/parent-child" xlink:from="EndorsementGuaranteeProvidedToOthersAbstract" xlink:to="TotalActualAmountProvided2-Subsidiaries" xlink:title="presentation: EndorsementGuaranteeProvidedToOthersAbstract to TotalActualAmountProvided2-Subsidiaries" order="5.0"/>
    <link:loc xlink:type="locator" xlink:href="../tifrs-notes-2013-03-31.xsd#tifrs-notes_Note-EndorsementGuaranteeProvidedToOthers" xlink:label="Note-EndorsementGuaranteeProvidedToOthers" xlink:title="Note-EndorsementGuaranteeProvidedToOthers"/>
    <link:presentationArc xlink:type="arc" xlink:arcrole="http://www.xbrl.org/2003/arcrole/parent-child" xlink:from="EndorsementGuaranteeProvidedToOthersAbstract" xlink:to="Note-EndorsementGuaranteeProvidedToOthers" xlink:title="presentation: EndorsementGuaranteeProvidedToOthersAbstract to Note-EndorsementGuaranteeProvidedToOthers" order="6.0"/>
  </link:presentationLink>
  <link:presentationLink xlink:type="extended" xlink:role="http://www.xbrl.org/tifrs/notes/role/NamesLocationsAndRelatedInformationOfInvesteesOverWhichTheCompanyExercisesSignificantInfluence">
    <link:loc xlink:type="locator" xlink:href="../tifrs-notes-2013-03-31.xsd#tifrs-notes_NamesLocationsAndRelatedInformationOfInvesteesOverWhichTheCompanyExercisesSignificantInfluenceAbstract" xlink:label="NamesLocationsAndRelatedInformationOfInvesteesOverWhichTheCompanyExercisesSignificantInfluenceAbstract" xlink:title="NamesLocationsAndRelatedInformationOfInvesteesOverWhichTheCompanyExercisesSignificantInfluenceAbstract"/>
    <link:loc xlink:type="locator" xlink:href="../tifrs-notes-2013-03-31.xsd#tifrs-notes_NamesLocationsAndRelatedInformationOfInvesteesOverWhichTheCompanyExercisesSignificantInfluence" xlink:label="NamesLocationsAndRelatedInformationOfInvesteesOverWhichTheCompanyExercisesSignificantInfluence" xlink:title="NamesLocationsAndRelatedInformationOfInvesteesOverWhichTheCompanyExercisesSignificantInfluence"/>
    <link:presentationArc xlink:type="arc" xlink:arcrole="http://www.xbrl.org/2003/arcrole/parent-child" xlink:from="NamesLocationsAndRelatedInformationOfInvesteesOverWhichTheCompanyExercisesSignificantInfluenceAbstract" xlink:to="NamesLocationsAndRelatedInformationOfInvesteesOverWhichTheCompanyExercisesSignificantInfluence" xlink:title="presentation: NamesLocationsAndRelatedInformationOfInvesteesOverWhichTheCompanyExercisesSignificantInfluenceAbstract to NamesLocationsAndRelatedInformationOfInvesteesOverWhichTheCompanyExercisesSignificantInfluence" order="1.0"/>
    <link:loc xlink:type="locator" xlink:href="../tifrs-notes-2013-03-31.xsd#tifrs-notes_CompanyNameOfTheInvestor" xlink:label="CompanyNameOfTheInvestor" xlink:title="CompanyNameOfTheInvestor"/>
    <link:presentationArc xlink:type="arc" xlink:arcrole="http://www.xbrl.org/2003/arcrole/parent-child" xlink:from="NamesLocationsAndRelatedInformationOfInvesteesOverWhichTheCompanyExercisesSignificantInfluence" xlink:to="CompanyNameOfTheInvestor" xlink:title="presentation: NamesLocationsAndRelatedInformationOfInvesteesOverWhichTheCompanyExercisesSignificantInfluence to CompanyNameOfTheInvestor" order="1.0"/>
    <link:loc xlink:type="locator" xlink:href="../tifrs-notes-2013-03-31.xsd#tifrs-notes_CompanyNameOfTheInvestee" xlink:label="CompanyNameOfTheInvestee" xlink:title="CompanyNameOfTheInvestee"/>
    <link:presentationArc xlink:type="arc" xlink:arcrole="http://www.xbrl.org/2003/arcrole/parent-child" xlink:from="NamesLocationsAndRelatedInformationOfInvesteesOverWhichTheCompanyExercisesSignificantInfluence" xlink:to="CompanyNameOfTheInvestee" xlink:title="presentation: NamesLocationsAndRelatedInformationOfInvesteesOverWhichTheCompanyExercisesSignificantInfluence to CompanyNameOfTheInvestee" order="2.0"/>
    <link:loc xlink:type="locator" xlink:href="../tifrs-notes-2013-03-31.xsd#tifrs-notes_LocationCode" xlink:label="LocationCode" xlink:title="LocationCode"/>
    <link:presentationArc xlink:type="arc" xlink:arcrole="http://www.xbrl.org/2003/arcrole/parent-child" xlink:from="NamesLocationsAndRelatedInformationOfInvesteesOverWhichTheCompanyExercisesSignificantInfluence" xlink:to="LocationCode" xlink:title="presentation: NamesLocationsAndRelatedInformationOfInvesteesOverWhichTheCompanyExercisesSignificantInfluence to LocationCode" order="3.0"/>
    <link:loc xlink:type="locator" xlink:href="../tifrs-notes-2013-03-31.xsd#tifrs-notes_Location" xlink:label="Location" xlink:title="Location"/>
    <link:presentationArc xlink:type="arc" xlink:arcrole="http://www.xbrl.org/2003/arcrole/parent-child" xlink:from="NamesLocationsAndRelatedInformationOfInvesteesOverWhichTheCompanyExercisesSignificantInfluence" xlink:to="Location" xlink:title="presentation: NamesLocationsAndRelatedInformationOfInvesteesOverWhichTheCompanyExercisesSignificantInfluence to Location" order="4.0"/>
    <link:loc xlink:type="locator" xlink:href="../tifrs-notes-2013-03-31.xsd#tifrs-notes_MainBusinessesAndProducts" xlink:label="MainBusinessesAndProducts" xlink:title="MainBusinessesAndProducts"/>
    <link:presentationArc xlink:type="arc" xlink:arcrole="http://www.xbrl.org/2003/arcrole/parent-child" xlink:from="NamesLocationsAndRelatedInformationOfInvesteesOverWhichTheCompanyExercisesSignificantInfluence" xlink:to="MainBusinessesAndProducts" xlink:title="presentation: NamesLocationsAndRelatedInformationOfInvesteesOverWhichTheCompanyExercisesSignificantInfluence to MainBusinessesAndProducts" order="5.0"/>
    <link:loc xlink:type="locator" xlink:href="../tifrs-notes-2013-03-31.xsd#tifrs-notes_OriginalInvestmentAmount" xlink:label="OriginalInvestmentAmount" xlink:title="OriginalInvestmentAmount"/>
    <link:presentationArc xlink:type="arc" xlink:arcrole="http://www.xbrl.org/2003/arcrole/parent-child" xlink:from="NamesLocationsAndRelatedInformationOfInvesteesOverWhichTheCompanyExercisesSignificantInfluence" xlink:to="OriginalInvestmentAmount" xlink:title="presentation: NamesLocationsAndRelatedInformationOfInvesteesOverWhichTheCompanyExercisesSignificantInfluence to OriginalInvestmentAmount" order="6.0"/>
    <link:loc xlink:type="locator" xlink:href="../tifrs-notes-2013-03-31.xsd#tifrs-notes_EndingBalance3" xlink:label="EndingBalance3" xlink:title="EndingBalance3"/>
    <link:presentationArc xlink:type="arc" xlink:arcrole="http://www.xbrl.org/2003/arcrole/parent-child" xlink:from="OriginalInvestmentAmount" xlink:to="EndingBalance3" xlink:title="presentation: OriginalInvestmentAmount to EndingBalance3" order="1.0"/>
    <link:loc xlink:type="locator" xlink:href="../tifrs-notes-2013-03-31.xsd#tifrs-notes_BeginningBalance" xlink:label="BeginningBalance" xlink:title="BeginningBalance"/>
    <link:presentationArc xlink:type="arc" xlink:arcrole="http://www.xbrl.org/2003/arcrole/parent-child" xlink:from="OriginalInvestmentAmount" xlink:to="BeginningBalance" xlink:title="presentation: OriginalInvestmentAmount to BeginningBalance" order="2.0"/>
    <link:loc xlink:type="locator" xlink:href="../tifrs-notes-2013-03-31.xsd#tifrs-notes_InvestmentsAtTheEndOfThePeriod" xlink:label="InvestmentsAtTheEndOfThePeriod" xlink:title="InvestmentsAtTheEndOfThePeriod"/>
    <link:presentationArc xlink:type="arc" xlink:arcrole="http://www.xbrl.org/2003/arcrole/parent-child" xlink:from="NamesLocationsAndRelatedInformationOfInvesteesOverWhichTheCompanyExercisesSignificantInfluence" xlink:to="InvestmentsAtTheEndOfThePeriod" xlink:title="presentation: NamesLocationsAndRelatedInformationOfInvesteesOverWhichTheCompanyExercisesSignificantInfluence to InvestmentsAtTheEndOfThePeriod" order="7.0"/>
    <link:loc xlink:type="locator" xlink:href="../tifrs-notes-2013-03-31.xsd#tifrs-notes_NumberOfShares1" xlink:label="NumberOfShares1" xlink:title="NumberOfShares1"/>
    <link:presentationArc xlink:type="arc" xlink:arcrole="http://www.xbrl.org/2003/arcrole/parent-child" xlink:from="InvestmentsAtTheEndOfThePeriod" xlink:to="NumberOfShares1" xlink:title="presentation: InvestmentsAtTheEndOfThePeriod to NumberOfShares1" order="1.0"/>
    <link:loc xlink:type="locator" xlink:href="../tifrs-notes-2013-03-31.xsd#tifrs-notes_PercentageOfOwnership1" xlink:label="PercentageOfOwnership1" xlink:title="PercentageOfOwnership1"/>
    <link:presentationArc xlink:type="arc" xlink:arcrole="http://www.xbrl.org/2003/arcrole/parent-child" xlink:from="InvestmentsAtTheEndOfThePeriod" xlink:to="PercentageOfOwnership1" xlink:title="presentation: InvestmentsAtTheEndOfThePeriod to PercentageOfOwnership1" order="2.0"/>
    <link:loc xlink:type="locator" xlink:href="../tifrs-notes-2013-03-31.xsd#tifrs-notes_BookValue1" xlink:label="BookValue1" xlink:title="BookValue1"/>
    <link:presentationArc xlink:type="arc" xlink:arcrole="http://www.xbrl.org/2003/arcrole/parent-child" xlink:from="InvestmentsAtTheEndOfThePeriod" xlink:to="BookValue1" xlink:title="presentation: InvestmentsAtTheEndOfThePeriod to BookValue1" order="3.0"/>
    <link:loc xlink:type="locator" xlink:href="../tifrs-notes-2013-03-31.xsd#tifrs-notes_NetIncomeLossesOfTheInvestee" xlink:label="NetIncomeLossesOfTheInvestee" xlink:title="NetIncomeLossesOfTheInvestee"/>
    <link:presentationArc xlink:type="arc" xlink:arcrole="http://www.xbrl.org/2003/arcrole/parent-child" xlink:from="NamesLocationsAndRelatedInformationOfInvesteesOverWhichTheCompanyExercisesSignificantInfluence" xlink:to="NetIncomeLossesOfTheInvestee" xlink:title="presentation: NamesLocationsAndRelatedInformationOfInvesteesOverWhichTheCompanyExercisesSignificantInfluence to NetIncomeLossesOfTheInvestee" order="8.0"/>
    <link:loc xlink:type="locator" xlink:href="../tifrs-notes-2013-03-31.xsd#tifrs-notes_InvestmentIncomeLossesRecognized1" xlink:label="InvestmentIncomeLossesRecognized1" xlink:title="InvestmentIncomeLossesRecognized1"/>
    <link:presentationArc xlink:type="arc" xlink:arcrole="http://www.xbrl.org/2003/arcrole/parent-child" xlink:from="NamesLocationsAndRelatedInformationOfInvesteesOverWhichTheCompanyExercisesSignificantInfluence" xlink:to="InvestmentIncomeLossesRecognized1" xlink:title="presentation: NamesLocationsAndRelatedInformationOfInvesteesOverWhichTheCompanyExercisesSignificantInfluence to InvestmentIncomeLossesRecognized1" order="9.0"/>
    <link:loc xlink:type="locator" xlink:href="../tifrs-notes-2013-03-31.xsd#tifrs-notes_Note" xlink:label="Note" xlink:title="Note"/>
    <link:presentationArc xlink:type="arc" xlink:arcrole="http://www.xbrl.org/2003/arcrole/parent-child" xlink:from="NamesLocationsAndRelatedInformationOfInvesteesOverWhichTheCompanyExercisesSignificantInfluence" xlink:to="Note" xlink:title="presentation: NamesLocationsAndRelatedInformationOfInvesteesOverWhichTheCompanyExercisesSignificantInfluence to Note" order="10.0"/>
    <link:loc xlink:type="locator" xlink:href="../tifrs-notes-2013-03-31.xsd#tifrs-notes_Note-NamesLocationsAndRelatedInformationOfInvesteesOverWhichTheCompanyExercisesSignificantInfluence" xlink:label="Note-NamesLocationsAndRelatedInformationOfInvesteesOverWhichTheCompanyExercisesSignificantInfluence" xlink:title="Note-NamesLocationsAndRelatedInformationOfInvesteesOverWhichTheCompanyExercisesSignificantInfluence"/>
    <link:presentationArc xlink:type="arc" xlink:arcrole="http://www.xbrl.org/2003/arcrole/parent-child" xlink:from="NamesLocationsAndRelatedInformationOfInvesteesOverWhichTheCompanyExercisesSignificantInfluenceAbstract" xlink:to="Note-NamesLocationsAndRelatedInformationOfInvesteesOverWhichTheCompanyExercisesSignificantInfluence" xlink:title="presentation: NamesLocationsAndRelatedInformationOfInvesteesOverWhichTheCompanyExercisesSignificantInfluenceAbstract to Note-NamesLocationsAndRelatedInformationOfInvesteesOverWhichTheCompanyExercisesSignificantInfluence" order="2.0"/>
  </link:presentationLink>
  <link:presentationLink xlink:type="extended" xlink:role="http://www.xbrl.org/tifrs/notes/role/InvestmentInMainlandChina">
    <link:loc xlink:type="locator" xlink:href="../tifrs-notes-2013-03-31.xsd#tifrs-notes_InvestmentInMainlandChinaAbstract" xlink:label="InvestmentInMainlandChinaAbstract" xlink:title="InvestmentInMainlandChinaAbstract"/>
    <link:loc xlink:type="locator" xlink:href="../tifrs-notes-2013-03-31.xsd#tifrs-notes_InformationOfInvestmentInMainlandChinaAbstract" xlink:label="InformationOfInvestmentInMainlandChinaAbstract" xlink:title="InformationOfInvestmentInMainlandChinaAbstract"/>
    <link:presentationArc xlink:type="arc" xlink:arcrole="http://www.xbrl.org/2003/arcrole/parent-child" xlink:from="InvestmentInMainlandChinaAbstract" xlink:to="InformationOfInvestmentInMainlandChinaAbstract" xlink:title="presentation: InvestmentInMainlandChinaAbstract to InformationOfInvestmentInMainlandChinaAbstract" order="1.0"/>
    <link:loc xlink:type="locator" xlink:href="../tifrs-notes-2013-03-31.xsd#tifrs-notes_InformationOfInvestmentInMainlandChina" xlink:label="InformationOfInvestmentInMainlandChina" xlink:title="InformationOfInvestmentInMainlandChina"/>
    <link:presentationArc xlink:type="arc" xlink:arcrole="http://www.xbrl.org/2003/arcrole/parent-child" xlink:from="InformationOfInvestmentInMainlandChinaAbstract" xlink:to="InformationOfInvestmentInMainlandChina" xlink:title="presentation: InformationOfInvestmentInMainlandChinaAbstract to InformationOfInvestmentInMainlandChina" order="1.0"/>
    <link:loc xlink:type="locator" xlink:href="../tifrs-notes-2013-03-31.xsd#tifrs-notes_CompanyNameOfTheInvesteeInMainlandChina" xlink:label="CompanyNameOfTheInvesteeInMainlandChina" xlink:title="CompanyNameOfTheInvesteeInMainlandChina"/>
    <link:presentationArc xlink:type="arc" xlink:arcrole="http://www.xbrl.org/2003/arcrole/parent-child" xlink:from="InformationOfInvestmentInMainlandChina" xlink:to="CompanyNameOfTheInvesteeInMainlandChina" xlink:title="presentation: InformationOfInvestmentInMainlandChina to CompanyNameOfTheInvesteeInMainlandChina" order="1.0"/>
    <link:loc xlink:type="locator" xlink:href="../tifrs-notes-2013-03-31.xsd#tifrs-notes_MainBusinessesAndProducts" xlink:label="MainBusinessesAndProducts" xlink:title="MainBusinessesAndProducts"/>
    <link:presentationArc xlink:type="arc" xlink:arcrole="http://www.xbrl.org/2003/arcrole/parent-child" xlink:from="InformationOfInvestmentInMainlandChina" xlink:to="MainBusinessesAndProducts" xlink:title="presentation: InformationOfInvestmentInMainlandChina to MainBusinessesAndProducts" order="2.0"/>
    <link:loc xlink:type="locator" xlink:href="../tifrs-notes-2013-03-31.xsd#tifrs-notes_TotalAmountOfPaid-inCapital" xlink:label="TotalAmountOfPaid-inCapital" xlink:title="TotalAmountOfPaid-inCapital"/>
    <link:presentationArc xlink:type="arc" xlink:arcrole="http://www.xbrl.org/2003/arcrole/parent-child" xlink:from="InformationOfInvestmentInMainlandChina" xlink:to="TotalAmountOfPaid-inCapital" xlink:title="presentation: InformationOfInvestmentInMainlandChina to TotalAmountOfPaid-inCapital" order="3.0"/>
    <link:loc xlink:type="locator" xlink:href="../tifrs-notes-2013-03-31.xsd#tifrs-notes_MethodOfInvestment" xlink:label="MethodOfInvestment" xlink:title="MethodOfInvestment"/>
    <link:presentationArc xlink:type="arc" xlink:arcrole="http://www.xbrl.org/2003/arcrole/parent-child" xlink:from="InformationOfInvestmentInMainlandChina" xlink:to="MethodOfInvestment" xlink:title="presentation: InformationOfInvestmentInMainlandChina to MethodOfInvestment" order="4.0"/>
    <link:loc xlink:type="locator" xlink:href="../tifrs-notes-2013-03-31.xsd#tifrs-notes_AccumulatedOutflowOfInvestmentFromTaiwanAtTheBeginningOfThePeriod" xlink:label="AccumulatedOutflowOfInvestmentFromTaiwanAtTheBeginningOfThePeriod" xlink:title="AccumulatedOutflowOfInvestmentFromTaiwanAtTheBeginningOfThePeriod"/>
    <link:presentationArc xlink:type="arc" xlink:arcrole="http://www.xbrl.org/2003/arcrole/parent-child" xlink:from="InformationOfInvestmentInMainlandChina" xlink:to="AccumulatedOutflowOfInvestmentFromTaiwanAtTheBeginningOfThePeriod" xlink:title="presentation: InformationOfInvestmentInMainlandChina to AccumulatedOutflowOfInvestmentFromTaiwanAtTheBeginningOfThePeriod" order="5.0"/>
    <link:loc xlink:type="locator" xlink:href="../tifrs-notes-2013-03-31.xsd#tifrs-notes_InvestmentFlowsForThePeriod" xlink:label="InvestmentFlowsForThePeriod" xlink:title="InvestmentFlowsForThePeriod"/>
    <link:presentationArc xlink:type="arc" xlink:arcrole="http://www.xbrl.org/2003/arcrole/parent-child" xlink:from="InformationOfInvestmentInMainlandChina" xlink:to="InvestmentFlowsForThePeriod" xlink:title="presentation: InformationOfInvestmentInMainlandChina to InvestmentFlowsForThePeriod" order="6.0"/>
    <link:loc xlink:type="locator" xlink:href="../tifrs-notes-2013-03-31.xsd#tifrs-notes_Outflow" xlink:label="Outflow" xlink:title="Outflow"/>
    <link:presentationArc xlink:type="arc" xlink:arcrole="http://www.xbrl.org/2003/arcrole/parent-child" xlink:from="InvestmentFlowsForThePeriod" xlink:to="Outflow" xlink:title="presentation: InvestmentFlowsForThePeriod to Outflow" order="1.0"/>
    <link:loc xlink:type="locator" xlink:href="../tifrs-notes-2013-03-31.xsd#tifrs-notes_Inflow" xlink:label="Inflow" xlink:title="Inflow"/>
    <link:presentationArc xlink:type="arc" xlink:arcrole="http://www.xbrl.org/2003/arcrole/parent-child" xlink:from="InvestmentFlowsForThePeriod" xlink:to="Inflow" xlink:title="presentation: InvestmentFlowsForThePeriod to Inflow" order="2.0"/>
    <link:loc xlink:type="locator" xlink:href="../tifrs-notes-2013-03-31.xsd#tifrs-notes_AccumulatedOutflowOfInvestmentFromTaiwanAtTheEndOfThePeriod" xlink:label="AccumulatedOutflowOfInvestmentFromTaiwanAtTheEndOfThePeriod" xlink:title="AccumulatedOutflowOfInvestmentFromTaiwanAtTheEndOfThePeriod"/>
    <link:presentationArc xlink:type="arc" xlink:arcrole="http://www.xbrl.org/2003/arcrole/parent-child" xlink:from="InformationOfInvestmentInMainlandChina" xlink:to="AccumulatedOutflowOfInvestmentFromTaiwanAtTheEndOfThePeriod" xlink:title="presentation: InformationOfInvestmentInMainlandChina to AccumulatedOutflowOfInvestmentFromTaiwanAtTheEndOfThePeriod" order="7.0"/>
    <link:loc xlink:type="locator" xlink:href="../tifrs-notes-2013-03-31.xsd#tifrs-notes_PercentageOfOwnershipThroughDirectAndIndirectInvestmentByTheCompany" xlink:label="PercentageOfOwnershipThroughDirectAndIndirectInvestmentByTheCompany" xlink:title="PercentageOfOwnershipThroughDirectAndIndirectInvestmentByTheCompany"/>
    <link:presentationArc xlink:type="arc" xlink:arcrole="http://www.xbrl.org/2003/arcrole/parent-child" xlink:from="InformationOfInvestmentInMainlandChina" xlink:to="PercentageOfOwnershipThroughDirectAndIndirectInvestmentByTheCompany" xlink:title="presentation: InformationOfInvestmentInMainlandChina to PercentageOfOwnershipThroughDirectAndIndirectInvestmentByTheCompany" order="8.0"/>
    <link:loc xlink:type="locator" xlink:href="../tifrs-notes-2013-03-31.xsd#tifrs-notes_InvestmentIncomeLossesRecognized2" xlink:label="InvestmentIncomeLossesRecognized2" xlink:title="InvestmentIncomeLossesRecognized2"/>
    <link:presentationArc xlink:type="arc" xlink:arcrole="http://www.xbrl.org/2003/arcrole/parent-child" xlink:from="InformationOfInvestmentInMainlandChina" xlink:to="InvestmentIncomeLossesRecognized2" xlink:title="presentation: InformationOfInvestmentInMainlandChina to InvestmentIncomeLossesRecognized2" order="9.0"/>
    <link:loc xlink:type="locator" xlink:href="../tifrs-notes-2013-03-31.xsd#tifrs-notes_BookValueAtTheEndOfThePeriod" xlink:label="BookValueAtTheEndOfThePeriod" xlink:title="BookValueAtTheEndOfThePeriod"/>
    <link:presentationArc xlink:type="arc" xlink:arcrole="http://www.xbrl.org/2003/arcrole/parent-child" xlink:from="InformationOfInvestmentInMainlandChina" xlink:to="BookValueAtTheEndOfThePeriod" xlink:title="presentation: InformationOfInvestmentInMainlandChina to BookValueAtTheEndOfThePeriod" order="10.0"/>
    <link:loc xlink:type="locator" xlink:href="../tifrs-notes-2013-03-31.xsd#tifrs-notes_AccumulatedInwardRemittanceOfEarningsAsOfTheEndOfThePeriod" xlink:label="AccumulatedInwardRemittanceOfEarningsAsOfTheEndOfThePeriod" xlink:title="AccumulatedInwardRemittanceOfEarningsAsOfTheEndOfThePeriod"/>
    <link:presentationArc xlink:type="arc" xlink:arcrole="http://www.xbrl.org/2003/arcrole/parent-child" xlink:from="InformationOfInvestmentInMainlandChina" xlink:to="AccumulatedInwardRemittanceOfEarningsAsOfTheEndOfThePeriod" xlink:title="presentation: InformationOfInvestmentInMainlandChina to AccumulatedInwardRemittanceOfEarningsAsOfTheEndOfThePeriod" order="11.0"/>
    <link:loc xlink:type="locator" xlink:href="../tifrs-notes-2013-03-31.xsd#tifrs-notes_Note" xlink:label="Note" xlink:title="Note"/>
    <link:presentationArc xlink:type="arc" xlink:arcrole="http://www.xbrl.org/2003/arcrole/parent-child" xlink:from="InformationOfInvestmentInMainlandChina" xlink:to="Note" xlink:title="presentation: InformationOfInvestmentInMainlandChina to Note" order="12.0"/>
    <link:loc xlink:type="locator" xlink:href="../tifrs-notes-2013-03-31.xsd#tifrs-notes_Note-InformationOfInvestmentInMainlandChina" xlink:label="Note-InformationOfInvestmentInMainlandChina" xlink:title="Note-InformationOfInvestmentInMainlandChina"/>
    <link:presentationArc xlink:type="arc" xlink:arcrole="http://www.xbrl.org/2003/arcrole/parent-child" xlink:from="InformationOfInvestmentInMainlandChinaAbstract" xlink:to="Note-InformationOfInvestmentInMainlandChina" xlink:title="presentation: InformationOfInvestmentInMainlandChinaAbstract to Note-InformationOfInvestmentInMainlandChina" order="2.0"/>
    <link:loc xlink:type="locator" xlink:href="../tifrs-notes-2013-03-31.xsd#tifrs-notes_LimitOnInvestmentInMainlandChinaAbstract" xlink:label="LimitOnInvestmentInMainlandChinaAbstract" xlink:title="LimitOnInvestmentInMainlandChinaAbstract"/>
    <link:presentationArc xlink:type="arc" xlink:arcrole="http://www.xbrl.org/2003/arcrole/parent-child" xlink:from="InvestmentInMainlandChinaAbstract" xlink:to="LimitOnInvestmentInMainlandChinaAbstract" xlink:title="presentation: InvestmentInMainlandChinaAbstract to LimitOnInvestmentInMainlandChinaAbstract" order="2.0"/>
    <link:loc xlink:type="locator" xlink:href="../tifrs-notes-2013-03-31.xsd#tifrs-notes_LimitOnInvestmentInMainlandChina" xlink:label="LimitOnInvestmentInMainlandChina" xlink:title="LimitOnInvestmentInMainlandChina"/>
    <link:presentationArc xlink:type="arc" xlink:arcrole="http://www.xbrl.org/2003/arcrole/parent-child" xlink:from="LimitOnInvestmentInMainlandChinaAbstract" xlink:to="LimitOnInvestmentInMainlandChina" xlink:title="presentation: LimitOnInvestmentInMainlandChinaAbstract to LimitOnInvestmentInMainlandChina" order="1.0"/>
    <link:loc xlink:type="locator" xlink:href="../tifrs-notes-2013-03-31.xsd#tifrs-notes_NameOfTheCompany" xlink:label="NameOfTheCompany" xlink:title="NameOfTheCompany"/>
    <link:presentationArc xlink:type="arc" xlink:arcrole="http://www.xbrl.org/2003/arcrole/parent-child" xlink:from="LimitOnInvestmentInMainlandChina" xlink:to="NameOfTheCompany" xlink:title="presentation: LimitOnInvestmentInMainlandChina to NameOfTheCompany" order="1.0"/>
    <link:loc xlink:type="locator" xlink:href="../tifrs-notes-2013-03-31.xsd#tifrs-notes_AccumulatedInvestmentInMainlandChinaAtTheEndOfThePeriod" xlink:label="AccumulatedInvestmentInMainlandChinaAtTheEndOfThePeriod" xlink:title="AccumulatedInvestmentInMainlandChinaAtTheEndOfThePeriod"/>
    <link:presentationArc xlink:type="arc" xlink:arcrole="http://www.xbrl.org/2003/arcrole/parent-child" xlink:from="LimitOnInvestmentInMainlandChina" xlink:to="AccumulatedInvestmentInMainlandChinaAtTheEndOfThePeriod" xlink:title="presentation: LimitOnInvestmentInMainlandChina to AccumulatedInvestmentInMainlandChinaAtTheEndOfThePeriod" order="2.0"/>
    <link:loc xlink:type="locator" xlink:href="../tifrs-notes-2013-03-31.xsd#tifrs-notes_InvestmentAmountAuthorizedByTheInvestmentCommissionOfMOEA" xlink:label="InvestmentAmountAuthorizedByTheInvestmentCommissionOfMOEA" xlink:title="InvestmentAmountAuthorizedByTheInvestmentCommissionOfMOEA"/>
    <link:presentationArc xlink:type="arc" xlink:arcrole="http://www.xbrl.org/2003/arcrole/parent-child" xlink:from="LimitOnInvestmentInMainlandChina" xlink:to="InvestmentAmountAuthorizedByTheInvestmentCommissionOfMOEA" xlink:title="presentation: LimitOnInvestmentInMainlandChina to InvestmentAmountAuthorizedByTheInvestmentCommissionOfMOEA" order="3.0"/>
    <link:loc xlink:type="locator" xlink:href="../tifrs-notes-2013-03-31.xsd#tifrs-notes_UpperLimitOnInvestmentInMainlandChinaImposedByTheInvestmentCommissionOfMOEA" xlink:label="UpperLimitOnInvestmentInMainlandChinaImposedByTheInvestmentCommissionOfMOEA" xlink:title="UpperLimitOnInvestmentInMainlandChinaImposedByTheInvestmentCommissionOfMOEA"/>
    <link:presentationArc xlink:type="arc" xlink:arcrole="http://www.xbrl.org/2003/arcrole/parent-child" xlink:from="LimitOnInvestmentInMainlandChina" xlink:to="UpperLimitOnInvestmentInMainlandChinaImposedByTheInvestmentCommissionOfMOEA" xlink:title="presentation: LimitOnInvestmentInMainlandChina to UpperLimitOnInvestmentInMainlandChinaImposedByTheInvestmentCommissionOfMOEA" order="4.0"/>
    <link:loc xlink:type="locator" xlink:href="../tifrs-notes-2013-03-31.xsd#tifrs-notes_Note-LimitOnInvestmentInMainlandChina" xlink:label="Note-LimitOnInvestmentInMainlandChina" xlink:title="Note-LimitOnInvestmentInMainlandChina"/>
    <link:presentationArc xlink:type="arc" xlink:arcrole="http://www.xbrl.org/2003/arcrole/parent-child" xlink:from="LimitOnInvestmentInMainlandChinaAbstract" xlink:to="Note-LimitOnInvestmentInMainlandChina" xlink:title="presentation: LimitOnInvestmentInMainlandChinaAbstract to Note-LimitOnInvestmentInMainlandChina" order="2.0"/>
  </link:presentationLink>
</link:linkbase>
