<?xml version="1.0" encoding="UTF-8"?>
<!-- Generated by Fujitsu Interstage XWand B0196 -->
<link:linkbase xmlns:xsi="http://www.w3.org/2001/XMLSchema-instance" xsi:schemaLocation="http://www.xbrl.org/2003/linkbase http://www.xbrl.org/2003/xbrl-linkbase-2003-12-31.xsd" xmlns:link="http://www.xbrl.org/2003/linkbase" xmlns:p0="http://xbrl.org/2005/xbrldt" xmlns:xbrli="http://www.xbrl.org/2003/instance" xmlns:xlink="http://www.w3.org/1999/xlink">
  <link:roleRef roleURI="http://www.xbrl.org/tifrs/fr/role/StatementOfChangesInEquity" xlink:type="simple" xlink:href="tifrs-es-2015-03-31.xsd#RT_1"/>
  <link:arcroleRef arcroleURI="http://xbrl.org/int/dim/arcrole/all" xlink:type="simple" xlink:href="http://www.xbrl.org/2005/xbrldt-2005.xsd#all"/>
  <link:arcroleRef arcroleURI="http://xbrl.org/int/dim/arcrole/dimension-domain" xlink:type="simple" xlink:href="http://www.xbrl.org/2005/xbrldt-2005.xsd#dimension-domain"/>
  <link:arcroleRef arcroleURI="http://xbrl.org/int/dim/arcrole/domain-member" xlink:type="simple" xlink:href="http://www.xbrl.org/2005/xbrldt-2005.xsd#domain-member"/>
  <link:arcroleRef arcroleURI="http://xbrl.org/int/dim/arcrole/hypercube-dimension" xlink:type="simple" xlink:href="http://www.xbrl.org/2005/xbrldt-2005.xsd#hypercube-dimension"/>
  <link:arcroleRef arcroleURI="http://xbrl.org/int/dim/arcrole/dimension-default" xlink:type="simple" xlink:href="http://www.xbrl.org/2005/xbrldt-2005.xsd#dimension-default"/>
  <link:definitionLink xlink:type="extended" xlink:role="http://www.xbrl.org/tifrs/fr/role/StatementOfChangesInEquity">
    <link:loc xlink:type="locator" xlink:href="../ifrs_20100430/ifrs-cor_2010-04-30.xsd#ifrs_StatementOfChangesInEquityAbstract" xlink:label="StatementOfChangesInEquityAbstract" xlink:title="StatementOfChangesInEquityAbstract"/>
    <link:loc xlink:type="locator" xlink:href="../ifrs_20100430/ifrs-cor_2010-04-30.xsd#ifrs_StatementOfChangesInEquityLineItems" xlink:label="StatementOfChangesInEquityLineItems" xlink:title="StatementOfChangesInEquityLineItems"/>
    <link:definitionArc xlink:type="arc" xlink:arcrole="http://xbrl.org/int/dim/arcrole/domain-member" xlink:from="StatementOfChangesInEquityAbstract" xlink:to="StatementOfChangesInEquityLineItems" xlink:title="definition: StatementOfChangesInEquityAbstract to StatementOfChangesInEquityLineItems" order="2.0"/>
    <link:loc xlink:type="locator" xlink:href="../ifrs_20100430/ifrs-cor_2010-04-30.xsd#ifrs_Equity" xlink:label="Equity" xlink:title="Equity"/>
    <link:definitionArc xlink:type="arc" xlink:arcrole="http://xbrl.org/int/dim/arcrole/domain-member" xlink:from="StatementOfChangesInEquityLineItems" xlink:to="Equity" xlink:title="definition: StatementOfChangesInEquityLineItems to Equity" order="1.0"/>
    <link:loc xlink:type="locator" xlink:href="../ifrs_20100430/ifrs-cor_2010-04-30.xsd#ifrs_Equity" xlink:label="Equity_2" xlink:title="Equity"/>
    <link:definitionArc xlink:type="arc" xlink:arcrole="http://xbrl.org/int/dim/arcrole/domain-member" xlink:from="StatementOfChangesInEquityLineItems" xlink:to="Equity_2" xlink:title="definition: StatementOfChangesInEquityLineItems to Equity" priority="1" order="33.0"/>
    <link:loc xlink:type="locator" xlink:href="tifrs-es-2015-03-31.xsd#tifrs-es_EffectsOfRetrospectiveApplicationAndRetrospectiveRestatement" xlink:label="EffectsOfRetrospectiveApplicationAndRetrospectiveRestatement" xlink:title="EffectsOfRetrospectiveApplicationAndRetrospectiveRestatement"/>
    <link:definitionArc xlink:type="arc" xlink:arcrole="http://xbrl.org/int/dim/arcrole/domain-member" xlink:from="StatementOfChangesInEquityLineItems" xlink:to="EffectsOfRetrospectiveApplicationAndRetrospectiveRestatement" xlink:title="definition: StatementOfChangesInEquityLineItems to EffectsOfRetrospectiveApplicationAndRetrospectiveRestatement" order="2.0"/>
    <link:loc xlink:type="locator" xlink:href="tifrs-es-2015-03-31.xsd#tifrs-es_EquityAtBeginningOfPeriodAfterAdjustments" xlink:label="EquityAtBeginningOfPeriodAfterAdjustments" xlink:title="EquityAtBeginningOfPeriodAfterAdjustments"/>
    <link:definitionArc xlink:type="arc" xlink:arcrole="http://xbrl.org/int/dim/arcrole/domain-member" xlink:from="StatementOfChangesInEquityLineItems" xlink:to="EquityAtBeginningOfPeriodAfterAdjustments" xlink:title="definition: StatementOfChangesInEquityLineItems to EquityAtBeginningOfPeriodAfterAdjustments" order="3.0"/>
    <link:loc xlink:type="locator" xlink:href="tifrs-es-2015-03-31.xsd#tifrs-es_AppropriationAndDistributionOfRetainedEarnings" xlink:label="AppropriationAndDistributionOfRetainedEarnings" xlink:title="AppropriationAndDistributionOfRetainedEarnings"/>
    <link:definitionArc xlink:type="arc" xlink:arcrole="http://xbrl.org/int/dim/arcrole/domain-member" xlink:from="StatementOfChangesInEquityLineItems" xlink:to="AppropriationAndDistributionOfRetainedEarnings" xlink:title="definition: StatementOfChangesInEquityLineItems to AppropriationAndDistributionOfRetainedEarnings" order="4.0"/>
    <link:loc xlink:type="locator" xlink:href="tifrs-es-2015-03-31.xsd#tifrs-es_LegalReserveAppropriated" xlink:label="LegalReserveAppropriated" xlink:title="LegalReserveAppropriated"/>
    <link:definitionArc xlink:type="arc" xlink:arcrole="http://xbrl.org/int/dim/arcrole/domain-member" xlink:from="AppropriationAndDistributionOfRetainedEarnings" xlink:to="LegalReserveAppropriated" xlink:title="definition: AppropriationAndDistributionOfRetainedEarnings to LegalReserveAppropriated" order="1.0"/>
    <link:loc xlink:type="locator" xlink:href="tifrs-es-2015-03-31.xsd#tifrs-es_SpecialReserveAppropriated" xlink:label="SpecialReserveAppropriated" xlink:title="SpecialReserveAppropriated"/>
    <link:definitionArc xlink:type="arc" xlink:arcrole="http://xbrl.org/int/dim/arcrole/domain-member" xlink:from="AppropriationAndDistributionOfRetainedEarnings" xlink:to="SpecialReserveAppropriated" xlink:title="definition: AppropriationAndDistributionOfRetainedEarnings to SpecialReserveAppropriated" order="2.0"/>
    <link:loc xlink:type="locator" xlink:href="tifrs-es-2015-03-31.xsd#tifrs-es_CashDividendsOfOrdinaryShare" xlink:label="CashDividendsOfOrdinaryShare" xlink:title="CashDividendsOfOrdinaryShare"/>
    <link:definitionArc xlink:type="arc" xlink:arcrole="http://xbrl.org/int/dim/arcrole/domain-member" xlink:from="AppropriationAndDistributionOfRetainedEarnings" xlink:to="CashDividendsOfOrdinaryShare" xlink:title="definition: AppropriationAndDistributionOfRetainedEarnings to CashDividendsOfOrdinaryShare" order="3.0"/>
    <link:loc xlink:type="locator" xlink:href="tifrs-es-2015-03-31.xsd#tifrs-es_CashDividendsOfPreferenceShare" xlink:label="CashDividendsOfPreferenceShare" xlink:title="CashDividendsOfPreferenceShare"/>
    <link:definitionArc xlink:type="arc" xlink:arcrole="http://xbrl.org/int/dim/arcrole/domain-member" xlink:from="AppropriationAndDistributionOfRetainedEarnings" xlink:to="CashDividendsOfPreferenceShare" xlink:title="definition: AppropriationAndDistributionOfRetainedEarnings to CashDividendsOfPreferenceShare" order="4.0"/>
    <link:loc xlink:type="locator" xlink:href="tifrs-es-2015-03-31.xsd#tifrs-es_StockDividendsOfOrdinaryShare" xlink:label="StockDividendsOfOrdinaryShare" xlink:title="StockDividendsOfOrdinaryShare"/>
    <link:definitionArc xlink:type="arc" xlink:arcrole="http://xbrl.org/int/dim/arcrole/domain-member" xlink:from="AppropriationAndDistributionOfRetainedEarnings" xlink:to="StockDividendsOfOrdinaryShare" xlink:title="definition: AppropriationAndDistributionOfRetainedEarnings to StockDividendsOfOrdinaryShare" order="5.0"/>
    <link:loc xlink:type="locator" xlink:href="tifrs-es-2015-03-31.xsd#tifrs-es_StockDividendsOfPreferenceShare" xlink:label="StockDividendsOfPreferenceShare" xlink:title="StockDividendsOfPreferenceShare"/>
    <link:definitionArc xlink:type="arc" xlink:arcrole="http://xbrl.org/int/dim/arcrole/domain-member" xlink:from="AppropriationAndDistributionOfRetainedEarnings" xlink:to="StockDividendsOfPreferenceShare" xlink:title="definition: AppropriationAndDistributionOfRetainedEarnings to StockDividendsOfPreferenceShare" order="6.0"/>
    <link:loc xlink:type="locator" xlink:href="tifrs-es-2015-03-31.xsd#tifrs-es_LegalReserveUsedToOffsetAccumulatedDeficits" xlink:label="LegalReserveUsedToOffsetAccumulatedDeficits" xlink:title="LegalReserveUsedToOffsetAccumulatedDeficits"/>
    <link:definitionArc xlink:type="arc" xlink:arcrole="http://xbrl.org/int/dim/arcrole/domain-member" xlink:from="AppropriationAndDistributionOfRetainedEarnings" xlink:to="LegalReserveUsedToOffsetAccumulatedDeficits" xlink:title="definition: AppropriationAndDistributionOfRetainedEarnings to LegalReserveUsedToOffsetAccumulatedDeficits" order="7.0"/>
    <link:loc xlink:type="locator" xlink:href="tifrs-es-2015-03-31.xsd#tifrs-es_SpecialReserveUsedToOffsetAccumulatedDeficits" xlink:label="SpecialReserveUsedToOffsetAccumulatedDeficits" xlink:title="SpecialReserveUsedToOffsetAccumulatedDeficits"/>
    <link:definitionArc xlink:type="arc" xlink:arcrole="http://xbrl.org/int/dim/arcrole/domain-member" xlink:from="AppropriationAndDistributionOfRetainedEarnings" xlink:to="SpecialReserveUsedToOffsetAccumulatedDeficits" xlink:title="definition: AppropriationAndDistributionOfRetainedEarnings to SpecialReserveUsedToOffsetAccumulatedDeficits" order="8.0"/>
    <link:loc xlink:type="locator" xlink:href="tifrs-es-2015-03-31.xsd#tifrs-es_ReversalOfSpecialReserve" xlink:label="ReversalOfSpecialReserve" xlink:title="ReversalOfSpecialReserve"/>
    <link:definitionArc xlink:type="arc" xlink:arcrole="http://xbrl.org/int/dim/arcrole/domain-member" xlink:from="AppropriationAndDistributionOfRetainedEarnings" xlink:to="ReversalOfSpecialReserve" xlink:title="definition: AppropriationAndDistributionOfRetainedEarnings to ReversalOfSpecialReserve" order="9.0"/>
    <link:loc xlink:type="locator" xlink:href="tifrs-es-2015-03-31.xsd#tifrs-es_OtherChangesInCapitalSurplusAbstract" xlink:label="OtherChangesInCapitalSurplusAbstract" xlink:title="OtherChangesInCapitalSurplusAbstract"/>
    <link:definitionArc xlink:type="arc" xlink:arcrole="http://xbrl.org/int/dim/arcrole/domain-member" xlink:from="StatementOfChangesInEquityLineItems" xlink:to="OtherChangesInCapitalSurplusAbstract" xlink:title="definition: StatementOfChangesInEquityLineItems to OtherChangesInCapitalSurplusAbstract" order="5.0"/>
    <link:loc xlink:type="locator" xlink:href="tifrs-es-2015-03-31.xsd#tifrs-es_DueToBusinessCombination" xlink:label="DueToBusinessCombination" xlink:title="DueToBusinessCombination"/>
    <link:definitionArc xlink:type="arc" xlink:arcrole="http://xbrl.org/int/dim/arcrole/domain-member" xlink:from="OtherChangesInCapitalSurplusAbstract" xlink:to="DueToBusinessCombination" xlink:title="definition: OtherChangesInCapitalSurplusAbstract to DueToBusinessCombination" order="1.0"/>
    <link:loc xlink:type="locator" xlink:href="tifrs-es-2015-03-31.xsd#tifrs-es_DueToDonatedAssetsReceived" xlink:label="DueToDonatedAssetsReceived" xlink:title="DueToDonatedAssetsReceived"/>
    <link:definitionArc xlink:type="arc" xlink:arcrole="http://xbrl.org/int/dim/arcrole/domain-member" xlink:from="OtherChangesInCapitalSurplusAbstract" xlink:to="DueToDonatedAssetsReceived" xlink:title="definition: OtherChangesInCapitalSurplusAbstract to DueToDonatedAssetsReceived" order="2.0"/>
    <link:loc xlink:type="locator" xlink:href="tifrs-es-2015-03-31.xsd#tifrs-es_DueToRecognitionOfEquityComponentOfConvertibleBondsPreferenceShareIssued" xlink:label="DueToRecognitionOfEquityComponentOfConvertibleBondsPreferenceShareIssued" xlink:title="DueToRecognitionOfEquityComponentOfConvertibleBondsPreferenceShareIssued"/>
    <link:definitionArc xlink:type="arc" xlink:arcrole="http://xbrl.org/int/dim/arcrole/domain-member" xlink:from="OtherChangesInCapitalSurplusAbstract" xlink:to="DueToRecognitionOfEquityComponentOfConvertibleBondsPreferenceShareIssued" xlink:title="definition: OtherChangesInCapitalSurplusAbstract to DueToRecognitionOfEquityComponentOfConvertibleBondsPreferenceShareIssued" order="3.0"/>
    <link:loc xlink:type="locator" xlink:href="tifrs-es-2015-03-31.xsd#tifrs-es_ChangesInEquityOfAssociatesAndJointVenturesAccountedForUsingEquityMethod" xlink:label="ChangesInEquityOfAssociatesAndJointVenturesAccountedForUsingEquityMethod" xlink:title="ChangesInEquityOfAssociatesAndJointVenturesAccountedForUsingEquityMethod"/>
    <link:definitionArc xlink:type="arc" xlink:arcrole="http://xbrl.org/int/dim/arcrole/domain-member" xlink:from="OtherChangesInCapitalSurplusAbstract" xlink:to="ChangesInEquityOfAssociatesAndJointVenturesAccountedForUsingEquityMethod" xlink:title="definition: OtherChangesInCapitalSurplusAbstract to ChangesInEquityOfAssociatesAndJointVenturesAccountedForUsingEquityMethod" order="4.0"/>
    <link:loc xlink:type="locator" xlink:href="tifrs-es-2015-03-31.xsd#tifrs-es_CapitalSurplusUsedToOffsetAccumulatedDeficits" xlink:label="CapitalSurplusUsedToOffsetAccumulatedDeficits" xlink:title="CapitalSurplusUsedToOffsetAccumulatedDeficits"/>
    <link:definitionArc xlink:type="arc" xlink:arcrole="http://xbrl.org/int/dim/arcrole/domain-member" xlink:from="OtherChangesInCapitalSurplusAbstract" xlink:to="CapitalSurplusUsedToOffsetAccumulatedDeficits" xlink:title="definition: OtherChangesInCapitalSurplusAbstract to CapitalSurplusUsedToOffsetAccumulatedDeficits" order="5.0"/>
    <link:loc xlink:type="locator" xlink:href="tifrs-es-2015-03-31.xsd#tifrs-es_StockDividendsFromCapitalSurplus" xlink:label="StockDividendsFromCapitalSurplus" xlink:title="StockDividendsFromCapitalSurplus"/>
    <link:definitionArc xlink:type="arc" xlink:arcrole="http://xbrl.org/int/dim/arcrole/domain-member" xlink:from="OtherChangesInCapitalSurplusAbstract" xlink:to="StockDividendsFromCapitalSurplus" xlink:title="definition: OtherChangesInCapitalSurplusAbstract to StockDividendsFromCapitalSurplus" order="6.0"/>
    <link:loc xlink:type="locator" xlink:href="tifrs-es-2015-03-31.xsd#tifrs-es_CashDividendsFromCapitalSurplus" xlink:label="CashDividendsFromCapitalSurplus" xlink:title="CashDividendsFromCapitalSurplus"/>
    <link:definitionArc xlink:type="arc" xlink:arcrole="http://xbrl.org/int/dim/arcrole/domain-member" xlink:from="OtherChangesInCapitalSurplusAbstract" xlink:to="CashDividendsFromCapitalSurplus" xlink:title="definition: OtherChangesInCapitalSurplusAbstract to CashDividendsFromCapitalSurplus" order="7.0"/>
    <link:loc xlink:type="locator" xlink:href="tifrs-es-2015-03-31.xsd#tifrs-es_OtherChangesInCapitalSurplus" xlink:label="OtherChangesInCapitalSurplus" xlink:title="OtherChangesInCapitalSurplus"/>
    <link:definitionArc xlink:type="arc" xlink:arcrole="http://xbrl.org/int/dim/arcrole/domain-member" xlink:from="OtherChangesInCapitalSurplusAbstract" xlink:to="OtherChangesInCapitalSurplus" xlink:title="definition: OtherChangesInCapitalSurplusAbstract to OtherChangesInCapitalSurplus" order="8.0"/>
    <link:loc xlink:type="locator" xlink:href="../ifrs_20100430/ifrs-cor_2010-04-30.xsd#ifrs_ProfitLoss" xlink:label="ProfitLoss" xlink:title="ProfitLoss"/>
    <link:definitionArc xlink:type="arc" xlink:arcrole="http://xbrl.org/int/dim/arcrole/domain-member" xlink:from="StatementOfChangesInEquityLineItems" xlink:to="ProfitLoss" xlink:title="definition: StatementOfChangesInEquityLineItems to ProfitLoss" order="6.0"/>
    <link:loc xlink:type="locator" xlink:href="../ifrs_20100430/ifrs-cor_2010-04-30.xsd#ifrs_OtherComprehensiveIncome" xlink:label="OtherComprehensiveIncome" xlink:title="OtherComprehensiveIncome"/>
    <link:definitionArc xlink:type="arc" xlink:arcrole="http://xbrl.org/int/dim/arcrole/domain-member" xlink:from="StatementOfChangesInEquityLineItems" xlink:to="OtherComprehensiveIncome" xlink:title="definition: StatementOfChangesInEquityLineItems to OtherComprehensiveIncome" order="7.0"/>
    <link:loc xlink:type="locator" xlink:href="../ifrs_20100430/ifrs-cor_2010-04-30.xsd#ifrs_ComprehensiveIncome" xlink:label="ComprehensiveIncome" xlink:title="ComprehensiveIncome"/>
    <link:definitionArc xlink:type="arc" xlink:arcrole="http://xbrl.org/int/dim/arcrole/domain-member" xlink:from="StatementOfChangesInEquityLineItems" xlink:to="ComprehensiveIncome" xlink:title="definition: StatementOfChangesInEquityLineItems to ComprehensiveIncome" order="8.0"/>
    <link:loc xlink:type="locator" xlink:href="tifrs-es-2015-03-31.xsd#tifrs-es_IssueOfShares" xlink:label="IssueOfShares" xlink:title="IssueOfShares"/>
    <link:definitionArc xlink:type="arc" xlink:arcrole="http://xbrl.org/int/dim/arcrole/domain-member" xlink:from="StatementOfChangesInEquityLineItems" xlink:to="IssueOfShares" xlink:title="definition: StatementOfChangesInEquityLineItems to IssueOfShares" order="9.0"/>
    <link:loc xlink:type="locator" xlink:href="tifrs-es-2015-03-31.xsd#tifrs-es_CapitalReduction" xlink:label="CapitalReduction" xlink:title="CapitalReduction"/>
    <link:definitionArc xlink:type="arc" xlink:arcrole="http://xbrl.org/int/dim/arcrole/domain-member" xlink:from="StatementOfChangesInEquityLineItems" xlink:to="CapitalReduction" xlink:title="definition: StatementOfChangesInEquityLineItems to CapitalReduction" order="10.0"/>
    <link:loc xlink:type="locator" xlink:href="tifrs-es-2015-03-31.xsd#tifrs-es_CapitalReductionToOffsetAccumulatedDeficits" xlink:label="CapitalReductionToOffsetAccumulatedDeficits" xlink:title="CapitalReductionToOffsetAccumulatedDeficits"/>
    <link:definitionArc xlink:type="arc" xlink:arcrole="http://xbrl.org/int/dim/arcrole/domain-member" xlink:from="StatementOfChangesInEquityLineItems" xlink:to="CapitalReductionToOffsetAccumulatedDeficits" xlink:title="definition: StatementOfChangesInEquityLineItems to CapitalReductionToOffsetAccumulatedDeficits" order="11.0"/>
    <link:loc xlink:type="locator" xlink:href="tifrs-es-2015-03-31.xsd#tifrs-es_CapitalReductionDueToSpinOff" xlink:label="CapitalReductionDueToSpinOff" xlink:title="CapitalReductionDueToSpinOff"/>
    <link:definitionArc xlink:type="arc" xlink:arcrole="http://xbrl.org/int/dim/arcrole/domain-member" xlink:from="StatementOfChangesInEquityLineItems" xlink:to="CapitalReductionDueToSpinOff" xlink:title="definition: StatementOfChangesInEquityLineItems to CapitalReductionDueToSpinOff" order="12.0"/>
    <link:loc xlink:type="locator" xlink:href="tifrs-es-2015-03-31.xsd#tifrs-es_SharesIssuedForPursuantToAcquisitions" xlink:label="SharesIssuedForPursuantToAcquisitions" xlink:title="SharesIssuedForPursuantToAcquisitions"/>
    <link:definitionArc xlink:type="arc" xlink:arcrole="http://xbrl.org/int/dim/arcrole/domain-member" xlink:from="StatementOfChangesInEquityLineItems" xlink:to="SharesIssuedForPursuantToAcquisitions" xlink:title="definition: StatementOfChangesInEquityLineItems to SharesIssuedForPursuantToAcquisitions" order="13.0"/>
    <link:loc xlink:type="locator" xlink:href="tifrs-es-2015-03-31.xsd#tifrs-es_SharesIssuedForPursuantToReorganization" xlink:label="SharesIssuedForPursuantToReorganization" xlink:title="SharesIssuedForPursuantToReorganization"/>
    <link:definitionArc xlink:type="arc" xlink:arcrole="http://xbrl.org/int/dim/arcrole/domain-member" xlink:from="StatementOfChangesInEquityLineItems" xlink:to="SharesIssuedForPursuantToReorganization" xlink:title="definition: StatementOfChangesInEquityLineItems to SharesIssuedForPursuantToReorganization" order="14.0"/>
    <link:loc xlink:type="locator" xlink:href="tifrs-es-2015-03-31.xsd#tifrs-es_ConversionOfConvertibleBonds" xlink:label="ConversionOfConvertibleBonds" xlink:title="ConversionOfConvertibleBonds"/>
    <link:definitionArc xlink:type="arc" xlink:arcrole="http://xbrl.org/int/dim/arcrole/domain-member" xlink:from="StatementOfChangesInEquityLineItems" xlink:to="ConversionOfConvertibleBonds" xlink:title="definition: StatementOfChangesInEquityLineItems to ConversionOfConvertibleBonds" order="15.0"/>
    <link:loc xlink:type="locator" xlink:href="tifrs-es-2015-03-31.xsd#tifrs-es_ConversionOfCertificatesOfBondsToShare" xlink:label="ConversionOfCertificatesOfBondsToShare" xlink:title="ConversionOfCertificatesOfBondsToShare"/>
    <link:definitionArc xlink:type="arc" xlink:arcrole="http://xbrl.org/int/dim/arcrole/domain-member" xlink:from="StatementOfChangesInEquityLineItems" xlink:to="ConversionOfCertificatesOfBondsToShare" xlink:title="definition: StatementOfChangesInEquityLineItems to ConversionOfCertificatesOfBondsToShare" order="16.0"/>
    <link:loc xlink:type="locator" xlink:href="tifrs-es-2015-03-31.xsd#tifrs-es_ConversionOfPreferenceShare" xlink:label="ConversionOfPreferenceShare" xlink:title="ConversionOfPreferenceShare"/>
    <link:definitionArc xlink:type="arc" xlink:arcrole="http://xbrl.org/int/dim/arcrole/domain-member" xlink:from="StatementOfChangesInEquityLineItems" xlink:to="ConversionOfPreferenceShare" xlink:title="definition: StatementOfChangesInEquityLineItems to ConversionOfPreferenceShare" order="17.0"/>
    <link:loc xlink:type="locator" xlink:href="tifrs-es-2015-03-31.xsd#tifrs-es_IssueOfPreferenceShare" xlink:label="IssueOfPreferenceShare" xlink:title="IssueOfPreferenceShare"/>
    <link:definitionArc xlink:type="arc" xlink:arcrole="http://xbrl.org/int/dim/arcrole/domain-member" xlink:from="StatementOfChangesInEquityLineItems" xlink:to="IssueOfPreferenceShare" xlink:title="definition: StatementOfChangesInEquityLineItems to IssueOfPreferenceShare" order="18.0"/>
    <link:loc xlink:type="locator" xlink:href="tifrs-es-2015-03-31.xsd#tifrs-es_RedemptionOfPreferenceShare" xlink:label="RedemptionOfPreferenceShare" xlink:title="RedemptionOfPreferenceShare"/>
    <link:definitionArc xlink:type="arc" xlink:arcrole="http://xbrl.org/int/dim/arcrole/domain-member" xlink:from="StatementOfChangesInEquityLineItems" xlink:to="RedemptionOfPreferenceShare" xlink:title="definition: StatementOfChangesInEquityLineItems to RedemptionOfPreferenceShare" order="19.0"/>
    <link:loc xlink:type="locator" xlink:href="tifrs-es-2015-03-31.xsd#tifrs-es_IssueOfOrdinaryShareOthers" xlink:label="IssueOfOrdinaryShareOthers" xlink:title="IssueOfOrdinaryShareOthers"/>
    <link:definitionArc xlink:type="arc" xlink:arcrole="http://xbrl.org/int/dim/arcrole/domain-member" xlink:from="StatementOfChangesInEquityLineItems" xlink:to="IssueOfOrdinaryShareOthers" xlink:title="definition: StatementOfChangesInEquityLineItems to IssueOfOrdinaryShareOthers" order="20.0"/>
    <link:loc xlink:type="locator" xlink:href="tifrs-es-2015-03-31.xsd#tifrs-es_PurchaseOfTreasuryShare" xlink:label="PurchaseOfTreasuryShare" xlink:title="PurchaseOfTreasuryShare"/>
    <link:definitionArc xlink:type="arc" xlink:arcrole="http://xbrl.org/int/dim/arcrole/domain-member" xlink:from="StatementOfChangesInEquityLineItems" xlink:to="PurchaseOfTreasuryShare" xlink:title="definition: StatementOfChangesInEquityLineItems to PurchaseOfTreasuryShare" order="21.0"/>
    <link:loc xlink:type="locator" xlink:href="tifrs-es-2015-03-31.xsd#tifrs-es_RetirementOfTreasuryShare" xlink:label="RetirementOfTreasuryShare" xlink:title="RetirementOfTreasuryShare"/>
    <link:definitionArc xlink:type="arc" xlink:arcrole="http://xbrl.org/int/dim/arcrole/domain-member" xlink:from="StatementOfChangesInEquityLineItems" xlink:to="RetirementOfTreasuryShare" xlink:title="definition: StatementOfChangesInEquityLineItems to RetirementOfTreasuryShare" order="22.0"/>
    <link:loc xlink:type="locator" xlink:href="tifrs-es-2015-03-31.xsd#tifrs-es_AcquisitionOfCompanyShareBySubsidiariesRecognizedAsTreasuryShare" xlink:label="AcquisitionOfCompanyShareBySubsidiariesRecognizedAsTreasuryShare" xlink:title="AcquisitionOfCompanyShareBySubsidiariesRecognizedAsTreasuryShare"/>
    <link:definitionArc xlink:type="arc" xlink:arcrole="http://xbrl.org/int/dim/arcrole/domain-member" xlink:from="StatementOfChangesInEquityLineItems" xlink:to="AcquisitionOfCompanyShareBySubsidiariesRecognizedAsTreasuryShare" xlink:title="definition: StatementOfChangesInEquityLineItems to AcquisitionOfCompanyShareBySubsidiariesRecognizedAsTreasuryShare" order="23.0"/>
    <link:loc xlink:type="locator" xlink:href="tifrs-es-2015-03-31.xsd#tifrs-es_DisposalOfCompanyShareBySubsidiariesRecognizedAsTreasuryShareTransactions" xlink:label="DisposalOfCompanyShareBySubsidiariesRecognizedAsTreasuryShareTransactions" xlink:title="DisposalOfCompanyShareBySubsidiariesRecognizedAsTreasuryShareTransactions"/>
    <link:definitionArc xlink:type="arc" xlink:arcrole="http://xbrl.org/int/dim/arcrole/domain-member" xlink:from="StatementOfChangesInEquityLineItems" xlink:to="DisposalOfCompanyShareBySubsidiariesRecognizedAsTreasuryShareTransactions" xlink:title="definition: StatementOfChangesInEquityLineItems to DisposalOfCompanyShareBySubsidiariesRecognizedAsTreasuryShareTransactions" order="24.0"/>
    <link:loc xlink:type="locator" xlink:href="tifrs-es-2015-03-31.xsd#tifrs-es_AdjustmentsOfCapitalSurplusForCompanysCashDividendsReceivedBySubsidiaries" xlink:label="AdjustmentsOfCapitalSurplusForCompanysCashDividendsReceivedBySubsidiaries" xlink:title="AdjustmentsOfCapitalSurplusForCompanysCashDividendsReceivedBySubsidiaries"/>
    <link:definitionArc xlink:type="arc" xlink:arcrole="http://xbrl.org/int/dim/arcrole/domain-member" xlink:from="StatementOfChangesInEquityLineItems" xlink:to="AdjustmentsOfCapitalSurplusForCompanysCashDividendsReceivedBySubsidiaries" xlink:title="definition: StatementOfChangesInEquityLineItems to AdjustmentsOfCapitalSurplusForCompanysCashDividendsReceivedBySubsidiaries" order="25.0"/>
    <link:loc xlink:type="locator" xlink:href="tifrs-es-2015-03-31.xsd#tifrs-es_DisposalOfInvestmentsAccountedForUsingEquityMethod" xlink:label="DisposalOfInvestmentsAccountedForUsingEquityMethod" xlink:title="DisposalOfInvestmentsAccountedForUsingEquityMethod"/>
    <link:definitionArc xlink:type="arc" xlink:arcrole="http://xbrl.org/int/dim/arcrole/domain-member" xlink:from="StatementOfChangesInEquityLineItems" xlink:to="DisposalOfInvestmentsAccountedForUsingEquityMethod" xlink:title="definition: StatementOfChangesInEquityLineItems to DisposalOfInvestmentsAccountedForUsingEquityMethod" order="26.0"/>
    <link:loc xlink:type="locator" xlink:href="tifrs-es-2015-03-31.xsd#tifrs-es_DifferenceBetweenConsiderationAndCarryingAmountOfSubsidiariesAcquiredOrDisposed" xlink:label="DifferenceBetweenConsiderationAndCarryingAmountOfSubsidiariesAcquiredOrDisposed" xlink:title="DifferenceBetweenConsiderationAndCarryingAmountOfSubsidiariesAcquiredOrDisposed"/>
    <link:definitionArc xlink:type="arc" xlink:arcrole="http://xbrl.org/int/dim/arcrole/domain-member" xlink:from="StatementOfChangesInEquityLineItems" xlink:to="DifferenceBetweenConsiderationAndCarryingAmountOfSubsidiariesAcquiredOrDisposed" xlink:title="definition: StatementOfChangesInEquityLineItems to DifferenceBetweenConsiderationAndCarryingAmountOfSubsidiariesAcquiredOrDisposed" order="27.0"/>
    <link:loc xlink:type="locator" xlink:href="tifrs-es-2015-03-31.xsd#tifrs-es_ShareBasedPayments" xlink:label="ShareBasedPayments" xlink:title="ShareBasedPayments"/>
    <link:definitionArc xlink:type="arc" xlink:arcrole="http://xbrl.org/int/dim/arcrole/domain-member" xlink:from="StatementOfChangesInEquityLineItems" xlink:to="ShareBasedPayments" xlink:title="definition: StatementOfChangesInEquityLineItems to ShareBasedPayments" order="29.0"/>
    <link:loc xlink:type="locator" xlink:href="tifrs-es-2015-03-31.xsd#tifrs-es_ChangesInPrepaidPreferredStockConstructionDividends" xlink:label="ChangesInPrepaidPreferredStockConstructionDividends" xlink:title="ChangesInPrepaidPreferredStockConstructionDividends"/>
    <link:definitionArc xlink:type="arc" xlink:arcrole="http://xbrl.org/int/dim/arcrole/domain-member" xlink:from="StatementOfChangesInEquityLineItems" xlink:to="ChangesInPrepaidPreferredStockConstructionDividends" xlink:title="definition: StatementOfChangesInEquityLineItems to ChangesInPrepaidPreferredStockConstructionDividends" order="30.0"/>
    <link:loc xlink:type="locator" xlink:href="tifrs-es-2015-03-31.xsd#tifrs-es_Others-IncreaseDecreaseInEquity" xlink:label="Others-IncreaseDecreaseInEquity" xlink:title="Others-IncreaseDecreaseInEquity"/>
    <link:definitionArc xlink:type="arc" xlink:arcrole="http://xbrl.org/int/dim/arcrole/domain-member" xlink:from="StatementOfChangesInEquityLineItems" xlink:to="Others-IncreaseDecreaseInEquity" xlink:title="definition: StatementOfChangesInEquityLineItems to Others-IncreaseDecreaseInEquity" order="31.0"/>
    <link:loc xlink:type="locator" xlink:href="tifrs-es-2015-03-31.xsd#tifrs-es_TotalIncreaseDecreaseInEquity" xlink:label="TotalIncreaseDecreaseInEquity" xlink:title="TotalIncreaseDecreaseInEquity"/>
    <link:definitionArc xlink:type="arc" xlink:arcrole="http://xbrl.org/int/dim/arcrole/domain-member" xlink:from="StatementOfChangesInEquityLineItems" xlink:to="TotalIncreaseDecreaseInEquity" xlink:title="definition: StatementOfChangesInEquityLineItems to TotalIncreaseDecreaseInEquity" order="32.0"/>
    <link:loc xlink:type="locator" xlink:href="tifrs-es-2015-03-31.xsd#tifrs-es_RetrospectiveAdjustmentOfEquityAttributableToFormerOwnerDueToReorganizationOfEntitiesUnderCommonControl" xlink:label="RetrospectiveAdjustmentOfEquityAttributableToFormerOwnerDueToReorganizationOfEntitiesUnderCommonControl" xlink:title="RetrospectiveAdjustmentOfEquityAttributableToFormerOwnerDueToReorganizationOfEntitiesUnderCommonControl"/>
    <link:definitionArc xlink:type="arc" xlink:arcrole="http://xbrl.org/int/dim/arcrole/domain-member" xlink:from="StatementOfChangesInEquityLineItems" xlink:to="RetrospectiveAdjustmentOfEquityAttributableToFormerOwnerDueToReorganizationOfEntitiesUnderCommonControl" xlink:title="definition: StatementOfChangesInEquityLineItems to RetrospectiveAdjustmentOfEquityAttributableToFormerOwnerDueToReorganizationOfEntitiesUnderCommonControl" order="2.1"/>
    <link:loc xlink:type="locator" xlink:href="tifrs-es-2015-03-31.xsd#tifrs-es_ChangesInOwnershipInterestsInSubsidiaries" xlink:label="ChangesInOwnershipInterestsInSubsidiaries" xlink:title="ChangesInOwnershipInterestsInSubsidiaries"/>
    <link:definitionArc xlink:type="arc" xlink:arcrole="http://xbrl.org/int/dim/arcrole/domain-member" xlink:from="StatementOfChangesInEquityLineItems" xlink:to="ChangesInOwnershipInterestsInSubsidiaries" xlink:title="definition: StatementOfChangesInEquityLineItems to ChangesInOwnershipInterestsInSubsidiaries" order="28.0"/>
    <link:loc xlink:type="locator" xlink:href="../ifrs_20100430/ifrs-cor_2010-04-30.xsd#ifrs_StatementOfChangesInEquityTable" xlink:label="StatementOfChangesInEquityTable" xlink:title="StatementOfChangesInEquityTable"/>
    <link:definitionArc xlink:type="arc" xlink:arcrole="http://xbrl.org/int/dim/arcrole/all" xlink:from="StatementOfChangesInEquityAbstract" xlink:to="StatementOfChangesInEquityTable" xlink:title="definition: StatementOfChangesInEquityAbstract to StatementOfChangesInEquityTable" use="optional" order="1.0" p0:contextElement="scenario"/>
    <link:loc xlink:type="locator" xlink:href="../ifrs_20100430/ifrs-cor_2010-04-30.xsd#ifrs_ComponentsOfEquityAxis" xlink:label="ComponentsOfEquityAxis" xlink:title="ComponentsOfEquityAxis"/>
    <link:definitionArc xlink:type="arc" xlink:arcrole="http://xbrl.org/int/dim/arcrole/hypercube-dimension" xlink:from="StatementOfChangesInEquityTable" xlink:to="ComponentsOfEquityAxis" xlink:title="definition: StatementOfChangesInEquityTable to ComponentsOfEquityAxis" use="optional" order="1.0"/>
    <link:loc xlink:type="locator" xlink:href="tifrs-es-2015-03-31.xsd#tifrs-es_TotalEquityMember" xlink:label="TotalEquityMember" xlink:title="TotalEquityMember"/>
    <link:definitionArc xlink:type="arc" xlink:arcrole="http://xbrl.org/int/dim/arcrole/dimension-domain" xlink:from="ComponentsOfEquityAxis" xlink:to="TotalEquityMember" xlink:title="definition: ComponentsOfEquityAxis to TotalEquityMember" use="optional" order="1.0"/>
    <link:loc xlink:type="locator" xlink:href="tifrs-es-2015-03-31.xsd#tifrs-es_TotalEquityMember" xlink:label="TotalEquityMember_2" xlink:title="TotalEquityMember"/>
    <link:definitionArc xlink:type="arc" xlink:arcrole="http://xbrl.org/int/dim/arcrole/dimension-default" xlink:from="ComponentsOfEquityAxis" xlink:to="TotalEquityMember_2" xlink:title="definition: ComponentsOfEquityAxis to TotalEquityMember" priority="1" order="2.0"/>
  </link:definitionLink>
</link:linkbase>
