<?xml version="1.0" encoding="UTF-8"?>
<!-- Generated by Fujitsu Interstage XWand B0196 -->
<link:linkbase xmlns:xsi="http://www.w3.org/2001/XMLSchema-instance" xsi:schemaLocation="http://www.xbrl.org/2003/linkbase http://www.xbrl.org/2003/xbrl-linkbase-2003-12-31.xsd" xmlns:link="http://www.xbrl.org/2003/linkbase" xmlns:xbrldt="http://xbrl.org/2005/xbrldt" xmlns:xbrli="http://www.xbrl.org/2003/instance" xmlns:xlink="http://www.w3.org/1999/xlink">
  <link:roleRef roleURI="http://www.xbrl.org/tifrs/fr/role/StatementOfChangesInEquity" xlink:type="simple" xlink:href="tifrs-es-2015-03-31.xsd#RT_1"/>
  <link:presentationLink xlink:type="extended" xlink:role="http://www.xbrl.org/tifrs/fr/role/StatementOfChangesInEquity">
    <link:loc xlink:type="locator" xlink:href="../ifrs_20100430/ifrs-cor_2010-04-30.xsd#ifrs_StatementOfChangesInEquityAbstract" xlink:label="StatementOfChangesInEquityAbstract" xlink:title="StatementOfChangesInEquityAbstract"/>
    <link:loc xlink:type="locator" xlink:href="../ifrs_20100430/ifrs-cor_2010-04-30.xsd#ifrs_StatementOfChangesInEquityTable" xlink:label="StatementOfChangesInEquityTable" xlink:title="StatementOfChangesInEquityTable"/>
    <link:presentationArc xlink:type="arc" xlink:arcrole="http://www.xbrl.org/2003/arcrole/parent-child" xlink:from="StatementOfChangesInEquityAbstract" xlink:to="StatementOfChangesInEquityTable" xlink:title="presentation: StatementOfChangesInEquityAbstract to StatementOfChangesInEquityTable" use="optional" order="1.0" xbrldt:contextElement="scenario"/>
    <link:loc xlink:type="locator" xlink:href="../ifrs_20100430/ifrs-cor_2010-04-30.xsd#ifrs_ComponentsOfEquityAxis" xlink:label="ComponentsOfEquityAxis" xlink:title="ComponentsOfEquityAxis"/>
    <link:presentationArc xlink:type="arc" xlink:arcrole="http://www.xbrl.org/2003/arcrole/parent-child" xlink:from="StatementOfChangesInEquityTable" xlink:to="ComponentsOfEquityAxis" xlink:title="presentation: StatementOfChangesInEquityTable to ComponentsOfEquityAxis" use="optional" order="1.0"/>
    <link:loc xlink:type="locator" xlink:href="tifrs-es-2015-03-31.xsd#tifrs-es_TotalEquityMember" xlink:label="TotalEquityMember" xlink:title="TotalEquityMember"/>
    <link:presentationArc xlink:type="arc" xlink:arcrole="http://www.xbrl.org/2003/arcrole/parent-child" xlink:from="ComponentsOfEquityAxis" xlink:to="TotalEquityMember" xlink:title="presentation: ComponentsOfEquityAxis to TotalEquityMember" use="optional" order="1.0"/>
    <link:loc xlink:type="locator" xlink:href="../ifrs_20100430/ifrs-cor_2010-04-30.xsd#ifrs_StatementOfChangesInEquityLineItems" xlink:label="StatementOfChangesInEquityLineItems" xlink:title="StatementOfChangesInEquityLineItems"/>
    <link:presentationArc xlink:type="arc" xlink:arcrole="http://www.xbrl.org/2003/arcrole/parent-child" xlink:from="StatementOfChangesInEquityAbstract" xlink:to="StatementOfChangesInEquityLineItems" xlink:title="presentation: StatementOfChangesInEquityAbstract to StatementOfChangesInEquityLineItems" use="optional" order="2.0"/>
    <link:loc xlink:type="locator" xlink:href="../ifrs_20100430/ifrs-cor_2010-04-30.xsd#ifrs_Equity" xlink:label="Equity" xlink:title="Equity"/>
    <link:presentationArc xlink:type="arc" xlink:arcrole="http://www.xbrl.org/2003/arcrole/parent-child" xlink:from="StatementOfChangesInEquityLineItems" xlink:to="Equity" xlink:title="presentation: StatementOfChangesInEquityLineItems to Equity" use="optional" order="1.0" preferredLabel="http://www.xbrl.org/2003/role/periodStartLabel"/>
    <link:loc xlink:type="locator" xlink:href="../ifrs_20100430/ifrs-cor_2010-04-30.xsd#ifrs_Equity" xlink:label="Equity_2" xlink:title="Equity"/>
    <link:presentationArc xlink:type="arc" xlink:arcrole="http://www.xbrl.org/2003/arcrole/parent-child" xlink:from="StatementOfChangesInEquityLineItems" xlink:to="Equity_2" xlink:title="presentation: StatementOfChangesInEquityLineItems to Equity" use="optional" priority="1" order="33.0" preferredLabel="http://www.xbrl.org/2003/role/periodEndLabel"/>
    <link:loc xlink:type="locator" xlink:href="tifrs-es-2015-03-31.xsd#tifrs-es_EffectsOfRetrospectiveApplicationAndRetrospectiveRestatement" xlink:label="EffectsOfRetrospectiveApplicationAndRetrospectiveRestatement" xlink:title="EffectsOfRetrospectiveApplicationAndRetrospectiveRestatement"/>
    <link:presentationArc xlink:type="arc" xlink:arcrole="http://www.xbrl.org/2003/arcrole/parent-child" xlink:from="StatementOfChangesInEquityLineItems" xlink:to="EffectsOfRetrospectiveApplicationAndRetrospectiveRestatement" xlink:title="presentation: StatementOfChangesInEquityLineItems to EffectsOfRetrospectiveApplicationAndRetrospectiveRestatement" use="optional" order="2.0"/>
    <link:loc xlink:type="locator" xlink:href="tifrs-es-2015-03-31.xsd#tifrs-es_EquityAtBeginningOfPeriodAfterAdjustments" xlink:label="EquityAtBeginningOfPeriodAfterAdjustments" xlink:title="EquityAtBeginningOfPeriodAfterAdjustments"/>
    <link:presentationArc xlink:type="arc" xlink:arcrole="http://www.xbrl.org/2003/arcrole/parent-child" xlink:from="StatementOfChangesInEquityLineItems" xlink:to="EquityAtBeginningOfPeriodAfterAdjustments" xlink:title="presentation: StatementOfChangesInEquityLineItems to EquityAtBeginningOfPeriodAfterAdjustments" use="optional" order="3.0"/>
    <link:loc xlink:type="locator" xlink:href="tifrs-es-2015-03-31.xsd#tifrs-es_AppropriationAndDistributionOfRetainedEarnings" xlink:label="AppropriationAndDistributionOfRetainedEarnings" xlink:title="AppropriationAndDistributionOfRetainedEarnings"/>
    <link:presentationArc xlink:type="arc" xlink:arcrole="http://www.xbrl.org/2003/arcrole/parent-child" xlink:from="StatementOfChangesInEquityLineItems" xlink:to="AppropriationAndDistributionOfRetainedEarnings" xlink:title="presentation: StatementOfChangesInEquityLineItems to AppropriationAndDistributionOfRetainedEarnings" use="optional" order="4.0"/>
    <link:loc xlink:type="locator" xlink:href="tifrs-es-2015-03-31.xsd#tifrs-es_LegalReserveAppropriated" xlink:label="LegalReserveAppropriated" xlink:title="LegalReserveAppropriated"/>
    <link:presentationArc xlink:type="arc" xlink:arcrole="http://www.xbrl.org/2003/arcrole/parent-child" xlink:from="AppropriationAndDistributionOfRetainedEarnings" xlink:to="LegalReserveAppropriated" xlink:title="presentation: AppropriationAndDistributionOfRetainedEarnings to LegalReserveAppropriated" use="optional" order="1.0"/>
    <link:loc xlink:type="locator" xlink:href="tifrs-es-2015-03-31.xsd#tifrs-es_SpecialReserveAppropriated" xlink:label="SpecialReserveAppropriated" xlink:title="SpecialReserveAppropriated"/>
    <link:presentationArc xlink:type="arc" xlink:arcrole="http://www.xbrl.org/2003/arcrole/parent-child" xlink:from="AppropriationAndDistributionOfRetainedEarnings" xlink:to="SpecialReserveAppropriated" xlink:title="presentation: AppropriationAndDistributionOfRetainedEarnings to SpecialReserveAppropriated" use="optional" order="2.0"/>
    <link:loc xlink:type="locator" xlink:href="tifrs-es-2015-03-31.xsd#tifrs-es_CashDividendsOfOrdinaryShare" xlink:label="CashDividendsOfOrdinaryShare" xlink:title="CashDividendsOfOrdinaryShare"/>
    <link:presentationArc xlink:type="arc" xlink:arcrole="http://www.xbrl.org/2003/arcrole/parent-child" xlink:from="AppropriationAndDistributionOfRetainedEarnings" xlink:to="CashDividendsOfOrdinaryShare" xlink:title="presentation: AppropriationAndDistributionOfRetainedEarnings to CashDividendsOfOrdinaryShare" use="optional" order="3.0"/>
    <link:loc xlink:type="locator" xlink:href="tifrs-es-2015-03-31.xsd#tifrs-es_CashDividendsOfPreferenceShare" xlink:label="CashDividendsOfPreferenceShare" xlink:title="CashDividendsOfPreferenceShare"/>
    <link:presentationArc xlink:type="arc" xlink:arcrole="http://www.xbrl.org/2003/arcrole/parent-child" xlink:from="AppropriationAndDistributionOfRetainedEarnings" xlink:to="CashDividendsOfPreferenceShare" xlink:title="presentation: AppropriationAndDistributionOfRetainedEarnings to CashDividendsOfPreferenceShare" use="optional" order="4.0"/>
    <link:loc xlink:type="locator" xlink:href="tifrs-es-2015-03-31.xsd#tifrs-es_StockDividendsOfOrdinaryShare" xlink:label="StockDividendsOfOrdinaryShare" xlink:title="StockDividendsOfOrdinaryShare"/>
    <link:presentationArc xlink:type="arc" xlink:arcrole="http://www.xbrl.org/2003/arcrole/parent-child" xlink:from="AppropriationAndDistributionOfRetainedEarnings" xlink:to="StockDividendsOfOrdinaryShare" xlink:title="presentation: AppropriationAndDistributionOfRetainedEarnings to StockDividendsOfOrdinaryShare" use="optional" order="5.0"/>
    <link:loc xlink:type="locator" xlink:href="tifrs-es-2015-03-31.xsd#tifrs-es_StockDividendsOfPreferenceShare" xlink:label="StockDividendsOfPreferenceShare" xlink:title="StockDividendsOfPreferenceShare"/>
    <link:presentationArc xlink:type="arc" xlink:arcrole="http://www.xbrl.org/2003/arcrole/parent-child" xlink:from="AppropriationAndDistributionOfRetainedEarnings" xlink:to="StockDividendsOfPreferenceShare" xlink:title="presentation: AppropriationAndDistributionOfRetainedEarnings to StockDividendsOfPreferenceShare" use="optional" order="6.0"/>
    <link:loc xlink:type="locator" xlink:href="tifrs-es-2015-03-31.xsd#tifrs-es_LegalReserveUsedToOffsetAccumulatedDeficits" xlink:label="LegalReserveUsedToOffsetAccumulatedDeficits" xlink:title="LegalReserveUsedToOffsetAccumulatedDeficits"/>
    <link:presentationArc xlink:type="arc" xlink:arcrole="http://www.xbrl.org/2003/arcrole/parent-child" xlink:from="AppropriationAndDistributionOfRetainedEarnings" xlink:to="LegalReserveUsedToOffsetAccumulatedDeficits" xlink:title="presentation: AppropriationAndDistributionOfRetainedEarnings to LegalReserveUsedToOffsetAccumulatedDeficits" use="optional" order="7.0"/>
    <link:loc xlink:type="locator" xlink:href="tifrs-es-2015-03-31.xsd#tifrs-es_SpecialReserveUsedToOffsetAccumulatedDeficits" xlink:label="SpecialReserveUsedToOffsetAccumulatedDeficits" xlink:title="SpecialReserveUsedToOffsetAccumulatedDeficits"/>
    <link:presentationArc xlink:type="arc" xlink:arcrole="http://www.xbrl.org/2003/arcrole/parent-child" xlink:from="AppropriationAndDistributionOfRetainedEarnings" xlink:to="SpecialReserveUsedToOffsetAccumulatedDeficits" xlink:title="presentation: AppropriationAndDistributionOfRetainedEarnings to SpecialReserveUsedToOffsetAccumulatedDeficits" use="optional" order="8.0"/>
    <link:loc xlink:type="locator" xlink:href="tifrs-es-2015-03-31.xsd#tifrs-es_ReversalOfSpecialReserve" xlink:label="ReversalOfSpecialReserve" xlink:title="ReversalOfSpecialReserve"/>
    <link:presentationArc xlink:type="arc" xlink:arcrole="http://www.xbrl.org/2003/arcrole/parent-child" xlink:from="AppropriationAndDistributionOfRetainedEarnings" xlink:to="ReversalOfSpecialReserve" xlink:title="presentation: AppropriationAndDistributionOfRetainedEarnings to ReversalOfSpecialReserve" use="optional" order="9.0"/>
    <link:loc xlink:type="locator" xlink:href="tifrs-es-2015-03-31.xsd#tifrs-es_OtherChangesInCapitalSurplusAbstract" xlink:label="OtherChangesInCapitalSurplusAbstract" xlink:title="OtherChangesInCapitalSurplusAbstract"/>
    <link:presentationArc xlink:type="arc" xlink:arcrole="http://www.xbrl.org/2003/arcrole/parent-child" xlink:from="StatementOfChangesInEquityLineItems" xlink:to="OtherChangesInCapitalSurplusAbstract" xlink:title="presentation: StatementOfChangesInEquityLineItems to OtherChangesInCapitalSurplusAbstract" use="optional" order="5.0"/>
    <link:loc xlink:type="locator" xlink:href="tifrs-es-2015-03-31.xsd#tifrs-es_DueToBusinessCombination" xlink:label="DueToBusinessCombination" xlink:title="DueToBusinessCombination"/>
    <link:presentationArc xlink:type="arc" xlink:arcrole="http://www.xbrl.org/2003/arcrole/parent-child" xlink:from="OtherChangesInCapitalSurplusAbstract" xlink:to="DueToBusinessCombination" xlink:title="presentation: OtherChangesInCapitalSurplusAbstract to DueToBusinessCombination" use="optional" order="1.0"/>
    <link:loc xlink:type="locator" xlink:href="tifrs-es-2015-03-31.xsd#tifrs-es_DueToDonatedAssetsReceived" xlink:label="DueToDonatedAssetsReceived" xlink:title="DueToDonatedAssetsReceived"/>
    <link:presentationArc xlink:type="arc" xlink:arcrole="http://www.xbrl.org/2003/arcrole/parent-child" xlink:from="OtherChangesInCapitalSurplusAbstract" xlink:to="DueToDonatedAssetsReceived" xlink:title="presentation: OtherChangesInCapitalSurplusAbstract to DueToDonatedAssetsReceived" use="optional" order="2.0"/>
    <link:loc xlink:type="locator" xlink:href="tifrs-es-2015-03-31.xsd#tifrs-es_DueToRecognitionOfEquityComponentOfConvertibleBondsPreferenceShareIssued" xlink:label="DueToRecognitionOfEquityComponentOfConvertibleBondsPreferenceShareIssued" xlink:title="DueToRecognitionOfEquityComponentOfConvertibleBondsPreferenceShareIssued"/>
    <link:presentationArc xlink:type="arc" xlink:arcrole="http://www.xbrl.org/2003/arcrole/parent-child" xlink:from="OtherChangesInCapitalSurplusAbstract" xlink:to="DueToRecognitionOfEquityComponentOfConvertibleBondsPreferenceShareIssued" xlink:title="presentation: OtherChangesInCapitalSurplusAbstract to DueToRecognitionOfEquityComponentOfConvertibleBondsPreferenceShareIssued" use="optional" order="3.0"/>
    <link:loc xlink:type="locator" xlink:href="tifrs-es-2015-03-31.xsd#tifrs-es_ChangesInEquityOfAssociatesAndJointVenturesAccountedForUsingEquityMethod" xlink:label="ChangesInEquityOfAssociatesAndJointVenturesAccountedForUsingEquityMethod" xlink:title="ChangesInEquityOfAssociatesAndJointVenturesAccountedForUsingEquityMethod"/>
    <link:presentationArc xlink:type="arc" xlink:arcrole="http://www.xbrl.org/2003/arcrole/parent-child" xlink:from="OtherChangesInCapitalSurplusAbstract" xlink:to="ChangesInEquityOfAssociatesAndJointVenturesAccountedForUsingEquityMethod" xlink:title="presentation: OtherChangesInCapitalSurplusAbstract to ChangesInEquityOfAssociatesAndJointVenturesAccountedForUsingEquityMethod" use="optional" order="4.0"/>
    <link:loc xlink:type="locator" xlink:href="tifrs-es-2015-03-31.xsd#tifrs-es_CapitalSurplusUsedToOffsetAccumulatedDeficits" xlink:label="CapitalSurplusUsedToOffsetAccumulatedDeficits" xlink:title="CapitalSurplusUsedToOffsetAccumulatedDeficits"/>
    <link:presentationArc xlink:type="arc" xlink:arcrole="http://www.xbrl.org/2003/arcrole/parent-child" xlink:from="OtherChangesInCapitalSurplusAbstract" xlink:to="CapitalSurplusUsedToOffsetAccumulatedDeficits" xlink:title="presentation: OtherChangesInCapitalSurplusAbstract to CapitalSurplusUsedToOffsetAccumulatedDeficits" use="optional" order="5.0"/>
    <link:loc xlink:type="locator" xlink:href="tifrs-es-2015-03-31.xsd#tifrs-es_StockDividendsFromCapitalSurplus" xlink:label="StockDividendsFromCapitalSurplus" xlink:title="StockDividendsFromCapitalSurplus"/>
    <link:presentationArc xlink:type="arc" xlink:arcrole="http://www.xbrl.org/2003/arcrole/parent-child" xlink:from="OtherChangesInCapitalSurplusAbstract" xlink:to="StockDividendsFromCapitalSurplus" xlink:title="presentation: OtherChangesInCapitalSurplusAbstract to StockDividendsFromCapitalSurplus" use="optional" order="6.0"/>
    <link:loc xlink:type="locator" xlink:href="tifrs-es-2015-03-31.xsd#tifrs-es_CashDividendsFromCapitalSurplus" xlink:label="CashDividendsFromCapitalSurplus" xlink:title="CashDividendsFromCapitalSurplus"/>
    <link:presentationArc xlink:type="arc" xlink:arcrole="http://www.xbrl.org/2003/arcrole/parent-child" xlink:from="OtherChangesInCapitalSurplusAbstract" xlink:to="CashDividendsFromCapitalSurplus" xlink:title="presentation: OtherChangesInCapitalSurplusAbstract to CashDividendsFromCapitalSurplus" use="optional" order="7.0"/>
    <link:loc xlink:type="locator" xlink:href="tifrs-es-2015-03-31.xsd#tifrs-es_OtherChangesInCapitalSurplus" xlink:label="OtherChangesInCapitalSurplus" xlink:title="OtherChangesInCapitalSurplus"/>
    <link:presentationArc xlink:type="arc" xlink:arcrole="http://www.xbrl.org/2003/arcrole/parent-child" xlink:from="OtherChangesInCapitalSurplusAbstract" xlink:to="OtherChangesInCapitalSurplus" xlink:title="presentation: OtherChangesInCapitalSurplusAbstract to OtherChangesInCapitalSurplus" use="optional" order="8.0"/>
    <link:loc xlink:type="locator" xlink:href="../ifrs_20100430/ifrs-cor_2010-04-30.xsd#ifrs_ProfitLoss" xlink:label="ProfitLoss" xlink:title="ProfitLoss"/>
    <link:presentationArc xlink:type="arc" xlink:arcrole="http://www.xbrl.org/2003/arcrole/parent-child" xlink:from="StatementOfChangesInEquityLineItems" xlink:to="ProfitLoss" xlink:title="presentation: StatementOfChangesInEquityLineItems to ProfitLoss" use="optional" order="6.0"/>
    <link:loc xlink:type="locator" xlink:href="../ifrs_20100430/ifrs-cor_2010-04-30.xsd#ifrs_OtherComprehensiveIncome" xlink:label="OtherComprehensiveIncome" xlink:title="OtherComprehensiveIncome"/>
    <link:presentationArc xlink:type="arc" xlink:arcrole="http://www.xbrl.org/2003/arcrole/parent-child" xlink:from="StatementOfChangesInEquityLineItems" xlink:to="OtherComprehensiveIncome" xlink:title="presentation: StatementOfChangesInEquityLineItems to OtherComprehensiveIncome" use="optional" order="7.0"/>
    <link:loc xlink:type="locator" xlink:href="../ifrs_20100430/ifrs-cor_2010-04-30.xsd#ifrs_ComprehensiveIncome" xlink:label="ComprehensiveIncome" xlink:title="ComprehensiveIncome"/>
    <link:presentationArc xlink:type="arc" xlink:arcrole="http://www.xbrl.org/2003/arcrole/parent-child" xlink:from="StatementOfChangesInEquityLineItems" xlink:to="ComprehensiveIncome" xlink:title="presentation: StatementOfChangesInEquityLineItems to ComprehensiveIncome" use="optional" order="8.0"/>
    <link:loc xlink:type="locator" xlink:href="tifrs-es-2015-03-31.xsd#tifrs-es_IssueOfShares" xlink:label="IssueOfShares" xlink:title="IssueOfShares"/>
    <link:presentationArc xlink:type="arc" xlink:arcrole="http://www.xbrl.org/2003/arcrole/parent-child" xlink:from="StatementOfChangesInEquityLineItems" xlink:to="IssueOfShares" xlink:title="presentation: StatementOfChangesInEquityLineItems to IssueOfShares" use="optional" order="9.0"/>
    <link:loc xlink:type="locator" xlink:href="tifrs-es-2015-03-31.xsd#tifrs-es_CapitalReduction" xlink:label="CapitalReduction" xlink:title="CapitalReduction"/>
    <link:presentationArc xlink:type="arc" xlink:arcrole="http://www.xbrl.org/2003/arcrole/parent-child" xlink:from="StatementOfChangesInEquityLineItems" xlink:to="CapitalReduction" xlink:title="presentation: StatementOfChangesInEquityLineItems to CapitalReduction" use="optional" order="10.0"/>
    <link:loc xlink:type="locator" xlink:href="tifrs-es-2015-03-31.xsd#tifrs-es_CapitalReductionToOffsetAccumulatedDeficits" xlink:label="CapitalReductionToOffsetAccumulatedDeficits" xlink:title="CapitalReductionToOffsetAccumulatedDeficits"/>
    <link:presentationArc xlink:type="arc" xlink:arcrole="http://www.xbrl.org/2003/arcrole/parent-child" xlink:from="StatementOfChangesInEquityLineItems" xlink:to="CapitalReductionToOffsetAccumulatedDeficits" xlink:title="presentation: StatementOfChangesInEquityLineItems to CapitalReductionToOffsetAccumulatedDeficits" use="optional" order="11.0"/>
    <link:loc xlink:type="locator" xlink:href="tifrs-es-2015-03-31.xsd#tifrs-es_CapitalReductionDueToSpinOff" xlink:label="CapitalReductionDueToSpinOff" xlink:title="CapitalReductionDueToSpinOff"/>
    <link:presentationArc xlink:type="arc" xlink:arcrole="http://www.xbrl.org/2003/arcrole/parent-child" xlink:from="StatementOfChangesInEquityLineItems" xlink:to="CapitalReductionDueToSpinOff" xlink:title="presentation: StatementOfChangesInEquityLineItems to CapitalReductionDueToSpinOff" use="optional" order="12.0"/>
    <link:loc xlink:type="locator" xlink:href="tifrs-es-2015-03-31.xsd#tifrs-es_SharesIssuedForPursuantToAcquisitions" xlink:label="SharesIssuedForPursuantToAcquisitions" xlink:title="SharesIssuedForPursuantToAcquisitions"/>
    <link:presentationArc xlink:type="arc" xlink:arcrole="http://www.xbrl.org/2003/arcrole/parent-child" xlink:from="StatementOfChangesInEquityLineItems" xlink:to="SharesIssuedForPursuantToAcquisitions" xlink:title="presentation: StatementOfChangesInEquityLineItems to SharesIssuedForPursuantToAcquisitions" use="optional" order="13.0"/>
    <link:loc xlink:type="locator" xlink:href="tifrs-es-2015-03-31.xsd#tifrs-es_SharesIssuedForPursuantToReorganization" xlink:label="SharesIssuedForPursuantToReorganization" xlink:title="SharesIssuedForPursuantToReorganization"/>
    <link:presentationArc xlink:type="arc" xlink:arcrole="http://www.xbrl.org/2003/arcrole/parent-child" xlink:from="StatementOfChangesInEquityLineItems" xlink:to="SharesIssuedForPursuantToReorganization" xlink:title="presentation: StatementOfChangesInEquityLineItems to SharesIssuedForPursuantToReorganization" use="optional" order="14.0"/>
    <link:loc xlink:type="locator" xlink:href="tifrs-es-2015-03-31.xsd#tifrs-es_ConversionOfConvertibleBonds" xlink:label="ConversionOfConvertibleBonds" xlink:title="ConversionOfConvertibleBonds"/>
    <link:presentationArc xlink:type="arc" xlink:arcrole="http://www.xbrl.org/2003/arcrole/parent-child" xlink:from="StatementOfChangesInEquityLineItems" xlink:to="ConversionOfConvertibleBonds" xlink:title="presentation: StatementOfChangesInEquityLineItems to ConversionOfConvertibleBonds" use="optional" order="15.0"/>
    <link:loc xlink:type="locator" xlink:href="tifrs-es-2015-03-31.xsd#tifrs-es_ConversionOfCertificatesOfBondsToShare" xlink:label="ConversionOfCertificatesOfBondsToShare" xlink:title="ConversionOfCertificatesOfBondsToShare"/>
    <link:presentationArc xlink:type="arc" xlink:arcrole="http://www.xbrl.org/2003/arcrole/parent-child" xlink:from="StatementOfChangesInEquityLineItems" xlink:to="ConversionOfCertificatesOfBondsToShare" xlink:title="presentation: StatementOfChangesInEquityLineItems to ConversionOfCertificatesOfBondsToShare" use="optional" order="16.0"/>
    <link:loc xlink:type="locator" xlink:href="tifrs-es-2015-03-31.xsd#tifrs-es_ConversionOfPreferenceShare" xlink:label="ConversionOfPreferenceShare" xlink:title="ConversionOfPreferenceShare"/>
    <link:presentationArc xlink:type="arc" xlink:arcrole="http://www.xbrl.org/2003/arcrole/parent-child" xlink:from="StatementOfChangesInEquityLineItems" xlink:to="ConversionOfPreferenceShare" xlink:title="presentation: StatementOfChangesInEquityLineItems to ConversionOfPreferenceShare" use="optional" order="17.0"/>
    <link:loc xlink:type="locator" xlink:href="tifrs-es-2015-03-31.xsd#tifrs-es_IssueOfPreferenceShare" xlink:label="IssueOfPreferenceShare" xlink:title="IssueOfPreferenceShare"/>
    <link:presentationArc xlink:type="arc" xlink:arcrole="http://www.xbrl.org/2003/arcrole/parent-child" xlink:from="StatementOfChangesInEquityLineItems" xlink:to="IssueOfPreferenceShare" xlink:title="presentation: StatementOfChangesInEquityLineItems to IssueOfPreferenceShare" use="optional" order="18.0"/>
    <link:loc xlink:type="locator" xlink:href="tifrs-es-2015-03-31.xsd#tifrs-es_RedemptionOfPreferenceShare" xlink:label="RedemptionOfPreferenceShare" xlink:title="RedemptionOfPreferenceShare"/>
    <link:presentationArc xlink:type="arc" xlink:arcrole="http://www.xbrl.org/2003/arcrole/parent-child" xlink:from="StatementOfChangesInEquityLineItems" xlink:to="RedemptionOfPreferenceShare" xlink:title="presentation: StatementOfChangesInEquityLineItems to RedemptionOfPreferenceShare" use="optional" order="19.0"/>
    <link:loc xlink:type="locator" xlink:href="tifrs-es-2015-03-31.xsd#tifrs-es_IssueOfOrdinaryShareOthers" xlink:label="IssueOfOrdinaryShareOthers" xlink:title="IssueOfOrdinaryShareOthers"/>
    <link:presentationArc xlink:type="arc" xlink:arcrole="http://www.xbrl.org/2003/arcrole/parent-child" xlink:from="StatementOfChangesInEquityLineItems" xlink:to="IssueOfOrdinaryShareOthers" xlink:title="presentation: StatementOfChangesInEquityLineItems to IssueOfOrdinaryShareOthers" use="optional" order="20.0"/>
    <link:loc xlink:type="locator" xlink:href="tifrs-es-2015-03-31.xsd#tifrs-es_PurchaseOfTreasuryShare" xlink:label="PurchaseOfTreasuryShare" xlink:title="PurchaseOfTreasuryShare"/>
    <link:presentationArc xlink:type="arc" xlink:arcrole="http://www.xbrl.org/2003/arcrole/parent-child" xlink:from="StatementOfChangesInEquityLineItems" xlink:to="PurchaseOfTreasuryShare" xlink:title="presentation: StatementOfChangesInEquityLineItems to PurchaseOfTreasuryShare" use="optional" order="21.0"/>
    <link:loc xlink:type="locator" xlink:href="tifrs-es-2015-03-31.xsd#tifrs-es_RetirementOfTreasuryShare" xlink:label="RetirementOfTreasuryShare" xlink:title="RetirementOfTreasuryShare"/>
    <link:presentationArc xlink:type="arc" xlink:arcrole="http://www.xbrl.org/2003/arcrole/parent-child" xlink:from="StatementOfChangesInEquityLineItems" xlink:to="RetirementOfTreasuryShare" xlink:title="presentation: StatementOfChangesInEquityLineItems to RetirementOfTreasuryShare" use="optional" order="22.0"/>
    <link:loc xlink:type="locator" xlink:href="tifrs-es-2015-03-31.xsd#tifrs-es_AcquisitionOfCompanyShareBySubsidiariesRecognizedAsTreasuryShare" xlink:label="AcquisitionOfCompanyShareBySubsidiariesRecognizedAsTreasuryShare" xlink:title="AcquisitionOfCompanyShareBySubsidiariesRecognizedAsTreasuryShare"/>
    <link:presentationArc xlink:type="arc" xlink:arcrole="http://www.xbrl.org/2003/arcrole/parent-child" xlink:from="StatementOfChangesInEquityLineItems" xlink:to="AcquisitionOfCompanyShareBySubsidiariesRecognizedAsTreasuryShare" xlink:title="presentation: StatementOfChangesInEquityLineItems to AcquisitionOfCompanyShareBySubsidiariesRecognizedAsTreasuryShare" use="optional" order="23.0"/>
    <link:loc xlink:type="locator" xlink:href="tifrs-es-2015-03-31.xsd#tifrs-es_DisposalOfCompanyShareBySubsidiariesRecognizedAsTreasuryShareTransactions" xlink:label="DisposalOfCompanyShareBySubsidiariesRecognizedAsTreasuryShareTransactions" xlink:title="DisposalOfCompanyShareBySubsidiariesRecognizedAsTreasuryShareTransactions"/>
    <link:presentationArc xlink:type="arc" xlink:arcrole="http://www.xbrl.org/2003/arcrole/parent-child" xlink:from="StatementOfChangesInEquityLineItems" xlink:to="DisposalOfCompanyShareBySubsidiariesRecognizedAsTreasuryShareTransactions" xlink:title="presentation: StatementOfChangesInEquityLineItems to DisposalOfCompanyShareBySubsidiariesRecognizedAsTreasuryShareTransactions" use="optional" order="24.0"/>
    <link:loc xlink:type="locator" xlink:href="tifrs-es-2015-03-31.xsd#tifrs-es_AdjustmentsOfCapitalSurplusForCompanysCashDividendsReceivedBySubsidiaries" xlink:label="AdjustmentsOfCapitalSurplusForCompanysCashDividendsReceivedBySubsidiaries" xlink:title="AdjustmentsOfCapitalSurplusForCompanysCashDividendsReceivedBySubsidiaries"/>
    <link:presentationArc xlink:type="arc" xlink:arcrole="http://www.xbrl.org/2003/arcrole/parent-child" xlink:from="StatementOfChangesInEquityLineItems" xlink:to="AdjustmentsOfCapitalSurplusForCompanysCashDividendsReceivedBySubsidiaries" xlink:title="presentation: StatementOfChangesInEquityLineItems to AdjustmentsOfCapitalSurplusForCompanysCashDividendsReceivedBySubsidiaries" use="optional" order="25.0"/>
    <link:loc xlink:type="locator" xlink:href="tifrs-es-2015-03-31.xsd#tifrs-es_DisposalOfInvestmentsAccountedForUsingEquityMethod" xlink:label="DisposalOfInvestmentsAccountedForUsingEquityMethod" xlink:title="DisposalOfInvestmentsAccountedForUsingEquityMethod"/>
    <link:presentationArc xlink:type="arc" xlink:arcrole="http://www.xbrl.org/2003/arcrole/parent-child" xlink:from="StatementOfChangesInEquityLineItems" xlink:to="DisposalOfInvestmentsAccountedForUsingEquityMethod" xlink:title="presentation: StatementOfChangesInEquityLineItems to DisposalOfInvestmentsAccountedForUsingEquityMethod" use="optional" order="26.0"/>
    <link:loc xlink:type="locator" xlink:href="tifrs-es-2015-03-31.xsd#tifrs-es_DifferenceBetweenConsiderationAndCarryingAmountOfSubsidiariesAcquiredOrDisposed" xlink:label="DifferenceBetweenConsiderationAndCarryingAmountOfSubsidiariesAcquiredOrDisposed" xlink:title="DifferenceBetweenConsiderationAndCarryingAmountOfSubsidiariesAcquiredOrDisposed"/>
    <link:presentationArc xlink:type="arc" xlink:arcrole="http://www.xbrl.org/2003/arcrole/parent-child" xlink:from="StatementOfChangesInEquityLineItems" xlink:to="DifferenceBetweenConsiderationAndCarryingAmountOfSubsidiariesAcquiredOrDisposed" xlink:title="presentation: StatementOfChangesInEquityLineItems to DifferenceBetweenConsiderationAndCarryingAmountOfSubsidiariesAcquiredOrDisposed" use="optional" order="27.0"/>
    <link:loc xlink:type="locator" xlink:href="tifrs-es-2015-03-31.xsd#tifrs-es_ShareBasedPayments" xlink:label="ShareBasedPayments" xlink:title="ShareBasedPayments"/>
    <link:presentationArc xlink:type="arc" xlink:arcrole="http://www.xbrl.org/2003/arcrole/parent-child" xlink:from="StatementOfChangesInEquityLineItems" xlink:to="ShareBasedPayments" xlink:title="presentation: StatementOfChangesInEquityLineItems to ShareBasedPayments" use="optional" order="29.0"/>
    <link:loc xlink:type="locator" xlink:href="tifrs-es-2015-03-31.xsd#tifrs-es_ChangesInPrepaidPreferredStockConstructionDividends" xlink:label="ChangesInPrepaidPreferredStockConstructionDividends" xlink:title="ChangesInPrepaidPreferredStockConstructionDividends"/>
    <link:presentationArc xlink:type="arc" xlink:arcrole="http://www.xbrl.org/2003/arcrole/parent-child" xlink:from="StatementOfChangesInEquityLineItems" xlink:to="ChangesInPrepaidPreferredStockConstructionDividends" xlink:title="presentation: StatementOfChangesInEquityLineItems to ChangesInPrepaidPreferredStockConstructionDividends" use="optional" order="30.0"/>
    <link:loc xlink:type="locator" xlink:href="tifrs-es-2015-03-31.xsd#tifrs-es_Others-IncreaseDecreaseInEquity" xlink:label="Others-IncreaseDecreaseInEquity" xlink:title="Others-IncreaseDecreaseInEquity"/>
    <link:presentationArc xlink:type="arc" xlink:arcrole="http://www.xbrl.org/2003/arcrole/parent-child" xlink:from="StatementOfChangesInEquityLineItems" xlink:to="Others-IncreaseDecreaseInEquity" xlink:title="presentation: StatementOfChangesInEquityLineItems to Others-IncreaseDecreaseInEquity" use="optional" order="31.0"/>
    <link:loc xlink:type="locator" xlink:href="tifrs-es-2015-03-31.xsd#tifrs-es_TotalIncreaseDecreaseInEquity" xlink:label="TotalIncreaseDecreaseInEquity" xlink:title="TotalIncreaseDecreaseInEquity"/>
    <link:presentationArc xlink:type="arc" xlink:arcrole="http://www.xbrl.org/2003/arcrole/parent-child" xlink:from="StatementOfChangesInEquityLineItems" xlink:to="TotalIncreaseDecreaseInEquity" xlink:title="presentation: StatementOfChangesInEquityLineItems to TotalIncreaseDecreaseInEquity" use="optional" order="32.0"/>
    <link:loc xlink:type="locator" xlink:href="tifrs-es-2015-03-31.xsd#tifrs-es_RetrospectiveAdjustmentOfEquityAttributableToFormerOwnerDueToReorganizationOfEntitiesUnderCommonControl" xlink:label="RetrospectiveAdjustmentOfEquityAttributableToFormerOwnerDueToReorganizationOfEntitiesUnderCommonControl" xlink:title="RetrospectiveAdjustmentOfEquityAttributableToFormerOwnerDueToReorganizationOfEntitiesUnderCommonControl"/>
    <link:presentationArc xlink:type="arc" xlink:arcrole="http://www.xbrl.org/2003/arcrole/parent-child" xlink:from="StatementOfChangesInEquityLineItems" xlink:to="RetrospectiveAdjustmentOfEquityAttributableToFormerOwnerDueToReorganizationOfEntitiesUnderCommonControl" xlink:title="presentation: StatementOfChangesInEquityLineItems to RetrospectiveAdjustmentOfEquityAttributableToFormerOwnerDueToReorganizationOfEntitiesUnderCommonControl" order="2.1"/>
    <link:loc xlink:type="locator" xlink:href="tifrs-es-2015-03-31.xsd#tifrs-es_ChangesInOwnershipInterestsInSubsidiaries" xlink:label="ChangesInOwnershipInterestsInSubsidiaries" xlink:title="ChangesInOwnershipInterestsInSubsidiaries"/>
    <link:presentationArc xlink:type="arc" xlink:arcrole="http://www.xbrl.org/2003/arcrole/parent-child" xlink:from="StatementOfChangesInEquityLineItems" xlink:to="ChangesInOwnershipInterestsInSubsidiaries" xlink:title="presentation: StatementOfChangesInEquityLineItems to ChangesInOwnershipInterestsInSubsidiaries" order="28.0"/>
  </link:presentationLink>
</link:linkbase>
