<?xml version="1.0" encoding="UTF-8"?>
<!-- Generated by Fujitsu Interstage XWand B0196 -->
<link:linkbase xmlns:xsi="http://www.w3.org/2001/XMLSchema-instance" xsi:schemaLocation="http://www.xbrl.org/2003/linkbase http://www.xbrl.org/2003/xbrl-linkbase-2003-12-31.xsd" xmlns:link="http://www.xbrl.org/2003/linkbase" xmlns:xbrli="http://www.xbrl.org/2003/instance" xmlns:xlink="http://www.w3.org/1999/xlink">
  <link:roleRef roleURI="http://www.xbrl.org/tifrs/fr/role/StatementOfChangesInEquity" xlink:type="simple" xlink:href="tifrs-es-2015-03-31.xsd#RT_1"/>
  <link:calculationLink xlink:type="extended" xlink:role="http://www.xbrl.org/tifrs/fr/role/StatementOfChangesInEquity">
    <link:loc xlink:type="locator" xlink:href="tifrs-es-2015-03-31.xsd#tifrs-es_TotalIncreaseDecreaseInEquity" xlink:label="TotalIncreaseDecreaseInEquity" xlink:title="TotalIncreaseDecreaseInEquity"/>
    <link:loc xlink:type="locator" xlink:href="tifrs-es-2015-03-31.xsd#tifrs-es_LegalReserveAppropriated" xlink:label="LegalReserveAppropriated" xlink:title="LegalReserveAppropriated"/>
    <link:calculationArc xlink:type="arc" xlink:arcrole="http://www.xbrl.org/2003/arcrole/summation-item" xlink:from="TotalIncreaseDecreaseInEquity" xlink:to="LegalReserveAppropriated" xlink:title="calculation: TotalIncreaseDecreaseInEquity to LegalReserveAppropriated" use="optional" order="1.0" weight="1.0"/>
    <link:loc xlink:type="locator" xlink:href="tifrs-es-2015-03-31.xsd#tifrs-es_SpecialReserveAppropriated" xlink:label="SpecialReserveAppropriated" xlink:title="SpecialReserveAppropriated"/>
    <link:calculationArc xlink:type="arc" xlink:arcrole="http://www.xbrl.org/2003/arcrole/summation-item" xlink:from="TotalIncreaseDecreaseInEquity" xlink:to="SpecialReserveAppropriated" xlink:title="calculation: TotalIncreaseDecreaseInEquity to SpecialReserveAppropriated" use="optional" order="2.0" weight="1.0"/>
    <link:loc xlink:type="locator" xlink:href="tifrs-es-2015-03-31.xsd#tifrs-es_CashDividendsOfOrdinaryShare" xlink:label="CashDividendsOfOrdinaryShare" xlink:title="CashDividendsOfOrdinaryShare"/>
    <link:calculationArc xlink:type="arc" xlink:arcrole="http://www.xbrl.org/2003/arcrole/summation-item" xlink:from="TotalIncreaseDecreaseInEquity" xlink:to="CashDividendsOfOrdinaryShare" xlink:title="calculation: TotalIncreaseDecreaseInEquity to CashDividendsOfOrdinaryShare" use="optional" order="3.0" weight="1.0"/>
    <link:loc xlink:type="locator" xlink:href="tifrs-es-2015-03-31.xsd#tifrs-es_CashDividendsOfPreferenceShare" xlink:label="CashDividendsOfPreferenceShare" xlink:title="CashDividendsOfPreferenceShare"/>
    <link:calculationArc xlink:type="arc" xlink:arcrole="http://www.xbrl.org/2003/arcrole/summation-item" xlink:from="TotalIncreaseDecreaseInEquity" xlink:to="CashDividendsOfPreferenceShare" xlink:title="calculation: TotalIncreaseDecreaseInEquity to CashDividendsOfPreferenceShare" use="optional" order="4.0" weight="1.0"/>
    <link:loc xlink:type="locator" xlink:href="tifrs-es-2015-03-31.xsd#tifrs-es_StockDividendsOfOrdinaryShare" xlink:label="StockDividendsOfOrdinaryShare" xlink:title="StockDividendsOfOrdinaryShare"/>
    <link:calculationArc xlink:type="arc" xlink:arcrole="http://www.xbrl.org/2003/arcrole/summation-item" xlink:from="TotalIncreaseDecreaseInEquity" xlink:to="StockDividendsOfOrdinaryShare" xlink:title="calculation: TotalIncreaseDecreaseInEquity to StockDividendsOfOrdinaryShare" use="optional" order="5.0" weight="1.0"/>
    <link:loc xlink:type="locator" xlink:href="tifrs-es-2015-03-31.xsd#tifrs-es_StockDividendsOfPreferenceShare" xlink:label="StockDividendsOfPreferenceShare" xlink:title="StockDividendsOfPreferenceShare"/>
    <link:calculationArc xlink:type="arc" xlink:arcrole="http://www.xbrl.org/2003/arcrole/summation-item" xlink:from="TotalIncreaseDecreaseInEquity" xlink:to="StockDividendsOfPreferenceShare" xlink:title="calculation: TotalIncreaseDecreaseInEquity to StockDividendsOfPreferenceShare" use="optional" order="6.0" weight="1.0"/>
    <link:loc xlink:type="locator" xlink:href="tifrs-es-2015-03-31.xsd#tifrs-es_LegalReserveUsedToOffsetAccumulatedDeficits" xlink:label="LegalReserveUsedToOffsetAccumulatedDeficits" xlink:title="LegalReserveUsedToOffsetAccumulatedDeficits"/>
    <link:calculationArc xlink:type="arc" xlink:arcrole="http://www.xbrl.org/2003/arcrole/summation-item" xlink:from="TotalIncreaseDecreaseInEquity" xlink:to="LegalReserveUsedToOffsetAccumulatedDeficits" xlink:title="calculation: TotalIncreaseDecreaseInEquity to LegalReserveUsedToOffsetAccumulatedDeficits" use="optional" order="7.0" weight="1.0"/>
    <link:loc xlink:type="locator" xlink:href="tifrs-es-2015-03-31.xsd#tifrs-es_SpecialReserveUsedToOffsetAccumulatedDeficits" xlink:label="SpecialReserveUsedToOffsetAccumulatedDeficits" xlink:title="SpecialReserveUsedToOffsetAccumulatedDeficits"/>
    <link:calculationArc xlink:type="arc" xlink:arcrole="http://www.xbrl.org/2003/arcrole/summation-item" xlink:from="TotalIncreaseDecreaseInEquity" xlink:to="SpecialReserveUsedToOffsetAccumulatedDeficits" xlink:title="calculation: TotalIncreaseDecreaseInEquity to SpecialReserveUsedToOffsetAccumulatedDeficits" use="optional" order="8.0" weight="1.0"/>
    <link:loc xlink:type="locator" xlink:href="tifrs-es-2015-03-31.xsd#tifrs-es_ReversalOfSpecialReserve" xlink:label="ReversalOfSpecialReserve" xlink:title="ReversalOfSpecialReserve"/>
    <link:calculationArc xlink:type="arc" xlink:arcrole="http://www.xbrl.org/2003/arcrole/summation-item" xlink:from="TotalIncreaseDecreaseInEquity" xlink:to="ReversalOfSpecialReserve" xlink:title="calculation: TotalIncreaseDecreaseInEquity to ReversalOfSpecialReserve" use="optional" order="9.0" weight="1.0"/>
    <link:loc xlink:type="locator" xlink:href="tifrs-es-2015-03-31.xsd#tifrs-es_DueToBusinessCombination" xlink:label="DueToBusinessCombination" xlink:title="DueToBusinessCombination"/>
    <link:calculationArc xlink:type="arc" xlink:arcrole="http://www.xbrl.org/2003/arcrole/summation-item" xlink:from="TotalIncreaseDecreaseInEquity" xlink:to="DueToBusinessCombination" xlink:title="calculation: TotalIncreaseDecreaseInEquity to DueToBusinessCombination" use="optional" order="10.0" weight="1.0"/>
    <link:loc xlink:type="locator" xlink:href="tifrs-es-2015-03-31.xsd#tifrs-es_DueToDonatedAssetsReceived" xlink:label="DueToDonatedAssetsReceived" xlink:title="DueToDonatedAssetsReceived"/>
    <link:calculationArc xlink:type="arc" xlink:arcrole="http://www.xbrl.org/2003/arcrole/summation-item" xlink:from="TotalIncreaseDecreaseInEquity" xlink:to="DueToDonatedAssetsReceived" xlink:title="calculation: TotalIncreaseDecreaseInEquity to DueToDonatedAssetsReceived" use="optional" order="11.0" weight="1.0"/>
    <link:loc xlink:type="locator" xlink:href="tifrs-es-2015-03-31.xsd#tifrs-es_DueToRecognitionOfEquityComponentOfConvertibleBondsPreferenceShareIssued" xlink:label="DueToRecognitionOfEquityComponentOfConvertibleBondsPreferenceShareIssued" xlink:title="DueToRecognitionOfEquityComponentOfConvertibleBondsPreferenceShareIssued"/>
    <link:calculationArc xlink:type="arc" xlink:arcrole="http://www.xbrl.org/2003/arcrole/summation-item" xlink:from="TotalIncreaseDecreaseInEquity" xlink:to="DueToRecognitionOfEquityComponentOfConvertibleBondsPreferenceShareIssued" xlink:title="calculation: TotalIncreaseDecreaseInEquity to DueToRecognitionOfEquityComponentOfConvertibleBondsPreferenceShareIssued" use="optional" order="12.0" weight="1.0"/>
    <link:loc xlink:type="locator" xlink:href="tifrs-es-2015-03-31.xsd#tifrs-es_ChangesInEquityOfAssociatesAndJointVenturesAccountedForUsingEquityMethod" xlink:label="ChangesInEquityOfAssociatesAndJointVenturesAccountedForUsingEquityMethod" xlink:title="ChangesInEquityOfAssociatesAndJointVenturesAccountedForUsingEquityMethod"/>
    <link:calculationArc xlink:type="arc" xlink:arcrole="http://www.xbrl.org/2003/arcrole/summation-item" xlink:from="TotalIncreaseDecreaseInEquity" xlink:to="ChangesInEquityOfAssociatesAndJointVenturesAccountedForUsingEquityMethod" xlink:title="calculation: TotalIncreaseDecreaseInEquity to ChangesInEquityOfAssociatesAndJointVenturesAccountedForUsingEquityMethod" use="optional" order="13.0" weight="1.0"/>
    <link:loc xlink:type="locator" xlink:href="tifrs-es-2015-03-31.xsd#tifrs-es_CapitalSurplusUsedToOffsetAccumulatedDeficits" xlink:label="CapitalSurplusUsedToOffsetAccumulatedDeficits" xlink:title="CapitalSurplusUsedToOffsetAccumulatedDeficits"/>
    <link:calculationArc xlink:type="arc" xlink:arcrole="http://www.xbrl.org/2003/arcrole/summation-item" xlink:from="TotalIncreaseDecreaseInEquity" xlink:to="CapitalSurplusUsedToOffsetAccumulatedDeficits" xlink:title="calculation: TotalIncreaseDecreaseInEquity to CapitalSurplusUsedToOffsetAccumulatedDeficits" use="optional" order="14.0" weight="1.0"/>
    <link:loc xlink:type="locator" xlink:href="tifrs-es-2015-03-31.xsd#tifrs-es_StockDividendsFromCapitalSurplus" xlink:label="StockDividendsFromCapitalSurplus" xlink:title="StockDividendsFromCapitalSurplus"/>
    <link:calculationArc xlink:type="arc" xlink:arcrole="http://www.xbrl.org/2003/arcrole/summation-item" xlink:from="TotalIncreaseDecreaseInEquity" xlink:to="StockDividendsFromCapitalSurplus" xlink:title="calculation: TotalIncreaseDecreaseInEquity to StockDividendsFromCapitalSurplus" use="optional" order="15.0" weight="1.0"/>
    <link:loc xlink:type="locator" xlink:href="tifrs-es-2015-03-31.xsd#tifrs-es_CashDividendsFromCapitalSurplus" xlink:label="CashDividendsFromCapitalSurplus" xlink:title="CashDividendsFromCapitalSurplus"/>
    <link:calculationArc xlink:type="arc" xlink:arcrole="http://www.xbrl.org/2003/arcrole/summation-item" xlink:from="TotalIncreaseDecreaseInEquity" xlink:to="CashDividendsFromCapitalSurplus" xlink:title="calculation: TotalIncreaseDecreaseInEquity to CashDividendsFromCapitalSurplus" use="optional" order="16.0" weight="1.0"/>
    <link:loc xlink:type="locator" xlink:href="tifrs-es-2015-03-31.xsd#tifrs-es_OtherChangesInCapitalSurplus" xlink:label="OtherChangesInCapitalSurplus" xlink:title="OtherChangesInCapitalSurplus"/>
    <link:calculationArc xlink:type="arc" xlink:arcrole="http://www.xbrl.org/2003/arcrole/summation-item" xlink:from="TotalIncreaseDecreaseInEquity" xlink:to="OtherChangesInCapitalSurplus" xlink:title="calculation: TotalIncreaseDecreaseInEquity to OtherChangesInCapitalSurplus" use="optional" order="17.0" weight="1.0"/>
    <link:loc xlink:type="locator" xlink:href="tifrs-es-2015-03-31.xsd#tifrs-es_IssueOfShares" xlink:label="IssueOfShares" xlink:title="IssueOfShares"/>
    <link:calculationArc xlink:type="arc" xlink:arcrole="http://www.xbrl.org/2003/arcrole/summation-item" xlink:from="TotalIncreaseDecreaseInEquity" xlink:to="IssueOfShares" xlink:title="calculation: TotalIncreaseDecreaseInEquity to IssueOfShares" use="optional" order="21.0" weight="1.0"/>
    <link:loc xlink:type="locator" xlink:href="tifrs-es-2015-03-31.xsd#tifrs-es_CapitalReduction" xlink:label="CapitalReduction" xlink:title="CapitalReduction"/>
    <link:calculationArc xlink:type="arc" xlink:arcrole="http://www.xbrl.org/2003/arcrole/summation-item" xlink:from="TotalIncreaseDecreaseInEquity" xlink:to="CapitalReduction" xlink:title="calculation: TotalIncreaseDecreaseInEquity to CapitalReduction" use="optional" order="22.0" weight="1.0"/>
    <link:loc xlink:type="locator" xlink:href="tifrs-es-2015-03-31.xsd#tifrs-es_CapitalReductionToOffsetAccumulatedDeficits" xlink:label="CapitalReductionToOffsetAccumulatedDeficits" xlink:title="CapitalReductionToOffsetAccumulatedDeficits"/>
    <link:calculationArc xlink:type="arc" xlink:arcrole="http://www.xbrl.org/2003/arcrole/summation-item" xlink:from="TotalIncreaseDecreaseInEquity" xlink:to="CapitalReductionToOffsetAccumulatedDeficits" xlink:title="calculation: TotalIncreaseDecreaseInEquity to CapitalReductionToOffsetAccumulatedDeficits" use="optional" order="23.0" weight="1.0"/>
    <link:loc xlink:type="locator" xlink:href="tifrs-es-2015-03-31.xsd#tifrs-es_CapitalReductionDueToSpinOff" xlink:label="CapitalReductionDueToSpinOff" xlink:title="CapitalReductionDueToSpinOff"/>
    <link:calculationArc xlink:type="arc" xlink:arcrole="http://www.xbrl.org/2003/arcrole/summation-item" xlink:from="TotalIncreaseDecreaseInEquity" xlink:to="CapitalReductionDueToSpinOff" xlink:title="calculation: TotalIncreaseDecreaseInEquity to CapitalReductionDueToSpinOff" use="optional" order="24.0" weight="1.0"/>
    <link:loc xlink:type="locator" xlink:href="tifrs-es-2015-03-31.xsd#tifrs-es_SharesIssuedForPursuantToAcquisitions" xlink:label="SharesIssuedForPursuantToAcquisitions" xlink:title="SharesIssuedForPursuantToAcquisitions"/>
    <link:calculationArc xlink:type="arc" xlink:arcrole="http://www.xbrl.org/2003/arcrole/summation-item" xlink:from="TotalIncreaseDecreaseInEquity" xlink:to="SharesIssuedForPursuantToAcquisitions" xlink:title="calculation: TotalIncreaseDecreaseInEquity to SharesIssuedForPursuantToAcquisitions" use="optional" order="25.0" weight="1.0"/>
    <link:loc xlink:type="locator" xlink:href="tifrs-es-2015-03-31.xsd#tifrs-es_SharesIssuedForPursuantToReorganization" xlink:label="SharesIssuedForPursuantToReorganization" xlink:title="SharesIssuedForPursuantToReorganization"/>
    <link:calculationArc xlink:type="arc" xlink:arcrole="http://www.xbrl.org/2003/arcrole/summation-item" xlink:from="TotalIncreaseDecreaseInEquity" xlink:to="SharesIssuedForPursuantToReorganization" xlink:title="calculation: TotalIncreaseDecreaseInEquity to SharesIssuedForPursuantToReorganization" use="optional" order="26.0" weight="1.0"/>
    <link:loc xlink:type="locator" xlink:href="tifrs-es-2015-03-31.xsd#tifrs-es_ConversionOfConvertibleBonds" xlink:label="ConversionOfConvertibleBonds" xlink:title="ConversionOfConvertibleBonds"/>
    <link:calculationArc xlink:type="arc" xlink:arcrole="http://www.xbrl.org/2003/arcrole/summation-item" xlink:from="TotalIncreaseDecreaseInEquity" xlink:to="ConversionOfConvertibleBonds" xlink:title="calculation: TotalIncreaseDecreaseInEquity to ConversionOfConvertibleBonds" use="optional" order="27.0" weight="1.0"/>
    <link:loc xlink:type="locator" xlink:href="tifrs-es-2015-03-31.xsd#tifrs-es_ConversionOfCertificatesOfBondsToShare" xlink:label="ConversionOfCertificatesOfBondsToShare" xlink:title="ConversionOfCertificatesOfBondsToShare"/>
    <link:calculationArc xlink:type="arc" xlink:arcrole="http://www.xbrl.org/2003/arcrole/summation-item" xlink:from="TotalIncreaseDecreaseInEquity" xlink:to="ConversionOfCertificatesOfBondsToShare" xlink:title="calculation: TotalIncreaseDecreaseInEquity to ConversionOfCertificatesOfBondsToShare" use="optional" order="28.0" weight="1.0"/>
    <link:loc xlink:type="locator" xlink:href="tifrs-es-2015-03-31.xsd#tifrs-es_ConversionOfPreferenceShare" xlink:label="ConversionOfPreferenceShare" xlink:title="ConversionOfPreferenceShare"/>
    <link:calculationArc xlink:type="arc" xlink:arcrole="http://www.xbrl.org/2003/arcrole/summation-item" xlink:from="TotalIncreaseDecreaseInEquity" xlink:to="ConversionOfPreferenceShare" xlink:title="calculation: TotalIncreaseDecreaseInEquity to ConversionOfPreferenceShare" use="optional" order="29.0" weight="1.0"/>
    <link:loc xlink:type="locator" xlink:href="tifrs-es-2015-03-31.xsd#tifrs-es_IssueOfPreferenceShare" xlink:label="IssueOfPreferenceShare" xlink:title="IssueOfPreferenceShare"/>
    <link:calculationArc xlink:type="arc" xlink:arcrole="http://www.xbrl.org/2003/arcrole/summation-item" xlink:from="TotalIncreaseDecreaseInEquity" xlink:to="IssueOfPreferenceShare" xlink:title="calculation: TotalIncreaseDecreaseInEquity to IssueOfPreferenceShare" use="optional" order="30.0" weight="1.0"/>
    <link:loc xlink:type="locator" xlink:href="tifrs-es-2015-03-31.xsd#tifrs-es_RedemptionOfPreferenceShare" xlink:label="RedemptionOfPreferenceShare" xlink:title="RedemptionOfPreferenceShare"/>
    <link:calculationArc xlink:type="arc" xlink:arcrole="http://www.xbrl.org/2003/arcrole/summation-item" xlink:from="TotalIncreaseDecreaseInEquity" xlink:to="RedemptionOfPreferenceShare" xlink:title="calculation: TotalIncreaseDecreaseInEquity to RedemptionOfPreferenceShare" use="optional" order="31.0" weight="1.0"/>
    <link:loc xlink:type="locator" xlink:href="tifrs-es-2015-03-31.xsd#tifrs-es_IssueOfOrdinaryShareOthers" xlink:label="IssueOfOrdinaryShareOthers" xlink:title="IssueOfOrdinaryShareOthers"/>
    <link:calculationArc xlink:type="arc" xlink:arcrole="http://www.xbrl.org/2003/arcrole/summation-item" xlink:from="TotalIncreaseDecreaseInEquity" xlink:to="IssueOfOrdinaryShareOthers" xlink:title="calculation: TotalIncreaseDecreaseInEquity to IssueOfOrdinaryShareOthers" use="optional" order="32.0" weight="1.0"/>
    <link:loc xlink:type="locator" xlink:href="tifrs-es-2015-03-31.xsd#tifrs-es_PurchaseOfTreasuryShare" xlink:label="PurchaseOfTreasuryShare" xlink:title="PurchaseOfTreasuryShare"/>
    <link:calculationArc xlink:type="arc" xlink:arcrole="http://www.xbrl.org/2003/arcrole/summation-item" xlink:from="TotalIncreaseDecreaseInEquity" xlink:to="PurchaseOfTreasuryShare" xlink:title="calculation: TotalIncreaseDecreaseInEquity to PurchaseOfTreasuryShare" use="optional" order="33.0" weight="1.0"/>
    <link:loc xlink:type="locator" xlink:href="tifrs-es-2015-03-31.xsd#tifrs-es_RetirementOfTreasuryShare" xlink:label="RetirementOfTreasuryShare" xlink:title="RetirementOfTreasuryShare"/>
    <link:calculationArc xlink:type="arc" xlink:arcrole="http://www.xbrl.org/2003/arcrole/summation-item" xlink:from="TotalIncreaseDecreaseInEquity" xlink:to="RetirementOfTreasuryShare" xlink:title="calculation: TotalIncreaseDecreaseInEquity to RetirementOfTreasuryShare" use="optional" order="34.0" weight="1.0"/>
    <link:loc xlink:type="locator" xlink:href="tifrs-es-2015-03-31.xsd#tifrs-es_AcquisitionOfCompanyShareBySubsidiariesRecognizedAsTreasuryShare" xlink:label="AcquisitionOfCompanyShareBySubsidiariesRecognizedAsTreasuryShare" xlink:title="AcquisitionOfCompanyShareBySubsidiariesRecognizedAsTreasuryShare"/>
    <link:calculationArc xlink:type="arc" xlink:arcrole="http://www.xbrl.org/2003/arcrole/summation-item" xlink:from="TotalIncreaseDecreaseInEquity" xlink:to="AcquisitionOfCompanyShareBySubsidiariesRecognizedAsTreasuryShare" xlink:title="calculation: TotalIncreaseDecreaseInEquity to AcquisitionOfCompanyShareBySubsidiariesRecognizedAsTreasuryShare" use="optional" order="35.0" weight="1.0"/>
    <link:loc xlink:type="locator" xlink:href="tifrs-es-2015-03-31.xsd#tifrs-es_DisposalOfCompanyShareBySubsidiariesRecognizedAsTreasuryShareTransactions" xlink:label="DisposalOfCompanyShareBySubsidiariesRecognizedAsTreasuryShareTransactions" xlink:title="DisposalOfCompanyShareBySubsidiariesRecognizedAsTreasuryShareTransactions"/>
    <link:calculationArc xlink:type="arc" xlink:arcrole="http://www.xbrl.org/2003/arcrole/summation-item" xlink:from="TotalIncreaseDecreaseInEquity" xlink:to="DisposalOfCompanyShareBySubsidiariesRecognizedAsTreasuryShareTransactions" xlink:title="calculation: TotalIncreaseDecreaseInEquity to DisposalOfCompanyShareBySubsidiariesRecognizedAsTreasuryShareTransactions" use="optional" order="36.0" weight="1.0"/>
    <link:loc xlink:type="locator" xlink:href="tifrs-es-2015-03-31.xsd#tifrs-es_AdjustmentsOfCapitalSurplusForCompanysCashDividendsReceivedBySubsidiaries" xlink:label="AdjustmentsOfCapitalSurplusForCompanysCashDividendsReceivedBySubsidiaries" xlink:title="AdjustmentsOfCapitalSurplusForCompanysCashDividendsReceivedBySubsidiaries"/>
    <link:calculationArc xlink:type="arc" xlink:arcrole="http://www.xbrl.org/2003/arcrole/summation-item" xlink:from="TotalIncreaseDecreaseInEquity" xlink:to="AdjustmentsOfCapitalSurplusForCompanysCashDividendsReceivedBySubsidiaries" xlink:title="calculation: TotalIncreaseDecreaseInEquity to AdjustmentsOfCapitalSurplusForCompanysCashDividendsReceivedBySubsidiaries" use="optional" order="37.0" weight="1.0"/>
    <link:loc xlink:type="locator" xlink:href="tifrs-es-2015-03-31.xsd#tifrs-es_DisposalOfInvestmentsAccountedForUsingEquityMethod" xlink:label="DisposalOfInvestmentsAccountedForUsingEquityMethod" xlink:title="DisposalOfInvestmentsAccountedForUsingEquityMethod"/>
    <link:calculationArc xlink:type="arc" xlink:arcrole="http://www.xbrl.org/2003/arcrole/summation-item" xlink:from="TotalIncreaseDecreaseInEquity" xlink:to="DisposalOfInvestmentsAccountedForUsingEquityMethod" xlink:title="calculation: TotalIncreaseDecreaseInEquity to DisposalOfInvestmentsAccountedForUsingEquityMethod" use="optional" order="38.0" weight="1.0"/>
    <link:loc xlink:type="locator" xlink:href="tifrs-es-2015-03-31.xsd#tifrs-es_DifferenceBetweenConsiderationAndCarryingAmountOfSubsidiariesAcquiredOrDisposed" xlink:label="DifferenceBetweenConsiderationAndCarryingAmountOfSubsidiariesAcquiredOrDisposed" xlink:title="DifferenceBetweenConsiderationAndCarryingAmountOfSubsidiariesAcquiredOrDisposed"/>
    <link:calculationArc xlink:type="arc" xlink:arcrole="http://www.xbrl.org/2003/arcrole/summation-item" xlink:from="TotalIncreaseDecreaseInEquity" xlink:to="DifferenceBetweenConsiderationAndCarryingAmountOfSubsidiariesAcquiredOrDisposed" xlink:title="calculation: TotalIncreaseDecreaseInEquity to DifferenceBetweenConsiderationAndCarryingAmountOfSubsidiariesAcquiredOrDisposed" use="optional" order="39.0" weight="1.0"/>
    <link:loc xlink:type="locator" xlink:href="tifrs-es-2015-03-31.xsd#tifrs-es_ShareBasedPayments" xlink:label="ShareBasedPayments" xlink:title="ShareBasedPayments"/>
    <link:calculationArc xlink:type="arc" xlink:arcrole="http://www.xbrl.org/2003/arcrole/summation-item" xlink:from="TotalIncreaseDecreaseInEquity" xlink:to="ShareBasedPayments" xlink:title="calculation: TotalIncreaseDecreaseInEquity to ShareBasedPayments" use="optional" order="41.0" weight="1.0"/>
    <link:loc xlink:type="locator" xlink:href="tifrs-es-2015-03-31.xsd#tifrs-es_ChangesInPrepaidPreferredStockConstructionDividends" xlink:label="ChangesInPrepaidPreferredStockConstructionDividends" xlink:title="ChangesInPrepaidPreferredStockConstructionDividends"/>
    <link:calculationArc xlink:type="arc" xlink:arcrole="http://www.xbrl.org/2003/arcrole/summation-item" xlink:from="TotalIncreaseDecreaseInEquity" xlink:to="ChangesInPrepaidPreferredStockConstructionDividends" xlink:title="calculation: TotalIncreaseDecreaseInEquity to ChangesInPrepaidPreferredStockConstructionDividends" use="optional" order="42.0" weight="1.0"/>
    <link:loc xlink:type="locator" xlink:href="tifrs-es-2015-03-31.xsd#tifrs-es_Others-IncreaseDecreaseInEquity" xlink:label="Others-IncreaseDecreaseInEquity" xlink:title="Others-IncreaseDecreaseInEquity"/>
    <link:calculationArc xlink:type="arc" xlink:arcrole="http://www.xbrl.org/2003/arcrole/summation-item" xlink:from="TotalIncreaseDecreaseInEquity" xlink:to="Others-IncreaseDecreaseInEquity" xlink:title="calculation: TotalIncreaseDecreaseInEquity to Others-IncreaseDecreaseInEquity" use="optional" order="43.0" weight="1.0"/>
    <link:loc xlink:type="locator" xlink:href="../ifrs_20100430/ifrs-cor_2010-04-30.xsd#ifrs_ComprehensiveIncome" xlink:label="ComprehensiveIncome" xlink:title="ComprehensiveIncome"/>
    <link:calculationArc xlink:type="arc" xlink:arcrole="http://www.xbrl.org/2003/arcrole/summation-item" xlink:from="TotalIncreaseDecreaseInEquity" xlink:to="ComprehensiveIncome" xlink:title="calculation: TotalIncreaseDecreaseInEquity to ComprehensiveIncome" order="18.0" weight="1.0"/>
    <link:loc xlink:type="locator" xlink:href="../ifrs_20100430/ifrs-cor_2010-04-30.xsd#ifrs_ProfitLoss" xlink:label="ProfitLoss" xlink:title="ProfitLoss"/>
    <link:calculationArc xlink:type="arc" xlink:arcrole="http://www.xbrl.org/2003/arcrole/summation-item" xlink:from="ComprehensiveIncome" xlink:to="ProfitLoss" xlink:title="calculation: ComprehensiveIncome to ProfitLoss" use="optional" order="1.0" weight="1.0"/>
    <link:loc xlink:type="locator" xlink:href="../ifrs_20100430/ifrs-cor_2010-04-30.xsd#ifrs_OtherComprehensiveIncome" xlink:label="OtherComprehensiveIncome" xlink:title="OtherComprehensiveIncome"/>
    <link:calculationArc xlink:type="arc" xlink:arcrole="http://www.xbrl.org/2003/arcrole/summation-item" xlink:from="ComprehensiveIncome" xlink:to="OtherComprehensiveIncome" xlink:title="calculation: ComprehensiveIncome to OtherComprehensiveIncome" use="optional" order="2.0" weight="1.0"/>
    <link:loc xlink:type="locator" xlink:href="tifrs-es-2015-03-31.xsd#tifrs-es_ChangesInOwnershipInterestsInSubsidiaries" xlink:label="ChangesInOwnershipInterestsInSubsidiaries" xlink:title="ChangesInOwnershipInterestsInSubsidiaries"/>
    <link:calculationArc xlink:type="arc" xlink:arcrole="http://www.xbrl.org/2003/arcrole/summation-item" xlink:from="TotalIncreaseDecreaseInEquity" xlink:to="ChangesInOwnershipInterestsInSubsidiaries" xlink:title="calculation: TotalIncreaseDecreaseInEquity to ChangesInOwnershipInterestsInSubsidiaries" order="40.0" weight="1.0"/>
  </link:calculationLink>
</link:linkbase>
