<?xml version="1.0" encoding="UTF-8"?>
<!-- Generated by Fujitsu XWand B0184C -->
<link:linkbase xmlns:xsi="http://www.w3.org/2001/XMLSchema-instance" xsi:schemaLocation="http://www.xbrl.org/2003/linkbase http://www.xbrl.org/2003/xbrl-linkbase-2003-12-31.xsd" xmlns:xbrli="http://www.xbrl.org/2003/instance" xmlns:xlink="http://www.w3.org/1999/xlink" xmlns:link="http://www.xbrl.org/2003/linkbase">
  <link:labelLink xlink:type="extended" xlink:role="http://www.xbrl.org/2003/role/link">
    <link:loc xlink:type="locator" xlink:href="../tifrs-scf-2013-03-31.xsd#tifrs-SCF_DecreaseIncreaseInFinancialAssetsAtFairValueThroughProfitOrLoss" xlink:label="DecreaseIncreaseInFinancialAssetsAtFairValueThroughProfitOrLoss" xlink:title="DecreaseIncreaseInFinancialAssetsAtFairValueThroughProfitOrLoss"/>
    <link:label xlink:type="resource" xlink:label="label_DecreaseIncreaseInFinancialAssetsAtFairValueThroughProfitOrLoss" xlink:role="http://www.xbrl.org/2003/role/terseLabel" xlink:title="label_DecreaseIncreaseInFinancialAssetsAtFairValueThroughProfitOrLoss" xml:lang="en" id="label_DecreaseIncreaseInFinancialAssetsAtFairValueThroughProfitOrLoss">A51140</link:label>
    <link:labelArc xlink:type="arc" xlink:arcrole="http://www.xbrl.org/2003/arcrole/concept-label" xlink:from="DecreaseIncreaseInFinancialAssetsAtFairValueThroughProfitOrLoss" xlink:to="label_DecreaseIncreaseInFinancialAssetsAtFairValueThroughProfitOrLoss" xlink:title="label: DecreaseIncreaseInFinancialAssetsAtFairValueThroughProfitOrLoss to label_DecreaseIncreaseInFinancialAssetsAtFairValueThroughProfitOrLoss"/>
    <link:loc xlink:type="locator" xlink:href="../tifrs-scf-2013-03-31.xsd#tifrs-SCF_DecreaseIncreaseInOtherAssets" xlink:label="DecreaseIncreaseInOtherAssets" xlink:title="DecreaseIncreaseInOtherAssets"/>
    <link:label xlink:type="resource" xlink:label="label_DecreaseIncreaseInOtherAssets" xlink:role="http://www.xbrl.org/2003/role/terseLabel" xlink:title="label_DecreaseIncreaseInOtherAssets" xml:lang="en" id="label_DecreaseIncreaseInOtherAssets">A51990</link:label>
    <link:labelArc xlink:type="arc" xlink:arcrole="http://www.xbrl.org/2003/arcrole/concept-label" xlink:from="DecreaseIncreaseInOtherAssets" xlink:to="label_DecreaseIncreaseInOtherAssets" xlink:title="label: DecreaseIncreaseInOtherAssets to label_DecreaseIncreaseInOtherAssets"/>
    <link:loc xlink:type="locator" xlink:href="../tifrs-scf-2013-03-31.xsd#tifrs-SCF_DecreaseIncreaseInReinsuranceLiabilityReserveContributed" xlink:label="DecreaseIncreaseInReinsuranceLiabilityReserveContributed" xlink:title="DecreaseIncreaseInReinsuranceLiabilityReserveContributed"/>
    <link:label xlink:type="resource" xlink:label="label_DecreaseIncreaseInReinsuranceLiabilityReserveContributed" xlink:role="http://www.xbrl.org/2003/role/terseLabel" xlink:title="label_DecreaseIncreaseInReinsuranceLiabilityReserveContributed" xml:lang="en" id="label_DecreaseIncreaseInReinsuranceLiabilityReserveContributed">A51200</link:label>
    <link:labelArc xlink:type="arc" xlink:arcrole="http://www.xbrl.org/2003/arcrole/concept-label" xlink:from="DecreaseIncreaseInReinsuranceLiabilityReserveContributed" xlink:to="label_DecreaseIncreaseInReinsuranceLiabilityReserveContributed" xlink:title="label: DecreaseIncreaseInReinsuranceLiabilityReserveContributed to label_DecreaseIncreaseInReinsuranceLiabilityReserveContributed"/>
    <link:loc xlink:type="locator" xlink:href="../tifrs-scf-2013-03-31.xsd#tifrs-SCF_DecreaseIncreaseInHedgingDerivativesAssets" xlink:label="DecreaseIncreaseInHedgingDerivativesAssets" xlink:title="DecreaseIncreaseInHedgingDerivativesAssets"/>
    <link:label xlink:type="resource" xlink:label="label_DecreaseIncreaseInHedgingDerivativesAssets" xlink:role="http://www.xbrl.org/2003/role/terseLabel" xlink:title="label_DecreaseIncreaseInHedgingDerivativesAssets" xml:lang="en" id="label_DecreaseIncreaseInHedgingDerivativesAssets">A51150</link:label>
    <link:labelArc xlink:type="arc" xlink:arcrole="http://www.xbrl.org/2003/arcrole/concept-label" xlink:from="DecreaseIncreaseInHedgingDerivativesAssets" xlink:to="label_DecreaseIncreaseInHedgingDerivativesAssets" xlink:title="label: DecreaseIncreaseInHedgingDerivativesAssets to label_DecreaseIncreaseInHedgingDerivativesAssets"/>
    <link:loc xlink:type="locator" xlink:href="../tifrs-scf-2013-03-31.xsd#tifrs-SCF_DecreaseIncreaseInPremiumsReceivable" xlink:label="DecreaseIncreaseInPremiumsReceivable" xlink:title="DecreaseIncreaseInPremiumsReceivable"/>
    <link:label xlink:type="resource" xlink:label="label_DecreaseIncreaseInPremiumsReceivable" xlink:role="http://www.xbrl.org/2003/role/terseLabel" xlink:title="label_DecreaseIncreaseInPremiumsReceivable" xml:lang="en" id="label_DecreaseIncreaseInPremiumsReceivable">A51120</link:label>
    <link:labelArc xlink:type="arc" xlink:arcrole="http://www.xbrl.org/2003/arcrole/concept-label" xlink:from="DecreaseIncreaseInPremiumsReceivable" xlink:to="label_DecreaseIncreaseInPremiumsReceivable" xlink:title="label: DecreaseIncreaseInPremiumsReceivable to label_DecreaseIncreaseInPremiumsReceivable"/>
    <link:loc xlink:type="locator" xlink:href="../tifrs-scf-2013-03-31.xsd#tifrs-SCF_DecreaseIncreaseInPrepaidExpensesAndOtherPrepayments" xlink:label="DecreaseIncreaseInPrepaidExpensesAndOtherPrepayments" xlink:title="DecreaseIncreaseInPrepaidExpensesAndOtherPrepayments"/>
    <link:label xlink:type="resource" xlink:label="label_DecreaseIncreaseInPrepaidExpensesAndOtherPrepayments" xlink:role="http://www.xbrl.org/2003/role/terseLabel" xlink:title="label_DecreaseIncreaseInPrepaidExpensesAndOtherPrepayments" xml:lang="en" id="label_DecreaseIncreaseInPrepaidExpensesAndOtherPrepayments">A51180</link:label>
    <link:labelArc xlink:type="arc" xlink:arcrole="http://www.xbrl.org/2003/arcrole/concept-label" xlink:from="DecreaseIncreaseInPrepaidExpensesAndOtherPrepayments" xlink:to="label_DecreaseIncreaseInPrepaidExpensesAndOtherPrepayments" xlink:title="label: DecreaseIncreaseInPrepaidExpensesAndOtherPrepayments to label_DecreaseIncreaseInPrepaidExpensesAndOtherPrepayments"/>
    <link:loc xlink:type="locator" xlink:href="../tifrs-scf-2013-03-31.xsd#tifrs-SCF_DecreaseIncreaseInNotesReceivable" xlink:label="DecreaseIncreaseInNotesReceivable" xlink:title="DecreaseIncreaseInNotesReceivable"/>
    <link:label xlink:type="resource" xlink:label="label_DecreaseIncreaseInNotesReceivable" xlink:role="http://www.xbrl.org/2003/role/terseLabel" xlink:title="label_DecreaseIncreaseInNotesReceivable" xml:lang="en" id="label_DecreaseIncreaseInNotesReceivable">A51110</link:label>
    <link:labelArc xlink:type="arc" xlink:arcrole="http://www.xbrl.org/2003/arcrole/concept-label" xlink:from="DecreaseIncreaseInNotesReceivable" xlink:to="label_DecreaseIncreaseInNotesReceivable" xlink:title="label: DecreaseIncreaseInNotesReceivable to label_DecreaseIncreaseInNotesReceivable"/>
    <link:loc xlink:type="locator" xlink:href="../tifrs-scf-2013-03-31.xsd#tifrs-SCF_DecreaseIncreaseInOtherReceivables" xlink:label="DecreaseIncreaseInOtherReceivables" xlink:title="DecreaseIncreaseInOtherReceivables"/>
    <link:label xlink:type="resource" xlink:label="label_DecreaseIncreaseInOtherReceivables" xlink:role="http://www.xbrl.org/2003/role/terseLabel" xlink:title="label_DecreaseIncreaseInOtherReceivables" xml:lang="en" id="label_DecreaseIncreaseInOtherReceivables">A51130</link:label>
    <link:labelArc xlink:type="arc" xlink:arcrole="http://www.xbrl.org/2003/arcrole/concept-label" xlink:from="DecreaseIncreaseInOtherReceivables" xlink:to="label_DecreaseIncreaseInOtherReceivables" xlink:title="label: DecreaseIncreaseInOtherReceivables to label_DecreaseIncreaseInOtherReceivables"/>
    <link:loc xlink:type="locator" xlink:href="../tifrs-scf-2013-03-31.xsd#tifrs-SCF_DecreaseIncreaseInReinsuranceAssets" xlink:label="DecreaseIncreaseInReinsuranceAssets" xlink:title="DecreaseIncreaseInReinsuranceAssets"/>
    <link:label xlink:type="resource" xlink:label="label_DecreaseIncreaseInReinsuranceAssets" xlink:role="http://www.xbrl.org/2003/role/terseLabel" xlink:title="label_DecreaseIncreaseInReinsuranceAssets" xml:lang="en" id="label_DecreaseIncreaseInReinsuranceAssets">A51170</link:label>
    <link:labelArc xlink:type="arc" xlink:arcrole="http://www.xbrl.org/2003/arcrole/concept-label" xlink:from="DecreaseIncreaseInReinsuranceAssets" xlink:to="label_DecreaseIncreaseInReinsuranceAssets" xlink:title="label: DecreaseIncreaseInReinsuranceAssets to label_DecreaseIncreaseInReinsuranceAssets"/>
    <link:loc xlink:type="locator" xlink:href="../tifrs-scf-2013-03-31.xsd#tifrs-SCF_DecreaseIncreaseInTemporaryPaymentsAndSuspenseAccounts" xlink:label="DecreaseIncreaseInTemporaryPaymentsAndSuspenseAccounts" xlink:title="DecreaseIncreaseInTemporaryPaymentsAndSuspenseAccounts"/>
    <link:label xlink:type="resource" xlink:label="label_DecreaseIncreaseInTemporaryPaymentsAndSuspenseAccounts" xlink:role="http://www.xbrl.org/2003/role/terseLabel" xlink:title="label_DecreaseIncreaseInTemporaryPaymentsAndSuspenseAccounts" xml:lang="en" id="label_DecreaseIncreaseInTemporaryPaymentsAndSuspenseAccounts">A51210</link:label>
    <link:labelArc xlink:type="arc" xlink:arcrole="http://www.xbrl.org/2003/arcrole/concept-label" xlink:from="DecreaseIncreaseInTemporaryPaymentsAndSuspenseAccounts" xlink:to="label_DecreaseIncreaseInTemporaryPaymentsAndSuspenseAccounts" xlink:title="label: DecreaseIncreaseInTemporaryPaymentsAndSuspenseAccounts to label_DecreaseIncreaseInTemporaryPaymentsAndSuspenseAccounts"/>
    <link:loc xlink:type="locator" xlink:href="../tifrs-scf-2013-03-31.xsd#tifrs-SCF_DecreaseIncreaseInOtherFinancialAssets" xlink:label="DecreaseIncreaseInOtherFinancialAssets" xlink:title="DecreaseIncreaseInOtherFinancialAssets"/>
    <link:label xlink:type="resource" xlink:label="label_DecreaseIncreaseInOtherFinancialAssets" xlink:role="http://www.xbrl.org/2003/role/terseLabel" xlink:title="label_DecreaseIncreaseInOtherFinancialAssets" xml:lang="en" id="label_DecreaseIncreaseInOtherFinancialAssets">A51160</link:label>
    <link:labelArc xlink:type="arc" xlink:arcrole="http://www.xbrl.org/2003/arcrole/concept-label" xlink:from="DecreaseIncreaseInOtherFinancialAssets" xlink:to="label_DecreaseIncreaseInOtherFinancialAssets" xlink:title="label: DecreaseIncreaseInOtherFinancialAssets to label_DecreaseIncreaseInOtherFinancialAssets"/>
    <link:loc xlink:type="locator" xlink:href="../tifrs-scf-2013-03-31.xsd#tifrs-SCF_DecreaseIncreaseInGuaranteeDepositsPaid" xlink:label="DecreaseIncreaseInGuaranteeDepositsPaid" xlink:title="DecreaseIncreaseInGuaranteeDepositsPaid"/>
    <link:label xlink:type="resource" xlink:label="label_DecreaseIncreaseInGuaranteeDepositsPaid" xlink:role="http://www.xbrl.org/2003/role/terseLabel" xlink:title="label_DecreaseIncreaseInGuaranteeDepositsPaid" xml:lang="en" id="label_DecreaseIncreaseInGuaranteeDepositsPaid">A51190</link:label>
    <link:labelArc xlink:type="arc" xlink:arcrole="http://www.xbrl.org/2003/arcrole/concept-label" xlink:from="DecreaseIncreaseInGuaranteeDepositsPaid" xlink:to="label_DecreaseIncreaseInGuaranteeDepositsPaid" xlink:title="label: DecreaseIncreaseInGuaranteeDepositsPaid to label_DecreaseIncreaseInGuaranteeDepositsPaid"/>
    <link:loc xlink:type="locator" xlink:href="../tifrs-scf-2013-03-31.xsd#tifrs-SCF_ChangesInOperatingAssets" xlink:label="ChangesInOperatingAssets" xlink:title="ChangesInOperatingAssets"/>
    <link:label xlink:type="resource" xlink:label="label_ChangesInOperatingAssets" xlink:role="http://www.xbrl.org/2003/role/terseLabel" xlink:title="label_ChangesInOperatingAssets" xml:lang="en" id="label_ChangesInOperatingAssets">A51000</link:label>
    <link:labelArc xlink:type="arc" xlink:arcrole="http://www.xbrl.org/2003/arcrole/concept-label" xlink:from="ChangesInOperatingAssets" xlink:to="label_ChangesInOperatingAssets" xlink:title="label: ChangesInOperatingAssets to label_ChangesInOperatingAssets"/>
    <link:loc xlink:type="locator" xlink:href="../tifrs-scf-2013-03-31.xsd#tifrs-SCF_IncreaseDecreaseInReinsuranceIndemnityPayable" xlink:label="IncreaseDecreaseInReinsuranceIndemnityPayable" xlink:title="IncreaseDecreaseInReinsuranceIndemnityPayable"/>
    <link:label xlink:type="resource" xlink:label="label_IncreaseDecreaseInReinsuranceIndemnityPayable" xlink:role="http://www.xbrl.org/2003/role/terseLabel" xlink:title="label_IncreaseDecreaseInReinsuranceIndemnityPayable" xml:lang="en" id="label_IncreaseDecreaseInReinsuranceIndemnityPayable">A52130</link:label>
    <link:labelArc xlink:type="arc" xlink:arcrole="http://www.xbrl.org/2003/arcrole/concept-label" xlink:from="IncreaseDecreaseInReinsuranceIndemnityPayable" xlink:to="label_IncreaseDecreaseInReinsuranceIndemnityPayable" xlink:title="label: IncreaseDecreaseInReinsuranceIndemnityPayable to label_IncreaseDecreaseInReinsuranceIndemnityPayable"/>
    <link:loc xlink:type="locator" xlink:href="../tifrs-scf-2013-03-31.xsd#tifrs-SCF_IncreaseDecreaseInFinancialLiabilitiesAtFairValueThroughProfitOrLoss" xlink:label="IncreaseDecreaseInFinancialLiabilitiesAtFairValueThroughProfitOrLoss" xlink:title="IncreaseDecreaseInFinancialLiabilitiesAtFairValueThroughProfitOrLoss"/>
    <link:label xlink:type="resource" xlink:label="label_IncreaseDecreaseInFinancialLiabilitiesAtFairValueThroughProfitOrLoss" xlink:role="http://www.xbrl.org/2003/role/terseLabel" xlink:title="label_IncreaseDecreaseInFinancialLiabilitiesAtFairValueThroughProfitOrLoss" xml:lang="en" id="label_IncreaseDecreaseInFinancialLiabilitiesAtFairValueThroughProfitOrLoss">A52170</link:label>
    <link:labelArc xlink:type="arc" xlink:arcrole="http://www.xbrl.org/2003/arcrole/concept-label" xlink:from="IncreaseDecreaseInFinancialLiabilitiesAtFairValueThroughProfitOrLoss" xlink:to="label_IncreaseDecreaseInFinancialLiabilitiesAtFairValueThroughProfitOrLoss" xlink:title="label: IncreaseDecreaseInFinancialLiabilitiesAtFairValueThroughProfitOrLoss to label_IncreaseDecreaseInFinancialLiabilitiesAtFairValueThroughProfitOrLoss"/>
    <link:loc xlink:type="locator" xlink:href="../tifrs-scf-2013-03-31.xsd#tifrs-SCF_IncreaseDecreaseInClaimsPayable" xlink:label="IncreaseDecreaseInClaimsPayable" xlink:title="IncreaseDecreaseInClaimsPayable"/>
    <link:label xlink:type="resource" xlink:label="label_IncreaseDecreaseInClaimsPayable" xlink:role="http://www.xbrl.org/2003/role/terseLabel" xlink:title="label_IncreaseDecreaseInClaimsPayable" xml:lang="en" id="label_IncreaseDecreaseInClaimsPayable">A52120</link:label>
    <link:labelArc xlink:type="arc" xlink:arcrole="http://www.xbrl.org/2003/arcrole/concept-label" xlink:from="IncreaseDecreaseInClaimsPayable" xlink:to="label_IncreaseDecreaseInClaimsPayable" xlink:title="label: IncreaseDecreaseInClaimsPayable to label_IncreaseDecreaseInClaimsPayable"/>
    <link:loc xlink:type="locator" xlink:href="../tifrs-scf-2013-03-31.xsd#tifrs-SCF_IncreaseDecreaseInNotesPayable" xlink:label="IncreaseDecreaseInNotesPayable" xlink:title="IncreaseDecreaseInNotesPayable"/>
    <link:label xlink:type="resource" xlink:label="label_IncreaseDecreaseInNotesPayable" xlink:role="http://www.xbrl.org/2003/role/terseLabel" xlink:title="label_IncreaseDecreaseInNotesPayable" xml:lang="en" id="label_IncreaseDecreaseInNotesPayable">A52110</link:label>
    <link:labelArc xlink:type="arc" xlink:arcrole="http://www.xbrl.org/2003/arcrole/concept-label" xlink:from="IncreaseDecreaseInNotesPayable" xlink:to="label_IncreaseDecreaseInNotesPayable" xlink:title="label: IncreaseDecreaseInNotesPayable to label_IncreaseDecreaseInNotesPayable"/>
    <link:loc xlink:type="locator" xlink:href="../tifrs-scf-2013-03-31.xsd#tifrs-SCF_IncreaseDecreaseInCommissionsPayable" xlink:label="IncreaseDecreaseInCommissionsPayable" xlink:title="IncreaseDecreaseInCommissionsPayable"/>
    <link:label xlink:type="resource" xlink:label="label_IncreaseDecreaseInCommissionsPayable" xlink:role="http://www.xbrl.org/2003/role/terseLabel" xlink:title="label_IncreaseDecreaseInCommissionsPayable" xml:lang="en" id="label_IncreaseDecreaseInCommissionsPayable">A52140</link:label>
    <link:labelArc xlink:type="arc" xlink:arcrole="http://www.xbrl.org/2003/arcrole/concept-label" xlink:from="IncreaseDecreaseInCommissionsPayable" xlink:to="label_IncreaseDecreaseInCommissionsPayable" xlink:title="label: IncreaseDecreaseInCommissionsPayable to label_IncreaseDecreaseInCommissionsPayable"/>
    <link:loc xlink:type="locator" xlink:href="../tifrs-scf-2013-03-31.xsd#tifrs-SCF_IncreaseDecreaseInDueToReinsurersAndCedingCompanies" xlink:label="IncreaseDecreaseInDueToReinsurersAndCedingCompanies" xlink:title="IncreaseDecreaseInDueToReinsurersAndCedingCompanies"/>
    <link:label xlink:type="resource" xlink:label="label_IncreaseDecreaseInDueToReinsurersAndCedingCompanies" xlink:role="http://www.xbrl.org/2003/role/terseLabel" xlink:title="label_IncreaseDecreaseInDueToReinsurersAndCedingCompanies" xml:lang="en" id="label_IncreaseDecreaseInDueToReinsurersAndCedingCompanies">A52150</link:label>
    <link:labelArc xlink:type="arc" xlink:arcrole="http://www.xbrl.org/2003/arcrole/concept-label" xlink:from="IncreaseDecreaseInDueToReinsurersAndCedingCompanies" xlink:to="label_IncreaseDecreaseInDueToReinsurersAndCedingCompanies" xlink:title="label: IncreaseDecreaseInDueToReinsurersAndCedingCompanies to label_IncreaseDecreaseInDueToReinsurersAndCedingCompanies"/>
    <link:loc xlink:type="locator" xlink:href="../tifrs-scf-2013-03-31.xsd#tifrs-SCF_IncreaseDecreaseInOtherPayables" xlink:label="IncreaseDecreaseInOtherPayables" xlink:title="IncreaseDecreaseInOtherPayables"/>
    <link:label xlink:type="resource" xlink:label="label_IncreaseDecreaseInOtherPayables" xlink:role="http://www.xbrl.org/2003/role/terseLabel" xlink:title="label_IncreaseDecreaseInOtherPayables" xml:lang="en" id="label_IncreaseDecreaseInOtherPayables">A52160</link:label>
    <link:labelArc xlink:type="arc" xlink:arcrole="http://www.xbrl.org/2003/arcrole/concept-label" xlink:from="IncreaseDecreaseInOtherPayables" xlink:to="label_IncreaseDecreaseInOtherPayables" xlink:title="label: IncreaseDecreaseInOtherPayables to label_IncreaseDecreaseInOtherPayables"/>
    <link:loc xlink:type="locator" xlink:href="../tifrs-scf-2013-03-31.xsd#tifrs-SCF_IncreaseDecreaseInProvisionsForEmployeeBenefits" xlink:label="IncreaseDecreaseInProvisionsForEmployeeBenefits" xlink:title="IncreaseDecreaseInProvisionsForEmployeeBenefits"/>
    <link:label xlink:type="resource" xlink:label="label_IncreaseDecreaseInProvisionsForEmployeeBenefits" xlink:role="http://www.xbrl.org/2003/role/terseLabel" xlink:title="label_IncreaseDecreaseInProvisionsForEmployeeBenefits" xml:lang="en" id="label_IncreaseDecreaseInProvisionsForEmployeeBenefits">A52200</link:label>
    <link:labelArc xlink:type="arc" xlink:arcrole="http://www.xbrl.org/2003/arcrole/concept-label" xlink:from="IncreaseDecreaseInProvisionsForEmployeeBenefits" xlink:to="label_IncreaseDecreaseInProvisionsForEmployeeBenefits" xlink:title="label: IncreaseDecreaseInProvisionsForEmployeeBenefits to label_IncreaseDecreaseInProvisionsForEmployeeBenefits"/>
    <link:loc xlink:type="locator" xlink:href="../tifrs-scf-2013-03-31.xsd#tifrs-SCF_IncreaseDecreaseInOtherLiabilities" xlink:label="IncreaseDecreaseInOtherLiabilities" xlink:title="IncreaseDecreaseInOtherLiabilities"/>
    <link:label xlink:type="resource" xlink:label="label_IncreaseDecreaseInOtherLiabilities" xlink:role="http://www.xbrl.org/2003/role/terseLabel" xlink:title="label_IncreaseDecreaseInOtherLiabilities" xml:lang="en" id="label_IncreaseDecreaseInOtherLiabilities">A52990</link:label>
    <link:labelArc xlink:type="arc" xlink:arcrole="http://www.xbrl.org/2003/arcrole/concept-label" xlink:from="IncreaseDecreaseInOtherLiabilities" xlink:to="label_IncreaseDecreaseInOtherLiabilities" xlink:title="label: IncreaseDecreaseInOtherLiabilities to label_IncreaseDecreaseInOtherLiabilities"/>
    <link:loc xlink:type="locator" xlink:href="../tifrs-scf-2013-03-31.xsd#tifrs-SCF_IncreaseDecreaseInProvisions" xlink:label="IncreaseDecreaseInProvisions" xlink:title="IncreaseDecreaseInProvisions"/>
    <link:label xlink:type="resource" xlink:label="label_IncreaseDecreaseInProvisions" xlink:role="http://www.xbrl.org/2003/role/terseLabel" xlink:title="label_IncreaseDecreaseInProvisions" xml:lang="en" id="label_IncreaseDecreaseInProvisions">A52190</link:label>
    <link:labelArc xlink:type="arc" xlink:arcrole="http://www.xbrl.org/2003/arcrole/concept-label" xlink:from="IncreaseDecreaseInProvisions" xlink:to="label_IncreaseDecreaseInProvisions" xlink:title="label: IncreaseDecreaseInProvisions to label_IncreaseDecreaseInProvisions"/>
    <link:loc xlink:type="locator" xlink:href="../tifrs-scf-2013-03-31.xsd#tifrs-SCF_IncreaseDecreaseInIncomesCollectedInAdvance" xlink:label="IncreaseDecreaseInIncomesCollectedInAdvance" xlink:title="IncreaseDecreaseInIncomesCollectedInAdvance"/>
    <link:label xlink:type="resource" xlink:label="label_IncreaseDecreaseInIncomesCollectedInAdvance" xlink:role="http://www.xbrl.org/2003/role/terseLabel" xlink:title="label_IncreaseDecreaseInIncomesCollectedInAdvance" xml:lang="en" id="label_IncreaseDecreaseInIncomesCollectedInAdvance">A52210</link:label>
    <link:labelArc xlink:type="arc" xlink:arcrole="http://www.xbrl.org/2003/arcrole/concept-label" xlink:from="IncreaseDecreaseInIncomesCollectedInAdvance" xlink:to="label_IncreaseDecreaseInIncomesCollectedInAdvance" xlink:title="label: IncreaseDecreaseInIncomesCollectedInAdvance to label_IncreaseDecreaseInIncomesCollectedInAdvance"/>
    <link:loc xlink:type="locator" xlink:href="../tifrs-scf-2013-03-31.xsd#tifrs-SCF_IncreaseDecreaseInOtherFinancialLiabilities" xlink:label="IncreaseDecreaseInOtherFinancialLiabilities" xlink:title="IncreaseDecreaseInOtherFinancialLiabilities"/>
    <link:label xlink:type="resource" xlink:label="label_IncreaseDecreaseInOtherFinancialLiabilities" xlink:role="http://www.xbrl.org/2003/role/terseLabel" xlink:title="label_IncreaseDecreaseInOtherFinancialLiabilities" xml:lang="en" id="label_IncreaseDecreaseInOtherFinancialLiabilities">A52180</link:label>
    <link:labelArc xlink:type="arc" xlink:arcrole="http://www.xbrl.org/2003/arcrole/concept-label" xlink:from="IncreaseDecreaseInOtherFinancialLiabilities" xlink:to="label_IncreaseDecreaseInOtherFinancialLiabilities" xlink:title="label: IncreaseDecreaseInOtherFinancialLiabilities to label_IncreaseDecreaseInOtherFinancialLiabilities"/>
    <link:loc xlink:type="locator" xlink:href="../tifrs-scf-2013-03-31.xsd#tifrs-SCF_IncreaseDecreaseInAdvanceReceipts" xlink:label="IncreaseDecreaseInAdvanceReceipts" xlink:title="IncreaseDecreaseInAdvanceReceipts"/>
    <link:label xlink:type="resource" xlink:label="label_IncreaseDecreaseInAdvanceReceipts" xlink:role="http://www.xbrl.org/2003/role/terseLabel" xlink:title="label_IncreaseDecreaseInAdvanceReceipts" xml:lang="en" id="label_IncreaseDecreaseInAdvanceReceipts">A52220</link:label>
    <link:labelArc xlink:type="arc" xlink:arcrole="http://www.xbrl.org/2003/arcrole/concept-label" xlink:from="IncreaseDecreaseInAdvanceReceipts" xlink:to="label_IncreaseDecreaseInAdvanceReceipts" xlink:title="label: IncreaseDecreaseInAdvanceReceipts to label_IncreaseDecreaseInAdvanceReceipts"/>
    <link:loc xlink:type="locator" xlink:href="../tifrs-scf-2013-03-31.xsd#tifrs-SCF_IncreaseDecreaseInDeferredFeeIncome" xlink:label="IncreaseDecreaseInDeferredFeeIncome" xlink:title="IncreaseDecreaseInDeferredFeeIncome"/>
    <link:label xlink:type="resource" xlink:label="label_IncreaseDecreaseInDeferredFeeIncome" xlink:role="http://www.xbrl.org/2003/role/terseLabel" xlink:title="label_IncreaseDecreaseInDeferredFeeIncome" xml:lang="en" id="label_IncreaseDecreaseInDeferredFeeIncome">A52230</link:label>
    <link:labelArc xlink:type="arc" xlink:arcrole="http://www.xbrl.org/2003/arcrole/concept-label" xlink:from="IncreaseDecreaseInDeferredFeeIncome" xlink:to="label_IncreaseDecreaseInDeferredFeeIncome" xlink:title="label: IncreaseDecreaseInDeferredFeeIncome to label_IncreaseDecreaseInDeferredFeeIncome"/>
    <link:loc xlink:type="locator" xlink:href="../tifrs-scf-2013-03-31.xsd#tifrs-SCF_IncreaseDecreaseInGuaranteeDepositsAndMarginsReceived" xlink:label="IncreaseDecreaseInGuaranteeDepositsAndMarginsReceived" xlink:title="IncreaseDecreaseInGuaranteeDepositsAndMarginsReceived"/>
    <link:label xlink:type="resource" xlink:label="label_IncreaseDecreaseInGuaranteeDepositsAndMarginsReceived" xlink:role="http://www.xbrl.org/2003/role/terseLabel" xlink:title="label_IncreaseDecreaseInGuaranteeDepositsAndMarginsReceived" xml:lang="en" id="label_IncreaseDecreaseInGuaranteeDepositsAndMarginsReceived">A52240</link:label>
    <link:labelArc xlink:type="arc" xlink:arcrole="http://www.xbrl.org/2003/arcrole/concept-label" xlink:from="IncreaseDecreaseInGuaranteeDepositsAndMarginsReceived" xlink:to="label_IncreaseDecreaseInGuaranteeDepositsAndMarginsReceived" xlink:title="label: IncreaseDecreaseInGuaranteeDepositsAndMarginsReceived to label_IncreaseDecreaseInGuaranteeDepositsAndMarginsReceived"/>
    <link:loc xlink:type="locator" xlink:href="../tifrs-scf-2013-03-31.xsd#tifrs-SCF_IncreaseDecreaseInReinsuranceLiabilityReserveReceived" xlink:label="IncreaseDecreaseInReinsuranceLiabilityReserveReceived" xlink:title="IncreaseDecreaseInReinsuranceLiabilityReserveReceived"/>
    <link:label xlink:type="resource" xlink:label="label_IncreaseDecreaseInReinsuranceLiabilityReserveReceived" xlink:role="http://www.xbrl.org/2003/role/terseLabel" xlink:title="label_IncreaseDecreaseInReinsuranceLiabilityReserveReceived" xml:lang="en" id="label_IncreaseDecreaseInReinsuranceLiabilityReserveReceived">A52250</link:label>
    <link:labelArc xlink:type="arc" xlink:arcrole="http://www.xbrl.org/2003/arcrole/concept-label" xlink:from="IncreaseDecreaseInReinsuranceLiabilityReserveReceived" xlink:to="label_IncreaseDecreaseInReinsuranceLiabilityReserveReceived" xlink:title="label: IncreaseDecreaseInReinsuranceLiabilityReserveReceived to label_IncreaseDecreaseInReinsuranceLiabilityReserveReceived"/>
    <link:loc xlink:type="locator" xlink:href="../tifrs-scf-2013-03-31.xsd#tifrs-SCF_IncreaseDecreaseInTemporaryReceiptsAndSuspenseAccounts" xlink:label="IncreaseDecreaseInTemporaryReceiptsAndSuspenseAccounts" xlink:title="IncreaseDecreaseInTemporaryReceiptsAndSuspenseAccounts"/>
    <link:label xlink:type="resource" xlink:label="label_IncreaseDecreaseInTemporaryReceiptsAndSuspenseAccounts" xlink:role="http://www.xbrl.org/2003/role/terseLabel" xlink:title="label_IncreaseDecreaseInTemporaryReceiptsAndSuspenseAccounts" xml:lang="en" id="label_IncreaseDecreaseInTemporaryReceiptsAndSuspenseAccounts">A52260</link:label>
    <link:labelArc xlink:type="arc" xlink:arcrole="http://www.xbrl.org/2003/arcrole/concept-label" xlink:from="IncreaseDecreaseInTemporaryReceiptsAndSuspenseAccounts" xlink:to="label_IncreaseDecreaseInTemporaryReceiptsAndSuspenseAccounts" xlink:title="label: IncreaseDecreaseInTemporaryReceiptsAndSuspenseAccounts to label_IncreaseDecreaseInTemporaryReceiptsAndSuspenseAccounts"/>
    <link:loc xlink:type="locator" xlink:href="../tifrs-scf-2013-03-31.xsd#tifrs-SCF_ChangesInOperatingLiabilities" xlink:label="ChangesInOperatingLiabilities" xlink:title="ChangesInOperatingLiabilities"/>
    <link:label xlink:type="resource" xlink:label="label_ChangesInOperatingLiabilities" xlink:role="http://www.xbrl.org/2003/role/terseLabel" xlink:title="label_ChangesInOperatingLiabilities" xml:lang="en" id="label_ChangesInOperatingLiabilities">A52000</link:label>
    <link:labelArc xlink:type="arc" xlink:arcrole="http://www.xbrl.org/2003/arcrole/concept-label" xlink:from="ChangesInOperatingLiabilities" xlink:to="label_ChangesInOperatingLiabilities" xlink:title="label: ChangesInOperatingLiabilities to label_ChangesInOperatingLiabilities"/>
    <link:loc xlink:type="locator" xlink:href="../tifrs-scf-2013-03-31.xsd#tifrs-SCF_ChangesInOperatingAssetsAndLiabilities" xlink:label="ChangesInOperatingAssetsAndLiabilities" xlink:title="ChangesInOperatingAssetsAndLiabilities"/>
    <link:label xlink:type="resource" xlink:label="label_ChangesInOperatingAssetsAndLiabilities" xlink:role="http://www.xbrl.org/2003/role/terseLabel" xlink:title="label_ChangesInOperatingAssetsAndLiabilities" xml:lang="en" id="label_ChangesInOperatingAssetsAndLiabilities">A50000</link:label>
    <link:labelArc xlink:type="arc" xlink:arcrole="http://www.xbrl.org/2003/arcrole/concept-label" xlink:from="ChangesInOperatingAssetsAndLiabilities" xlink:to="label_ChangesInOperatingAssetsAndLiabilities" xlink:title="label: ChangesInOperatingAssetsAndLiabilities to label_ChangesInOperatingAssetsAndLiabilities"/>
  </link:labelLink>
</link:linkbase>
