<?xml version="1.0" encoding="UTF-8"?><!--
        Taxonomy: 2010-04-30 (Final)
        ********************** 
        Copyright © 2010 International Accounting Standards Committee (IASC) Foundation*
        All rights reserved.  No part of this publication may be translated, reprinted or reproduced 
        or utilised in any form either in whole or in part without prior permission in writing from the IASC Foundation.
        For more information on the IASC Foundation’s copyright, please refer to http://www.iasb.org/XBRL/Legal/
        **********************
        *To become IFRS Foundation
    --><link:linkbase xmlns:link="http://www.xbrl.org/2003/linkbase" xmlns:xlink="http://www.w3.org/1999/xlink" xmlns:xsi="http://www.w3.org/2001/XMLSchema-instance" xsi:schemaLocation="http://www.xbrl.org/2003/linkbase http://www.xbrl.org/2003/xbrl-linkbase-2003-12-31.xsd">
  <link:roleRef roleURI="http://xbrl.iasb.org/role/ifrs/ias_19_2010-04-30_role-834480" xlink:href="rol_ias_19_2010-04-30.xsd#ias_19_2010-04-30_role-834480" xlink:type="simple"/>
  <link:roleRef roleURI="http://www.xbrl.org/2009/role/negatedLabel" xlink:href="http://www.xbrl.org/lrr/role/negated-2009-12-16.xsd#negatedLabel" xlink:type="simple"/>
  <link:presentationLink xlink:role="http://xbrl.iasb.org/role/ifrs/ias_19_2010-04-30_role-834480" xlink:title="[834480] Notes - Employee benefits" xlink:type="extended">
    <link:loc xlink:href="../../ifrs-cor_2010-04-30.xsd#ifrs_DisclosureOfEmployeeBenefitsExplanatory" xlink:label="loc_57" xlink:type="locator"/>
    <link:loc xlink:href="../../ifrs-cor_2010-04-30.xsd#ifrs_DisclosureOfDefinedBenefitPlansExplanatory" xlink:label="loc" xlink:type="locator"/>
    <link:presentationArc order="10.0" xlink:arcrole="http://www.xbrl.org/2003/arcrole/parent-child" xlink:from="loc_57" xlink:to="loc" xlink:type="arc"/>
    <link:loc xlink:href="../../ifrs-cor_2010-04-30.xsd#ifrs_DisclosureOfDefinedBenefitPlansAbstract" xlink:label="loc_39" xlink:type="locator"/>
    <link:presentationArc order="10.0" xlink:arcrole="http://www.xbrl.org/2003/arcrole/parent-child" xlink:from="loc" xlink:to="loc_39" xlink:type="arc"/>
    <link:loc xlink:href="../../ifrs-cor_2010-04-30.xsd#ifrs_DisclosureOfDefinedBenefitPlansTable" xlink:label="loc_41" xlink:type="locator"/>
    <link:presentationArc order="10.0" use="optional" xlink:arcrole="http://www.xbrl.org/2003/arcrole/parent-child" xlink:from="loc_39" xlink:to="loc_41" xlink:type="arc"/>
    <link:loc xlink:href="../../ifrs-cor_2010-04-30.xsd#ifrs_DefinedBenefitPlansAxis" xlink:label="loc_43" xlink:type="locator"/>
    <link:presentationArc order="10.0" use="optional" xlink:arcrole="http://www.xbrl.org/2003/arcrole/parent-child" xlink:from="loc_41" xlink:to="loc_43" xlink:type="arc"/>
    <link:loc xlink:href="../../ifrs-cor_2010-04-30.xsd#ifrs_DefinedBenefitPlansMember" xlink:label="loc_44" xlink:type="locator"/>
    <link:presentationArc order="10.0" use="optional" xlink:arcrole="http://www.xbrl.org/2003/arcrole/parent-child" xlink:from="loc_43" xlink:to="loc_44" xlink:type="arc"/>
    <link:loc xlink:href="../../ifrs-cor_2010-04-30.xsd#ifrs_WhollyUnfundedDefinedBenefitPlansMember" xlink:label="loc_45" xlink:type="locator"/>
    <link:presentationArc order="10.0" use="optional" xlink:arcrole="http://www.xbrl.org/2003/arcrole/parent-child" xlink:from="loc_44" xlink:to="loc_45" xlink:type="arc"/>
    <link:loc xlink:href="../../ifrs-cor_2010-04-30.xsd#ifrs_WhollyOrPartlyFundedDefinedBenefitPlansMember" xlink:label="loc_46" xlink:type="locator"/>
    <link:presentationArc order="20.0" use="optional" xlink:arcrole="http://www.xbrl.org/2003/arcrole/parent-child" xlink:from="loc_44" xlink:to="loc_46" xlink:type="arc"/>
    <link:loc xlink:href="../../ifrs-cor_2010-04-30.xsd#ifrs_MultiemployerDefinedBenefitPlansMember" xlink:label="loc_24" xlink:type="locator"/>
    <link:presentationArc order="30.0" xlink:arcrole="http://www.xbrl.org/2003/arcrole/parent-child" xlink:from="loc_44" xlink:to="loc_24" xlink:type="arc"/>
    <link:loc xlink:href="../../ifrs-cor_2010-04-30.xsd#ifrs_DisclosureOfDefinedBenefitPlansLineItems" xlink:label="loc_42" xlink:type="locator"/>
    <link:presentationArc order="20.0" use="optional" xlink:arcrole="http://www.xbrl.org/2003/arcrole/parent-child" xlink:from="loc_39" xlink:to="loc_42" xlink:type="arc"/>
    <link:loc xlink:href="../../ifrs-cor_2010-04-30.xsd#ifrs_ReconciliationOfChangesInPresentValueOfDefinedBenefitObligationAbstract" xlink:label="loc_47" xlink:type="locator"/>
    <link:presentationArc order="30.0" use="optional" xlink:arcrole="http://www.xbrl.org/2003/arcrole/parent-child" xlink:from="loc_42" xlink:to="loc_47" xlink:type="arc"/>
    <link:loc xlink:href="../../ifrs-cor_2010-04-30.xsd#ifrs_DefinedBenefitObligationAtPresentValue" xlink:label="loc_53" xlink:type="locator"/>
    <link:presentationArc order="10.0" preferredLabel="http://www.xbrl.org/2003/role/periodStartLabel" use="optional" xlink:arcrole="http://www.xbrl.org/2003/arcrole/parent-child" xlink:from="loc_47" xlink:to="loc_53" xlink:type="arc"/>
    <link:loc xlink:href="../../ifrs-cor_2010-04-30.xsd#ifrs_DefinedBenefitObligationAtPresentValue" xlink:label="loc_54" xlink:type="locator"/>
    <link:presentationArc order="30.0" preferredLabel="http://www.xbrl.org/2003/role/periodEndLabel" priority="1" use="optional" xlink:arcrole="http://www.xbrl.org/2003/arcrole/parent-child" xlink:from="loc_47" xlink:to="loc_54" xlink:type="arc"/>
    <link:loc xlink:href="../../ifrs-cor_2010-04-30.xsd#ifrs_ChangesInDefinedBenefitObligationAtPresentValueAbstract" xlink:label="loc_55" xlink:type="locator"/>
    <link:presentationArc order="20.0" use="optional" xlink:arcrole="http://www.xbrl.org/2003/arcrole/parent-child" xlink:from="loc_47" xlink:to="loc_55" xlink:type="arc"/>
    <link:loc xlink:href="../../ifrs-cor_2010-04-30.xsd#ifrs_ChangesInDefinedBenefitObligationAtPresentValue" xlink:label="loc_68" xlink:type="locator"/>
    <link:presentationArc order="110.0" preferredLabel="http://www.xbrl.org/2003/role/totalLabel" use="optional" xlink:arcrole="http://www.xbrl.org/2003/arcrole/parent-child" xlink:from="loc_55" xlink:to="loc_68" xlink:type="arc"/>
    <link:loc xlink:href="../../ifrs-cor_2010-04-30.xsd#ifrs_IncreaseDecreaseThroughInterestCostDefinedBenefitObligationAtPresentValue" xlink:label="loc_59" xlink:type="locator"/>
    <link:presentationArc order="20.0" use="optional" xlink:arcrole="http://www.xbrl.org/2003/arcrole/parent-child" xlink:from="loc_55" xlink:to="loc_59" xlink:type="arc"/>
    <link:loc xlink:href="../../ifrs-cor_2010-04-30.xsd#ifrs_AcquisitionsThroughBusinessCombinationsDefinedBenefitObligationAtPresentValue" xlink:label="loc_60" xlink:type="locator"/>
    <link:presentationArc order="30.0" use="optional" xlink:arcrole="http://www.xbrl.org/2003/arcrole/parent-child" xlink:from="loc_55" xlink:to="loc_60" xlink:type="arc"/>
    <link:loc xlink:href="../../ifrs-cor_2010-04-30.xsd#ifrs_IncreaseDecreaseThroughCurrentServiceCostDefinedBenefitObligationAtPresentValue" xlink:label="loc_58" xlink:type="locator"/>
    <link:presentationArc order="10.0" use="optional" xlink:arcrole="http://www.xbrl.org/2003/arcrole/parent-child" xlink:from="loc_55" xlink:to="loc_58" xlink:type="arc"/>
    <link:loc xlink:href="../../ifrs-cor_2010-04-30.xsd#ifrs_DecreaseThroughBenefitsPaidDefinedBenefitObligationAtPresentValue" xlink:label="loc_63" xlink:type="locator"/>
    <link:presentationArc order="60.0" preferredLabel="http://www.xbrl.org/2009/role/negatedLabel" use="optional" xlink:arcrole="http://www.xbrl.org/2003/arcrole/parent-child" xlink:from="loc_55" xlink:to="loc_63" xlink:type="arc"/>
    <link:loc xlink:href="../../ifrs-cor_2010-04-30.xsd#ifrs_IncreaseDecreaseThroughPastServiceCostDefinedBenefitObligationAtPresentValue" xlink:label="loc_64" xlink:type="locator"/>
    <link:presentationArc order="70.0" use="optional" xlink:arcrole="http://www.xbrl.org/2003/arcrole/parent-child" xlink:from="loc_55" xlink:to="loc_64" xlink:type="arc"/>
    <link:loc xlink:href="../../ifrs-cor_2010-04-30.xsd#ifrs_DecreaseIncreaseThroughCurtailmentsDefinedBenefitObligationAtPresentValue" xlink:label="loc_65" xlink:type="locator"/>
    <link:presentationArc order="80.0" preferredLabel="http://www.xbrl.org/2009/role/negatedLabel" use="optional" xlink:arcrole="http://www.xbrl.org/2003/arcrole/parent-child" xlink:from="loc_55" xlink:to="loc_65" xlink:type="arc"/>
    <link:loc xlink:href="../../ifrs-cor_2010-04-30.xsd#ifrs_DecreaseIncreaseThroughSettlementsDefinedBenefitObligationAtPresentValue" xlink:label="loc_66" xlink:type="locator"/>
    <link:presentationArc order="90.0" preferredLabel="http://www.xbrl.org/2009/role/negatedLabel" use="optional" xlink:arcrole="http://www.xbrl.org/2003/arcrole/parent-child" xlink:from="loc_55" xlink:to="loc_66" xlink:type="arc"/>
    <link:loc xlink:href="../../ifrs-cor_2010-04-30.xsd#ifrs_IncreaseDecreaseThroughNetExchangeDifferencesDefinedBenefitObligationAtPresentValue" xlink:label="loc_67" xlink:type="locator"/>
    <link:presentationArc order="100.0" use="optional" xlink:arcrole="http://www.xbrl.org/2003/arcrole/parent-child" xlink:from="loc_55" xlink:to="loc_67" xlink:type="arc"/>
    <link:loc xlink:href="../../ifrs-cor_2010-04-30.xsd#ifrs_DecreaseIncreaseThroughActuarialGainsLossesDefinedBenefitObligationAtPresentValue" xlink:label="loc_61" xlink:type="locator"/>
    <link:presentationArc order="40.0" preferredLabel="http://www.xbrl.org/2009/role/negatedLabel" use="optional" xlink:arcrole="http://www.xbrl.org/2003/arcrole/parent-child" xlink:from="loc_55" xlink:to="loc_61" xlink:type="arc"/>
    <link:loc xlink:href="../../ifrs-cor_2010-04-30.xsd#ifrs_ContributionsByPlanParticipantsDefinedBenefitObligationAtPresentValue" xlink:label="loc_62" xlink:type="locator"/>
    <link:presentationArc order="50.0" use="optional" xlink:arcrole="http://www.xbrl.org/2003/arcrole/parent-child" xlink:from="loc_55" xlink:to="loc_62" xlink:type="arc"/>
    <link:loc xlink:href="../../ifrs-cor_2010-04-30.xsd#ifrs_DescriptionOfAccountingPolicyForDefinedBenefitPlans" xlink:label="loc_12" xlink:type="locator"/>
    <link:presentationArc order="10.0" use="optional" xlink:arcrole="http://www.xbrl.org/2003/arcrole/parent-child" xlink:from="loc_42" xlink:to="loc_12" xlink:type="arc"/>
    <link:loc xlink:href="../../ifrs-cor_2010-04-30.xsd#ifrs_DescriptionOfTypeOfPlan" xlink:label="loc_13" xlink:type="locator"/>
    <link:presentationArc order="20.0" use="optional" xlink:arcrole="http://www.xbrl.org/2003/arcrole/parent-child" xlink:from="loc_42" xlink:to="loc_13" xlink:type="arc"/>
    <link:loc xlink:href="../../ifrs-cor_2010-04-30.xsd#ifrs_ReconciliationOfChangesInFairValueOfPlanAssetsAbstract" xlink:label="loc_48" xlink:type="locator"/>
    <link:presentationArc order="40.0" use="optional" xlink:arcrole="http://www.xbrl.org/2003/arcrole/parent-child" xlink:from="loc_42" xlink:to="loc_48" xlink:type="arc"/>
    <link:loc xlink:href="../../ifrs-cor_2010-04-30.xsd#ifrs_ChangesInPlanAssetsAtFairValueAbstract" xlink:label="loc_69" xlink:type="locator"/>
    <link:presentationArc order="20.0" use="optional" xlink:arcrole="http://www.xbrl.org/2003/arcrole/parent-child" xlink:from="loc_48" xlink:to="loc_69" xlink:type="arc"/>
    <link:loc xlink:href="../../ifrs-cor_2010-04-30.xsd#ifrs_IncreaseDecreaseThroughActuarialGainsLossesPlanAssetsAtFairValue" xlink:label="loc_73" xlink:type="locator"/>
    <link:presentationArc order="10.0" use="optional" xlink:arcrole="http://www.xbrl.org/2003/arcrole/parent-child" xlink:from="loc_69" xlink:to="loc_73" xlink:type="arc"/>
    <link:loc xlink:href="../../ifrs-cor_2010-04-30.xsd#ifrs_IncreaseDecreaseThroughBusinessCombinationsPlanAssetsAtFairValue" xlink:label="loc_74" xlink:type="locator"/>
    <link:presentationArc order="20.0" use="optional" xlink:arcrole="http://www.xbrl.org/2003/arcrole/parent-child" xlink:from="loc_69" xlink:to="loc_74" xlink:type="arc"/>
    <link:loc xlink:href="../../ifrs-cor_2010-04-30.xsd#ifrs_IncreaseDecreaseThroughExpectedReturnPlanAssetsAtFairValue" xlink:label="loc_75" xlink:type="locator"/>
    <link:presentationArc order="30.0" use="optional" xlink:arcrole="http://www.xbrl.org/2003/arcrole/parent-child" xlink:from="loc_69" xlink:to="loc_75" xlink:type="arc"/>
    <link:loc xlink:href="../../ifrs-cor_2010-04-30.xsd#ifrs_DecreaseThroughBenefitsPaidPlanAssetsAtFairValue" xlink:label="loc_76" xlink:type="locator"/>
    <link:presentationArc order="40.0" preferredLabel="http://www.xbrl.org/2009/role/negatedLabel" use="optional" xlink:arcrole="http://www.xbrl.org/2003/arcrole/parent-child" xlink:from="loc_69" xlink:to="loc_76" xlink:type="arc"/>
    <link:loc xlink:href="../../ifrs-cor_2010-04-30.xsd#ifrs_IncreaseDecreaseThroughContributionsByPlanParticipantsPlanAssetsAtFairValue" xlink:label="loc_77" xlink:type="locator"/>
    <link:presentationArc order="50.0" use="optional" xlink:arcrole="http://www.xbrl.org/2003/arcrole/parent-child" xlink:from="loc_69" xlink:to="loc_77" xlink:type="arc"/>
    <link:loc xlink:href="../../ifrs-cor_2010-04-30.xsd#ifrs_IncreaseDecreaseThroughContributionsByEmployerPlanAssetsAtFairValue" xlink:label="loc_78" xlink:type="locator"/>
    <link:presentationArc order="60.0" use="optional" xlink:arcrole="http://www.xbrl.org/2003/arcrole/parent-child" xlink:from="loc_69" xlink:to="loc_78" xlink:type="arc"/>
    <link:loc xlink:href="../../ifrs-cor_2010-04-30.xsd#ifrs_IncreaseDecreaseThroughNetExchangeDifferencesPlanAssetsAtFairValue" xlink:label="loc_79" xlink:type="locator"/>
    <link:presentationArc order="70.0" use="optional" xlink:arcrole="http://www.xbrl.org/2003/arcrole/parent-child" xlink:from="loc_69" xlink:to="loc_79" xlink:type="arc"/>
    <link:loc xlink:href="../../ifrs-cor_2010-04-30.xsd#ifrs_DecreaseIncreaseThroughSettlementsPlanAssetsAtFairValue" xlink:label="loc_80" xlink:type="locator"/>
    <link:presentationArc order="80.0" preferredLabel="http://www.xbrl.org/2009/role/negatedLabel" use="optional" xlink:arcrole="http://www.xbrl.org/2003/arcrole/parent-child" xlink:from="loc_69" xlink:to="loc_80" xlink:type="arc"/>
    <link:loc xlink:href="../../ifrs-cor_2010-04-30.xsd#ifrs_ChangesInPlanAssetsAtFairValue" xlink:label="loc_81" xlink:type="locator"/>
    <link:presentationArc order="90.0" preferredLabel="http://www.xbrl.org/2003/role/totalLabel" use="optional" xlink:arcrole="http://www.xbrl.org/2003/arcrole/parent-child" xlink:from="loc_69" xlink:to="loc_81" xlink:type="arc"/>
    <link:loc xlink:href="../../ifrs-cor_2010-04-30.xsd#ifrs_ChangesInReimbursementRightsAtFairValueAbstract" xlink:label="loc_70" xlink:type="locator"/>
    <link:presentationArc order="50.0" use="optional" xlink:arcrole="http://www.xbrl.org/2003/arcrole/parent-child" xlink:from="loc_48" xlink:to="loc_70" xlink:type="arc"/>
    <link:loc xlink:href="../../ifrs-cor_2010-04-30.xsd#ifrs_IncreaseDecreaseThroughActuarialGainsLossesReimbursementRightsAtFairValue" xlink:label="loc_84" xlink:type="locator"/>
    <link:presentationArc order="10.0" use="optional" xlink:arcrole="http://www.xbrl.org/2003/arcrole/parent-child" xlink:from="loc_70" xlink:to="loc_84" xlink:type="arc"/>
    <link:loc xlink:href="../../ifrs-cor_2010-04-30.xsd#ifrs_IncreaseDecreaseThroughBusinessCombinationsReimbursementRightsAtFairValue" xlink:label="loc_85" xlink:type="locator"/>
    <link:presentationArc order="20.0" use="optional" xlink:arcrole="http://www.xbrl.org/2003/arcrole/parent-child" xlink:from="loc_70" xlink:to="loc_85" xlink:type="arc"/>
    <link:loc xlink:href="../../ifrs-cor_2010-04-30.xsd#ifrs_IncreaseDecreaseThroughExpectedReturnReimbursementRightsAtFairValue" xlink:label="loc_87" xlink:type="locator"/>
    <link:presentationArc order="30.0" use="optional" xlink:arcrole="http://www.xbrl.org/2003/arcrole/parent-child" xlink:from="loc_70" xlink:to="loc_87" xlink:type="arc"/>
    <link:loc xlink:href="../../ifrs-cor_2010-04-30.xsd#ifrs_DecreaseThroughBenefitsPaidReimbursementRightsAtFairValue" xlink:label="loc_88" xlink:type="locator"/>
    <link:presentationArc order="40.0" preferredLabel="http://www.xbrl.org/2009/role/negatedLabel" use="optional" xlink:arcrole="http://www.xbrl.org/2003/arcrole/parent-child" xlink:from="loc_70" xlink:to="loc_88" xlink:type="arc"/>
    <link:loc xlink:href="../../ifrs-cor_2010-04-30.xsd#ifrs_IncreaseDecreaseThroughContributionsByPlanParticipantsReimbursementRightsAtFairValue" xlink:label="loc_89" xlink:type="locator"/>
    <link:presentationArc order="50.0" use="optional" xlink:arcrole="http://www.xbrl.org/2003/arcrole/parent-child" xlink:from="loc_70" xlink:to="loc_89" xlink:type="arc"/>
    <link:loc xlink:href="../../ifrs-cor_2010-04-30.xsd#ifrs_IncreaseDecreaseThroughContributionsByEmployerReimbursementRightsAtFairValue" xlink:label="loc_90" xlink:type="locator"/>
    <link:presentationArc order="60.0" use="optional" xlink:arcrole="http://www.xbrl.org/2003/arcrole/parent-child" xlink:from="loc_70" xlink:to="loc_90" xlink:type="arc"/>
    <link:loc xlink:href="../../ifrs-cor_2010-04-30.xsd#ifrs_IncreaseDecreaseThroughNetExchangeDifferencesReimbursementRightsAtFairValue" xlink:label="loc_91" xlink:type="locator"/>
    <link:presentationArc order="70.0" use="optional" xlink:arcrole="http://www.xbrl.org/2003/arcrole/parent-child" xlink:from="loc_70" xlink:to="loc_91" xlink:type="arc"/>
    <link:loc xlink:href="../../ifrs-cor_2010-04-30.xsd#ifrs_DecreaseIncreaseThroughSettlementsReimbursementRightsAtFairValue" xlink:label="loc_92" xlink:type="locator"/>
    <link:presentationArc order="80.0" preferredLabel="http://www.xbrl.org/2009/role/negatedLabel" use="optional" xlink:arcrole="http://www.xbrl.org/2003/arcrole/parent-child" xlink:from="loc_70" xlink:to="loc_92" xlink:type="arc"/>
    <link:loc xlink:href="../../ifrs-cor_2010-04-30.xsd#ifrs_ChangesInReimbursementRightsAtFairValue" xlink:label="loc_93" xlink:type="locator"/>
    <link:presentationArc order="90.0" preferredLabel="http://www.xbrl.org/2003/role/totalLabel" use="optional" xlink:arcrole="http://www.xbrl.org/2003/arcrole/parent-child" xlink:from="loc_70" xlink:to="loc_93" xlink:type="arc"/>
    <link:loc xlink:href="../../ifrs-cor_2010-04-30.xsd#ifrs_PlanAssetsAtFairValue" xlink:label="loc_71" xlink:type="locator"/>
    <link:presentationArc order="10.0" preferredLabel="http://www.xbrl.org/2003/role/periodStartLabel" use="optional" xlink:arcrole="http://www.xbrl.org/2003/arcrole/parent-child" xlink:from="loc_48" xlink:to="loc_71" xlink:type="arc"/>
    <link:loc xlink:href="../../ifrs-cor_2010-04-30.xsd#ifrs_PlanAssetsAtFairValue" xlink:label="loc_72" xlink:type="locator"/>
    <link:presentationArc order="30.0" preferredLabel="http://www.xbrl.org/2003/role/periodEndLabel" priority="1" use="optional" xlink:arcrole="http://www.xbrl.org/2003/arcrole/parent-child" xlink:from="loc_48" xlink:to="loc_72" xlink:type="arc"/>
    <link:loc xlink:href="../../ifrs-cor_2010-04-30.xsd#ifrs_ReimbursementRightsAtFairValue" xlink:label="loc_82" xlink:type="locator"/>
    <link:presentationArc order="40.0" preferredLabel="http://www.xbrl.org/2003/role/periodStartLabel" use="optional" xlink:arcrole="http://www.xbrl.org/2003/arcrole/parent-child" xlink:from="loc_48" xlink:to="loc_82" xlink:type="arc"/>
    <link:loc xlink:href="../../ifrs-cor_2010-04-30.xsd#ifrs_ReimbursementRightsAtFairValue" xlink:label="loc_83" xlink:type="locator"/>
    <link:presentationArc order="60.0" preferredLabel="http://www.xbrl.org/2003/role/periodEndLabel" priority="1" use="optional" xlink:arcrole="http://www.xbrl.org/2003/arcrole/parent-child" xlink:from="loc_48" xlink:to="loc_83" xlink:type="arc"/>
    <link:loc xlink:href="../../ifrs-cor_2010-04-30.xsd#ifrs_RecognisedAssetsAndLiabilitiesOfDefinedBenefitPlansAbstract" xlink:label="loc_49" xlink:type="locator"/>
    <link:presentationArc order="50.0" use="optional" xlink:arcrole="http://www.xbrl.org/2003/arcrole/parent-child" xlink:from="loc_42" xlink:to="loc_49" xlink:type="arc"/>
    <link:loc xlink:href="../../ifrs-cor_2010-04-30.xsd#ifrs_RecognisedLiabilitiesDefinedBenefitPlan" xlink:label="loc_94" xlink:type="locator"/>
    <link:presentationArc order="10.0" use="optional" xlink:arcrole="http://www.xbrl.org/2003/arcrole/parent-child" xlink:from="loc_49" xlink:to="loc_94" xlink:type="arc"/>
    <link:loc xlink:href="../../ifrs-cor_2010-04-30.xsd#ifrs_RecognisedAssetsDefinedBenefitPlan" xlink:label="loc_95" xlink:type="locator"/>
    <link:presentationArc order="20.0" preferredLabel="http://www.xbrl.org/2009/role/negatedLabel" use="optional" xlink:arcrole="http://www.xbrl.org/2003/arcrole/parent-child" xlink:from="loc_49" xlink:to="loc_95" xlink:type="arc"/>
    <link:loc xlink:href="../../ifrs-cor_2010-04-30.xsd#ifrs_LiabilityAssetOfDefinedBenefitPlans" xlink:label="loc_99" xlink:type="locator"/>
    <link:presentationArc order="30.0" preferredLabel="http://www.xbrl.org/2003/role/positiveLabel" use="optional" xlink:arcrole="http://www.xbrl.org/2003/arcrole/parent-child" xlink:from="loc_49" xlink:to="loc_99" xlink:type="arc"/>
    <link:loc xlink:href="../../ifrs-cor_2010-04-30.xsd#ifrs_ReconciliationOfLiabilityAssetOfDefinedBenefitPlansAbstract" xlink:label="loc_50" xlink:type="locator"/>
    <link:presentationArc order="60.0" use="optional" xlink:arcrole="http://www.xbrl.org/2003/arcrole/parent-child" xlink:from="loc_42" xlink:to="loc_50" xlink:type="arc"/>
    <link:presentationArc order="10.0" use="optional" xlink:arcrole="http://www.xbrl.org/2003/arcrole/parent-child" xlink:from="loc_50" xlink:to="loc_53" xlink:type="arc"/>
    <link:presentationArc order="20.0" preferredLabel="http://www.xbrl.org/2009/role/negatedLabel" use="optional" xlink:arcrole="http://www.xbrl.org/2003/arcrole/parent-child" xlink:from="loc_50" xlink:to="loc_71" xlink:type="arc"/>
    <link:presentationArc order="30.0" preferredLabel="http://www.xbrl.org/2009/role/negatedLabel" use="optional" xlink:arcrole="http://www.xbrl.org/2003/arcrole/parent-child" xlink:from="loc_50" xlink:to="loc_82" xlink:type="arc"/>
    <link:loc xlink:href="../../ifrs-cor_2010-04-30.xsd#ifrs_UnrecognisedActuarialGainsLosses" xlink:label="loc_100" xlink:type="locator"/>
    <link:presentationArc order="40.0" preferredLabel="http://www.xbrl.org/2009/role/negatedLabel" use="optional" xlink:arcrole="http://www.xbrl.org/2003/arcrole/parent-child" xlink:from="loc_50" xlink:to="loc_100" xlink:type="arc"/>
    <link:loc xlink:href="../../ifrs-cor_2010-04-30.xsd#ifrs_UnrecognisedPastServiceCost" xlink:label="loc_101" xlink:type="locator"/>
    <link:presentationArc order="50.0" use="optional" xlink:arcrole="http://www.xbrl.org/2003/arcrole/parent-child" xlink:from="loc_50" xlink:to="loc_101" xlink:type="arc"/>
    <link:loc xlink:href="../../ifrs-cor_2010-04-30.xsd#ifrs_UnrecognisedAssetsOfDefinedBenefitPlans" xlink:label="loc_102" xlink:type="locator"/>
    <link:presentationArc order="60.0" preferredLabel="http://www.xbrl.org/2009/role/negatedLabel" use="optional" xlink:arcrole="http://www.xbrl.org/2003/arcrole/parent-child" xlink:from="loc_50" xlink:to="loc_102" xlink:type="arc"/>
    <link:loc xlink:href="../../ifrs-cor_2010-04-30.xsd#ifrs_OtherAmountsRecognisedForDefinedBenefitPlans" xlink:label="loc_103" xlink:type="locator"/>
    <link:presentationArc order="70.0" use="optional" xlink:arcrole="http://www.xbrl.org/2003/arcrole/parent-child" xlink:from="loc_50" xlink:to="loc_103" xlink:type="arc"/>
    <link:presentationArc order="80.0" use="optional" xlink:arcrole="http://www.xbrl.org/2003/arcrole/parent-child" xlink:from="loc_50" xlink:to="loc_99" xlink:type="arc"/>
    <link:loc xlink:href="../../ifrs-cor_2010-04-30.xsd#ifrs_RecognisedExpenseOfDefinedBenefitPlansAbstract" xlink:label="loc_51" xlink:type="locator"/>
    <link:presentationArc order="70.0" use="optional" xlink:arcrole="http://www.xbrl.org/2003/arcrole/parent-child" xlink:from="loc_42" xlink:to="loc_51" xlink:type="arc"/>
    <link:loc xlink:href="../../ifrs-cor_2010-04-30.xsd#ifrs_CurrentServiceCostDefinedBenefitPlan" xlink:label="loc_104" xlink:type="locator"/>
    <link:presentationArc order="10.0" use="optional" xlink:arcrole="http://www.xbrl.org/2003/arcrole/parent-child" xlink:from="loc_51" xlink:to="loc_104" xlink:type="arc"/>
    <link:loc xlink:href="../../ifrs-cor_2010-04-30.xsd#ifrs_InterestCostDefinedBenefitPlan" xlink:label="loc_106" xlink:type="locator"/>
    <link:presentationArc order="20.0" use="optional" xlink:arcrole="http://www.xbrl.org/2003/arcrole/parent-child" xlink:from="loc_51" xlink:to="loc_106" xlink:type="arc"/>
    <link:loc xlink:href="../../ifrs-cor_2010-04-30.xsd#ifrs_ExpectedReturnOnPlanAssetsDefinedBenefitPlan" xlink:label="loc_107" xlink:type="locator"/>
    <link:presentationArc order="30.0" preferredLabel="http://www.xbrl.org/2009/role/negatedLabel" use="optional" xlink:arcrole="http://www.xbrl.org/2003/arcrole/parent-child" xlink:from="loc_51" xlink:to="loc_107" xlink:type="arc"/>
    <link:loc xlink:href="../../ifrs-cor_2010-04-30.xsd#ifrs_ExpectedReturnOnRecognisedAssetsForReimbursementRightDefinedBenefitPlan" xlink:label="loc_108" xlink:type="locator"/>
    <link:presentationArc order="40.0" preferredLabel="http://www.xbrl.org/2009/role/negatedLabel" use="optional" xlink:arcrole="http://www.xbrl.org/2003/arcrole/parent-child" xlink:from="loc_51" xlink:to="loc_108" xlink:type="arc"/>
    <link:loc xlink:href="../../ifrs-cor_2010-04-30.xsd#ifrs_ActuarialGainsLossesRecognisedInProfitOrLossDefinedBenefitPlan" xlink:label="loc_109" xlink:type="locator"/>
    <link:presentationArc order="50.0" preferredLabel="http://www.xbrl.org/2009/role/negatedLabel" use="optional" xlink:arcrole="http://www.xbrl.org/2003/arcrole/parent-child" xlink:from="loc_51" xlink:to="loc_109" xlink:type="arc"/>
    <link:loc xlink:href="../../ifrs-cor_2010-04-30.xsd#ifrs_PastServiceCostRecognisedInProfitOrLossDefinedBenefitPlan" xlink:label="loc_110" xlink:type="locator"/>
    <link:presentationArc order="60.0" use="optional" xlink:arcrole="http://www.xbrl.org/2003/arcrole/parent-child" xlink:from="loc_51" xlink:to="loc_110" xlink:type="arc"/>
    <link:loc xlink:href="../../ifrs-cor_2010-04-30.xsd#ifrs_EffectOfCurtailmentAndSettlementRecognisedInProfitOrLossDefinedBenefitPlan" xlink:label="loc_111" xlink:type="locator"/>
    <link:presentationArc order="70.0" preferredLabel="http://www.xbrl.org/2009/role/negatedLabel" use="optional" xlink:arcrole="http://www.xbrl.org/2003/arcrole/parent-child" xlink:from="loc_51" xlink:to="loc_111" xlink:type="arc"/>
    <link:loc xlink:href="../../ifrs-cor_2010-04-30.xsd#ifrs_EffectsOfLimitInIAS19Paragraph58b" xlink:label="loc_113" xlink:type="locator"/>
    <link:presentationArc order="80.0" preferredLabel="http://www.xbrl.org/2009/role/negatedLabel" use="optional" xlink:arcrole="http://www.xbrl.org/2003/arcrole/parent-child" xlink:from="loc_51" xlink:to="loc_113" xlink:type="arc"/>
    <link:loc xlink:href="../../ifrs-cor_2010-04-30.xsd#ifrs_PostemploymentBenefitExpenseDefinedBenefitPlans" xlink:label="loc_56" xlink:type="locator"/>
    <link:presentationArc order="90.0" preferredLabel="http://www.xbrl.org/2003/role/totalLabel" xlink:arcrole="http://www.xbrl.org/2003/arcrole/parent-child" xlink:from="loc_51" xlink:to="loc_56" xlink:type="arc"/>
    <link:loc xlink:href="../../ifrs-cor_2010-04-30.xsd#ifrs_ExperienceAdjustmentsOnPlanAssetsAndPlanLiabilitiesAbstract" xlink:label="loc_52" xlink:type="locator"/>
    <link:presentationArc order="230.0" use="optional" xlink:arcrole="http://www.xbrl.org/2003/arcrole/parent-child" xlink:from="loc_42" xlink:to="loc_52" xlink:type="arc"/>
    <link:presentationArc order="10.0" use="optional" xlink:arcrole="http://www.xbrl.org/2003/arcrole/parent-child" xlink:from="loc_52" xlink:to="loc_53" xlink:type="arc"/>
    <link:presentationArc order="20.0" use="optional" xlink:arcrole="http://www.xbrl.org/2003/arcrole/parent-child" xlink:from="loc_52" xlink:to="loc_71" xlink:type="arc"/>
    <link:loc xlink:href="../../ifrs-cor_2010-04-30.xsd#ifrs_SurplusDeficitInPlan" xlink:label="loc_96" xlink:type="locator"/>
    <link:presentationArc order="30.0" use="optional" xlink:arcrole="http://www.xbrl.org/2003/arcrole/parent-child" xlink:from="loc_52" xlink:to="loc_96" xlink:type="arc"/>
    <link:loc xlink:href="../../ifrs-cor_2010-04-30.xsd#ifrs_ExperienceAdjustmentsOnPlanLiabilities" xlink:label="loc_97" xlink:type="locator"/>
    <link:presentationArc order="40.0" use="optional" xlink:arcrole="http://www.xbrl.org/2003/arcrole/parent-child" xlink:from="loc_52" xlink:to="loc_97" xlink:type="arc"/>
    <link:loc xlink:href="../../ifrs-cor_2010-04-30.xsd#ifrs_ExperienceAdjustmentsOnPlanAssets" xlink:label="loc_98" xlink:type="locator"/>
    <link:presentationArc order="50.0" use="optional" xlink:arcrole="http://www.xbrl.org/2003/arcrole/parent-child" xlink:from="loc_52" xlink:to="loc_98" xlink:type="arc"/>
    <link:loc xlink:href="../../ifrs-cor_2010-04-30.xsd#ifrs_PercentageOfExperienceAdjustmentsOnPlanLiabilities" xlink:label="loc_26" xlink:type="locator"/>
    <link:presentationArc order="60.0" xlink:arcrole="http://www.xbrl.org/2003/arcrole/parent-child" xlink:from="loc_52" xlink:to="loc_26" xlink:type="arc"/>
    <link:loc xlink:href="../../ifrs-cor_2010-04-30.xsd#ifrs_PercentageOfExperienceAdjustmentsOnPlanAssets" xlink:label="loc_38" xlink:type="locator"/>
    <link:presentationArc order="70.0" xlink:arcrole="http://www.xbrl.org/2003/arcrole/parent-child" xlink:from="loc_52" xlink:to="loc_38" xlink:type="arc"/>
    <link:loc xlink:href="../../ifrs-cor_2010-04-30.xsd#ifrs_EstimateOfContributionsExpectedToBePaidToPlan" xlink:label="loc_2" xlink:type="locator"/>
    <link:presentationArc order="240.0" use="optional" xlink:arcrole="http://www.xbrl.org/2003/arcrole/parent-child" xlink:from="loc_42" xlink:to="loc_2" xlink:type="arc"/>
    <link:loc xlink:href="../../ifrs-cor_2010-04-30.xsd#ifrs_DescriptionOfBasisUsedToDetermineExpectedRateOfReturnOnAssets" xlink:label="loc_10" xlink:type="locator"/>
    <link:presentationArc order="150.0" use="optional" xlink:arcrole="http://www.xbrl.org/2003/arcrole/parent-child" xlink:from="loc_42" xlink:to="loc_10" xlink:type="arc"/>
    <link:loc xlink:href="../../ifrs-cor_2010-04-30.xsd#ifrs_DescriptionOfActualReturnOnPlanAssetsAndReimbursementRightRecognisedAsAsset" xlink:label="loc_25" xlink:type="locator"/>
    <link:presentationArc order="160.0" use="optional" xlink:arcrole="http://www.xbrl.org/2003/arcrole/parent-child" xlink:from="loc_42" xlink:to="loc_25" xlink:type="arc"/>
    <link:loc xlink:href="../../ifrs-cor_2010-04-30.xsd#ifrs_DescriptionOfPercentageOrAmountWhichEachMajorCategoryContributesToFairValueOfTotalPlanAssets" xlink:label="loc_8" xlink:type="locator"/>
    <link:presentationArc order="110.0" use="optional" xlink:arcrole="http://www.xbrl.org/2003/arcrole/parent-child" xlink:from="loc_42" xlink:to="loc_8" xlink:type="arc"/>
    <link:loc xlink:href="../../ifrs-cor_2010-04-30.xsd#ifrs_DescriptionOfAmountsOfEntitysOwnFinancialInstrumentsIncludedInFairValueOfPlanAssets" xlink:label="loc_21" xlink:type="locator"/>
    <link:presentationArc order="120.0" use="optional" xlink:arcrole="http://www.xbrl.org/2003/arcrole/parent-child" xlink:from="loc_42" xlink:to="loc_21" xlink:type="arc"/>
    <link:loc xlink:href="../../ifrs-cor_2010-04-30.xsd#ifrs_DescriptionOfAmountsOfPropertyOccupiedByEntityIncludedInFairValueOfPlanAssets" xlink:label="loc_22" xlink:type="locator"/>
    <link:presentationArc order="130.0" use="optional" xlink:arcrole="http://www.xbrl.org/2003/arcrole/parent-child" xlink:from="loc_42" xlink:to="loc_22" xlink:type="arc"/>
    <link:loc xlink:href="../../ifrs-cor_2010-04-30.xsd#ifrs_DescriptionOfAmountsOfOtherAssetsUsedByEntityIncludedInFairValueOfPlanAssets" xlink:label="loc_23" xlink:type="locator"/>
    <link:presentationArc order="140.0" use="optional" xlink:arcrole="http://www.xbrl.org/2003/arcrole/parent-child" xlink:from="loc_42" xlink:to="loc_23" xlink:type="arc"/>
    <link:loc xlink:href="../../ifrs-cor_2010-04-30.xsd#ifrs_ActuarialGainsLossesRecognisedInOtherComprehensiveIncome" xlink:label="loc_7" xlink:type="locator"/>
    <link:presentationArc order="100.0" use="optional" xlink:arcrole="http://www.xbrl.org/2003/arcrole/parent-child" xlink:from="loc_42" xlink:to="loc_7" xlink:type="arc"/>
    <link:loc xlink:href="../../ifrs-cor_2010-04-30.xsd#ifrs_ActuarialAssumptionOfDiscountRates" xlink:label="loc_15" xlink:type="locator"/>
    <link:presentationArc order="170.0" use="optional" xlink:arcrole="http://www.xbrl.org/2003/arcrole/parent-child" xlink:from="loc_42" xlink:to="loc_15" xlink:type="arc"/>
    <link:loc xlink:href="../../ifrs-cor_2010-04-30.xsd#ifrs_ActuarialAssumptionOfExpectedRatesOfReturnOnPlanAssets" xlink:label="loc_16" xlink:type="locator"/>
    <link:presentationArc order="180.0" use="optional" xlink:arcrole="http://www.xbrl.org/2003/arcrole/parent-child" xlink:from="loc_42" xlink:to="loc_16" xlink:type="arc"/>
    <link:loc xlink:href="../../ifrs-cor_2010-04-30.xsd#ifrs_ActuarialAssumptionOfExpectedRatesOfReturnOnReimbursementRightRecognisedAsAsset" xlink:label="loc_17" xlink:type="locator"/>
    <link:presentationArc order="190.0" use="optional" xlink:arcrole="http://www.xbrl.org/2003/arcrole/parent-child" xlink:from="loc_42" xlink:to="loc_17" xlink:type="arc"/>
    <link:loc xlink:href="../../ifrs-cor_2010-04-30.xsd#ifrs_ActuarialAssumptionOfExpectedRatesOfSalaryIncreases" xlink:label="loc_18" xlink:type="locator"/>
    <link:presentationArc order="200.0" use="optional" xlink:arcrole="http://www.xbrl.org/2003/arcrole/parent-child" xlink:from="loc_42" xlink:to="loc_18" xlink:type="arc"/>
    <link:loc xlink:href="../../ifrs-cor_2010-04-30.xsd#ifrs_ActuarialAssumptionOfMedicalCostTrendRates" xlink:label="loc_19" xlink:type="locator"/>
    <link:presentationArc order="210.0" use="optional" xlink:arcrole="http://www.xbrl.org/2003/arcrole/parent-child" xlink:from="loc_42" xlink:to="loc_19" xlink:type="arc"/>
    <link:loc xlink:href="../../ifrs-cor_2010-04-30.xsd#ifrs_OtherMaterialActuarialAssumptions" xlink:label="loc_20" xlink:type="locator"/>
    <link:presentationArc order="220.0" use="optional" xlink:arcrole="http://www.xbrl.org/2003/arcrole/parent-child" xlink:from="loc_42" xlink:to="loc_20" xlink:type="arc"/>
    <link:loc xlink:href="../../ifrs-cor_2010-04-30.xsd#ifrs_OtherComprehensiveIncomeNetOfTaxActuarialGainsLossesOnDefinedBenefitPlans" xlink:label="loc_3" xlink:type="locator"/>
    <link:presentationArc order="80.0" xlink:arcrole="http://www.xbrl.org/2003/arcrole/parent-child" xlink:from="loc_42" xlink:to="loc_3" xlink:type="arc"/>
    <link:loc xlink:href="../../ifrs-cor_2010-04-30.xsd#ifrs_OtherComprehensiveIncomeBeforeTaxActuarialGainsLossesOnDefinedBenefitPlans" xlink:label="loc_5" xlink:type="locator"/>
    <link:presentationArc order="90.0" xlink:arcrole="http://www.xbrl.org/2003/arcrole/parent-child" xlink:from="loc_42" xlink:to="loc_5" xlink:type="arc"/>
    <link:loc xlink:href="../../ifrs-cor_2010-04-30.xsd#ifrs_DescriptionOfFactThatMultiemployerPlanIsDefinedBenefitPlan" xlink:label="loc_9" xlink:type="locator"/>
    <link:presentationArc order="80.0" use="optional" xlink:arcrole="http://www.xbrl.org/2003/arcrole/parent-child" xlink:from="loc" xlink:to="loc_9" xlink:type="arc"/>
    <link:loc xlink:href="../../ifrs-cor_2010-04-30.xsd#ifrs_DescriptionOfContractualAgreementOrStatedPolicyForChargingNetDefinedBenefitCost" xlink:label="loc_36" xlink:type="locator"/>
    <link:presentationArc order="20.0" use="optional" xlink:arcrole="http://www.xbrl.org/2003/arcrole/parent-child" xlink:from="loc" xlink:to="loc_36" xlink:type="arc"/>
    <link:loc xlink:href="../../ifrs-cor_2010-04-30.xsd#ifrs_DescriptionOfPolicyForDeterminingContributionOfDefinedBenefitPlansThatShareRisksBetweenVariousEntities" xlink:label="loc_37" xlink:type="locator"/>
    <link:presentationArc order="30.0" use="optional" xlink:arcrole="http://www.xbrl.org/2003/arcrole/parent-child" xlink:from="loc" xlink:to="loc_37" xlink:type="arc"/>
    <link:loc xlink:href="../../ifrs-cor_2010-04-30.xsd#ifrs_ExplanationOfEffectOfIncreaseOfOnePercentagePointAggregateCurrentServiceCostAndInterestCost" xlink:label="loc_4" xlink:type="locator"/>
    <link:presentationArc order="40.0" use="optional" xlink:arcrole="http://www.xbrl.org/2003/arcrole/parent-child" xlink:from="loc" xlink:to="loc_4" xlink:type="arc"/>
    <link:loc xlink:href="../../ifrs-cor_2010-04-30.xsd#ifrs_ExplanationOfEffectOfDecreaseOfOnePercentagePointAggregateCurrentServiceCostAndInterestCost" xlink:label="loc_6" xlink:type="locator"/>
    <link:presentationArc order="50.0" use="optional" xlink:arcrole="http://www.xbrl.org/2003/arcrole/parent-child" xlink:from="loc" xlink:to="loc_6" xlink:type="arc"/>
    <link:loc xlink:href="../../ifrs-cor_2010-04-30.xsd#ifrs_ExplanationOfEffectOfIncreaseOfOnePercentagePointAccumulatedPostemploymentBenefitObligationForMedicalCosts" xlink:label="loc_14" xlink:type="locator"/>
    <link:presentationArc order="60.0" use="optional" xlink:arcrole="http://www.xbrl.org/2003/arcrole/parent-child" xlink:from="loc" xlink:to="loc_14" xlink:type="arc"/>
    <link:loc xlink:href="../../ifrs-cor_2010-04-30.xsd#ifrs_ExplanationOfEffectOfDecreaseOfOnePercentagePointAccumulatedPostemploymentBenefitObligationForMedicalCosts" xlink:label="loc_27" xlink:type="locator"/>
    <link:presentationArc order="70.0" use="optional" xlink:arcrole="http://www.xbrl.org/2003/arcrole/parent-child" xlink:from="loc" xlink:to="loc_27" xlink:type="arc"/>
    <link:loc xlink:href="../../ifrs-cor_2010-04-30.xsd#ifrs_DescriptionOfReasonWhySufficientInformationIsNotAvailableToAccountForMultiemployerPlanAsDefinedBenefitPlan" xlink:label="loc_28" xlink:type="locator"/>
    <link:presentationArc order="90.0" use="optional" xlink:arcrole="http://www.xbrl.org/2003/arcrole/parent-child" xlink:from="loc" xlink:to="loc_28" xlink:type="arc"/>
    <link:loc xlink:href="../../ifrs-cor_2010-04-30.xsd#ifrs_DescriptionOfInformationAboutSurplusOrDeficitOfMultiemployerPlan" xlink:label="loc_29" xlink:type="locator"/>
    <link:presentationArc order="100.0" use="optional" xlink:arcrole="http://www.xbrl.org/2003/arcrole/parent-child" xlink:from="loc" xlink:to="loc_29" xlink:type="arc"/>
    <link:loc xlink:href="../../ifrs-cor_2010-04-30.xsd#ifrs_DescriptionOfBasisUsedToDetermineSurplusOrDeficitOfMultiemployerPlan" xlink:label="loc_30" xlink:type="locator"/>
    <link:presentationArc order="110.0" use="optional" xlink:arcrole="http://www.xbrl.org/2003/arcrole/parent-child" xlink:from="loc" xlink:to="loc_30" xlink:type="arc"/>
    <link:loc xlink:href="../../ifrs-cor_2010-04-30.xsd#ifrs_ImplicationsOfSurplusOrDeficitOnMultiemployerPlanForEntity" xlink:label="loc_31" xlink:type="locator"/>
    <link:presentationArc order="120.0" use="optional" xlink:arcrole="http://www.xbrl.org/2003/arcrole/parent-child" xlink:from="loc" xlink:to="loc_31" xlink:type="arc"/>
    <link:loc xlink:href="../../ifrs-cor_2010-04-30.xsd#ifrs_DescriptionOfNatureOfObligationTerminationBenefitsContingentLiability" xlink:label="loc_11" xlink:type="locator"/>
    <link:presentationArc order="20.0" use="optional" xlink:arcrole="http://www.xbrl.org/2003/arcrole/parent-child" xlink:from="loc_57" xlink:to="loc_11" xlink:type="arc"/>
    <link:loc xlink:href="../../ifrs-cor_2010-04-30.xsd#ifrs_DescriptionOfInformationAboutTerminationBenefitsForKeyManagementPersonnel" xlink:label="loc_32" xlink:type="locator"/>
    <link:presentationArc order="30.0" use="optional" xlink:arcrole="http://www.xbrl.org/2003/arcrole/parent-child" xlink:from="loc_57" xlink:to="loc_32" xlink:type="arc"/>
    <link:loc xlink:href="../../ifrs-cor_2010-04-30.xsd#ifrs_DescriptionOfNatureOfTerminationBenefitsExpense" xlink:label="loc_33" xlink:type="locator"/>
    <link:presentationArc order="40.0" use="optional" xlink:arcrole="http://www.xbrl.org/2003/arcrole/parent-child" xlink:from="loc_57" xlink:to="loc_33" xlink:type="arc"/>
    <link:loc xlink:href="../../ifrs-cor_2010-04-30.xsd#ifrs_TerminationBenefitsExpense" xlink:label="loc_34" xlink:type="locator"/>
    <link:presentationArc order="50.0" use="optional" xlink:arcrole="http://www.xbrl.org/2003/arcrole/parent-child" xlink:from="loc_57" xlink:to="loc_34" xlink:type="arc"/>
    <link:loc xlink:href="../../ifrs-cor_2010-04-30.xsd#ifrs_ExpensesRecognisedOnTransitionalLiabilities" xlink:label="loc_35" xlink:type="locator"/>
    <link:presentationArc order="60.0" use="optional" xlink:arcrole="http://www.xbrl.org/2003/arcrole/parent-child" xlink:from="loc_57" xlink:to="loc_35" xlink:type="arc"/>
    <link:loc xlink:href="../../ifrs-cor_2010-04-30.xsd#ifrs_RemainingUnrecognisedAmountOfTransitionalLiabilities" xlink:label="loc_40" xlink:type="locator"/>
    <link:presentationArc order="70.0" use="optional" xlink:arcrole="http://www.xbrl.org/2003/arcrole/parent-child" xlink:from="loc_57" xlink:to="loc_40" xlink:type="arc"/>
  </link:presentationLink>
</link:linkbase>