<?xml version="1.0" encoding="UTF-8"?>
<!-- Generated by Fujitsu Interstage XWand B0196 -->
<link:linkbase xmlns:xsi="http://www.w3.org/2001/XMLSchema-instance" xsi:schemaLocation="http://www.xbrl.org/2003/linkbase http://www.xbrl.org/2003/xbrl-linkbase-2003-12-31.xsd" xmlns:link="http://www.xbrl.org/2003/linkbase" xmlns:xbrli="http://www.xbrl.org/2003/instance" xmlns:xlink="http://www.w3.org/1999/xlink">
  <link:roleRef roleURI="http://www.xbrl.org/tifrs/notes/role/InvestmentInMainlandChina" xlink:type="simple" xlink:href="tifrs-notes-ins-2015-03-31.xsd#RT_2"/>
  <link:roleRef roleURI="http://www.xbrl.org/tifrs/notes/role/NamesLocationsAndRelatedInformationOfInvesteesOverWhichTheCompanyExercisesSignificantInfluence" xlink:type="simple" xlink:href="tifrs-notes-ins-2015-03-31.xsd#RT_1"/>
  <link:roleRef roleURI="http://www.xbrl.org/tifrs/notes/role/SummaryOfSignificantAccountingPolicies" xlink:type="simple" xlink:href="../tifrs-notes-2015-03-31.xsd#RT_5"/>
  <link:roleRef roleURI="http://www.xbrl.org/tifrs/notes/role/SignificantIntercompanyTransactionsBetweenConsolidatedEntities" xlink:type="simple" xlink:href="../tifrs-notes-2015-03-31.xsd#RT_12"/>
  <link:presentationLink xlink:type="extended" xlink:role="http://www.xbrl.org/tifrs/notes/role/SummaryOfSignificantAccountingPolicies">
    <link:loc xlink:type="locator" xlink:href="../tifrs-notes-2015-03-31.xsd#tifrs-notes_SummaryOfSignificantAccountingPoliciesAbstract" xlink:label="SummaryOfSignificantAccountingPoliciesAbstract" xlink:title="SummaryOfSignificantAccountingPoliciesAbstract"/>
    <link:loc xlink:type="locator" xlink:href="../tifrs-notes-2015-03-31.xsd#tifrs-notes_BillsAndBondsUnderRepurchaseOrResaleAgreements" xlink:label="BillsAndBondsUnderRepurchaseOrResaleAgreements" xlink:title="BillsAndBondsUnderRepurchaseOrResaleAgreements"/>
    <link:presentationArc xlink:type="arc" xlink:arcrole="http://www.xbrl.org/2003/arcrole/parent-child" xlink:from="SummaryOfSignificantAccountingPoliciesAbstract" xlink:to="BillsAndBondsUnderRepurchaseOrResaleAgreements" xlink:title="presentation: SummaryOfSignificantAccountingPoliciesAbstract to BillsAndBondsUnderRepurchaseOrResaleAgreements" order="8.1"/>
    <link:loc xlink:type="locator" xlink:href="../tifrs-notes-2015-03-31.xsd#tifrs-notes_ConstructionContracts" xlink:label="ConstructionContracts" xlink:title="ConstructionContracts"/>
    <link:presentationArc xlink:type="arc" xlink:arcrole="http://www.xbrl.org/2003/arcrole/parent-child" xlink:from="SummaryOfSignificantAccountingPoliciesAbstract" xlink:to="ConstructionContracts" xlink:title="presentation: SummaryOfSignificantAccountingPoliciesAbstract to ConstructionContracts" order="9.1"/>
    <link:loc xlink:type="locator" xlink:href="../tifrs-notes-2015-03-31.xsd#tifrs-notes_ReinsuranceContractAssets" xlink:label="ReinsuranceContractAssets" xlink:title="ReinsuranceContractAssets"/>
    <link:presentationArc xlink:type="arc" xlink:arcrole="http://www.xbrl.org/2003/arcrole/parent-child" xlink:from="SummaryOfSignificantAccountingPoliciesAbstract" xlink:to="ReinsuranceContractAssets" xlink:title="presentation: SummaryOfSignificantAccountingPoliciesAbstract to ReinsuranceContractAssets" order="14.1"/>
    <link:loc xlink:type="locator" xlink:href="../tifrs-notes-2015-03-31.xsd#tifrs-notes_InsuranceContracts" xlink:label="InsuranceContracts" xlink:title="InsuranceContracts"/>
    <link:presentationArc xlink:type="arc" xlink:arcrole="http://www.xbrl.org/2003/arcrole/parent-child" xlink:from="SummaryOfSignificantAccountingPoliciesAbstract" xlink:to="InsuranceContracts" xlink:title="presentation: SummaryOfSignificantAccountingPoliciesAbstract to InsuranceContracts" order="14.2"/>
    <link:loc xlink:type="locator" xlink:href="../tifrs-notes-2015-03-31.xsd#tifrs-notes_InsuranceProductAssetsInSeparateAccounts" xlink:label="InsuranceProductAssetsInSeparateAccounts" xlink:title="InsuranceProductAssetsInSeparateAccounts"/>
    <link:presentationArc xlink:type="arc" xlink:arcrole="http://www.xbrl.org/2003/arcrole/parent-child" xlink:from="SummaryOfSignificantAccountingPoliciesAbstract" xlink:to="InsuranceProductAssetsInSeparateAccounts" xlink:title="presentation: SummaryOfSignificantAccountingPoliciesAbstract to InsuranceProductAssetsInSeparateAccounts" order="18.1"/>
    <link:loc xlink:type="locator" xlink:href="../tifrs-notes-2015-03-31.xsd#tifrs-notes_CollateralsReceived" xlink:label="CollateralsReceived" xlink:title="CollateralsReceived"/>
    <link:presentationArc xlink:type="arc" xlink:arcrole="http://www.xbrl.org/2003/arcrole/parent-child" xlink:from="SummaryOfSignificantAccountingPoliciesAbstract" xlink:to="CollateralsReceived" xlink:title="presentation: SummaryOfSignificantAccountingPoliciesAbstract to CollateralsReceived" order="18.2"/>
    <link:loc xlink:type="locator" xlink:href="../tifrs-notes-2015-03-31.xsd#tifrs-notes_InsuranceLiabilities" xlink:label="InsuranceLiabilities" xlink:title="InsuranceLiabilities"/>
    <link:presentationArc xlink:type="arc" xlink:arcrole="http://www.xbrl.org/2003/arcrole/parent-child" xlink:from="SummaryOfSignificantAccountingPoliciesAbstract" xlink:to="InsuranceLiabilities" xlink:title="presentation: SummaryOfSignificantAccountingPoliciesAbstract to InsuranceLiabilities" order="18.3"/>
    <link:loc xlink:type="locator" xlink:href="../tifrs-notes-2015-03-31.xsd#tifrs-notes_ReserveForInsuranceWithNatureOfFinancialInstrument" xlink:label="ReserveForInsuranceWithNatureOfFinancialInstrument" xlink:title="ReserveForInsuranceWithNatureOfFinancialInstrument"/>
    <link:presentationArc xlink:type="arc" xlink:arcrole="http://www.xbrl.org/2003/arcrole/parent-child" xlink:from="SummaryOfSignificantAccountingPoliciesAbstract" xlink:to="ReserveForInsuranceWithNatureOfFinancialInstrument" xlink:title="presentation: SummaryOfSignificantAccountingPoliciesAbstract to ReserveForInsuranceWithNatureOfFinancialInstrument" order="19.1"/>
    <link:loc xlink:type="locator" xlink:href="../tifrs-notes-2015-03-31.xsd#tifrs-notes_ReserveForForeignExchangeValuation" xlink:label="ReserveForForeignExchangeValuation" xlink:title="ReserveForForeignExchangeValuation"/>
    <link:presentationArc xlink:type="arc" xlink:arcrole="http://www.xbrl.org/2003/arcrole/parent-child" xlink:from="SummaryOfSignificantAccountingPoliciesAbstract" xlink:to="ReserveForForeignExchangeValuation" xlink:title="presentation: SummaryOfSignificantAccountingPoliciesAbstract to ReserveForForeignExchangeValuation" order="19.2"/>
    <link:loc xlink:type="locator" xlink:href="../tifrs-notes-2015-03-31.xsd#tifrs-notes_CashSurrenderValueOfLifeInsuranc" xlink:label="CashSurrenderValueOfLifeInsuranc" xlink:title="CashSurrenderValueOfLifeInsuranc"/>
    <link:presentationArc xlink:type="arc" xlink:arcrole="http://www.xbrl.org/2003/arcrole/parent-child" xlink:from="SummaryOfSignificantAccountingPoliciesAbstract" xlink:to="CashSurrenderValueOfLifeInsuranc" xlink:title="presentation: SummaryOfSignificantAccountingPoliciesAbstract to CashSurrenderValueOfLifeInsuranc" order="14.0"/>
  </link:presentationLink>
  <link:presentationLink xlink:type="extended" xlink:role="http://www.xbrl.org/tifrs/notes/role/SignificantIntercompanyTransactionsBetweenConsolidatedEntities">
    <link:loc xlink:type="locator" xlink:href="../tifrs-notes-2015-03-31.xsd#tifrs-notes_SignificantIntercompanyTransactionsBetweenConsolidatedEntitiesAbstract" xlink:label="SignificantIntercompanyTransactionsBetweenConsolidatedEntities" xlink:title="SignificantIntercompanyTransactionsBetweenConsolidatedEntities"/>
    <link:loc xlink:type="locator" xlink:href="../tifrs-notes-2015-03-31.xsd#tifrs-notes_SignificantIntercompanyTransactionsBetweenConsolidatedEntities" xlink:label="SignificantIntercompanyTransactionsBetweenConsolidatedEntities_2" xlink:title="SignificantIntercompanyTransactionsBetweenConsolidatedEntities"/>
    <link:presentationArc xlink:type="arc" xlink:arcrole="http://www.xbrl.org/2003/arcrole/parent-child" xlink:from="SignificantIntercompanyTransactionsBetweenConsolidatedEntities" xlink:to="SignificantIntercompanyTransactionsBetweenConsolidatedEntities_2" xlink:title="presentation: SignificantIntercompanyTransactionsBetweenConsolidatedEntitiesAbstract to SignificantIntercompanyTransactionsBetweenConsolidatedEntities" order="1.0"/>
    <link:loc xlink:type="locator" xlink:href="../tifrs-notes-2015-03-31.xsd#tifrs-notes_IntercompanyTransactions" xlink:label="Transactions" xlink:title="Transactions"/>
    <link:presentationArc xlink:type="arc" xlink:arcrole="http://www.xbrl.org/2003/arcrole/parent-child" xlink:from="SignificantIntercompanyTransactionsBetweenConsolidatedEntities_2" xlink:to="Transactions" xlink:title="presentation: SignificantIntercompanyTransactionsBetweenConsolidatedEntities to Transactions" order="5.0"/>
    <link:loc xlink:type="locator" xlink:href="../tifrs-notes-2015-03-31.xsd#tifrs-notes_PercentageOfConsolidatedOperatingRevenuesOrTotalAssets" xlink:label="PercentageOfConsolidatedOperatingRevenuesOrTotalAssets" xlink:title="PercentageOfConsolidatedOperatingRevenuesOrTotalAssets"/>
    <link:presentationArc xlink:type="arc" xlink:arcrole="http://www.xbrl.org/2003/arcrole/parent-child" xlink:from="Transactions" xlink:to="PercentageOfConsolidatedOperatingRevenuesOrTotalAssets" xlink:title="presentation: Transactions to PercentageOfConsolidatedOperatingRevenuesOrTotalAssets" order="4.0"/>
    <link:loc xlink:type="locator" xlink:href="../tifrs-notes-2015-03-31.xsd#tifrs-notes_Terms" xlink:label="Terms" xlink:title="Terms"/>
    <link:presentationArc xlink:type="arc" xlink:arcrole="http://www.xbrl.org/2003/arcrole/parent-child" xlink:from="Transactions" xlink:to="Terms" xlink:title="presentation: Transactions to Terms" order="3.0"/>
    <link:loc xlink:type="locator" xlink:href="../tifrs-notes-2015-03-31.xsd#tifrs-notes_Amount" xlink:label="Amount" xlink:title="Amount"/>
    <link:presentationArc xlink:type="arc" xlink:arcrole="http://www.xbrl.org/2003/arcrole/parent-child" xlink:from="Transactions" xlink:to="Amount" xlink:title="presentation: Transactions to Amount" order="2.0"/>
    <link:loc xlink:type="locator" xlink:href="../tifrs-notes-2015-03-31.xsd#tifrs-notes_FinancialStatementAccount" xlink:label="FinancialStatementAccount" xlink:title="FinancialStatementAccount"/>
    <link:presentationArc xlink:type="arc" xlink:arcrole="http://www.xbrl.org/2003/arcrole/parent-child" xlink:from="Transactions" xlink:to="FinancialStatementAccount" xlink:title="presentation: Transactions to FinancialStatementAccount" order="1.0"/>
    <link:loc xlink:type="locator" xlink:href="../tifrs-notes-2015-03-31.xsd#tifrs-notes_RelationshipWithTheCompany" xlink:label="RelationshipWithTheCompany" xlink:title="RelationshipWithTheCompany"/>
    <link:presentationArc xlink:type="arc" xlink:arcrole="http://www.xbrl.org/2003/arcrole/parent-child" xlink:from="SignificantIntercompanyTransactionsBetweenConsolidatedEntities_2" xlink:to="RelationshipWithTheCompany" xlink:title="presentation: SignificantIntercompanyTransactionsBetweenConsolidatedEntities to RelationshipWithTheCompany" order="4.0"/>
    <link:loc xlink:type="locator" xlink:href="../tifrs-notes-2015-03-31.xsd#tifrs-notes_Counterparty" xlink:label="Counterparty" xlink:title="Counterparty"/>
    <link:presentationArc xlink:type="arc" xlink:arcrole="http://www.xbrl.org/2003/arcrole/parent-child" xlink:from="SignificantIntercompanyTransactionsBetweenConsolidatedEntities_2" xlink:to="Counterparty" xlink:title="presentation: SignificantIntercompanyTransactionsBetweenConsolidatedEntities to Counterparty" order="3.0"/>
    <link:loc xlink:type="locator" xlink:href="../tifrs-notes-2015-03-31.xsd#tifrs-notes_CompanyName" xlink:label="CompanyName" xlink:title="CompanyName"/>
    <link:presentationArc xlink:type="arc" xlink:arcrole="http://www.xbrl.org/2003/arcrole/parent-child" xlink:from="SignificantIntercompanyTransactionsBetweenConsolidatedEntities_2" xlink:to="CompanyName" xlink:title="presentation: SignificantIntercompanyTransactionsBetweenConsolidatedEntities to CompanyName" order="2.0"/>
    <link:loc xlink:type="locator" xlink:href="../tifrs-notes-2015-03-31.xsd#tifrs-notes_No" xlink:label="No" xlink:title="No"/>
    <link:presentationArc xlink:type="arc" xlink:arcrole="http://www.xbrl.org/2003/arcrole/parent-child" xlink:from="SignificantIntercompanyTransactionsBetweenConsolidatedEntities_2" xlink:to="No" xlink:title="presentation: SignificantIntercompanyTransactionsBetweenConsolidatedEntities to No" order="1.0"/>
    <link:loc xlink:type="locator" xlink:href="../tifrs-notes-2015-03-31.xsd#tifrs-notes_Note-SignificantIntercompanyTransactionsBetweenConsolidatedEntities" xlink:label="Note-SignificantIntercompanyTransactionsBetweenConsolidatedEntities" xlink:title="Note-SignificantIntercompanyTransactionsBetweenConsolidatedEntities"/>
    <link:presentationArc xlink:type="arc" xlink:arcrole="http://www.xbrl.org/2003/arcrole/parent-child" xlink:from="SignificantIntercompanyTransactionsBetweenConsolidatedEntities" xlink:to="Note-SignificantIntercompanyTransactionsBetweenConsolidatedEntities" xlink:title="presentation: SignificantIntercompanyTransactionsBetweenConsolidatedEntitiesAbstract to Note-SignificantIntercompanyTransactionsBetweenConsolidatedEntities" order="2.0"/>
  </link:presentationLink>
  <link:presentationLink xlink:type="extended" xlink:role="http://www.xbrl.org/tifrs/notes/role/NamesLocationsAndRelatedInformationOfInvesteesOverWhichTheCompanyExercisesSignificantInfluence">
    <link:loc xlink:type="locator" xlink:href="../tifrs-notes-2015-03-31.xsd#tifrs-notes_NamesLocationsAndRelatedInformationOfInvesteesOverWhichTheCompanyExercisesSignificantInfluenceAbstract" xlink:label="NamesLocationsAndRelatedInformationOfInvesteesOverWhichTheCompanyExercisesSignificantInfluenceAbstract" xlink:title="NamesLocationsAndRelatedInformationOfInvesteesOverWhichTheCompanyExercisesSignificantInfluenceAbstract"/>
    <link:loc xlink:type="locator" xlink:href="../tifrs-notes-2015-03-31.xsd#tifrs-notes_NamesLocationsAndRelatedInformationOfInvesteesOverWhichTheCompanyExercisesSignificantInfluence" xlink:label="NamesLocationsAndRelatedInformationOfInvesteesOverWhichTheCompanyExercisesSignificantInfluence" xlink:title="NamesLocationsAndRelatedInformationOfInvesteesOverWhichTheCompanyExercisesSignificantInfluence"/>
    <link:presentationArc xlink:type="arc" xlink:arcrole="http://www.xbrl.org/2003/arcrole/parent-child" xlink:from="NamesLocationsAndRelatedInformationOfInvesteesOverWhichTheCompanyExercisesSignificantInfluenceAbstract" xlink:to="NamesLocationsAndRelatedInformationOfInvesteesOverWhichTheCompanyExercisesSignificantInfluence" xlink:title="presentation: NamesLocationsAndRelatedInformationOfInvesteesOverWhichTheCompanyExercisesSignificantInfluenceAbstract to NamesLocationsAndRelatedInformationOfInvesteesOverWhichTheCompanyExercisesSignificantInfluence" order="1.0"/>
    <link:loc xlink:type="locator" xlink:href="../tifrs-notes-2015-03-31.xsd#tifrs-notes_CompanyNameOfTheInvestor" xlink:label="CompanyNameOfTheInvestor" xlink:title="CompanyNameOfTheInvestor"/>
    <link:presentationArc xlink:type="arc" xlink:arcrole="http://www.xbrl.org/2003/arcrole/parent-child" xlink:from="NamesLocationsAndRelatedInformationOfInvesteesOverWhichTheCompanyExercisesSignificantInfluence" xlink:to="CompanyNameOfTheInvestor" xlink:title="presentation: NamesLocationsAndRelatedInformationOfInvesteesOverWhichTheCompanyExercisesSignificantInfluence to CompanyNameOfTheInvestor" order="1.0"/>
    <link:loc xlink:type="locator" xlink:href="../tifrs-notes-2015-03-31.xsd#tifrs-notes_CompanyNameOfTheInvestee" xlink:label="CompanyNameOfTheInvestee" xlink:title="CompanyNameOfTheInvestee"/>
    <link:presentationArc xlink:type="arc" xlink:arcrole="http://www.xbrl.org/2003/arcrole/parent-child" xlink:from="NamesLocationsAndRelatedInformationOfInvesteesOverWhichTheCompanyExercisesSignificantInfluence" xlink:to="CompanyNameOfTheInvestee" xlink:title="presentation: NamesLocationsAndRelatedInformationOfInvesteesOverWhichTheCompanyExercisesSignificantInfluence to CompanyNameOfTheInvestee" order="2.0"/>
    <link:loc xlink:type="locator" xlink:href="../tifrs-notes-2015-03-31.xsd#tifrs-notes_LocationCode" xlink:label="LocationCode" xlink:title="LocationCode"/>
    <link:presentationArc xlink:type="arc" xlink:arcrole="http://www.xbrl.org/2003/arcrole/parent-child" xlink:from="NamesLocationsAndRelatedInformationOfInvesteesOverWhichTheCompanyExercisesSignificantInfluence" xlink:to="LocationCode" xlink:title="presentation: NamesLocationsAndRelatedInformationOfInvesteesOverWhichTheCompanyExercisesSignificantInfluence to LocationCode" order="3.0"/>
    <link:loc xlink:type="locator" xlink:href="../tifrs-notes-2015-03-31.xsd#tifrs-notes_Location" xlink:label="Location" xlink:title="Location"/>
    <link:presentationArc xlink:type="arc" xlink:arcrole="http://www.xbrl.org/2003/arcrole/parent-child" xlink:from="NamesLocationsAndRelatedInformationOfInvesteesOverWhichTheCompanyExercisesSignificantInfluence" xlink:to="Location" xlink:title="presentation: NamesLocationsAndRelatedInformationOfInvesteesOverWhichTheCompanyExercisesSignificantInfluence to Location" order="4.0"/>
    <link:loc xlink:type="locator" xlink:href="../tifrs-notes-2015-03-31.xsd#tifrs-notes_MainBusinessesAndProducts" xlink:label="MainBusinessesAndProducts" xlink:title="MainBusinessesAndProducts"/>
    <link:presentationArc xlink:type="arc" xlink:arcrole="http://www.xbrl.org/2003/arcrole/parent-child" xlink:from="NamesLocationsAndRelatedInformationOfInvesteesOverWhichTheCompanyExercisesSignificantInfluence" xlink:to="MainBusinessesAndProducts" xlink:title="presentation: NamesLocationsAndRelatedInformationOfInvesteesOverWhichTheCompanyExercisesSignificantInfluence to MainBusinessesAndProducts" order="5.0"/>
    <link:loc xlink:type="locator" xlink:href="../tifrs-notes-2015-03-31.xsd#tifrs-notes_OriginalInvestmentAmount" xlink:label="OriginalInvestmentAmount" xlink:title="OriginalInvestmentAmount"/>
    <link:presentationArc xlink:type="arc" xlink:arcrole="http://www.xbrl.org/2003/arcrole/parent-child" xlink:from="NamesLocationsAndRelatedInformationOfInvesteesOverWhichTheCompanyExercisesSignificantInfluence" xlink:to="OriginalInvestmentAmount" xlink:title="presentation: NamesLocationsAndRelatedInformationOfInvesteesOverWhichTheCompanyExercisesSignificantInfluence to OriginalInvestmentAmount" order="6.0"/>
    <link:loc xlink:type="locator" xlink:href="../tifrs-notes-2015-03-31.xsd#tifrs-notes_EndingBalance3" xlink:label="EndingBalance3" xlink:title="EndingBalance3"/>
    <link:presentationArc xlink:type="arc" xlink:arcrole="http://www.xbrl.org/2003/arcrole/parent-child" xlink:from="OriginalInvestmentAmount" xlink:to="EndingBalance3" xlink:title="presentation: OriginalInvestmentAmount to EndingBalance3" order="1.0"/>
    <link:loc xlink:type="locator" xlink:href="../tifrs-notes-2015-03-31.xsd#tifrs-notes_BeginningBalance" xlink:label="BeginningBalance" xlink:title="BeginningBalance"/>
    <link:presentationArc xlink:type="arc" xlink:arcrole="http://www.xbrl.org/2003/arcrole/parent-child" xlink:from="OriginalInvestmentAmount" xlink:to="BeginningBalance" xlink:title="presentation: OriginalInvestmentAmount to BeginningBalance" order="2.0"/>
    <link:loc xlink:type="locator" xlink:href="../tifrs-notes-2015-03-31.xsd#tifrs-notes_InvestmentsAtTheEndOfThePeriod" xlink:label="InvestmentsAtTheEndOfThePeriod" xlink:title="InvestmentsAtTheEndOfThePeriod"/>
    <link:presentationArc xlink:type="arc" xlink:arcrole="http://www.xbrl.org/2003/arcrole/parent-child" xlink:from="NamesLocationsAndRelatedInformationOfInvesteesOverWhichTheCompanyExercisesSignificantInfluence" xlink:to="InvestmentsAtTheEndOfThePeriod" xlink:title="presentation: NamesLocationsAndRelatedInformationOfInvesteesOverWhichTheCompanyExercisesSignificantInfluence to InvestmentsAtTheEndOfThePeriod" order="7.0"/>
    <link:loc xlink:type="locator" xlink:href="../tifrs-notes-2015-03-31.xsd#tifrs-notes_NumberOfShares1" xlink:label="NumberOfShares1" xlink:title="NumberOfShares1"/>
    <link:presentationArc xlink:type="arc" xlink:arcrole="http://www.xbrl.org/2003/arcrole/parent-child" xlink:from="InvestmentsAtTheEndOfThePeriod" xlink:to="NumberOfShares1" xlink:title="presentation: InvestmentsAtTheEndOfThePeriod to NumberOfShares1" order="1.0"/>
    <link:loc xlink:type="locator" xlink:href="../tifrs-notes-2015-03-31.xsd#tifrs-notes_PercentageOfOwnership1" xlink:label="PercentageOfOwnership1" xlink:title="PercentageOfOwnership1"/>
    <link:presentationArc xlink:type="arc" xlink:arcrole="http://www.xbrl.org/2003/arcrole/parent-child" xlink:from="InvestmentsAtTheEndOfThePeriod" xlink:to="PercentageOfOwnership1" xlink:title="presentation: InvestmentsAtTheEndOfThePeriod to PercentageOfOwnership1" order="2.0"/>
    <link:loc xlink:type="locator" xlink:href="../tifrs-notes-2015-03-31.xsd#tifrs-notes_BookValue1" xlink:label="BookValue1" xlink:title="BookValue1"/>
    <link:presentationArc xlink:type="arc" xlink:arcrole="http://www.xbrl.org/2003/arcrole/parent-child" xlink:from="InvestmentsAtTheEndOfThePeriod" xlink:to="BookValue1" xlink:title="presentation: InvestmentsAtTheEndOfThePeriod to BookValue1" order="3.0"/>
    <link:loc xlink:type="locator" xlink:href="../tifrs-notes-2015-03-31.xsd#tifrs-notes_NetIncomeLossesOfTheInvestee" xlink:label="NetIncomeLossesOfTheInvestee" xlink:title="NetIncomeLossesOfTheInvestee"/>
    <link:presentationArc xlink:type="arc" xlink:arcrole="http://www.xbrl.org/2003/arcrole/parent-child" xlink:from="NamesLocationsAndRelatedInformationOfInvesteesOverWhichTheCompanyExercisesSignificantInfluence" xlink:to="NetIncomeLossesOfTheInvestee" xlink:title="presentation: NamesLocationsAndRelatedInformationOfInvesteesOverWhichTheCompanyExercisesSignificantInfluence to NetIncomeLossesOfTheInvestee" order="8.0"/>
    <link:loc xlink:type="locator" xlink:href="../tifrs-notes-2015-03-31.xsd#tifrs-notes_InvestmentIncomeLossesRecognized1" xlink:label="InvestmentIncomeLossesRecognized1" xlink:title="InvestmentIncomeLossesRecognized1"/>
    <link:presentationArc xlink:type="arc" xlink:arcrole="http://www.xbrl.org/2003/arcrole/parent-child" xlink:from="NamesLocationsAndRelatedInformationOfInvesteesOverWhichTheCompanyExercisesSignificantInfluence" xlink:to="InvestmentIncomeLossesRecognized1" xlink:title="presentation: NamesLocationsAndRelatedInformationOfInvesteesOverWhichTheCompanyExercisesSignificantInfluence to InvestmentIncomeLossesRecognized1" order="9.0"/>
    <link:loc xlink:type="locator" xlink:href="../tifrs-notes-2015-03-31.xsd#tifrs-notes_Note" xlink:label="Note" xlink:title="Note"/>
    <link:presentationArc xlink:type="arc" xlink:arcrole="http://www.xbrl.org/2003/arcrole/parent-child" xlink:from="NamesLocationsAndRelatedInformationOfInvesteesOverWhichTheCompanyExercisesSignificantInfluence" xlink:to="Note" xlink:title="presentation: NamesLocationsAndRelatedInformationOfInvesteesOverWhichTheCompanyExercisesSignificantInfluence to Note" order="10.0"/>
    <link:loc xlink:type="locator" xlink:href="../tifrs-notes-2015-03-31.xsd#tifrs-notes_Note-NamesLocationsAndRelatedInformationOfInvesteesOverWhichTheCompanyExercisesSignificantInfluence" xlink:label="Note-NamesLocationsAndRelatedInformationOfInvesteesOverWhichTheCompanyExercisesSignificantInfluence" xlink:title="Note-NamesLocationsAndRelatedInformationOfInvesteesOverWhichTheCompanyExercisesSignificantInfluence"/>
    <link:presentationArc xlink:type="arc" xlink:arcrole="http://www.xbrl.org/2003/arcrole/parent-child" xlink:from="NamesLocationsAndRelatedInformationOfInvesteesOverWhichTheCompanyExercisesSignificantInfluenceAbstract" xlink:to="Note-NamesLocationsAndRelatedInformationOfInvesteesOverWhichTheCompanyExercisesSignificantInfluence" xlink:title="presentation: NamesLocationsAndRelatedInformationOfInvesteesOverWhichTheCompanyExercisesSignificantInfluenceAbstract to Note-NamesLocationsAndRelatedInformationOfInvesteesOverWhichTheCompanyExercisesSignificantInfluence" order="2.0"/>
  </link:presentationLink>
  <link:presentationLink xlink:type="extended" xlink:role="http://www.xbrl.org/tifrs/notes/role/InvestmentInMainlandChina">
    <link:loc xlink:type="locator" xlink:href="../tifrs-notes-2015-03-31.xsd#tifrs-notes_InvestmentInMainlandChinaAbstract" xlink:label="InvestmentInMainlandChinaAbstract" xlink:title="InvestmentInMainlandChinaAbstract"/>
    <link:loc xlink:type="locator" xlink:href="../tifrs-notes-2015-03-31.xsd#tifrs-notes_InformationOfInvestmentInMainlandChinaAbstract" xlink:label="InformationOfInvestmentInMainlandChinaAbstract" xlink:title="InformationOfInvestmentInMainlandChinaAbstract"/>
    <link:presentationArc xlink:type="arc" xlink:arcrole="http://www.xbrl.org/2003/arcrole/parent-child" xlink:from="InvestmentInMainlandChinaAbstract" xlink:to="InformationOfInvestmentInMainlandChinaAbstract" xlink:title="presentation: InvestmentInMainlandChinaAbstract to InformationOfInvestmentInMainlandChinaAbstract" order="1.0"/>
    <link:loc xlink:type="locator" xlink:href="../tifrs-notes-2015-03-31.xsd#tifrs-notes_InformationOfInvestmentInMainlandChina" xlink:label="InformationOfInvestmentInMainlandChina" xlink:title="InformationOfInvestmentInMainlandChina"/>
    <link:presentationArc xlink:type="arc" xlink:arcrole="http://www.xbrl.org/2003/arcrole/parent-child" xlink:from="InformationOfInvestmentInMainlandChinaAbstract" xlink:to="InformationOfInvestmentInMainlandChina" xlink:title="presentation: InformationOfInvestmentInMainlandChinaAbstract to InformationOfInvestmentInMainlandChina" order="1.0"/>
    <link:loc xlink:type="locator" xlink:href="../tifrs-notes-2015-03-31.xsd#tifrs-notes_CompanyNameOfTheInvesteeInMainlandChina" xlink:label="CompanyNameOfTheInvesteeInMainlandChina" xlink:title="CompanyNameOfTheInvesteeInMainlandChina"/>
    <link:presentationArc xlink:type="arc" xlink:arcrole="http://www.xbrl.org/2003/arcrole/parent-child" xlink:from="InformationOfInvestmentInMainlandChina" xlink:to="CompanyNameOfTheInvesteeInMainlandChina" xlink:title="presentation: InformationOfInvestmentInMainlandChina to CompanyNameOfTheInvesteeInMainlandChina" order="1.0"/>
    <link:loc xlink:type="locator" xlink:href="../tifrs-notes-2015-03-31.xsd#tifrs-notes_MainBusinessesAndProducts" xlink:label="MainBusinessesAndProducts" xlink:title="MainBusinessesAndProducts"/>
    <link:presentationArc xlink:type="arc" xlink:arcrole="http://www.xbrl.org/2003/arcrole/parent-child" xlink:from="InformationOfInvestmentInMainlandChina" xlink:to="MainBusinessesAndProducts" xlink:title="presentation: InformationOfInvestmentInMainlandChina to MainBusinessesAndProducts" order="2.0"/>
    <link:loc xlink:type="locator" xlink:href="../tifrs-notes-2015-03-31.xsd#tifrs-notes_TotalAmountOfPaid-inCapital" xlink:label="TotalAmountOfPaid-inCapital" xlink:title="TotalAmountOfPaid-inCapital"/>
    <link:presentationArc xlink:type="arc" xlink:arcrole="http://www.xbrl.org/2003/arcrole/parent-child" xlink:from="InformationOfInvestmentInMainlandChina" xlink:to="TotalAmountOfPaid-inCapital" xlink:title="presentation: InformationOfInvestmentInMainlandChina to TotalAmountOfPaid-inCapital" order="3.0"/>
    <link:loc xlink:type="locator" xlink:href="../tifrs-notes-2015-03-31.xsd#tifrs-notes_MethodOfInvestment" xlink:label="MethodOfInvestment" xlink:title="MethodOfInvestment"/>
    <link:presentationArc xlink:type="arc" xlink:arcrole="http://www.xbrl.org/2003/arcrole/parent-child" xlink:from="InformationOfInvestmentInMainlandChina" xlink:to="MethodOfInvestment" xlink:title="presentation: InformationOfInvestmentInMainlandChina to MethodOfInvestment" order="4.0"/>
    <link:loc xlink:type="locator" xlink:href="../tifrs-notes-2015-03-31.xsd#tifrs-notes_AccumulatedOutflowOfInvestmentFromTaiwanAtTheBeginningOfThePeriod" xlink:label="AccumulatedOutflowOfInvestmentFromTaiwanAtTheBeginningOfThePeriod" xlink:title="AccumulatedOutflowOfInvestmentFromTaiwanAtTheBeginningOfThePeriod"/>
    <link:presentationArc xlink:type="arc" xlink:arcrole="http://www.xbrl.org/2003/arcrole/parent-child" xlink:from="InformationOfInvestmentInMainlandChina" xlink:to="AccumulatedOutflowOfInvestmentFromTaiwanAtTheBeginningOfThePeriod" xlink:title="presentation: InformationOfInvestmentInMainlandChina to AccumulatedOutflowOfInvestmentFromTaiwanAtTheBeginningOfThePeriod" order="5.0"/>
    <link:loc xlink:type="locator" xlink:href="../tifrs-notes-2015-03-31.xsd#tifrs-notes_InvestmentFlowsForThePeriod" xlink:label="InvestmentFlowsForThePeriod" xlink:title="InvestmentFlowsForThePeriod"/>
    <link:presentationArc xlink:type="arc" xlink:arcrole="http://www.xbrl.org/2003/arcrole/parent-child" xlink:from="InformationOfInvestmentInMainlandChina" xlink:to="InvestmentFlowsForThePeriod" xlink:title="presentation: InformationOfInvestmentInMainlandChina to InvestmentFlowsForThePeriod" order="6.0"/>
    <link:loc xlink:type="locator" xlink:href="../tifrs-notes-2015-03-31.xsd#tifrs-notes_Outflow" xlink:label="Outflow" xlink:title="Outflow"/>
    <link:presentationArc xlink:type="arc" xlink:arcrole="http://www.xbrl.org/2003/arcrole/parent-child" xlink:from="InvestmentFlowsForThePeriod" xlink:to="Outflow" xlink:title="presentation: InvestmentFlowsForThePeriod to Outflow" order="1.0"/>
    <link:loc xlink:type="locator" xlink:href="../tifrs-notes-2015-03-31.xsd#tifrs-notes_Inflow" xlink:label="Inflow" xlink:title="Inflow"/>
    <link:presentationArc xlink:type="arc" xlink:arcrole="http://www.xbrl.org/2003/arcrole/parent-child" xlink:from="InvestmentFlowsForThePeriod" xlink:to="Inflow" xlink:title="presentation: InvestmentFlowsForThePeriod to Inflow" order="2.0"/>
    <link:loc xlink:type="locator" xlink:href="../tifrs-notes-2015-03-31.xsd#tifrs-notes_AccumulatedOutflowOfInvestmentFromTaiwanAtTheEndOfThePeriod" xlink:label="AccumulatedOutflowOfInvestmentFromTaiwanAtTheEndOfThePeriod" xlink:title="AccumulatedOutflowOfInvestmentFromTaiwanAtTheEndOfThePeriod"/>
    <link:presentationArc xlink:type="arc" xlink:arcrole="http://www.xbrl.org/2003/arcrole/parent-child" xlink:from="InformationOfInvestmentInMainlandChina" xlink:to="AccumulatedOutflowOfInvestmentFromTaiwanAtTheEndOfThePeriod" xlink:title="presentation: InformationOfInvestmentInMainlandChina to AccumulatedOutflowOfInvestmentFromTaiwanAtTheEndOfThePeriod" order="7.0"/>
    <link:loc xlink:type="locator" xlink:href="../tifrs-notes-2015-03-31.xsd#tifrs-notes_PercentageOfOwnershipThroughDirectAndIndirectInvestmentByTheCompany" xlink:label="PercentageOfOwnershipThroughDirectAndIndirectInvestmentByTheCompany" xlink:title="PercentageOfOwnershipThroughDirectAndIndirectInvestmentByTheCompany"/>
    <link:presentationArc xlink:type="arc" xlink:arcrole="http://www.xbrl.org/2003/arcrole/parent-child" xlink:from="InformationOfInvestmentInMainlandChina" xlink:to="PercentageOfOwnershipThroughDirectAndIndirectInvestmentByTheCompany" xlink:title="presentation: InformationOfInvestmentInMainlandChina to PercentageOfOwnershipThroughDirectAndIndirectInvestmentByTheCompany" order="9.0"/>
    <link:loc xlink:type="locator" xlink:href="../tifrs-notes-2015-03-31.xsd#tifrs-notes_InvestmentIncomeLossesRecognized2" xlink:label="InvestmentIncomeLossesRecognized2" xlink:title="InvestmentIncomeLossesRecognized2"/>
    <link:presentationArc xlink:type="arc" xlink:arcrole="http://www.xbrl.org/2003/arcrole/parent-child" xlink:from="InformationOfInvestmentInMainlandChina" xlink:to="InvestmentIncomeLossesRecognized2" xlink:title="presentation: InformationOfInvestmentInMainlandChina to InvestmentIncomeLossesRecognized2" order="10.0"/>
    <link:loc xlink:type="locator" xlink:href="../tifrs-notes-2015-03-31.xsd#tifrs-notes_BookValueAtTheEndOfThePeriod" xlink:label="BookValueAtTheEndOfThePeriod" xlink:title="BookValueAtTheEndOfThePeriod"/>
    <link:presentationArc xlink:type="arc" xlink:arcrole="http://www.xbrl.org/2003/arcrole/parent-child" xlink:from="InformationOfInvestmentInMainlandChina" xlink:to="BookValueAtTheEndOfThePeriod" xlink:title="presentation: InformationOfInvestmentInMainlandChina to BookValueAtTheEndOfThePeriod" order="11.0"/>
    <link:loc xlink:type="locator" xlink:href="../tifrs-notes-2015-03-31.xsd#tifrs-notes_AccumulatedInwardRemittanceOfEarningsAsOfTheEndOfThePeriod" xlink:label="AccumulatedInwardRemittanceOfEarningsAsOfTheEndOfThePeriod" xlink:title="AccumulatedInwardRemittanceOfEarningsAsOfTheEndOfThePeriod"/>
    <link:presentationArc xlink:type="arc" xlink:arcrole="http://www.xbrl.org/2003/arcrole/parent-child" xlink:from="InformationOfInvestmentInMainlandChina" xlink:to="AccumulatedInwardRemittanceOfEarningsAsOfTheEndOfThePeriod" xlink:title="presentation: InformationOfInvestmentInMainlandChina to AccumulatedInwardRemittanceOfEarningsAsOfTheEndOfThePeriod" order="12.0"/>
    <link:loc xlink:type="locator" xlink:href="../tifrs-notes-2015-03-31.xsd#tifrs-notes_Note" xlink:label="Note" xlink:title="Note"/>
    <link:presentationArc xlink:type="arc" xlink:arcrole="http://www.xbrl.org/2003/arcrole/parent-child" xlink:from="InformationOfInvestmentInMainlandChina" xlink:to="Note" xlink:title="presentation: InformationOfInvestmentInMainlandChina to Note" order="13.0"/>
    <link:loc xlink:type="locator" xlink:href="../tifrs-notes-2015-03-31.xsd#tifrs-notes_NetIncomeLossesOfTheInvestee" xlink:label="NetIncomeLossesOfTheInvestee" xlink:title="NetIncomeLossesOfTheInvestee"/>
    <link:presentationArc xlink:type="arc" xlink:arcrole="http://www.xbrl.org/2003/arcrole/parent-child" xlink:from="InformationOfInvestmentInMainlandChina" xlink:to="NetIncomeLossesOfTheInvestee" xlink:title="presentation: InformationOfInvestmentInMainlandChina to NetIncomeLossesOfTheInvestee" order="8.0"/>
    <link:loc xlink:type="locator" xlink:href="../tifrs-notes-2015-03-31.xsd#tifrs-notes_Note-InformationOfInvestmentInMainlandChina" xlink:label="Note-InformationOfInvestmentInMainlandChina" xlink:title="Note-InformationOfInvestmentInMainlandChina"/>
    <link:presentationArc xlink:type="arc" xlink:arcrole="http://www.xbrl.org/2003/arcrole/parent-child" xlink:from="InformationOfInvestmentInMainlandChinaAbstract" xlink:to="Note-InformationOfInvestmentInMainlandChina" xlink:title="presentation: InformationOfInvestmentInMainlandChinaAbstract to Note-InformationOfInvestmentInMainlandChina" order="2.0"/>
    <link:loc xlink:type="locator" xlink:href="../tifrs-notes-2015-03-31.xsd#tifrs-notes_LimitOnInvestmentInMainlandChinaAbstract" xlink:label="LimitOnInvestmentInMainlandChinaAbstract" xlink:title="LimitOnInvestmentInMainlandChinaAbstract"/>
    <link:presentationArc xlink:type="arc" xlink:arcrole="http://www.xbrl.org/2003/arcrole/parent-child" xlink:from="InvestmentInMainlandChinaAbstract" xlink:to="LimitOnInvestmentInMainlandChinaAbstract" xlink:title="presentation: InvestmentInMainlandChinaAbstract to LimitOnInvestmentInMainlandChinaAbstract" order="2.0"/>
    <link:loc xlink:type="locator" xlink:href="../tifrs-notes-2015-03-31.xsd#tifrs-notes_LimitOnInvestmentInMainlandChina" xlink:label="LimitOnInvestmentInMainlandChina" xlink:title="LimitOnInvestmentInMainlandChina"/>
    <link:presentationArc xlink:type="arc" xlink:arcrole="http://www.xbrl.org/2003/arcrole/parent-child" xlink:from="LimitOnInvestmentInMainlandChinaAbstract" xlink:to="LimitOnInvestmentInMainlandChina" xlink:title="presentation: LimitOnInvestmentInMainlandChinaAbstract to LimitOnInvestmentInMainlandChina" order="1.0"/>
    <link:loc xlink:type="locator" xlink:href="../tifrs-notes-2015-03-31.xsd#tifrs-notes_NameOfTheCompany" xlink:label="NameOfTheCompany" xlink:title="NameOfTheCompany"/>
    <link:presentationArc xlink:type="arc" xlink:arcrole="http://www.xbrl.org/2003/arcrole/parent-child" xlink:from="LimitOnInvestmentInMainlandChina" xlink:to="NameOfTheCompany" xlink:title="presentation: LimitOnInvestmentInMainlandChina to NameOfTheCompany" order="1.0"/>
    <link:loc xlink:type="locator" xlink:href="../tifrs-notes-2015-03-31.xsd#tifrs-notes_AccumulatedInvestmentInMainlandChinaAtTheEndOfThePeriod" xlink:label="AccumulatedInvestmentInMainlandChinaAtTheEndOfThePeriod" xlink:title="AccumulatedInvestmentInMainlandChinaAtTheEndOfThePeriod"/>
    <link:presentationArc xlink:type="arc" xlink:arcrole="http://www.xbrl.org/2003/arcrole/parent-child" xlink:from="LimitOnInvestmentInMainlandChina" xlink:to="AccumulatedInvestmentInMainlandChinaAtTheEndOfThePeriod" xlink:title="presentation: LimitOnInvestmentInMainlandChina to AccumulatedInvestmentInMainlandChinaAtTheEndOfThePeriod" order="2.0"/>
    <link:loc xlink:type="locator" xlink:href="../tifrs-notes-2015-03-31.xsd#tifrs-notes_InvestmentAmountAuthorizedByTheInvestmentCommissionOfMOEA" xlink:label="InvestmentAmountAuthorizedByTheInvestmentCommissionOfMOEA" xlink:title="InvestmentAmountAuthorizedByTheInvestmentCommissionOfMOEA"/>
    <link:presentationArc xlink:type="arc" xlink:arcrole="http://www.xbrl.org/2003/arcrole/parent-child" xlink:from="LimitOnInvestmentInMainlandChina" xlink:to="InvestmentAmountAuthorizedByTheInvestmentCommissionOfMOEA" xlink:title="presentation: LimitOnInvestmentInMainlandChina to InvestmentAmountAuthorizedByTheInvestmentCommissionOfMOEA" order="3.0"/>
    <link:loc xlink:type="locator" xlink:href="../tifrs-notes-2015-03-31.xsd#tifrs-notes_UpperLimitOnInvestmentInMainlandChinaImposedByTheInvestmentCommissionOfMOEA" xlink:label="UpperLimitOnInvestmentInMainlandChinaImposedByTheInvestmentCommissionOfMOEA" xlink:title="UpperLimitOnInvestmentInMainlandChinaImposedByTheInvestmentCommissionOfMOEA"/>
    <link:presentationArc xlink:type="arc" xlink:arcrole="http://www.xbrl.org/2003/arcrole/parent-child" xlink:from="LimitOnInvestmentInMainlandChina" xlink:to="UpperLimitOnInvestmentInMainlandChinaImposedByTheInvestmentCommissionOfMOEA" xlink:title="presentation: LimitOnInvestmentInMainlandChina to UpperLimitOnInvestmentInMainlandChinaImposedByTheInvestmentCommissionOfMOEA" order="4.0"/>
    <link:loc xlink:type="locator" xlink:href="../tifrs-notes-2015-03-31.xsd#tifrs-notes_Note-LimitOnInvestmentInMainlandChina" xlink:label="Note-LimitOnInvestmentInMainlandChina" xlink:title="Note-LimitOnInvestmentInMainlandChina"/>
    <link:presentationArc xlink:type="arc" xlink:arcrole="http://www.xbrl.org/2003/arcrole/parent-child" xlink:from="LimitOnInvestmentInMainlandChinaAbstract" xlink:to="Note-LimitOnInvestmentInMainlandChina" xlink:title="presentation: LimitOnInvestmentInMainlandChinaAbstract to Note-LimitOnInvestmentInMainlandChina" order="2.0"/>
  </link:presentationLink>
</link:linkbase>
