<?xml version="1.0" encoding="UTF-8"?>
<!--
        Taxonomy: 2010-04-30 (Final)
        ********************** 
        Copyright © 2010 International Accounting Standards Committee (IASC) Foundation*
        All rights reserved.  No part of this publication may be translated, reprinted or reproduced 
        or utilised in any form either in whole or in part without prior permission in writing from the IASC Foundation.
        For more information on the IASC Foundation’s copyright, please refer to http://www.iasb.org/XBRL/Legal/
        **********************
        *To become IFRS Foundation
    -->
<link:linkbase xmlns:xsi="http://www.w3.org/2001/XMLSchema-instance" xsi:schemaLocation="http://www.xbrl.org/2003/linkbase http://www.xbrl.org/2003/xbrl-linkbase-2003-12-31.xsd" xmlns:link="http://www.xbrl.org/2003/linkbase" xmlns:xlink="http://www.w3.org/1999/xlink">
  <link:roleRef roleURI="http://xbrl.iasb.org/role/ifrs/ifrs_5_2010-04-30_role-825900" xlink:type="simple" xlink:href="rol_ifrs_5_2010-04-30.xsd#ifrs_5_2010-04-30_role-825900"/>
  <link:arcroleRef arcroleURI="http://xbrl.org/int/dim/arcrole/domain-member" xlink:type="simple" xlink:href="http://www.xbrl.org/2005/xbrldt-2005.xsd#domain-member"/>
  <link:definitionLink xlink:type="extended" xlink:role="http://xbrl.iasb.org/role/ifrs/ifrs_5_2010-04-30_role-825900" xlink:title="[825900] Notes - Non-current asset held for sale and discontinued operations">
    <link:loc xlink:type="locator" xlink:href="../../ifrs-cor_2010-04-30.xsd#ifrs_CashFlowsFromUsedInOperatingActivitiesAbstract" xlink:label="loc_9"/>
    <link:loc xlink:type="locator" xlink:href="../../ifrs-cor_2010-04-30.xsd#ifrs_CashFlowsFromUsedInOperatingActivities" xlink:label="loc_12"/>
    <link:definitionArc xlink:type="arc" xlink:arcrole="http://xbrl.org/int/dim/arcrole/domain-member" xlink:from="loc_9" xlink:to="loc_12" use="optional" order="30.0"/>
    <link:loc xlink:type="locator" xlink:href="../../ifrs-cor_2010-04-30.xsd#ifrs_CashFlowsFromUsedInOperatingActivitiesContinuingOperations" xlink:label="loc_10"/>
    <link:definitionArc xlink:type="arc" xlink:arcrole="http://xbrl.org/int/dim/arcrole/domain-member" xlink:from="loc_9" xlink:to="loc_10" use="optional" order="10.0"/>
    <link:loc xlink:type="locator" xlink:href="../../ifrs-cor_2010-04-30.xsd#ifrs_CashFlowsFromUsedInOperatingActivitiesDiscontinuedOperations" xlink:label="loc_11"/>
    <link:definitionArc xlink:type="arc" xlink:arcrole="http://xbrl.org/int/dim/arcrole/domain-member" xlink:from="loc_9" xlink:to="loc_11" use="optional" order="20.0"/>
    <link:loc xlink:type="locator" xlink:href="../../ifrs-cor_2010-04-30.xsd#ifrs_CashFlowsFromUsedInInvestingActivitiesAbstract" xlink:label="loc_13"/>
    <link:loc xlink:type="locator" xlink:href="../../ifrs-cor_2010-04-30.xsd#ifrs_CashFlowsFromUsedInInvestingActivities" xlink:label="loc_16"/>
    <link:definitionArc xlink:type="arc" xlink:arcrole="http://xbrl.org/int/dim/arcrole/domain-member" xlink:from="loc_13" xlink:to="loc_16" use="optional" order="30.0"/>
    <link:loc xlink:type="locator" xlink:href="../../ifrs-cor_2010-04-30.xsd#ifrs_CashFlowsFromUsedInInvestingActivitiesContinuingOperations" xlink:label="loc_14"/>
    <link:definitionArc xlink:type="arc" xlink:arcrole="http://xbrl.org/int/dim/arcrole/domain-member" xlink:from="loc_13" xlink:to="loc_14" use="optional" order="10.0"/>
    <link:loc xlink:type="locator" xlink:href="../../ifrs-cor_2010-04-30.xsd#ifrs_CashFlowsFromUsedInInvestingActivitiesDiscontinuedOperations" xlink:label="loc_15"/>
    <link:definitionArc xlink:type="arc" xlink:arcrole="http://xbrl.org/int/dim/arcrole/domain-member" xlink:from="loc_13" xlink:to="loc_15" use="optional" order="20.0"/>
    <link:loc xlink:type="locator" xlink:href="../../ifrs-cor_2010-04-30.xsd#ifrs_CashFlowsFromUsedInFinancingActivitiesAbstract" xlink:label="loc_17"/>
    <link:loc xlink:type="locator" xlink:href="../../ifrs-cor_2010-04-30.xsd#ifrs_CashFlowsFromUsedInFinancingActivities" xlink:label="loc_20"/>
    <link:definitionArc xlink:type="arc" xlink:arcrole="http://xbrl.org/int/dim/arcrole/domain-member" xlink:from="loc_17" xlink:to="loc_20" use="optional" order="30.0"/>
    <link:loc xlink:type="locator" xlink:href="../../ifrs-cor_2010-04-30.xsd#ifrs_CashFlowsFromUsedInFinancingActivitiesContinuingOperations" xlink:label="loc_18"/>
    <link:definitionArc xlink:type="arc" xlink:arcrole="http://xbrl.org/int/dim/arcrole/domain-member" xlink:from="loc_17" xlink:to="loc_18" use="optional" order="10.0"/>
    <link:loc xlink:type="locator" xlink:href="../../ifrs-cor_2010-04-30.xsd#ifrs_CashFlowsFromUsedInFinancingActivitiesDiscontinuedOperations" xlink:label="loc_19"/>
    <link:definitionArc xlink:type="arc" xlink:arcrole="http://xbrl.org/int/dim/arcrole/domain-member" xlink:from="loc_17" xlink:to="loc_19" use="optional" order="20.0"/>
    <link:loc xlink:type="locator" xlink:href="../../ifrs-cor_2010-04-30.xsd#ifrs_DisclosureOfNoncurrentAssetsHeldForSaleAndDiscontinuedOperationsExplanatory" xlink:label="loc"/>
    <link:loc xlink:type="locator" xlink:href="../../ifrs-cor_2010-04-30.xsd#ifrs_RevenueDiscontinuedOperations" xlink:label="loc_2"/>
    <link:definitionArc xlink:type="arc" xlink:arcrole="http://xbrl.org/int/dim/arcrole/domain-member" xlink:from="loc" xlink:to="loc_2" use="optional" order="10.0"/>
    <link:loc xlink:type="locator" xlink:href="../../ifrs-cor_2010-04-30.xsd#ifrs_ExpensesDiscontinuedOperations" xlink:label="loc_3"/>
    <link:definitionArc xlink:type="arc" xlink:arcrole="http://xbrl.org/int/dim/arcrole/domain-member" xlink:from="loc" xlink:to="loc_3" use="optional" order="20.0"/>
    <link:loc xlink:type="locator" xlink:href="../../ifrs-cor_2010-04-30.xsd#ifrs_ProfitLossBeforeTaxDiscontinuedOperations" xlink:label="loc_4"/>
    <link:definitionArc xlink:type="arc" xlink:arcrole="http://xbrl.org/int/dim/arcrole/domain-member" xlink:from="loc" xlink:to="loc_4" use="optional" order="30.0"/>
    <link:loc xlink:type="locator" xlink:href="../../ifrs-cor_2010-04-30.xsd#ifrs_IncomeTaxExpenseRelatedToRevenueExpensesAndPretaxProfitOrLossOfDiscontinuedOperations" xlink:label="loc_5"/>
    <link:definitionArc xlink:type="arc" xlink:arcrole="http://xbrl.org/int/dim/arcrole/domain-member" xlink:from="loc" xlink:to="loc_5" use="optional" order="40.0"/>
    <link:loc xlink:type="locator" xlink:href="../../ifrs-cor_2010-04-30.xsd#ifrs_GainLossRecognisedOnMeasurementToFairValueLessCostsToSellOrOnDisposalOfAssetsOrDisposalGroupsConstitutingDiscontinuedOperation" xlink:label="loc_6"/>
    <link:definitionArc xlink:type="arc" xlink:arcrole="http://xbrl.org/int/dim/arcrole/domain-member" xlink:from="loc" xlink:to="loc_6" use="optional" order="50.0"/>
    <link:loc xlink:type="locator" xlink:href="../../ifrs-cor_2010-04-30.xsd#ifrs_IncomeTaxExpenseRelatedToGainLossRecognisedOnMeasurementToFairValueLessCostsToSellOrOnDisposalOfAssetsOrDisposalGroupsConstitutingDiscontinuedOperation" xlink:label="loc_7"/>
    <link:definitionArc xlink:type="arc" xlink:arcrole="http://xbrl.org/int/dim/arcrole/domain-member" xlink:from="loc" xlink:to="loc_7" use="optional" order="60.0"/>
    <link:loc xlink:type="locator" xlink:href="../../ifrs-cor_2010-04-30.xsd#ifrs_CashFlowsFromContinuingAndDiscontinuedOperationsAbstract" xlink:label="loc_8"/>
    <link:definitionArc xlink:type="arc" xlink:arcrole="http://xbrl.org/int/dim/arcrole/domain-member" xlink:from="loc" xlink:to="loc_8" use="optional" order="70.0"/>
    <link:definitionArc xlink:type="arc" xlink:arcrole="http://xbrl.org/int/dim/arcrole/domain-member" xlink:from="loc_8" xlink:to="loc_9" use="optional" order="10.0"/>
    <link:definitionArc xlink:type="arc" xlink:arcrole="http://xbrl.org/int/dim/arcrole/domain-member" xlink:from="loc_8" xlink:to="loc_13" use="optional" order="20.0"/>
    <link:definitionArc xlink:type="arc" xlink:arcrole="http://xbrl.org/int/dim/arcrole/domain-member" xlink:from="loc_8" xlink:to="loc_17" use="optional" order="30.0"/>
    <link:loc xlink:type="locator" xlink:href="../../ifrs-cor_2010-04-30.xsd#ifrs_ExplanationOfNatureAndAdjustmentsToAmountsPreviouslyPresentedInDiscontinuedOperations" xlink:label="loc_21"/>
    <link:definitionArc xlink:type="arc" xlink:arcrole="http://xbrl.org/int/dim/arcrole/domain-member" xlink:from="loc" xlink:to="loc_21" use="optional" order="80.0"/>
    <link:loc xlink:type="locator" xlink:href="../../ifrs-cor_2010-04-30.xsd#ifrs_DescriptionOfNoncurrentAssetOrDisposalGroupHeldForSaleWhichWereSoldOrReclassified" xlink:label="loc_22"/>
    <link:definitionArc xlink:type="arc" xlink:arcrole="http://xbrl.org/int/dim/arcrole/domain-member" xlink:from="loc" xlink:to="loc_22" use="optional" order="90.0"/>
    <link:loc xlink:type="locator" xlink:href="../../ifrs-cor_2010-04-30.xsd#ifrs_ExplanationOfFactsAndCircumstancesOfSaleOrReclassificationAndExpectedDisposalMannerAndTiming" xlink:label="loc_23"/>
    <link:definitionArc xlink:type="arc" xlink:arcrole="http://xbrl.org/int/dim/arcrole/domain-member" xlink:from="loc" xlink:to="loc_23" use="optional" order="100.0"/>
    <link:loc xlink:type="locator" xlink:href="../../ifrs-cor_2010-04-30.xsd#ifrs_GainsLossesOnSubsequentIncreaseInFairValueLessCostsToSellNotInExcessOfRecognisedCumulativeImpairmentLoss" xlink:label="loc_24"/>
    <link:definitionArc xlink:type="arc" xlink:arcrole="http://xbrl.org/int/dim/arcrole/domain-member" xlink:from="loc" xlink:to="loc_24" use="optional" order="110.0"/>
    <link:loc xlink:type="locator" xlink:href="../../ifrs-cor_2010-04-30.xsd#ifrs_SegmentInWhichNoncurrentAssetOrDisposalGroupHeldForSaleIsPresented" xlink:label="loc_25"/>
    <link:definitionArc xlink:type="arc" xlink:arcrole="http://xbrl.org/int/dim/arcrole/domain-member" xlink:from="loc" xlink:to="loc_25" use="optional" order="120.0"/>
    <link:loc xlink:type="locator" xlink:href="../../ifrs-cor_2010-04-30.xsd#ifrs_ExplanationOfEffectOfChangesInPlanToSellNoncurrentAssetOrDisposalGroupHeldForSaleOnResultsOfOperationsForCurrentPeriod" xlink:label="loc_26"/>
    <link:definitionArc xlink:type="arc" xlink:arcrole="http://xbrl.org/int/dim/arcrole/domain-member" xlink:from="loc" xlink:to="loc_26" use="optional" order="130.0"/>
    <link:loc xlink:type="locator" xlink:href="../../ifrs-cor_2010-04-30.xsd#ifrs_ExplanationOfEffectOfChangesInPlanToSellNoncurrentAssetOrDisposalGroupHeldForSaleOnResultsOfOperationsForPriorPeriod" xlink:label="loc_28"/>
    <link:definitionArc xlink:type="arc" xlink:arcrole="http://xbrl.org/int/dim/arcrole/domain-member" xlink:from="loc" xlink:to="loc_28" use="optional" order="140.0"/>
    <link:loc xlink:type="locator" xlink:href="../../ifrs-cor_2010-04-30.xsd#ifrs_DescriptionOfChangesInPlanToSellNoncurrentAssetOrDisposalGroupHeldForSale" xlink:label="loc_29"/>
    <link:definitionArc xlink:type="arc" xlink:arcrole="http://xbrl.org/int/dim/arcrole/domain-member" xlink:from="loc" xlink:to="loc_29" use="optional" order="150.0"/>
  </link:definitionLink>
</link:linkbase>
