<?xml version="1.0" encoding="UTF-8"?>
<!-- Generated by Fujitsu XWand B0184C -->
<link:linkbase xmlns:xsi="http://www.w3.org/2001/XMLSchema-instance" xsi:schemaLocation="http://www.xbrl.org/2003/linkbase http://www.xbrl.org/2003/xbrl-linkbase-2003-12-31.xsd" xmlns:link="http://www.xbrl.org/2003/linkbase" xmlns:xbrli="http://www.xbrl.org/2003/instance" xmlns:xlink="http://www.w3.org/1999/xlink">
  <link:roleRef roleURI="http://www.xbrl.org/tifrs/fr/role/StatementOfCashFlows" xlink:type="simple" xlink:href="tifrs-scf-2013-03-31.xsd#RT_1"/>
  <link:roleRef roleURI="http://www.xbrl.org/tifrs/fr/role/StatementOfCashFlows-DirectMethod" xlink:type="simple" xlink:href="tifrs-scf-2013-03-31.xsd#RT_2"/>
  <link:calculationLink xlink:type="extended" xlink:role="http://www.xbrl.org/tifrs/fr/role/StatementOfCashFlows">
    <link:loc xlink:type="locator" xlink:href="../ifrs_20100430/ifrs-cor_2010-04-30.xsd#ifrs_IncreaseDecreaseInCashAndCashEquivalents" xlink:label="IncreaseDecreaseInCashAndCashEquivalents" xlink:title="IncreaseDecreaseInCashAndCashEquivalents"/>
    <link:loc xlink:type="locator" xlink:href="../ifrs_20100430/ifrs-cor_2010-04-30.xsd#ifrs_CashFlowsFromUsedInOperatingActivities" xlink:label="CashFlowsFromUsedInOperatingActivities" xlink:title="CashFlowsFromUsedInOperatingActivities"/>
    <link:calculationArc xlink:type="arc" xlink:arcrole="http://www.xbrl.org/2003/arcrole/summation-item" xlink:from="IncreaseDecreaseInCashAndCashEquivalents" xlink:to="CashFlowsFromUsedInOperatingActivities" xlink:title="calculation: IncreaseDecreaseInCashAndCashEquivalents to CashFlowsFromUsedInOperatingActivities" order="1.0" weight="1.0"/>
    <link:loc xlink:type="locator" xlink:href="tifrs-scf-2013-03-31.xsd#tifrs-SCF_CashInflowOutflowGeneratedFromOperations" xlink:label="CashInflowOutflowGeneratedFromOperations" xlink:title="CashInflowOutflowGeneratedFromOperations"/>
    <link:calculationArc xlink:type="arc" xlink:arcrole="http://www.xbrl.org/2003/arcrole/summation-item" xlink:from="CashFlowsFromUsedInOperatingActivities" xlink:to="CashInflowOutflowGeneratedFromOperations" xlink:title="calculation: CashFlowsFromUsedInOperatingActivities to CashInflowOutflowGeneratedFromOperations" order="1.0" weight="1.0"/>
    <link:loc xlink:type="locator" xlink:href="tifrs-scf-2013-03-31.xsd#tifrs-SCF_Adjustments" xlink:label="Adjustments" xlink:title="Adjustments"/>
    <link:calculationArc xlink:type="arc" xlink:arcrole="http://www.xbrl.org/2003/arcrole/summation-item" xlink:from="CashInflowOutflowGeneratedFromOperations" xlink:to="Adjustments" xlink:title="calculation: CashInflowOutflowGeneratedFromOperations to Adjustments" order="2.0" weight="1.0"/>
    <link:loc xlink:type="locator" xlink:href="tifrs-scf-2013-03-31.xsd#tifrs-SCF_AdjustmentsToReconcileProfitLoss" xlink:label="AdjustmentsToReconcileProfitLoss" xlink:title="AdjustmentsToReconcileProfitLoss"/>
    <link:calculationArc xlink:type="arc" xlink:arcrole="http://www.xbrl.org/2003/arcrole/summation-item" xlink:from="Adjustments" xlink:to="AdjustmentsToReconcileProfitLoss" xlink:title="calculation: Adjustments to AdjustmentsToReconcileProfitLoss" order="1.0" weight="1.0"/>
    <link:loc xlink:type="locator" xlink:href="tifrs-scf-2013-03-31.xsd#tifrs-SCF_DepreciationExpense" xlink:label="DepreciationExpense" xlink:title="DepreciationExpense"/>
    <link:calculationArc xlink:type="arc" xlink:arcrole="http://www.xbrl.org/2003/arcrole/summation-item" xlink:from="AdjustmentsToReconcileProfitLoss" xlink:to="DepreciationExpense" xlink:title="calculation: AdjustmentsToReconcileProfitLoss to DepreciationExpense" use="optional" order="1.0" weight="1.0"/>
    <link:loc xlink:type="locator" xlink:href="tifrs-scf-2013-03-31.xsd#tifrs-SCF_AmortizationExpense" xlink:label="AmortizationExpense" xlink:title="AmortizationExpense"/>
    <link:calculationArc xlink:type="arc" xlink:arcrole="http://www.xbrl.org/2003/arcrole/summation-item" xlink:from="AdjustmentsToReconcileProfitLoss" xlink:to="AmortizationExpense" xlink:title="calculation: AdjustmentsToReconcileProfitLoss to AmortizationExpense" use="optional" order="2.0" weight="1.0"/>
    <link:loc xlink:type="locator" xlink:href="tifrs-scf-2013-03-31.xsd#tifrs-SCF_NetLossGainOnFinancialAssetsOrLiabilitiesAtFairValueThroughProfitOrLoss" xlink:label="NetLossGainOnFinancialAssetsOrLiabilitiesAtFairValueThroughProfitOrLoss" xlink:title="NetLossGainOnFinancialAssetsOrLiabilitiesAtFairValueThroughProfitOrLoss"/>
    <link:calculationArc xlink:type="arc" xlink:arcrole="http://www.xbrl.org/2003/arcrole/summation-item" xlink:from="AdjustmentsToReconcileProfitLoss" xlink:to="NetLossGainOnFinancialAssetsOrLiabilitiesAtFairValueThroughProfitOrLoss" xlink:title="calculation: AdjustmentsToReconcileProfitLoss to NetLossGainOnFinancialAssetsOrLiabilitiesAtFairValueThroughProfitOrLoss" use="optional" order="4.0" weight="1.0"/>
    <link:loc xlink:type="locator" xlink:href="tifrs-scf-2013-03-31.xsd#tifrs-SCF_InterestExpense" xlink:label="InterestExpense" xlink:title="InterestExpense"/>
    <link:calculationArc xlink:type="arc" xlink:arcrole="http://www.xbrl.org/2003/arcrole/summation-item" xlink:from="AdjustmentsToReconcileProfitLoss" xlink:to="InterestExpense" xlink:title="calculation: AdjustmentsToReconcileProfitLoss to InterestExpense" use="optional" order="5.0" weight="1.0"/>
    <link:loc xlink:type="locator" xlink:href="tifrs-scf-2013-03-31.xsd#tifrs-SCF_NetLossGainOnReclassificationOfFinancialAssets" xlink:label="NetLossGainOnReclassificationOfFinancialAssets" xlink:title="NetLossGainOnReclassificationOfFinancialAssets"/>
    <link:calculationArc xlink:type="arc" xlink:arcrole="http://www.xbrl.org/2003/arcrole/summation-item" xlink:from="AdjustmentsToReconcileProfitLoss" xlink:to="NetLossGainOnReclassificationOfFinancialAssets" xlink:title="calculation: AdjustmentsToReconcileProfitLoss to NetLossGainOnReclassificationOfFinancialAssets" use="optional" order="6.0" weight="1.0"/>
    <link:loc xlink:type="locator" xlink:href="tifrs-scf-2013-03-31.xsd#tifrs-SCF_DividendIncome" xlink:label="DividendIncome" xlink:title="DividendIncome"/>
    <link:calculationArc xlink:type="arc" xlink:arcrole="http://www.xbrl.org/2003/arcrole/summation-item" xlink:from="AdjustmentsToReconcileProfitLoss" xlink:to="DividendIncome" xlink:title="calculation: AdjustmentsToReconcileProfitLoss to DividendIncome" use="optional" order="8.0" weight="1.0"/>
    <link:loc xlink:type="locator" xlink:href="tifrs-scf-2013-03-31.xsd#tifrs-SCF_ShareBasedPayments" xlink:label="ShareBasedPayments" xlink:title="ShareBasedPayments"/>
    <link:calculationArc xlink:type="arc" xlink:arcrole="http://www.xbrl.org/2003/arcrole/summation-item" xlink:from="AdjustmentsToReconcileProfitLoss" xlink:to="ShareBasedPayments" xlink:title="calculation: AdjustmentsToReconcileProfitLoss to ShareBasedPayments" use="optional" order="9.0" weight="1.0"/>
    <link:loc xlink:type="locator" xlink:href="tifrs-scf-2013-03-31.xsd#tifrs-SCF_EffectOfExchangeRateChangesOfBondsPayable" xlink:label="EffectOfExchangeRateChangesOfBondsPayable" xlink:title="EffectOfExchangeRateChangesOfBondsPayable"/>
    <link:calculationArc xlink:type="arc" xlink:arcrole="http://www.xbrl.org/2003/arcrole/summation-item" xlink:from="AdjustmentsToReconcileProfitLoss" xlink:to="EffectOfExchangeRateChangesOfBondsPayable" xlink:title="calculation: AdjustmentsToReconcileProfitLoss to EffectOfExchangeRateChangesOfBondsPayable" use="optional" order="10.0" weight="1.0"/>
    <link:loc xlink:type="locator" xlink:href="tifrs-scf-2013-03-31.xsd#tifrs-SCF_LossGainOnDisposalOfIntangibleAssets" xlink:label="LossGainOnDisposalOfIntangibleAssets" xlink:title="LossGainOnDisposalOfIntangibleAssets"/>
    <link:calculationArc xlink:type="arc" xlink:arcrole="http://www.xbrl.org/2003/arcrole/summation-item" xlink:from="AdjustmentsToReconcileProfitLoss" xlink:to="LossGainOnDisposalOfIntangibleAssets" xlink:title="calculation: AdjustmentsToReconcileProfitLoss to LossGainOnDisposalOfIntangibleAssets" use="optional" order="14.0" weight="1.0"/>
    <link:loc xlink:type="locator" xlink:href="tifrs-scf-2013-03-31.xsd#tifrs-SCF_LossGainOnDisposalOfInvestmentsAccountedForUsingEquityMethod" xlink:label="LossGainOnDisposalOfInvestmentsAccountedForUsingEquityMethod" xlink:title="LossGainOnDisposalOfInvestmentsAccountedForUsingEquityMethod"/>
    <link:calculationArc xlink:type="arc" xlink:arcrole="http://www.xbrl.org/2003/arcrole/summation-item" xlink:from="AdjustmentsToReconcileProfitLoss" xlink:to="LossGainOnDisposalOfInvestmentsAccountedForUsingEquityMethod" xlink:title="calculation: AdjustmentsToReconcileProfitLoss to LossGainOnDisposalOfInvestmentsAccountedForUsingEquityMethod" use="optional" order="16.0" weight="1.0"/>
    <link:loc xlink:type="locator" xlink:href="tifrs-scf-2013-03-31.xsd#tifrs-SCF_ImpairmentLossOnFinancialAssets" xlink:label="ImpairmentLossOnFinancialAssets" xlink:title="ImpairmentLossOnFinancialAssets"/>
    <link:calculationArc xlink:type="arc" xlink:arcrole="http://www.xbrl.org/2003/arcrole/summation-item" xlink:from="AdjustmentsToReconcileProfitLoss" xlink:to="ImpairmentLossOnFinancialAssets" xlink:title="calculation: AdjustmentsToReconcileProfitLoss to ImpairmentLossOnFinancialAssets" use="optional" order="17.0" weight="1.0"/>
    <link:loc xlink:type="locator" xlink:href="tifrs-scf-2013-03-31.xsd#tifrs-SCF_ReversalOfImpairmentLossOnFinancialAssets" xlink:label="ReversalOfImpairmentLossOnFinancialAssets" xlink:title="ReversalOfImpairmentLossOnFinancialAssets"/>
    <link:calculationArc xlink:type="arc" xlink:arcrole="http://www.xbrl.org/2003/arcrole/summation-item" xlink:from="AdjustmentsToReconcileProfitLoss" xlink:to="ReversalOfImpairmentLossOnFinancialAssets" xlink:title="calculation: AdjustmentsToReconcileProfitLoss to ReversalOfImpairmentLossOnFinancialAssets" use="optional" order="18.0" weight="1.0"/>
    <link:loc xlink:type="locator" xlink:href="tifrs-scf-2013-03-31.xsd#tifrs-SCF_ImpairmentLossOnNonfinancialAssets" xlink:label="ImpairmentLossOnNonfinancialAssets" xlink:title="ImpairmentLossOnNonfinancialAssets"/>
    <link:calculationArc xlink:type="arc" xlink:arcrole="http://www.xbrl.org/2003/arcrole/summation-item" xlink:from="AdjustmentsToReconcileProfitLoss" xlink:to="ImpairmentLossOnNonfinancialAssets" xlink:title="calculation: AdjustmentsToReconcileProfitLoss to ImpairmentLossOnNonfinancialAssets" use="optional" order="19.0" weight="1.0"/>
    <link:loc xlink:type="locator" xlink:href="tifrs-scf-2013-03-31.xsd#tifrs-SCF_ReversalOfImpairmentLossOnNonfinancialAssets" xlink:label="ReversalOfImpairmentLossOnNonfinancialAssets" xlink:title="ReversalOfImpairmentLossOnNonfinancialAssets"/>
    <link:calculationArc xlink:type="arc" xlink:arcrole="http://www.xbrl.org/2003/arcrole/summation-item" xlink:from="AdjustmentsToReconcileProfitLoss" xlink:to="ReversalOfImpairmentLossOnNonfinancialAssets" xlink:title="calculation: AdjustmentsToReconcileProfitLoss to ReversalOfImpairmentLossOnNonfinancialAssets" use="optional" order="20.0" weight="1.0"/>
    <link:loc xlink:type="locator" xlink:href="tifrs-scf-2013-03-31.xsd#tifrs-SCF_UnrealizedForeignExchangeLossGain" xlink:label="UnrealizedForeignExchangeLossGain" xlink:title="UnrealizedForeignExchangeLossGain"/>
    <link:calculationArc xlink:type="arc" xlink:arcrole="http://www.xbrl.org/2003/arcrole/summation-item" xlink:from="AdjustmentsToReconcileProfitLoss" xlink:to="UnrealizedForeignExchangeLossGain" xlink:title="calculation: AdjustmentsToReconcileProfitLoss to UnrealizedForeignExchangeLossGain" use="optional" order="21.0" weight="1.0"/>
    <link:loc xlink:type="locator" xlink:href="tifrs-scf-2013-03-31.xsd#tifrs-SCF_LossGainOnBondRedemption" xlink:label="LossGainOnBondRedemption" xlink:title="LossGainOnBondRedemption"/>
    <link:calculationArc xlink:type="arc" xlink:arcrole="http://www.xbrl.org/2003/arcrole/summation-item" xlink:from="AdjustmentsToReconcileProfitLoss" xlink:to="LossGainOnBondRedemption" xlink:title="calculation: AdjustmentsToReconcileProfitLoss to LossGainOnBondRedemption" use="optional" order="22.0" weight="1.0"/>
    <link:loc xlink:type="locator" xlink:href="tifrs-scf-2013-03-31.xsd#tifrs-SCF_OtherRevenueOverdueDividendsAndCompensationOfBoardAndDirectors" xlink:label="OtherRevenueOverdueDividendsAndCompensationOfBoardAndDirectors" xlink:title="OtherRevenueOverdueDividendsAndCompensationOfBoardAndDirectors"/>
    <link:calculationArc xlink:type="arc" xlink:arcrole="http://www.xbrl.org/2003/arcrole/summation-item" xlink:from="AdjustmentsToReconcileProfitLoss" xlink:to="OtherRevenueOverdueDividendsAndCompensationOfBoardAndDirectors" xlink:title="calculation: AdjustmentsToReconcileProfitLoss to OtherRevenueOverdueDividendsAndCompensationOfBoardAndDirectors" use="optional" order="23.0" weight="1.0"/>
    <link:loc xlink:type="locator" xlink:href="../ifrs_20100430/ifrs-cor_2010-04-30.xsd#ifrs_OtherAdjustmentsToReconcileProfitLoss" xlink:label="OtherAdjustmentsToReconcileProfitLoss" xlink:title="OtherAdjustmentsToReconcileProfitLoss"/>
    <link:calculationArc xlink:type="arc" xlink:arcrole="http://www.xbrl.org/2003/arcrole/summation-item" xlink:from="AdjustmentsToReconcileProfitLoss" xlink:to="OtherAdjustmentsToReconcileProfitLoss" xlink:title="calculation: AdjustmentsToReconcileProfitLoss to OtherAdjustmentsToReconcileProfitLoss" use="optional" order="24.0" weight="1.0"/>
    <link:loc xlink:type="locator" xlink:href="tifrs-scf-2013-03-31.xsd#tifrs-SCF_ChangesInOperatingAssetsAndLiabilities" xlink:label="ChangesInOperatingAssetsAndLiabilities" xlink:title="ChangesInOperatingAssetsAndLiabilities"/>
    <link:calculationArc xlink:type="arc" xlink:arcrole="http://www.xbrl.org/2003/arcrole/summation-item" xlink:from="Adjustments" xlink:to="ChangesInOperatingAssetsAndLiabilities" xlink:title="calculation: Adjustments to ChangesInOperatingAssetsAndLiabilities" order="2.0" weight="1.0"/>
    <link:loc xlink:type="locator" xlink:href="tifrs-scf-2013-03-31.xsd#tifrs-SCF_ChangesInOperatingAssets" xlink:label="ChangesInOperatingAssets" xlink:title="ChangesInOperatingAssets"/>
    <link:calculationArc xlink:type="arc" xlink:arcrole="http://www.xbrl.org/2003/arcrole/summation-item" xlink:from="ChangesInOperatingAssetsAndLiabilities" xlink:to="ChangesInOperatingAssets" xlink:title="calculation: ChangesInOperatingAssetsAndLiabilities to ChangesInOperatingAssets" order="1.0" weight="1.0"/>
    <link:loc xlink:type="locator" xlink:href="tifrs-scf-2013-03-31.xsd#tifrs-SCF_ChangesInOperatingLiabilities" xlink:label="ChangesInOperatingLiabilities" xlink:title="ChangesInOperatingLiabilities"/>
    <link:calculationArc xlink:type="arc" xlink:arcrole="http://www.xbrl.org/2003/arcrole/summation-item" xlink:from="ChangesInOperatingAssetsAndLiabilities" xlink:to="ChangesInOperatingLiabilities" xlink:title="calculation: ChangesInOperatingAssetsAndLiabilities to ChangesInOperatingLiabilities" order="2.0" weight="1.0"/>
    <link:loc xlink:type="locator" xlink:href="tifrs-scf-2013-03-31.xsd#tifrs-SCF_ProfitLossBeforeTax" xlink:label="ProfitLossBeforeTax_2" xlink:title="ProfitLossBeforeTax"/>
    <link:calculationArc xlink:type="arc" xlink:arcrole="http://www.xbrl.org/2003/arcrole/summation-item" xlink:from="CashInflowOutflowGeneratedFromOperations" xlink:to="ProfitLossBeforeTax_2" xlink:title="calculation: CashInflowOutflowGeneratedFromOperations to ProfitLossBeforeTax" order="1.0" weight="1.0"/>
    <link:loc xlink:type="locator" xlink:href="../ifrs_20100430/ifrs-cor_2010-04-30.xsd#ifrs_ProfitLossBeforeTax" xlink:label="ProfitLossBeforeTax" xlink:title="ProfitLossBeforeTax"/>
    <link:calculationArc xlink:type="arc" xlink:arcrole="http://www.xbrl.org/2003/arcrole/summation-item" xlink:from="ProfitLossBeforeTax_2" xlink:to="ProfitLossBeforeTax" xlink:title="calculation: ProfitLossBeforeTax to ProfitLossBeforeTax" order="1.0" weight="1.0"/>
    <link:loc xlink:type="locator" xlink:href="tifrs-scf-2013-03-31.xsd#tifrs-SCF_ProfitLossFromDiscontinuedOperationsBeforeTax" xlink:label="ProfitLossFromDiscontinuedOperationsBeforeTax" xlink:title="ProfitLossFromDiscontinuedOperationsBeforeTax"/>
    <link:calculationArc xlink:type="arc" xlink:arcrole="http://www.xbrl.org/2003/arcrole/summation-item" xlink:from="ProfitLossBeforeTax_2" xlink:to="ProfitLossFromDiscontinuedOperationsBeforeTax" xlink:title="calculation: ProfitLossBeforeTax to ProfitLossFromDiscontinuedOperationsBeforeTax" order="2.0" weight="1.0"/>
    <link:loc xlink:type="locator" xlink:href="../ifrs_20100430/ifrs-cor_2010-04-30.xsd#ifrs_InterestReceivedClassifiedAsOperatingActivities" xlink:label="InterestReceivedClassifiedAsOperatingActivities" xlink:title="InterestReceivedClassifiedAsOperatingActivities"/>
    <link:calculationArc xlink:type="arc" xlink:arcrole="http://www.xbrl.org/2003/arcrole/summation-item" xlink:from="CashFlowsFromUsedInOperatingActivities" xlink:to="InterestReceivedClassifiedAsOperatingActivities" xlink:title="calculation: CashFlowsFromUsedInOperatingActivities to InterestReceivedClassifiedAsOperatingActivities" order="2.0" weight="1.0"/>
    <link:loc xlink:type="locator" xlink:href="../ifrs_20100430/ifrs-cor_2010-04-30.xsd#ifrs_DividendsReceivedClassifiedAsOperatingActivities" xlink:label="DividendsReceivedClassifiedAsOperatingActivities" xlink:title="DividendsReceivedClassifiedAsOperatingActivities"/>
    <link:calculationArc xlink:type="arc" xlink:arcrole="http://www.xbrl.org/2003/arcrole/summation-item" xlink:from="CashFlowsFromUsedInOperatingActivities" xlink:to="DividendsReceivedClassifiedAsOperatingActivities" xlink:title="calculation: CashFlowsFromUsedInOperatingActivities to DividendsReceivedClassifiedAsOperatingActivities" order="3.0" weight="1.0"/>
    <link:loc xlink:type="locator" xlink:href="../ifrs_20100430/ifrs-cor_2010-04-30.xsd#ifrs_InterestPaidClassifiedAsOperatingActivities" xlink:label="InterestPaidClassifiedAsOperatingActivities" xlink:title="InterestPaidClassifiedAsOperatingActivities"/>
    <link:calculationArc xlink:type="arc" xlink:arcrole="http://www.xbrl.org/2003/arcrole/summation-item" xlink:from="CashFlowsFromUsedInOperatingActivities" xlink:to="InterestPaidClassifiedAsOperatingActivities" xlink:title="calculation: CashFlowsFromUsedInOperatingActivities to InterestPaidClassifiedAsOperatingActivities" use="optional" order="4.0" weight="1.0"/>
    <link:loc xlink:type="locator" xlink:href="../ifrs_20100430/ifrs-cor_2010-04-30.xsd#ifrs_DividendsPaidClassifiedAsOperatingActivities" xlink:label="DividendsPaidClassifiedAsOperatingActivities" xlink:title="DividendsPaidClassifiedAsOperatingActivities"/>
    <link:calculationArc xlink:type="arc" xlink:arcrole="http://www.xbrl.org/2003/arcrole/summation-item" xlink:from="CashFlowsFromUsedInOperatingActivities" xlink:to="DividendsPaidClassifiedAsOperatingActivities" xlink:title="calculation: CashFlowsFromUsedInOperatingActivities to DividendsPaidClassifiedAsOperatingActivities" use="optional" order="5.0" weight="1.0"/>
    <link:loc xlink:type="locator" xlink:href="../ifrs_20100430/ifrs-cor_2010-04-30.xsd#ifrs_IncomeTaxesPaidRefundClassifiedAsOperatingActivities" xlink:label="IncomeTaxesPaidRefundClassifiedAsOperatingActivities" xlink:title="IncomeTaxesPaidRefundClassifiedAsOperatingActivities"/>
    <link:calculationArc xlink:type="arc" xlink:arcrole="http://www.xbrl.org/2003/arcrole/summation-item" xlink:from="CashFlowsFromUsedInOperatingActivities" xlink:to="IncomeTaxesPaidRefundClassifiedAsOperatingActivities" xlink:title="calculation: CashFlowsFromUsedInOperatingActivities to IncomeTaxesPaidRefundClassifiedAsOperatingActivities" use="optional" order="6.0" weight="1.0"/>
    <link:loc xlink:type="locator" xlink:href="tifrs-scf-2013-03-31.xsd#tifrs-SCF_NetCashFlowsFromUsedInInvestingActivities" xlink:label="NetCashFlowsFromUsedInInvestingActivities" xlink:title="NetCashFlowsFromUsedInInvestingActivities"/>
    <link:calculationArc xlink:type="arc" xlink:arcrole="http://www.xbrl.org/2003/arcrole/summation-item" xlink:from="IncreaseDecreaseInCashAndCashEquivalents" xlink:to="NetCashFlowsFromUsedInInvestingActivities" xlink:title="calculation: IncreaseDecreaseInCashAndCashEquivalents to NetCashFlowsFromUsedInInvestingActivities" order="2.0" weight="1.0"/>
    <link:loc xlink:type="locator" xlink:href="tifrs-scf-2013-03-31.xsd#tifrs-SCF_AcquisitionOfAvailableForSaleFinancialAssets" xlink:label="AcquisitionOfAvailableForSaleFinancialAssets" xlink:title="AcquisitionOfAvailableForSaleFinancialAssets"/>
    <link:calculationArc xlink:type="arc" xlink:arcrole="http://www.xbrl.org/2003/arcrole/summation-item" xlink:from="NetCashFlowsFromUsedInInvestingActivities" xlink:to="AcquisitionOfAvailableForSaleFinancialAssets" xlink:title="calculation: NetCashFlowsFromUsedInInvestingActivities to AcquisitionOfAvailableForSaleFinancialAssets" use="optional" order="1.0" weight="1.0"/>
    <link:loc xlink:type="locator" xlink:href="tifrs-scf-2013-03-31.xsd#tifrs-SCF_ProceedsFromDisposalOfAvailableForSaleFinancialAssets" xlink:label="ProceedsFromDisposalOfAvailableForSaleFinancialAssets" xlink:title="ProceedsFromDisposalOfAvailableForSaleFinancialAssets"/>
    <link:calculationArc xlink:type="arc" xlink:arcrole="http://www.xbrl.org/2003/arcrole/summation-item" xlink:from="NetCashFlowsFromUsedInInvestingActivities" xlink:to="ProceedsFromDisposalOfAvailableForSaleFinancialAssets" xlink:title="calculation: NetCashFlowsFromUsedInInvestingActivities to ProceedsFromDisposalOfAvailableForSaleFinancialAssets" use="optional" order="2.0" weight="1.0"/>
    <link:loc xlink:type="locator" xlink:href="tifrs-scf-2013-03-31.xsd#tifrs-SCF_ProceedsFromCapitalReductionOfAvailableForSaleFinancialAssets" xlink:label="ProceedsFromCapitalReductionOfAvailableForSaleFinancialAssets" xlink:title="ProceedsFromCapitalReductionOfAvailableForSaleFinancialAssets"/>
    <link:calculationArc xlink:type="arc" xlink:arcrole="http://www.xbrl.org/2003/arcrole/summation-item" xlink:from="NetCashFlowsFromUsedInInvestingActivities" xlink:to="ProceedsFromCapitalReductionOfAvailableForSaleFinancialAssets" xlink:title="calculation: NetCashFlowsFromUsedInInvestingActivities to ProceedsFromCapitalReductionOfAvailableForSaleFinancialAssets" use="optional" order="3.0" weight="1.0"/>
    <link:loc xlink:type="locator" xlink:href="tifrs-scf-2013-03-31.xsd#tifrs-SCF_AcquisitionOfBondInvestmentsWithoutActiveMarket" xlink:label="AcquisitionOfBondInvestmentsWithoutActiveMarket" xlink:title="AcquisitionOfBondInvestmentsWithoutActiveMarket"/>
    <link:calculationArc xlink:type="arc" xlink:arcrole="http://www.xbrl.org/2003/arcrole/summation-item" xlink:from="NetCashFlowsFromUsedInInvestingActivities" xlink:to="AcquisitionOfBondInvestmentsWithoutActiveMarket" xlink:title="calculation: NetCashFlowsFromUsedInInvestingActivities to AcquisitionOfBondInvestmentsWithoutActiveMarket" use="optional" order="4.0" weight="1.0"/>
    <link:loc xlink:type="locator" xlink:href="tifrs-scf-2013-03-31.xsd#tifrs-SCF_ProceedsFromDisposalOfBondInvestmentsWithoutActiveMarket" xlink:label="ProceedsFromDisposalOfBondInvestmentsWithoutActiveMarket" xlink:title="ProceedsFromDisposalOfBondInvestmentsWithoutActiveMarket"/>
    <link:calculationArc xlink:type="arc" xlink:arcrole="http://www.xbrl.org/2003/arcrole/summation-item" xlink:from="NetCashFlowsFromUsedInInvestingActivities" xlink:to="ProceedsFromDisposalOfBondInvestmentsWithoutActiveMarket" xlink:title="calculation: NetCashFlowsFromUsedInInvestingActivities to ProceedsFromDisposalOfBondInvestmentsWithoutActiveMarket" use="optional" order="5.0" weight="1.0"/>
    <link:loc xlink:type="locator" xlink:href="tifrs-scf-2013-03-31.xsd#tifrs-SCF_ProceedsFromRepaymentsOfBondInvestmentWithoutActiveMarket" xlink:label="ProceedsFromRepaymentsOfBondInvestmentWithoutActiveMarket" xlink:title="ProceedsFromRepaymentsOfBondInvestmentWithoutActiveMarket"/>
    <link:calculationArc xlink:type="arc" xlink:arcrole="http://www.xbrl.org/2003/arcrole/summation-item" xlink:from="NetCashFlowsFromUsedInInvestingActivities" xlink:to="ProceedsFromRepaymentsOfBondInvestmentWithoutActiveMarket" xlink:title="calculation: NetCashFlowsFromUsedInInvestingActivities to ProceedsFromRepaymentsOfBondInvestmentWithoutActiveMarket" use="optional" order="6.0" weight="1.0"/>
    <link:loc xlink:type="locator" xlink:href="tifrs-scf-2013-03-31.xsd#tifrs-SCF_AcquisitionOfHeldToMaturityFinancialAssets" xlink:label="AcquisitionOfHeldToMaturityFinancialAssets" xlink:title="AcquisitionOfHeldToMaturityFinancialAssets"/>
    <link:calculationArc xlink:type="arc" xlink:arcrole="http://www.xbrl.org/2003/arcrole/summation-item" xlink:from="NetCashFlowsFromUsedInInvestingActivities" xlink:to="AcquisitionOfHeldToMaturityFinancialAssets" xlink:title="calculation: NetCashFlowsFromUsedInInvestingActivities to AcquisitionOfHeldToMaturityFinancialAssets" use="optional" order="7.0" weight="1.0"/>
    <link:loc xlink:type="locator" xlink:href="tifrs-scf-2013-03-31.xsd#tifrs-SCF_ProceedsFromDisposalOfHeldToMaturityFinancialAssets" xlink:label="ProceedsFromDisposalOfHeldToMaturityFinancialAssets" xlink:title="ProceedsFromDisposalOfHeldToMaturityFinancialAssets"/>
    <link:calculationArc xlink:type="arc" xlink:arcrole="http://www.xbrl.org/2003/arcrole/summation-item" xlink:from="NetCashFlowsFromUsedInInvestingActivities" xlink:to="ProceedsFromDisposalOfHeldToMaturityFinancialAssets" xlink:title="calculation: NetCashFlowsFromUsedInInvestingActivities to ProceedsFromDisposalOfHeldToMaturityFinancialAssets" use="optional" order="8.0" weight="1.0"/>
    <link:loc xlink:type="locator" xlink:href="tifrs-scf-2013-03-31.xsd#tifrs-SCF_ProceedsFromRepaymentsOfHeldToMaturityFinancialAssets" xlink:label="ProceedsFromRepaymentsOfHeldToMaturityFinancialAssets" xlink:title="ProceedsFromRepaymentsOfHeldToMaturityFinancialAssets"/>
    <link:calculationArc xlink:type="arc" xlink:arcrole="http://www.xbrl.org/2003/arcrole/summation-item" xlink:from="NetCashFlowsFromUsedInInvestingActivities" xlink:to="ProceedsFromRepaymentsOfHeldToMaturityFinancialAssets" xlink:title="calculation: NetCashFlowsFromUsedInInvestingActivities to ProceedsFromRepaymentsOfHeldToMaturityFinancialAssets" use="optional" order="9.0" weight="1.0"/>
    <link:loc xlink:type="locator" xlink:href="tifrs-scf-2013-03-31.xsd#tifrs-SCF_AcquisitionOfFinancialAssetsAtCost" xlink:label="AcquisitionOfFinancialAssetsAtCost" xlink:title="AcquisitionOfFinancialAssetsAtCost"/>
    <link:calculationArc xlink:type="arc" xlink:arcrole="http://www.xbrl.org/2003/arcrole/summation-item" xlink:from="NetCashFlowsFromUsedInInvestingActivities" xlink:to="AcquisitionOfFinancialAssetsAtCost" xlink:title="calculation: NetCashFlowsFromUsedInInvestingActivities to AcquisitionOfFinancialAssetsAtCost" use="optional" order="10.0" weight="1.0"/>
    <link:loc xlink:type="locator" xlink:href="tifrs-scf-2013-03-31.xsd#tifrs-SCF_ProceedsFromDisposalOfFinancialAssetsAtCost" xlink:label="ProceedsFromDisposalOfFinancialAssetsAtCost" xlink:title="ProceedsFromDisposalOfFinancialAssetsAtCost"/>
    <link:calculationArc xlink:type="arc" xlink:arcrole="http://www.xbrl.org/2003/arcrole/summation-item" xlink:from="NetCashFlowsFromUsedInInvestingActivities" xlink:to="ProceedsFromDisposalOfFinancialAssetsAtCost" xlink:title="calculation: NetCashFlowsFromUsedInInvestingActivities to ProceedsFromDisposalOfFinancialAssetsAtCost" use="optional" order="11.0" weight="1.0"/>
    <link:loc xlink:type="locator" xlink:href="tifrs-scf-2013-03-31.xsd#tifrs-SCF_ProceedsFromCapitalReductionOfFinancialAssetsAtCost" xlink:label="ProceedsFromCapitalReductionOfFinancialAssetsAtCost" xlink:title="ProceedsFromCapitalReductionOfFinancialAssetsAtCost"/>
    <link:calculationArc xlink:type="arc" xlink:arcrole="http://www.xbrl.org/2003/arcrole/summation-item" xlink:from="NetCashFlowsFromUsedInInvestingActivities" xlink:to="ProceedsFromCapitalReductionOfFinancialAssetsAtCost" xlink:title="calculation: NetCashFlowsFromUsedInInvestingActivities to ProceedsFromCapitalReductionOfFinancialAssetsAtCost" use="optional" order="12.0" weight="1.0"/>
    <link:loc xlink:type="locator" xlink:href="tifrs-scf-2013-03-31.xsd#tifrs-SCF_AcquisitionOfInvestmentsAccountedForUsingEquityMethod" xlink:label="AcquisitionOfInvestmentsAccountedForUsingEquityMethod" xlink:title="AcquisitionOfInvestmentsAccountedForUsingEquityMethod"/>
    <link:calculationArc xlink:type="arc" xlink:arcrole="http://www.xbrl.org/2003/arcrole/summation-item" xlink:from="NetCashFlowsFromUsedInInvestingActivities" xlink:to="AcquisitionOfInvestmentsAccountedForUsingEquityMethod" xlink:title="calculation: NetCashFlowsFromUsedInInvestingActivities to AcquisitionOfInvestmentsAccountedForUsingEquityMethod" use="optional" order="13.0" weight="1.0"/>
    <link:loc xlink:type="locator" xlink:href="tifrs-scf-2013-03-31.xsd#tifrs-SCF_ProceedsFromDisposalOfInvestmentsAccountedForUsingEquityMethod" xlink:label="ProceedsFromDisposalOfInvestmentsAccountedForUsingEquityMethod" xlink:title="ProceedsFromDisposalOfInvestmentsAccountedForUsingEquityMethod"/>
    <link:calculationArc xlink:type="arc" xlink:arcrole="http://www.xbrl.org/2003/arcrole/summation-item" xlink:from="NetCashFlowsFromUsedInInvestingActivities" xlink:to="ProceedsFromDisposalOfInvestmentsAccountedForUsingEquityMethod" xlink:title="calculation: NetCashFlowsFromUsedInInvestingActivities to ProceedsFromDisposalOfInvestmentsAccountedForUsingEquityMethod" use="optional" order="14.0" weight="1.0"/>
    <link:loc xlink:type="locator" xlink:href="tifrs-scf-2013-03-31.xsd#tifrs-SCF_IncreaseInPrepaymentsForInvestments" xlink:label="IncreaseInPrepaymentsForInvestments" xlink:title="IncreaseInPrepaymentsForInvestments"/>
    <link:calculationArc xlink:type="arc" xlink:arcrole="http://www.xbrl.org/2003/arcrole/summation-item" xlink:from="NetCashFlowsFromUsedInInvestingActivities" xlink:to="IncreaseInPrepaymentsForInvestments" xlink:title="calculation: NetCashFlowsFromUsedInInvestingActivities to IncreaseInPrepaymentsForInvestments" use="optional" order="15.0" weight="1.0"/>
    <link:loc xlink:type="locator" xlink:href="tifrs-scf-2013-03-31.xsd#tifrs-SCF_DecreaseInPrepaymentsForInvestments" xlink:label="DecreaseInPrepaymentsForInvestments" xlink:title="DecreaseInPrepaymentsForInvestments"/>
    <link:calculationArc xlink:type="arc" xlink:arcrole="http://www.xbrl.org/2003/arcrole/summation-item" xlink:from="NetCashFlowsFromUsedInInvestingActivities" xlink:to="DecreaseInPrepaymentsForInvestments" xlink:title="calculation: NetCashFlowsFromUsedInInvestingActivities to DecreaseInPrepaymentsForInvestments" use="optional" order="16.0" weight="1.0"/>
    <link:loc xlink:type="locator" xlink:href="tifrs-scf-2013-03-31.xsd#tifrs-SCF_NetCashFlowFromAcquisitionOfSubsidiaries" xlink:label="NetCashFlowFromAcquisitionOfSubsidiaries" xlink:title="NetCashFlowFromAcquisitionOfSubsidiaries"/>
    <link:calculationArc xlink:type="arc" xlink:arcrole="http://www.xbrl.org/2003/arcrole/summation-item" xlink:from="NetCashFlowsFromUsedInInvestingActivities" xlink:to="NetCashFlowFromAcquisitionOfSubsidiaries" xlink:title="calculation: NetCashFlowsFromUsedInInvestingActivities to NetCashFlowFromAcquisitionOfSubsidiaries" use="optional" order="17.0" weight="1.0"/>
    <link:loc xlink:type="locator" xlink:href="tifrs-scf-2013-03-31.xsd#tifrs-SCF_ProceedsFromDisposalOfSubsidiaries" xlink:label="ProceedsFromDisposalOfSubsidiaries" xlink:title="ProceedsFromDisposalOfSubsidiaries"/>
    <link:calculationArc xlink:type="arc" xlink:arcrole="http://www.xbrl.org/2003/arcrole/summation-item" xlink:from="NetCashFlowsFromUsedInInvestingActivities" xlink:to="ProceedsFromDisposalOfSubsidiaries" xlink:title="calculation: NetCashFlowsFromUsedInInvestingActivities to ProceedsFromDisposalOfSubsidiaries" use="optional" order="18.0" weight="1.0"/>
    <link:loc xlink:type="locator" xlink:href="tifrs-scf-2013-03-31.xsd#tifrs-SCF_ProceedsFromCapitalReductionOfInvestmentsAccountedForUsingEquityMethod" xlink:label="ProceedsFromCapitalReductionOfInvestmentsAccountedForUsingEquityMethod" xlink:title="ProceedsFromCapitalReductionOfInvestmentsAccountedForUsingEquityMethod"/>
    <link:calculationArc xlink:type="arc" xlink:arcrole="http://www.xbrl.org/2003/arcrole/summation-item" xlink:from="NetCashFlowsFromUsedInInvestingActivities" xlink:to="ProceedsFromCapitalReductionOfInvestmentsAccountedForUsingEquityMethod" xlink:title="calculation: NetCashFlowsFromUsedInInvestingActivities to ProceedsFromCapitalReductionOfInvestmentsAccountedForUsingEquityMethod" use="optional" order="19.0" weight="1.0"/>
    <link:loc xlink:type="locator" xlink:href="tifrs-scf-2013-03-31.xsd#tifrs-SCF_IncreaseInReceiptsInAdvanceDueToDisposalOfAssets" xlink:label="IncreaseInReceiptsInAdvanceDueToDisposalOfAssets" xlink:title="IncreaseInReceiptsInAdvanceDueToDisposalOfAssets"/>
    <link:calculationArc xlink:type="arc" xlink:arcrole="http://www.xbrl.org/2003/arcrole/summation-item" xlink:from="NetCashFlowsFromUsedInInvestingActivities" xlink:to="IncreaseInReceiptsInAdvanceDueToDisposalOfAssets" xlink:title="calculation: NetCashFlowsFromUsedInInvestingActivities to IncreaseInReceiptsInAdvanceDueToDisposalOfAssets" use="optional" order="20.0" weight="1.0"/>
    <link:loc xlink:type="locator" xlink:href="tifrs-scf-2013-03-31.xsd#tifrs-SCF_DecreaseInReceiptsInAdvanceDueToDisposalOfAssets" xlink:label="DecreaseInReceiptsInAdvanceDueToDisposalOfAssets" xlink:title="DecreaseInReceiptsInAdvanceDueToDisposalOfAssets"/>
    <link:calculationArc xlink:type="arc" xlink:arcrole="http://www.xbrl.org/2003/arcrole/summation-item" xlink:from="NetCashFlowsFromUsedInInvestingActivities" xlink:to="DecreaseInReceiptsInAdvanceDueToDisposalOfAssets" xlink:title="calculation: NetCashFlowsFromUsedInInvestingActivities to DecreaseInReceiptsInAdvanceDueToDisposalOfAssets" use="optional" order="21.0" weight="1.0"/>
    <link:loc xlink:type="locator" xlink:href="tifrs-scf-2013-03-31.xsd#tifrs-SCF_IncreaseInRefundableDeposits" xlink:label="IncreaseInRefundableDeposits" xlink:title="IncreaseInRefundableDeposits"/>
    <link:calculationArc xlink:type="arc" xlink:arcrole="http://www.xbrl.org/2003/arcrole/summation-item" xlink:from="NetCashFlowsFromUsedInInvestingActivities" xlink:to="IncreaseInRefundableDeposits" xlink:title="calculation: NetCashFlowsFromUsedInInvestingActivities to IncreaseInRefundableDeposits" use="optional" order="22.0" weight="1.0"/>
    <link:loc xlink:type="locator" xlink:href="tifrs-scf-2013-03-31.xsd#tifrs-SCF_DecreaseInRefundableDeposits" xlink:label="DecreaseInRefundableDeposits" xlink:title="DecreaseInRefundableDeposits"/>
    <link:calculationArc xlink:type="arc" xlink:arcrole="http://www.xbrl.org/2003/arcrole/summation-item" xlink:from="NetCashFlowsFromUsedInInvestingActivities" xlink:to="DecreaseInRefundableDeposits" xlink:title="calculation: NetCashFlowsFromUsedInInvestingActivities to DecreaseInRefundableDeposits" use="optional" order="23.0" weight="1.0"/>
    <link:loc xlink:type="locator" xlink:href="tifrs-scf-2013-03-31.xsd#tifrs-SCF_IncreaseInOtherReceivables" xlink:label="IncreaseInOtherReceivables" xlink:title="IncreaseInOtherReceivables"/>
    <link:calculationArc xlink:type="arc" xlink:arcrole="http://www.xbrl.org/2003/arcrole/summation-item" xlink:from="NetCashFlowsFromUsedInInvestingActivities" xlink:to="IncreaseInOtherReceivables" xlink:title="calculation: NetCashFlowsFromUsedInInvestingActivities to IncreaseInOtherReceivables" use="optional" order="24.0" weight="1.0"/>
    <link:loc xlink:type="locator" xlink:href="tifrs-scf-2013-03-31.xsd#tifrs-SCF_DecreaseInOtherReceivables" xlink:label="DecreaseInOtherReceivables" xlink:title="DecreaseInOtherReceivables"/>
    <link:calculationArc xlink:type="arc" xlink:arcrole="http://www.xbrl.org/2003/arcrole/summation-item" xlink:from="NetCashFlowsFromUsedInInvestingActivities" xlink:to="DecreaseInOtherReceivables" xlink:title="calculation: NetCashFlowsFromUsedInInvestingActivities to DecreaseInOtherReceivables" use="optional" order="25.0" weight="1.0"/>
    <link:loc xlink:type="locator" xlink:href="tifrs-scf-2013-03-31.xsd#tifrs-SCF_IncreaseInOtherReceivablesDueFromRelatedParties" xlink:label="IncreaseInOtherReceivablesDueFromRelatedParties" xlink:title="IncreaseInOtherReceivablesDueFromRelatedParties"/>
    <link:calculationArc xlink:type="arc" xlink:arcrole="http://www.xbrl.org/2003/arcrole/summation-item" xlink:from="NetCashFlowsFromUsedInInvestingActivities" xlink:to="IncreaseInOtherReceivablesDueFromRelatedParties" xlink:title="calculation: NetCashFlowsFromUsedInInvestingActivities to IncreaseInOtherReceivablesDueFromRelatedParties" use="optional" order="26.0" weight="1.0"/>
    <link:loc xlink:type="locator" xlink:href="tifrs-scf-2013-03-31.xsd#tifrs-SCF_DecreaseInOtherReceivablesDueFromRelatedParties" xlink:label="DecreaseInOtherReceivablesDueFromRelatedParties" xlink:title="DecreaseInOtherReceivablesDueFromRelatedParties"/>
    <link:calculationArc xlink:type="arc" xlink:arcrole="http://www.xbrl.org/2003/arcrole/summation-item" xlink:from="NetCashFlowsFromUsedInInvestingActivities" xlink:to="DecreaseInOtherReceivablesDueFromRelatedParties" xlink:title="calculation: NetCashFlowsFromUsedInInvestingActivities to DecreaseInOtherReceivablesDueFromRelatedParties" use="optional" order="27.0" weight="1.0"/>
    <link:loc xlink:type="locator" xlink:href="tifrs-scf-2013-03-31.xsd#tifrs-SCF_AcquisitionOfIntangibleAssets" xlink:label="AcquisitionOfIntangibleAssets" xlink:title="AcquisitionOfIntangibleAssets"/>
    <link:calculationArc xlink:type="arc" xlink:arcrole="http://www.xbrl.org/2003/arcrole/summation-item" xlink:from="NetCashFlowsFromUsedInInvestingActivities" xlink:to="AcquisitionOfIntangibleAssets" xlink:title="calculation: NetCashFlowsFromUsedInInvestingActivities to AcquisitionOfIntangibleAssets" use="optional" order="28.0" weight="1.0"/>
    <link:loc xlink:type="locator" xlink:href="tifrs-scf-2013-03-31.xsd#tifrs-SCF_ProceedsFromDisposalOfIntangibleAssets" xlink:label="ProceedsFromDisposalOfIntangibleAssets" xlink:title="ProceedsFromDisposalOfIntangibleAssets"/>
    <link:calculationArc xlink:type="arc" xlink:arcrole="http://www.xbrl.org/2003/arcrole/summation-item" xlink:from="NetCashFlowsFromUsedInInvestingActivities" xlink:to="ProceedsFromDisposalOfIntangibleAssets" xlink:title="calculation: NetCashFlowsFromUsedInInvestingActivities to ProceedsFromDisposalOfIntangibleAssets" use="optional" order="29.0" weight="1.0"/>
    <link:loc xlink:type="locator" xlink:href="tifrs-scf-2013-03-31.xsd#tifrs-SCF_NetCashReceiptsFromAcquisitionsOfSubsidiariesAndOtherBusinessUnits" xlink:label="NetCashReceiptsFromAcquisitionsOfSubsidiariesAndOtherBusinessUnits" xlink:title="NetCashReceiptsFromAcquisitionsOfSubsidiariesAndOtherBusinessUnits"/>
    <link:calculationArc xlink:type="arc" xlink:arcrole="http://www.xbrl.org/2003/arcrole/summation-item" xlink:from="NetCashFlowsFromUsedInInvestingActivities" xlink:to="NetCashReceiptsFromAcquisitionsOfSubsidiariesAndOtherBusinessUnits" xlink:title="calculation: NetCashFlowsFromUsedInInvestingActivities to NetCashReceiptsFromAcquisitionsOfSubsidiariesAndOtherBusinessUnits" use="optional" order="30.0" weight="1.0"/>
    <link:loc xlink:type="locator" xlink:href="tifrs-scf-2013-03-31.xsd#tifrs-SCF_NetCashInflowsFromBusinessCombination" xlink:label="NetCashInflowsFromBusinessCombination" xlink:title="NetCashInflowsFromBusinessCombination"/>
    <link:calculationArc xlink:type="arc" xlink:arcrole="http://www.xbrl.org/2003/arcrole/summation-item" xlink:from="NetCashFlowsFromUsedInInvestingActivities" xlink:to="NetCashInflowsFromBusinessCombination" xlink:title="calculation: NetCashFlowsFromUsedInInvestingActivities to NetCashInflowsFromBusinessCombination" use="optional" order="31.0" weight="1.0"/>
    <link:loc xlink:type="locator" xlink:href="tifrs-scf-2013-03-31.xsd#tifrs-SCF_CashPaymentsToAcquireSubsidiariesAndOtherBusinessUnits" xlink:label="CashPaymentsToAcquireSubsidiariesAndOtherBusinessUnits" xlink:title="CashPaymentsToAcquireSubsidiariesAndOtherBusinessUnits"/>
    <link:calculationArc xlink:type="arc" xlink:arcrole="http://www.xbrl.org/2003/arcrole/summation-item" xlink:from="NetCashFlowsFromUsedInInvestingActivities" xlink:to="CashPaymentsToAcquireSubsidiariesAndOtherBusinessUnits" xlink:title="calculation: NetCashFlowsFromUsedInInvestingActivities to CashPaymentsToAcquireSubsidiariesAndOtherBusinessUnits" use="optional" order="32.0" weight="1.0"/>
    <link:loc xlink:type="locator" xlink:href="tifrs-scf-2013-03-31.xsd#tifrs-SCF_AcquisitionOfInvestmentProperties" xlink:label="AcquisitionOfInvestmentProperties" xlink:title="AcquisitionOfInvestmentProperties"/>
    <link:calculationArc xlink:type="arc" xlink:arcrole="http://www.xbrl.org/2003/arcrole/summation-item" xlink:from="NetCashFlowsFromUsedInInvestingActivities" xlink:to="AcquisitionOfInvestmentProperties" xlink:title="calculation: NetCashFlowsFromUsedInInvestingActivities to AcquisitionOfInvestmentProperties" use="optional" order="33.0" weight="1.0"/>
    <link:loc xlink:type="locator" xlink:href="tifrs-scf-2013-03-31.xsd#tifrs-SCF_ProceedsFromDisposalOfInvestmentProperties" xlink:label="ProceedsFromDisposalOfInvestmentProperties" xlink:title="ProceedsFromDisposalOfInvestmentProperties"/>
    <link:calculationArc xlink:type="arc" xlink:arcrole="http://www.xbrl.org/2003/arcrole/summation-item" xlink:from="NetCashFlowsFromUsedInInvestingActivities" xlink:to="ProceedsFromDisposalOfInvestmentProperties" xlink:title="calculation: NetCashFlowsFromUsedInInvestingActivities to ProceedsFromDisposalOfInvestmentProperties" use="optional" order="34.0" weight="1.0"/>
    <link:loc xlink:type="locator" xlink:href="tifrs-scf-2013-03-31.xsd#tifrs-SCF_IncreaseInOtherFinancialAssets" xlink:label="IncreaseInOtherFinancialAssets" xlink:title="IncreaseInOtherFinancialAssets"/>
    <link:calculationArc xlink:type="arc" xlink:arcrole="http://www.xbrl.org/2003/arcrole/summation-item" xlink:from="NetCashFlowsFromUsedInInvestingActivities" xlink:to="IncreaseInOtherFinancialAssets" xlink:title="calculation: NetCashFlowsFromUsedInInvestingActivities to IncreaseInOtherFinancialAssets" use="optional" order="37.0" weight="1.0"/>
    <link:loc xlink:type="locator" xlink:href="tifrs-scf-2013-03-31.xsd#tifrs-SCF_DecreaseInOtherFinancialAssets" xlink:label="DecreaseInOtherFinancialAssets" xlink:title="DecreaseInOtherFinancialAssets"/>
    <link:calculationArc xlink:type="arc" xlink:arcrole="http://www.xbrl.org/2003/arcrole/summation-item" xlink:from="NetCashFlowsFromUsedInInvestingActivities" xlink:to="DecreaseInOtherFinancialAssets" xlink:title="calculation: NetCashFlowsFromUsedInInvestingActivities to DecreaseInOtherFinancialAssets" use="optional" order="38.0" weight="1.0"/>
    <link:loc xlink:type="locator" xlink:href="../ifrs_20100430/ifrs-cor_2010-04-30.xsd#ifrs_InterestReceivedClassifiedAsInvestingActivities" xlink:label="InterestReceivedClassifiedAsInvestingActivities" xlink:title="InterestReceivedClassifiedAsInvestingActivities"/>
    <link:calculationArc xlink:type="arc" xlink:arcrole="http://www.xbrl.org/2003/arcrole/summation-item" xlink:from="NetCashFlowsFromUsedInInvestingActivities" xlink:to="InterestReceivedClassifiedAsInvestingActivities" xlink:title="calculation: NetCashFlowsFromUsedInInvestingActivities to InterestReceivedClassifiedAsInvestingActivities" use="optional" order="39.0" weight="1.0"/>
    <link:loc xlink:type="locator" xlink:href="../ifrs_20100430/ifrs-cor_2010-04-30.xsd#ifrs_DividendsReceivedClassifiedAsInvestingActivities" xlink:label="DividendsReceivedClassifiedAsInvestingActivities" xlink:title="DividendsReceivedClassifiedAsInvestingActivities"/>
    <link:calculationArc xlink:type="arc" xlink:arcrole="http://www.xbrl.org/2003/arcrole/summation-item" xlink:from="NetCashFlowsFromUsedInInvestingActivities" xlink:to="DividendsReceivedClassifiedAsInvestingActivities" xlink:title="calculation: NetCashFlowsFromUsedInInvestingActivities to DividendsReceivedClassifiedAsInvestingActivities" use="optional" order="40.0" weight="1.0"/>
    <link:loc xlink:type="locator" xlink:href="../ifrs_20100430/ifrs-cor_2010-04-30.xsd#ifrs_IncomeTaxesPaidRefundClassifiedAsInvestingActivities" xlink:label="IncomeTaxesPaidRefundClassifiedAsInvestingActivities" xlink:title="IncomeTaxesPaidRefundClassifiedAsInvestingActivities"/>
    <link:calculationArc xlink:type="arc" xlink:arcrole="http://www.xbrl.org/2003/arcrole/summation-item" xlink:from="NetCashFlowsFromUsedInInvestingActivities" xlink:to="IncomeTaxesPaidRefundClassifiedAsInvestingActivities" xlink:title="calculation: NetCashFlowsFromUsedInInvestingActivities to IncomeTaxesPaidRefundClassifiedAsInvestingActivities" use="optional" order="41.0" weight="1.0"/>
    <link:loc xlink:type="locator" xlink:href="tifrs-scf-2013-03-31.xsd#tifrs-SCF_OtherInvestingActivities" xlink:label="OtherInvestingActivities" xlink:title="OtherInvestingActivities"/>
    <link:calculationArc xlink:type="arc" xlink:arcrole="http://www.xbrl.org/2003/arcrole/summation-item" xlink:from="NetCashFlowsFromUsedInInvestingActivities" xlink:to="OtherInvestingActivities" xlink:title="calculation: NetCashFlowsFromUsedInInvestingActivities to OtherInvestingActivities" use="optional" order="42.0" weight="1.0"/>
    <link:loc xlink:type="locator" xlink:href="tifrs-scf-2013-03-31.xsd#tifrs-SCF_CashFlowsFromUsedInFinancingActivities" xlink:label="CashFlowsFromUsedInFinancingActivities" xlink:title="CashFlowsFromUsedInFinancingActivities"/>
    <link:calculationArc xlink:type="arc" xlink:arcrole="http://www.xbrl.org/2003/arcrole/summation-item" xlink:from="IncreaseDecreaseInCashAndCashEquivalents" xlink:to="CashFlowsFromUsedInFinancingActivities" xlink:title="calculation: IncreaseDecreaseInCashAndCashEquivalents to CashFlowsFromUsedInFinancingActivities" order="3.0" weight="1.0"/>
    <link:loc xlink:type="locator" xlink:href="tifrs-scf-2013-03-31.xsd#tifrs-SCF_IncreaseInShortTermLoans" xlink:label="IncreaseInShortTermLoans" xlink:title="IncreaseInShortTermLoans"/>
    <link:calculationArc xlink:type="arc" xlink:arcrole="http://www.xbrl.org/2003/arcrole/summation-item" xlink:from="CashFlowsFromUsedInFinancingActivities" xlink:to="IncreaseInShortTermLoans" xlink:title="calculation: CashFlowsFromUsedInFinancingActivities to IncreaseInShortTermLoans" use="optional" order="1.0" weight="1.0"/>
    <link:loc xlink:type="locator" xlink:href="tifrs-scf-2013-03-31.xsd#tifrs-SCF_DecreaseInShortTermLoans" xlink:label="DecreaseInShortTermLoans" xlink:title="DecreaseInShortTermLoans"/>
    <link:calculationArc xlink:type="arc" xlink:arcrole="http://www.xbrl.org/2003/arcrole/summation-item" xlink:from="CashFlowsFromUsedInFinancingActivities" xlink:to="DecreaseInShortTermLoans" xlink:title="calculation: CashFlowsFromUsedInFinancingActivities to DecreaseInShortTermLoans" use="optional" order="2.0" weight="1.0"/>
    <link:loc xlink:type="locator" xlink:href="tifrs-scf-2013-03-31.xsd#tifrs-SCF_ProceedsFromIssuingBonds" xlink:label="ProceedsFromIssuingBonds" xlink:title="ProceedsFromIssuingBonds"/>
    <link:calculationArc xlink:type="arc" xlink:arcrole="http://www.xbrl.org/2003/arcrole/summation-item" xlink:from="CashFlowsFromUsedInFinancingActivities" xlink:to="ProceedsFromIssuingBonds" xlink:title="calculation: CashFlowsFromUsedInFinancingActivities to ProceedsFromIssuingBonds" use="optional" order="3.0" weight="1.0"/>
    <link:loc xlink:type="locator" xlink:href="tifrs-scf-2013-03-31.xsd#tifrs-SCF_RepaymentsOfBonds" xlink:label="RepaymentsOfBonds" xlink:title="RepaymentsOfBonds"/>
    <link:calculationArc xlink:type="arc" xlink:arcrole="http://www.xbrl.org/2003/arcrole/summation-item" xlink:from="CashFlowsFromUsedInFinancingActivities" xlink:to="RepaymentsOfBonds" xlink:title="calculation: CashFlowsFromUsedInFinancingActivities to RepaymentsOfBonds" use="optional" order="4.0" weight="1.0"/>
    <link:loc xlink:type="locator" xlink:href="tifrs-scf-2013-03-31.xsd#tifrs-SCF_IncreaseInFinancialLiabilitiesAtCost" xlink:label="IncreaseInFinancialLiabilitiesAtCost" xlink:title="IncreaseInFinancialLiabilitiesAtCost"/>
    <link:calculationArc xlink:type="arc" xlink:arcrole="http://www.xbrl.org/2003/arcrole/summation-item" xlink:from="CashFlowsFromUsedInFinancingActivities" xlink:to="IncreaseInFinancialLiabilitiesAtCost" xlink:title="calculation: CashFlowsFromUsedInFinancingActivities to IncreaseInFinancialLiabilitiesAtCost" use="optional" order="5.0" weight="1.0"/>
    <link:loc xlink:type="locator" xlink:href="tifrs-scf-2013-03-31.xsd#tifrs-SCF_DecreaseInFinancialLiabilitiesAtCost" xlink:label="DecreaseInFinancialLiabilitiesAtCost" xlink:title="DecreaseInFinancialLiabilitiesAtCost"/>
    <link:calculationArc xlink:type="arc" xlink:arcrole="http://www.xbrl.org/2003/arcrole/summation-item" xlink:from="CashFlowsFromUsedInFinancingActivities" xlink:to="DecreaseInFinancialLiabilitiesAtCost" xlink:title="calculation: CashFlowsFromUsedInFinancingActivities to DecreaseInFinancialLiabilitiesAtCost" use="optional" order="6.0" weight="1.0"/>
    <link:loc xlink:type="locator" xlink:href="tifrs-scf-2013-03-31.xsd#tifrs-SCF_ProceedsFromIssuingPreferenceShareLiabilities" xlink:label="ProceedsFromIssuingPreferenceShareLiabilities" xlink:title="ProceedsFromIssuingPreferenceShareLiabilities"/>
    <link:calculationArc xlink:type="arc" xlink:arcrole="http://www.xbrl.org/2003/arcrole/summation-item" xlink:from="CashFlowsFromUsedInFinancingActivities" xlink:to="ProceedsFromIssuingPreferenceShareLiabilities" xlink:title="calculation: CashFlowsFromUsedInFinancingActivities to ProceedsFromIssuingPreferenceShareLiabilities" use="optional" order="7.0" weight="1.0"/>
    <link:loc xlink:type="locator" xlink:href="tifrs-scf-2013-03-31.xsd#tifrs-SCF_RepaymentsOfPreferenceShareLiabilities" xlink:label="RepaymentsOfPreferenceShareLiabilities" xlink:title="RepaymentsOfPreferenceShareLiabilities"/>
    <link:calculationArc xlink:type="arc" xlink:arcrole="http://www.xbrl.org/2003/arcrole/summation-item" xlink:from="CashFlowsFromUsedInFinancingActivities" xlink:to="RepaymentsOfPreferenceShareLiabilities" xlink:title="calculation: CashFlowsFromUsedInFinancingActivities to RepaymentsOfPreferenceShareLiabilities" use="optional" order="8.0" weight="1.0"/>
    <link:loc xlink:type="locator" xlink:href="tifrs-scf-2013-03-31.xsd#tifrs-SCF_IncreaseInGuaranteeDepositsReceived" xlink:label="IncreaseInGuaranteeDepositsReceived" xlink:title="IncreaseInGuaranteeDepositsReceived"/>
    <link:calculationArc xlink:type="arc" xlink:arcrole="http://www.xbrl.org/2003/arcrole/summation-item" xlink:from="CashFlowsFromUsedInFinancingActivities" xlink:to="IncreaseInGuaranteeDepositsReceived" xlink:title="calculation: CashFlowsFromUsedInFinancingActivities to IncreaseInGuaranteeDepositsReceived" use="optional" order="9.0" weight="1.0"/>
    <link:loc xlink:type="locator" xlink:href="tifrs-scf-2013-03-31.xsd#tifrs-SCF_DecreaseInGuaranteeDepositsReceived" xlink:label="DecreaseInGuaranteeDepositsReceived" xlink:title="DecreaseInGuaranteeDepositsReceived"/>
    <link:calculationArc xlink:type="arc" xlink:arcrole="http://www.xbrl.org/2003/arcrole/summation-item" xlink:from="CashFlowsFromUsedInFinancingActivities" xlink:to="DecreaseInGuaranteeDepositsReceived" xlink:title="calculation: CashFlowsFromUsedInFinancingActivities to DecreaseInGuaranteeDepositsReceived" use="optional" order="10.0" weight="1.0"/>
    <link:loc xlink:type="locator" xlink:href="tifrs-scf-2013-03-31.xsd#tifrs-SCF_ProceedsFromFinancialAssetsSecuritization" xlink:label="ProceedsFromFinancialAssetsSecuritization" xlink:title="ProceedsFromFinancialAssetsSecuritization"/>
    <link:calculationArc xlink:type="arc" xlink:arcrole="http://www.xbrl.org/2003/arcrole/summation-item" xlink:from="CashFlowsFromUsedInFinancingActivities" xlink:to="ProceedsFromFinancialAssetsSecuritization" xlink:title="calculation: CashFlowsFromUsedInFinancingActivities to ProceedsFromFinancialAssetsSecuritization" use="optional" order="11.0" weight="1.0"/>
    <link:loc xlink:type="locator" xlink:href="tifrs-scf-2013-03-31.xsd#tifrs-SCF_IncreaseInOtherPayablesToRelatedParties" xlink:label="IncreaseInOtherPayablesToRelatedParties" xlink:title="IncreaseInOtherPayablesToRelatedParties"/>
    <link:calculationArc xlink:type="arc" xlink:arcrole="http://www.xbrl.org/2003/arcrole/summation-item" xlink:from="CashFlowsFromUsedInFinancingActivities" xlink:to="IncreaseInOtherPayablesToRelatedParties" xlink:title="calculation: CashFlowsFromUsedInFinancingActivities to IncreaseInOtherPayablesToRelatedParties" use="optional" order="12.0" weight="1.0"/>
    <link:loc xlink:type="locator" xlink:href="tifrs-scf-2013-03-31.xsd#tifrs-SCF_DecreaseInOtherPayablesToRelatedParties" xlink:label="DecreaseInOtherPayablesToRelatedParties" xlink:title="DecreaseInOtherPayablesToRelatedParties"/>
    <link:calculationArc xlink:type="arc" xlink:arcrole="http://www.xbrl.org/2003/arcrole/summation-item" xlink:from="CashFlowsFromUsedInFinancingActivities" xlink:to="DecreaseInOtherPayablesToRelatedParties" xlink:title="calculation: CashFlowsFromUsedInFinancingActivities to DecreaseInOtherPayablesToRelatedParties" use="optional" order="13.0" weight="1.0"/>
    <link:loc xlink:type="locator" xlink:href="tifrs-scf-2013-03-31.xsd#tifrs-SCF_IncreaseInOtherFinancialLiabilities" xlink:label="IncreaseInOtherFinancialLiabilities" xlink:title="IncreaseInOtherFinancialLiabilities"/>
    <link:calculationArc xlink:type="arc" xlink:arcrole="http://www.xbrl.org/2003/arcrole/summation-item" xlink:from="CashFlowsFromUsedInFinancingActivities" xlink:to="IncreaseInOtherFinancialLiabilities" xlink:title="calculation: CashFlowsFromUsedInFinancingActivities to IncreaseInOtherFinancialLiabilities" use="optional" order="14.0" weight="1.0"/>
    <link:loc xlink:type="locator" xlink:href="tifrs-scf-2013-03-31.xsd#tifrs-SCF_DecreaseInOtherFinancialLiabilities" xlink:label="DecreaseInOtherFinancialLiabilities" xlink:title="DecreaseInOtherFinancialLiabilities"/>
    <link:calculationArc xlink:type="arc" xlink:arcrole="http://www.xbrl.org/2003/arcrole/summation-item" xlink:from="CashFlowsFromUsedInFinancingActivities" xlink:to="DecreaseInOtherFinancialLiabilities" xlink:title="calculation: CashFlowsFromUsedInFinancingActivities to DecreaseInOtherFinancialLiabilities" use="optional" order="15.0" weight="1.0"/>
    <link:loc xlink:type="locator" xlink:href="tifrs-scf-2013-03-31.xsd#tifrs-SCF_CashDividendsPaid" xlink:label="CashDividendsPaid" xlink:title="CashDividendsPaid"/>
    <link:calculationArc xlink:type="arc" xlink:arcrole="http://www.xbrl.org/2003/arcrole/summation-item" xlink:from="CashFlowsFromUsedInFinancingActivities" xlink:to="CashDividendsPaid" xlink:title="calculation: CashFlowsFromUsedInFinancingActivities to CashDividendsPaid" use="optional" order="16.0" weight="1.0"/>
    <link:loc xlink:type="locator" xlink:href="../ifrs_20100430/ifrs-cor_2010-04-30.xsd#ifrs_ProceedsFromIssuingShares" xlink:label="ProceedsFromIssuingShares" xlink:title="ProceedsFromIssuingShares"/>
    <link:calculationArc xlink:type="arc" xlink:arcrole="http://www.xbrl.org/2003/arcrole/summation-item" xlink:from="CashFlowsFromUsedInFinancingActivities" xlink:to="ProceedsFromIssuingShares" xlink:title="calculation: CashFlowsFromUsedInFinancingActivities to ProceedsFromIssuingShares" use="optional" order="17.0" weight="1.0"/>
    <link:loc xlink:type="locator" xlink:href="tifrs-scf-2013-03-31.xsd#tifrs-SCF_CapitalReductionPaymentsToShareholders" xlink:label="CapitalReductionPaymentsToShareholders" xlink:title="CapitalReductionPaymentsToShareholders"/>
    <link:calculationArc xlink:type="arc" xlink:arcrole="http://www.xbrl.org/2003/arcrole/summation-item" xlink:from="CashFlowsFromUsedInFinancingActivities" xlink:to="CapitalReductionPaymentsToShareholders" xlink:title="calculation: CashFlowsFromUsedInFinancingActivities to CapitalReductionPaymentsToShareholders" use="optional" order="18.0" weight="1.0"/>
    <link:loc xlink:type="locator" xlink:href="tifrs-scf-2013-03-31.xsd#tifrs-SCF_ExerciseOfEmployeeShareOptions" xlink:label="ExerciseOfEmployeeShareOptions" xlink:title="ExerciseOfEmployeeShareOptions"/>
    <link:calculationArc xlink:type="arc" xlink:arcrole="http://www.xbrl.org/2003/arcrole/summation-item" xlink:from="CashFlowsFromUsedInFinancingActivities" xlink:to="ExerciseOfEmployeeShareOptions" xlink:title="calculation: CashFlowsFromUsedInFinancingActivities to ExerciseOfEmployeeShareOptions" use="optional" order="19.0" weight="1.0"/>
    <link:loc xlink:type="locator" xlink:href="tifrs-scf-2013-03-31.xsd#tifrs-SCF_PaymentsToAcquireTreasuryShares" xlink:label="PaymentsToAcquireTreasuryShares" xlink:title="PaymentsToAcquireTreasuryShares"/>
    <link:calculationArc xlink:type="arc" xlink:arcrole="http://www.xbrl.org/2003/arcrole/summation-item" xlink:from="CashFlowsFromUsedInFinancingActivities" xlink:to="PaymentsToAcquireTreasuryShares" xlink:title="calculation: CashFlowsFromUsedInFinancingActivities to PaymentsToAcquireTreasuryShares" use="optional" order="20.0" weight="1.0"/>
    <link:loc xlink:type="locator" xlink:href="tifrs-scf-2013-03-31.xsd#tifrs-SCF_ProceedsFromSaleOfTreasuryShares" xlink:label="ProceedsFromSaleOfTreasuryShares" xlink:title="ProceedsFromSaleOfTreasuryShares"/>
    <link:calculationArc xlink:type="arc" xlink:arcrole="http://www.xbrl.org/2003/arcrole/summation-item" xlink:from="CashFlowsFromUsedInFinancingActivities" xlink:to="ProceedsFromSaleOfTreasuryShares" xlink:title="calculation: CashFlowsFromUsedInFinancingActivities to ProceedsFromSaleOfTreasuryShares" use="optional" order="21.0" weight="1.0"/>
    <link:loc xlink:type="locator" xlink:href="tifrs-scf-2013-03-31.xsd#tifrs-SCF_TreasurySharesSoldToEmployees" xlink:label="TreasurySharesSoldToEmployees" xlink:title="TreasurySharesSoldToEmployees"/>
    <link:calculationArc xlink:type="arc" xlink:arcrole="http://www.xbrl.org/2003/arcrole/summation-item" xlink:from="CashFlowsFromUsedInFinancingActivities" xlink:to="TreasurySharesSoldToEmployees" xlink:title="calculation: CashFlowsFromUsedInFinancingActivities to TreasurySharesSoldToEmployees" use="optional" order="22.0" weight="1.0"/>
    <link:loc xlink:type="locator" xlink:href="tifrs-scf-2013-03-31.xsd#tifrs-SCF_IssuanceOfPreferenceSharesBySubsidiaries" xlink:label="IssuanceOfPreferenceSharesBySubsidiaries" xlink:title="IssuanceOfPreferenceSharesBySubsidiaries"/>
    <link:calculationArc xlink:type="arc" xlink:arcrole="http://www.xbrl.org/2003/arcrole/summation-item" xlink:from="CashFlowsFromUsedInFinancingActivities" xlink:to="IssuanceOfPreferenceSharesBySubsidiaries" xlink:title="calculation: CashFlowsFromUsedInFinancingActivities to IssuanceOfPreferenceSharesBySubsidiaries" use="optional" order="23.0" weight="1.0"/>
    <link:loc xlink:type="locator" xlink:href="tifrs-scf-2013-03-31.xsd#tifrs-SCF_RetroactiveAdjustmentDueToIssuanceOfNewSharesForAMerger" xlink:label="RetroactiveAdjustmentDueToIssuanceOfNewSharesForAMerger" xlink:title="RetroactiveAdjustmentDueToIssuanceOfNewSharesForAMerger"/>
    <link:calculationArc xlink:type="arc" xlink:arcrole="http://www.xbrl.org/2003/arcrole/summation-item" xlink:from="CashFlowsFromUsedInFinancingActivities" xlink:to="RetroactiveAdjustmentDueToIssuanceOfNewSharesForAMerger" xlink:title="calculation: CashFlowsFromUsedInFinancingActivities to RetroactiveAdjustmentDueToIssuanceOfNewSharesForAMerger" use="optional" order="24.0" weight="1.0"/>
    <link:loc xlink:type="locator" xlink:href="tifrs-scf-2013-03-31.xsd#tifrs-SCF_AcquisitionOfOwnershipInterestsInSubsidiaries" xlink:label="AcquisitionOfOwnershipInterestsInSubsidiaries" xlink:title="AcquisitionOfOwnershipInterestsInSubsidiaries"/>
    <link:calculationArc xlink:type="arc" xlink:arcrole="http://www.xbrl.org/2003/arcrole/summation-item" xlink:from="CashFlowsFromUsedInFinancingActivities" xlink:to="AcquisitionOfOwnershipInterestsInSubsidiaries" xlink:title="calculation: CashFlowsFromUsedInFinancingActivities to AcquisitionOfOwnershipInterestsInSubsidiaries" use="optional" order="25.0" weight="1.0"/>
    <link:loc xlink:type="locator" xlink:href="tifrs-scf-2013-03-31.xsd#tifrs-SCF_DisposalOfOwnershipInterestsInSubsidiariesWithoutLosingControl" xlink:label="DisposalOfOwnershipInterestsInSubsidiariesWithoutLosingControl" xlink:title="DisposalOfOwnershipInterestsInSubsidiariesWithoutLosingControl"/>
    <link:calculationArc xlink:type="arc" xlink:arcrole="http://www.xbrl.org/2003/arcrole/summation-item" xlink:from="CashFlowsFromUsedInFinancingActivities" xlink:to="DisposalOfOwnershipInterestsInSubsidiariesWithoutLosingControl" xlink:title="calculation: CashFlowsFromUsedInFinancingActivities to DisposalOfOwnershipInterestsInSubsidiariesWithoutLosingControl" use="optional" order="26.0" weight="1.0"/>
    <link:loc xlink:type="locator" xlink:href="../ifrs_20100430/ifrs-cor_2010-04-30.xsd#ifrs_IncomeTaxesPaidRefundClassifiedAsFinancingActivities" xlink:label="IncomeTaxesPaidRefundClassifiedAsFinancingActivities" xlink:title="IncomeTaxesPaidRefundClassifiedAsFinancingActivities"/>
    <link:calculationArc xlink:type="arc" xlink:arcrole="http://www.xbrl.org/2003/arcrole/summation-item" xlink:from="CashFlowsFromUsedInFinancingActivities" xlink:to="IncomeTaxesPaidRefundClassifiedAsFinancingActivities" xlink:title="calculation: CashFlowsFromUsedInFinancingActivities to IncomeTaxesPaidRefundClassifiedAsFinancingActivities" use="optional" order="28.0" weight="1.0"/>
    <link:loc xlink:type="locator" xlink:href="tifrs-scf-2013-03-31.xsd#tifrs-SCF_OtherFinancingActivities" xlink:label="OtherFinancingActivities" xlink:title="OtherFinancingActivities"/>
    <link:calculationArc xlink:type="arc" xlink:arcrole="http://www.xbrl.org/2003/arcrole/summation-item" xlink:from="CashFlowsFromUsedInFinancingActivities" xlink:to="OtherFinancingActivities" xlink:title="calculation: CashFlowsFromUsedInFinancingActivities to OtherFinancingActivities" use="optional" order="29.0" weight="1.0"/>
    <link:loc xlink:type="locator" xlink:href="../ifrs_20100430/ifrs-cor_2010-04-30.xsd#ifrs_EffectOfExchangeRateChangesOnCashAndCashEquivalents" xlink:label="EffectOfExchangeRateChangesOnCashAndCashEquivalents" xlink:title="EffectOfExchangeRateChangesOnCashAndCashEquivalents"/>
    <link:calculationArc xlink:type="arc" xlink:arcrole="http://www.xbrl.org/2003/arcrole/summation-item" xlink:from="IncreaseDecreaseInCashAndCashEquivalents" xlink:to="EffectOfExchangeRateChangesOnCashAndCashEquivalents" xlink:title="calculation: IncreaseDecreaseInCashAndCashEquivalents to EffectOfExchangeRateChangesOnCashAndCashEquivalents" order="4.0" weight="1.0"/>
    <link:loc xlink:type="locator" xlink:href="tifrs-scf-2013-03-31.xsd#tifrs-SCF_CashAndCashEquivalentsAtEndOfPeriod" xlink:label="CashAndCashEquivalentsAtEndOfPeriod" xlink:title="CashAndCashEquivalentsAtEndOfPeriod"/>
    <link:loc xlink:type="locator" xlink:href="../ifrs_20100430/ifrs-cor_2010-04-30.xsd#ifrs_CashAndCashEquivalents" xlink:label="CashAndCashEquivalents" xlink:title="CashAndCashEquivalents"/>
    <link:calculationArc xlink:type="arc" xlink:arcrole="http://www.xbrl.org/2003/arcrole/summation-item" xlink:from="CashAndCashEquivalentsAtEndOfPeriod" xlink:to="CashAndCashEquivalents" xlink:title="calculation: CashAndCashEquivalentsAtEndOfPeriod to CashAndCashEquivalents" order="1.0" weight="1.0"/>
    <link:loc xlink:type="locator" xlink:href="tifrs-scf-2013-03-31.xsd#tifrs-SCF_OtherItemsQualifyingForCashAndCashEquivalentsUnderTheDefinitionOfIas7" xlink:label="OtherItemsQualifyingForCashAndCashEquivalentsUnderTheDefinitionOfIas7" xlink:title="OtherItemsQualifyingForCashAndCashEquivalentsUnderTheDefinitionOfIas7"/>
    <link:calculationArc xlink:type="arc" xlink:arcrole="http://www.xbrl.org/2003/arcrole/summation-item" xlink:from="CashAndCashEquivalentsAtEndOfPeriod" xlink:to="OtherItemsQualifyingForCashAndCashEquivalentsUnderTheDefinitionOfIas7" xlink:title="calculation: CashAndCashEquivalentsAtEndOfPeriod to OtherItemsQualifyingForCashAndCashEquivalentsUnderTheDefinitionOfIas7" order="2.0" weight="1.0"/>
  </link:calculationLink>
  <link:calculationLink xlink:type="extended" xlink:role="http://www.xbrl.org/tifrs/fr/role/StatementOfCashFlows-DirectMethod">
    <link:loc xlink:type="locator" xlink:href="../ifrs_20100430/ifrs-cor_2010-04-30.xsd#ifrs_CashFlowsFromUsedInOperatingActivities" xlink:label="CashFlowsFromUsedInOperatingActivities" xlink:title="CashFlowsFromUsedInOperatingActivities"/>
    <link:loc xlink:type="locator" xlink:href="tifrs-scf-2013-03-31.xsd#tifrs-SCF_ClassesOfCashReceiptsFromOperatingActivities" xlink:label="ClassesOfCashReceiptsFromOperatingActivities" xlink:title="ClassesOfCashReceiptsFromOperatingActivities"/>
    <link:calculationArc xlink:type="arc" xlink:arcrole="http://www.xbrl.org/2003/arcrole/summation-item" xlink:from="CashFlowsFromUsedInOperatingActivities" xlink:to="ClassesOfCashReceiptsFromOperatingActivities" xlink:title="calculation: CashFlowsFromUsedInOperatingActivities to ClassesOfCashReceiptsFromOperatingActivities" order="1.0" weight="1.0"/>
    <link:loc xlink:type="locator" xlink:href="../ifrs_20100430/ifrs-cor_2010-04-30.xsd#ifrs_ReceiptsFromSalesOfGoodsAndRenderingOfServices" xlink:label="ReceiptsFromSalesOfGoodsAndRenderingOfServices" xlink:title="ReceiptsFromSalesOfGoodsAndRenderingOfServices"/>
    <link:calculationArc xlink:type="arc" xlink:arcrole="http://www.xbrl.org/2003/arcrole/summation-item" xlink:from="ClassesOfCashReceiptsFromOperatingActivities" xlink:to="ReceiptsFromSalesOfGoodsAndRenderingOfServices" xlink:title="calculation: ClassesOfCashReceiptsFromOperatingActivities to ReceiptsFromSalesOfGoodsAndRenderingOfServices" use="optional" order="1.0" weight="1.0"/>
    <link:loc xlink:type="locator" xlink:href="../ifrs_20100430/ifrs-cor_2010-04-30.xsd#ifrs_ReceiptsFromRoyaltiesFeesCommissionsAndOtherRevenue" xlink:label="ReceiptsFromRoyaltiesFeesCommissionsAndOtherRevenue" xlink:title="ReceiptsFromRoyaltiesFeesCommissionsAndOtherRevenue"/>
    <link:calculationArc xlink:type="arc" xlink:arcrole="http://www.xbrl.org/2003/arcrole/summation-item" xlink:from="ClassesOfCashReceiptsFromOperatingActivities" xlink:to="ReceiptsFromRoyaltiesFeesCommissionsAndOtherRevenue" xlink:title="calculation: ClassesOfCashReceiptsFromOperatingActivities to ReceiptsFromRoyaltiesFeesCommissionsAndOtherRevenue" use="optional" order="2.0" weight="1.0"/>
    <link:loc xlink:type="locator" xlink:href="../ifrs_20100430/ifrs-cor_2010-04-30.xsd#ifrs_ReceiptsFromContractsHeldForDealingOrTradingPurpose" xlink:label="ReceiptsFromContractsHeldForDealingOrTradingPurpose" xlink:title="ReceiptsFromContractsHeldForDealingOrTradingPurpose"/>
    <link:calculationArc xlink:type="arc" xlink:arcrole="http://www.xbrl.org/2003/arcrole/summation-item" xlink:from="ClassesOfCashReceiptsFromOperatingActivities" xlink:to="ReceiptsFromContractsHeldForDealingOrTradingPurpose" xlink:title="calculation: ClassesOfCashReceiptsFromOperatingActivities to ReceiptsFromContractsHeldForDealingOrTradingPurpose" use="optional" order="3.0" weight="1.0"/>
    <link:loc xlink:type="locator" xlink:href="../ifrs_20100430/ifrs-cor_2010-04-30.xsd#ifrs_ReceiptsFromRentsAndSubsequentSalesOfSuchAssets" xlink:label="ReceiptsFromRentsAndSubsequentSalesOfSuchAssets" xlink:title="ReceiptsFromRentsAndSubsequentSalesOfSuchAssets"/>
    <link:calculationArc xlink:type="arc" xlink:arcrole="http://www.xbrl.org/2003/arcrole/summation-item" xlink:from="ClassesOfCashReceiptsFromOperatingActivities" xlink:to="ReceiptsFromRentsAndSubsequentSalesOfSuchAssets" xlink:title="calculation: ClassesOfCashReceiptsFromOperatingActivities to ReceiptsFromRentsAndSubsequentSalesOfSuchAssets" use="optional" order="4.0" weight="1.0"/>
    <link:loc xlink:type="locator" xlink:href="../ifrs_20100430/ifrs-cor_2010-04-30.xsd#ifrs_OtherCashReceiptsFromOperatingActivities" xlink:label="OtherCashReceiptsFromOperatingActivities" xlink:title="OtherCashReceiptsFromOperatingActivities"/>
    <link:calculationArc xlink:type="arc" xlink:arcrole="http://www.xbrl.org/2003/arcrole/summation-item" xlink:from="ClassesOfCashReceiptsFromOperatingActivities" xlink:to="OtherCashReceiptsFromOperatingActivities" xlink:title="calculation: ClassesOfCashReceiptsFromOperatingActivities to OtherCashReceiptsFromOperatingActivities" use="optional" order="5.0" weight="1.0"/>
    <link:loc xlink:type="locator" xlink:href="tifrs-scf-2013-03-31.xsd#tifrs-SCF_ClassesOfCashPaymentsFromOperatingActivities" xlink:label="ClassesOfCashPaymentsFromOperatingActivities" xlink:title="ClassesOfCashPaymentsFromOperatingActivities"/>
    <link:calculationArc xlink:type="arc" xlink:arcrole="http://www.xbrl.org/2003/arcrole/summation-item" xlink:from="CashFlowsFromUsedInOperatingActivities" xlink:to="ClassesOfCashPaymentsFromOperatingActivities" xlink:title="calculation: CashFlowsFromUsedInOperatingActivities to ClassesOfCashPaymentsFromOperatingActivities" order="2.0" weight="1.0"/>
    <link:loc xlink:type="locator" xlink:href="../ifrs_20100430/ifrs-cor_2010-04-30.xsd#ifrs_PaymentsToSuppliersForGoodsAndServices" xlink:label="PaymentsToSuppliersForGoodsAndServices" xlink:title="PaymentsToSuppliersForGoodsAndServices"/>
    <link:calculationArc xlink:type="arc" xlink:arcrole="http://www.xbrl.org/2003/arcrole/summation-item" xlink:from="ClassesOfCashPaymentsFromOperatingActivities" xlink:to="PaymentsToSuppliersForGoodsAndServices" xlink:title="calculation: ClassesOfCashPaymentsFromOperatingActivities to PaymentsToSuppliersForGoodsAndServices" use="optional" order="1.0" weight="1.0"/>
    <link:loc xlink:type="locator" xlink:href="../ifrs_20100430/ifrs-cor_2010-04-30.xsd#ifrs_PaymentsFromContractsHeldForDealingOrTradingPurpose" xlink:label="PaymentsFromContractsHeldForDealingOrTradingPurpose" xlink:title="PaymentsFromContractsHeldForDealingOrTradingPurpose"/>
    <link:calculationArc xlink:type="arc" xlink:arcrole="http://www.xbrl.org/2003/arcrole/summation-item" xlink:from="ClassesOfCashPaymentsFromOperatingActivities" xlink:to="PaymentsFromContractsHeldForDealingOrTradingPurpose" xlink:title="calculation: ClassesOfCashPaymentsFromOperatingActivities to PaymentsFromContractsHeldForDealingOrTradingPurpose" use="optional" order="2.0" weight="1.0"/>
    <link:loc xlink:type="locator" xlink:href="../ifrs_20100430/ifrs-cor_2010-04-30.xsd#ifrs_PaymentsToAndOnBehalfOfEmployees" xlink:label="PaymentsToAndOnBehalfOfEmployees" xlink:title="PaymentsToAndOnBehalfOfEmployees"/>
    <link:calculationArc xlink:type="arc" xlink:arcrole="http://www.xbrl.org/2003/arcrole/summation-item" xlink:from="ClassesOfCashPaymentsFromOperatingActivities" xlink:to="PaymentsToAndOnBehalfOfEmployees" xlink:title="calculation: ClassesOfCashPaymentsFromOperatingActivities to PaymentsToAndOnBehalfOfEmployees" use="optional" order="3.0" weight="1.0"/>
    <link:loc xlink:type="locator" xlink:href="../ifrs_20100430/ifrs-cor_2010-04-30.xsd#ifrs_OtherCashPaymentsFromOperatingActivities" xlink:label="OtherCashPaymentsFromOperatingActivities" xlink:title="OtherCashPaymentsFromOperatingActivities"/>
    <link:calculationArc xlink:type="arc" xlink:arcrole="http://www.xbrl.org/2003/arcrole/summation-item" xlink:from="ClassesOfCashPaymentsFromOperatingActivities" xlink:to="OtherCashPaymentsFromOperatingActivities" xlink:title="calculation: ClassesOfCashPaymentsFromOperatingActivities to OtherCashPaymentsFromOperatingActivities" use="optional" order="4.0" weight="1.0"/>
    <link:loc xlink:type="locator" xlink:href="tifrs-scf-2013-03-31.xsd#tifrs-SCF_DividendsPaid-CashFlowsFromUsedInOperatingActivitiesDirectMethod" xlink:label="DividendsPaid-CashFlowsFromUsedInOperatingActivitiesDirectMethod" xlink:title="DividendsPaid-CashFlowsFromUsedInOperatingActivitiesDirectMethod"/>
    <link:calculationArc xlink:type="arc" xlink:arcrole="http://www.xbrl.org/2003/arcrole/summation-item" xlink:from="CashFlowsFromUsedInOperatingActivities" xlink:to="DividendsPaid-CashFlowsFromUsedInOperatingActivitiesDirectMethod" xlink:title="calculation: CashFlowsFromUsedInOperatingActivities to DividendsPaid-CashFlowsFromUsedInOperatingActivitiesDirectMethod" use="optional" order="3.0" weight="1.0"/>
    <link:loc xlink:type="locator" xlink:href="tifrs-scf-2013-03-31.xsd#tifrs-SCF_DividendsReceived-CashFlowsFromUsedInOperatingActivitiesDirectMethod" xlink:label="DividendsReceived-CashFlowsFromUsedInOperatingActivitiesDirectMethod" xlink:title="DividendsReceived-CashFlowsFromUsedInOperatingActivitiesDirectMethod"/>
    <link:calculationArc xlink:type="arc" xlink:arcrole="http://www.xbrl.org/2003/arcrole/summation-item" xlink:from="CashFlowsFromUsedInOperatingActivities" xlink:to="DividendsReceived-CashFlowsFromUsedInOperatingActivitiesDirectMethod" xlink:title="calculation: CashFlowsFromUsedInOperatingActivities to DividendsReceived-CashFlowsFromUsedInOperatingActivitiesDirectMethod" use="optional" order="4.0" weight="1.0"/>
    <link:loc xlink:type="locator" xlink:href="tifrs-scf-2013-03-31.xsd#tifrs-SCF_InterestPaid-CashFlowsFromUsedInOperatingActivitiesDirectMethod" xlink:label="InterestPaid-CashFlowsFromUsedInOperatingActivitiesDirectMethod" xlink:title="InterestPaid-CashFlowsFromUsedInOperatingActivitiesDirectMethod"/>
    <link:calculationArc xlink:type="arc" xlink:arcrole="http://www.xbrl.org/2003/arcrole/summation-item" xlink:from="CashFlowsFromUsedInOperatingActivities" xlink:to="InterestPaid-CashFlowsFromUsedInOperatingActivitiesDirectMethod" xlink:title="calculation: CashFlowsFromUsedInOperatingActivities to InterestPaid-CashFlowsFromUsedInOperatingActivitiesDirectMethod" use="optional" order="5.0" weight="1.0"/>
    <link:loc xlink:type="locator" xlink:href="tifrs-scf-2013-03-31.xsd#tifrs-SCF_InterestReceived-CashFlowsFromUsedInOperatingActivitiesDirectMethod" xlink:label="InterestReceived-CashFlowsFromUsedInOperatingActivitiesDirectMethod" xlink:title="InterestReceived-CashFlowsFromUsedInOperatingActivitiesDirectMethod"/>
    <link:calculationArc xlink:type="arc" xlink:arcrole="http://www.xbrl.org/2003/arcrole/summation-item" xlink:from="CashFlowsFromUsedInOperatingActivities" xlink:to="InterestReceived-CashFlowsFromUsedInOperatingActivitiesDirectMethod" xlink:title="calculation: CashFlowsFromUsedInOperatingActivities to InterestReceived-CashFlowsFromUsedInOperatingActivitiesDirectMethod" use="optional" order="6.0" weight="1.0"/>
    <link:loc xlink:type="locator" xlink:href="tifrs-scf-2013-03-31.xsd#tifrs-SCF_IncomeTaxesRefundPaid-CashFlowsFromUsedInOperatingActivitiesDirectMethod" xlink:label="IncomeTaxesRefundPaid-CashFlowsFromUsedInOperatingActivitiesDirectMethod" xlink:title="IncomeTaxesRefundPaid-CashFlowsFromUsedInOperatingActivitiesDirectMethod"/>
    <link:calculationArc xlink:type="arc" xlink:arcrole="http://www.xbrl.org/2003/arcrole/summation-item" xlink:from="CashFlowsFromUsedInOperatingActivities" xlink:to="IncomeTaxesRefundPaid-CashFlowsFromUsedInOperatingActivitiesDirectMethod" xlink:title="calculation: CashFlowsFromUsedInOperatingActivities to IncomeTaxesRefundPaid-CashFlowsFromUsedInOperatingActivitiesDirectMethod" use="optional" order="7.0" weight="1.0"/>
    <link:loc xlink:type="locator" xlink:href="tifrs-scf-2013-03-31.xsd#tifrs-SCF_OtherInflowsOutflowsOfCash" xlink:label="OtherInflowsOutflowsOfCash" xlink:title="OtherInflowsOutflowsOfCash"/>
    <link:calculationArc xlink:type="arc" xlink:arcrole="http://www.xbrl.org/2003/arcrole/summation-item" xlink:from="CashFlowsFromUsedInOperatingActivities" xlink:to="OtherInflowsOutflowsOfCash" xlink:title="calculation: CashFlowsFromUsedInOperatingActivities to OtherInflowsOutflowsOfCash" use="optional" order="8.0" weight="1.0"/>
  </link:calculationLink>
</link:linkbase>
