<?xml version="1.0" encoding="UTF-8"?>
<!-- Generated by Fujitsu XWand B0184C -->
<link:linkbase xmlns:xsi="http://www.w3.org/2001/XMLSchema-instance" xsi:schemaLocation="http://www.xbrl.org/2003/linkbase http://www.xbrl.org/2003/xbrl-linkbase-2003-12-31.xsd" xmlns:xbrli="http://www.xbrl.org/2003/instance" xmlns:xlink="http://www.w3.org/1999/xlink" xmlns:link="http://www.xbrl.org/2003/linkbase">
  <link:labelLink xlink:type="extended" xlink:role="http://www.xbrl.org/2003/role/link">
    <link:loc xlink:type="locator" xlink:href="../tifrs-scf-2015-03-31.xsd#tifrs-SCF_DecreaseIncreaseInFinancialAssetsAtFairValueThroughProfitOrLoss" xlink:label="DecreaseIncreaseInFinancialAssetsAtFairValueThroughProfitOrLoss" xlink:title="DecreaseIncreaseInFinancialAssetsAtFairValueThroughProfitOrLoss"/>
    <link:label xlink:type="resource" xlink:label="label_DecreaseIncreaseInFinancialAssetsAtFairValueThroughProfitOrLoss" xlink:role="http://www.xbrl.org/2003/role/terseLabel" xlink:title="label_DecreaseIncreaseInFinancialAssetsAtFairValueThroughProfitOrLoss" xml:lang="en" id="label_DecreaseIncreaseInFinancialAssetsAtFairValueThroughProfitOrLoss">A61110</link:label>
    <link:labelArc xlink:type="arc" xlink:arcrole="http://www.xbrl.org/2003/arcrole/concept-label" xlink:from="DecreaseIncreaseInFinancialAssetsAtFairValueThroughProfitOrLoss" xlink:to="label_DecreaseIncreaseInFinancialAssetsAtFairValueThroughProfitOrLoss" xlink:title="label: DecreaseIncreaseInFinancialAssetsAtFairValueThroughProfitOrLoss to label_DecreaseIncreaseInFinancialAssetsAtFairValueThroughProfitOrLoss"/>
    <link:loc xlink:type="locator" xlink:href="../tifrs-scf-2015-03-31.xsd#tifrs-SCF_DecreaseIncreaseInBillInvestmentsUnderResaleAgreements" xlink:label="DecreaseIncreaseInBillInvestmentsUnderResaleAgreements" xlink:title="DecreaseIncreaseInBillInvestmentsUnderResaleAgreements"/>
    <link:label xlink:type="resource" xlink:label="label_DecreaseIncreaseInBillInvestmentsUnderResaleAgreements" xlink:role="http://www.xbrl.org/2003/role/terseLabel" xlink:title="label_DecreaseIncreaseInBillInvestmentsUnderResaleAgreements" xml:lang="en" id="label_DecreaseIncreaseInBillInvestmentsUnderResaleAgreements">A61140</link:label>
    <link:labelArc xlink:type="arc" xlink:arcrole="http://www.xbrl.org/2003/arcrole/concept-label" xlink:from="DecreaseIncreaseInBillInvestmentsUnderResaleAgreements" xlink:to="label_DecreaseIncreaseInBillInvestmentsUnderResaleAgreements" xlink:title="label: DecreaseIncreaseInBillInvestmentsUnderResaleAgreements to label_DecreaseIncreaseInBillInvestmentsUnderResaleAgreements"/>
    <link:loc xlink:type="locator" xlink:href="../tifrs-scf-2015-03-31.xsd#tifrs-SCF_DecreaseIncreaseInSecurityBorrowingMargin" xlink:label="DecreaseIncreaseInSecurityBorrowingMargin" xlink:title="DecreaseIncreaseInSecurityBorrowingMargin"/>
    <link:label xlink:type="resource" xlink:label="label_DecreaseIncreaseInSecurityBorrowingMargin" xlink:role="http://www.xbrl.org/2003/role/terseLabel" xlink:title="label_DecreaseIncreaseInSecurityBorrowingMargin" xml:lang="en" id="label_DecreaseIncreaseInSecurityBorrowingMargin">A61220</link:label>
    <link:labelArc xlink:type="arc" xlink:arcrole="http://www.xbrl.org/2003/arcrole/concept-label" xlink:from="DecreaseIncreaseInSecurityBorrowingMargin" xlink:to="label_DecreaseIncreaseInSecurityBorrowingMargin" xlink:title="label: DecreaseIncreaseInSecurityBorrowingMargin to label_DecreaseIncreaseInSecurityBorrowingMargin"/>
    <link:loc xlink:type="locator" xlink:href="../tifrs-scf-2015-03-31.xsd#tifrs-SCF_DecreaseIncreaseInFuturesExchangesMarginsReceivable" xlink:label="DecreaseIncreaseInFuturesExchangesMarginsReceivable" xlink:title="DecreaseIncreaseInFuturesExchangesMarginsReceivable"/>
    <link:label xlink:type="resource" xlink:label="label_DecreaseIncreaseInFuturesExchangesMarginsReceivable" xlink:role="http://www.xbrl.org/2003/role/terseLabel" xlink:title="label_DecreaseIncreaseInFuturesExchangesMarginsReceivable" xml:lang="en" id="label_DecreaseIncreaseInFuturesExchangesMarginsReceivable">A61200</link:label>
    <link:labelArc xlink:type="arc" xlink:arcrole="http://www.xbrl.org/2003/arcrole/concept-label" xlink:from="DecreaseIncreaseInFuturesExchangesMarginsReceivable" xlink:to="label_DecreaseIncreaseInFuturesExchangesMarginsReceivable" xlink:title="label: DecreaseIncreaseInFuturesExchangesMarginsReceivable to label_DecreaseIncreaseInFuturesExchangesMarginsReceivable"/>
    <link:loc xlink:type="locator" xlink:href="../tifrs-scf-2015-03-31.xsd#tifrs-SCF_DecreaseIncreaseInFinancialAssetsAtCost" xlink:label="DecreaseIncreaseInFinancialAssetsAtCost" xlink:title="DecreaseIncreaseInFinancialAssetsAtCost"/>
    <link:label xlink:type="resource" xlink:label="label_DecreaseIncreaseInFinancialAssetsAtCost" xlink:role="http://www.xbrl.org/2003/role/terseLabel" xlink:title="label_DecreaseIncreaseInFinancialAssetsAtCost" xml:lang="en" id="label_DecreaseIncreaseInFinancialAssetsAtCost">A61330</link:label>
    <link:labelArc xlink:type="arc" xlink:arcrole="http://www.xbrl.org/2003/arcrole/concept-label" xlink:from="DecreaseIncreaseInFinancialAssetsAtCost" xlink:to="label_DecreaseIncreaseInFinancialAssetsAtCost" xlink:title="label: DecreaseIncreaseInFinancialAssetsAtCost to label_DecreaseIncreaseInFinancialAssetsAtCost"/>
    <link:loc xlink:type="locator" xlink:href="../tifrs-scf-2015-03-31.xsd#tifrs-SCF_DecreaseIncreaseInMarginLoansReceivable" xlink:label="DecreaseIncreaseInMarginLoansReceivable" xlink:title="DecreaseIncreaseInMarginLoansReceivable"/>
    <link:label xlink:type="resource" xlink:label="label_DecreaseIncreaseInMarginLoansReceivable" xlink:role="http://www.xbrl.org/2003/role/terseLabel" xlink:title="label_DecreaseIncreaseInMarginLoansReceivable" xml:lang="en" id="label_DecreaseIncreaseInMarginLoansReceivable">A61150</link:label>
    <link:labelArc xlink:type="arc" xlink:arcrole="http://www.xbrl.org/2003/arcrole/concept-label" xlink:from="DecreaseIncreaseInMarginLoansReceivable" xlink:to="label_DecreaseIncreaseInMarginLoansReceivable" xlink:title="label: DecreaseIncreaseInMarginLoansReceivable to label_DecreaseIncreaseInMarginLoansReceivable"/>
    <link:loc xlink:type="locator" xlink:href="../tifrs-scf-2015-03-31.xsd#tifrs-SCF_DecreaseIncreaseInHeldToMaturityFinancialAssets" xlink:label="DecreaseIncreaseInHeldToMaturityFinancialAssets" xlink:title="DecreaseIncreaseInHeldToMaturityFinancialAssets"/>
    <link:label xlink:type="resource" xlink:label="label_DecreaseIncreaseInHeldToMaturityFinancialAssets" xlink:role="http://www.xbrl.org/2003/role/terseLabel" xlink:title="label_DecreaseIncreaseInHeldToMaturityFinancialAssets" xml:lang="en" id="label_DecreaseIncreaseInHeldToMaturityFinancialAssets">A61350</link:label>
    <link:labelArc xlink:type="arc" xlink:arcrole="http://www.xbrl.org/2003/arcrole/concept-label" xlink:from="DecreaseIncreaseInHeldToMaturityFinancialAssets" xlink:to="label_DecreaseIncreaseInHeldToMaturityFinancialAssets" xlink:title="label: DecreaseIncreaseInHeldToMaturityFinancialAssets to label_DecreaseIncreaseInHeldToMaturityFinancialAssets"/>
    <link:loc xlink:type="locator" xlink:href="../tifrs-scf-2015-03-31.xsd#tifrs-SCF_DecreaseIncreaseInBondInvestmentWithoutActiveMarket" xlink:label="DecreaseIncreaseInBondInvestmentWithoutActiveMarket" xlink:title="DecreaseIncreaseInBondInvestmentWithoutActiveMarket"/>
    <link:label xlink:type="resource" xlink:label="label_DecreaseIncreaseInBondInvestmentWithoutActiveMarket" xlink:role="http://www.xbrl.org/2003/role/terseLabel" xlink:title="label_DecreaseIncreaseInBondInvestmentWithoutActiveMarket" xml:lang="en" id="label_DecreaseIncreaseInBondInvestmentWithoutActiveMarket">A61360</link:label>
    <link:labelArc xlink:type="arc" xlink:arcrole="http://www.xbrl.org/2003/arcrole/concept-label" xlink:from="DecreaseIncreaseInBondInvestmentWithoutActiveMarket" xlink:to="label_DecreaseIncreaseInBondInvestmentWithoutActiveMarket" xlink:title="label: DecreaseIncreaseInBondInvestmentWithoutActiveMarket to label_DecreaseIncreaseInBondInvestmentWithoutActiveMarket"/>
    <link:loc xlink:type="locator" xlink:href="../tifrs-scf-2015-03-31.xsd#tifrs-SCF_DecreaseIncreaseInReceivableOfSecuritiesBusinessMoneyLending" xlink:label="DecreaseIncreaseInReceivableOfSecuritiesBusinessMoneyLending" xlink:title="DecreaseIncreaseInReceivableOfSecuritiesBusinessMoneyLending"/>
    <link:label xlink:type="resource" xlink:label="label_DecreaseIncreaseInReceivableOfSecuritiesBusinessMoneyLending" xlink:role="http://www.xbrl.org/2003/role/terseLabel" xlink:title="label_DecreaseIncreaseInReceivableOfSecuritiesBusinessMoneyLending" xml:lang="en" id="label_DecreaseIncreaseInReceivableOfSecuritiesBusinessMoneyLending">A61180</link:label>
    <link:labelArc xlink:type="arc" xlink:arcrole="http://www.xbrl.org/2003/arcrole/concept-label" xlink:from="DecreaseIncreaseInReceivableOfSecuritiesBusinessMoneyLending" xlink:to="label_DecreaseIncreaseInReceivableOfSecuritiesBusinessMoneyLending" xlink:title="label: DecreaseIncreaseInReceivableOfSecuritiesBusinessMoneyLending to label_DecreaseIncreaseInReceivableOfSecuritiesBusinessMoneyLending"/>
    <link:loc xlink:type="locator" xlink:href="../tifrs-scf-2015-03-31.xsd#tifrs-SCF_DecreaseIncreaseInDerivativeFinancialAssetsForHedging" xlink:label="DecreaseIncreaseInDerivativeFinancialAssetsForHedging" xlink:title="DecreaseIncreaseInDerivativeFinancialAssetsForHedging"/>
    <link:label xlink:type="resource" xlink:label="label_DecreaseIncreaseInDerivativeFinancialAssetsForHedging" xlink:role="http://www.xbrl.org/2003/role/terseLabel" xlink:title="label_DecreaseIncreaseInDerivativeFinancialAssetsForHedging" xml:lang="en" id="label_DecreaseIncreaseInDerivativeFinancialAssetsForHedging">A61120</link:label>
    <link:labelArc xlink:type="arc" xlink:arcrole="http://www.xbrl.org/2003/arcrole/concept-label" xlink:from="DecreaseIncreaseInDerivativeFinancialAssetsForHedging" xlink:to="label_DecreaseIncreaseInDerivativeFinancialAssetsForHedging" xlink:title="label: DecreaseIncreaseInDerivativeFinancialAssetsForHedging to label_DecreaseIncreaseInDerivativeFinancialAssetsForHedging"/>
    <link:loc xlink:type="locator" xlink:href="../tifrs-scf-2015-03-31.xsd#tifrs-SCF_DecreaseIncreaseInNotesReceivable" xlink:label="DecreaseIncreaseInNotesReceivable" xlink:title="DecreaseIncreaseInNotesReceivable"/>
    <link:label xlink:type="resource" xlink:label="label_DecreaseIncreaseInNotesReceivable" xlink:role="http://www.xbrl.org/2003/role/terseLabel" xlink:title="label_DecreaseIncreaseInNotesReceivable" xml:lang="en" id="label_DecreaseIncreaseInNotesReceivable">A61230</link:label>
    <link:labelArc xlink:type="arc" xlink:arcrole="http://www.xbrl.org/2003/arcrole/concept-label" xlink:from="DecreaseIncreaseInNotesReceivable" xlink:to="label_DecreaseIncreaseInNotesReceivable" xlink:title="label: DecreaseIncreaseInNotesReceivable to label_DecreaseIncreaseInNotesReceivable"/>
    <link:loc xlink:type="locator" xlink:href="../tifrs-scf-2015-03-31.xsd#tifrs-SCF_DecreaseIncreaseInAccountsReceivable" xlink:label="DecreaseIncreaseInAccountsReceivable" xlink:title="DecreaseIncreaseInAccountsReceivable"/>
    <link:label xlink:type="resource" xlink:label="label_DecreaseIncreaseInAccountsReceivable" xlink:role="http://www.xbrl.org/2003/role/terseLabel" xlink:title="label_DecreaseIncreaseInAccountsReceivable" xml:lang="en" id="label_DecreaseIncreaseInAccountsReceivable">A61250</link:label>
    <link:labelArc xlink:type="arc" xlink:arcrole="http://www.xbrl.org/2003/arcrole/concept-label" xlink:from="DecreaseIncreaseInAccountsReceivable" xlink:to="label_DecreaseIncreaseInAccountsReceivable" xlink:title="label: DecreaseIncreaseInAccountsReceivable to label_DecreaseIncreaseInAccountsReceivable"/>
    <link:loc xlink:type="locator" xlink:href="../tifrs-scf-2015-03-31.xsd#tifrs-SCF_DecreaseIncreaseInOtherReceivableRelatedParties" xlink:label="DecreaseIncreaseInOtherReceivableRelatedParties" xlink:title="DecreaseIncreaseInOtherReceivableRelatedParties"/>
    <link:label xlink:type="resource" xlink:label="label_DecreaseIncreaseInOtherReceivableRelatedParties" xlink:role="http://www.xbrl.org/2003/role/terseLabel" xlink:title="label_DecreaseIncreaseInOtherReceivableRelatedParties" xml:lang="en" id="label_DecreaseIncreaseInOtherReceivableRelatedParties">A61300</link:label>
    <link:labelArc xlink:type="arc" xlink:arcrole="http://www.xbrl.org/2003/arcrole/concept-label" xlink:from="DecreaseIncreaseInOtherReceivableRelatedParties" xlink:to="label_DecreaseIncreaseInOtherReceivableRelatedParties" xlink:title="label: DecreaseIncreaseInOtherReceivableRelatedParties to label_DecreaseIncreaseInOtherReceivableRelatedParties"/>
    <link:loc xlink:type="locator" xlink:href="../tifrs-scf-2015-03-31.xsd#tifrs-SCF_DecreaseIncreaseInOtherReceivables" xlink:label="DecreaseIncreaseInOtherReceivables" xlink:title="DecreaseIncreaseInOtherReceivables"/>
    <link:label xlink:type="resource" xlink:label="label_DecreaseIncreaseInOtherReceivables" xlink:role="http://www.xbrl.org/2003/role/terseLabel" xlink:title="label_DecreaseIncreaseInOtherReceivables" xml:lang="en" id="label_DecreaseIncreaseInOtherReceivables">A61290</link:label>
    <link:labelArc xlink:type="arc" xlink:arcrole="http://www.xbrl.org/2003/arcrole/concept-label" xlink:from="DecreaseIncreaseInOtherReceivables" xlink:to="label_DecreaseIncreaseInOtherReceivables" xlink:title="label: DecreaseIncreaseInOtherReceivables to label_DecreaseIncreaseInOtherReceivables"/>
    <link:loc xlink:type="locator" xlink:href="../tifrs-scf-2015-03-31.xsd#tifrs-SCF_DecreaseIncreaseInBondInvestmentsUnderResaleAgreements" xlink:label="DecreaseIncreaseInBondInvestmentsUnderResaleAgreements" xlink:title="DecreaseIncreaseInBondInvestmentsUnderResaleAgreements"/>
    <link:label xlink:type="resource" xlink:label="label_DecreaseIncreaseInBondInvestmentsUnderResaleAgreements" xlink:role="http://www.xbrl.org/2003/role/terseLabel" xlink:title="label_DecreaseIncreaseInBondInvestmentsUnderResaleAgreements" xml:lang="en" id="label_DecreaseIncreaseInBondInvestmentsUnderResaleAgreements">A61130</link:label>
    <link:labelArc xlink:type="arc" xlink:arcrole="http://www.xbrl.org/2003/arcrole/concept-label" xlink:from="DecreaseIncreaseInBondInvestmentsUnderResaleAgreements" xlink:to="label_DecreaseIncreaseInBondInvestmentsUnderResaleAgreements" xlink:title="label: DecreaseIncreaseInBondInvestmentsUnderResaleAgreements to label_DecreaseIncreaseInBondInvestmentsUnderResaleAgreements"/>
    <link:loc xlink:type="locator" xlink:href="../tifrs-scf-2015-03-31.xsd#tifrs-SCF_DecreaseIncreaseInAvailableForSaleFinancialAssets" xlink:label="DecreaseIncreaseInAvailableForSaleFinancialAssets" xlink:title="DecreaseIncreaseInAvailableForSaleFinancialAssets"/>
    <link:label xlink:type="resource" xlink:label="label_DecreaseIncreaseInAvailableForSaleFinancialAssets" xlink:role="http://www.xbrl.org/2003/role/terseLabel" xlink:title="label_DecreaseIncreaseInAvailableForSaleFinancialAssets" xml:lang="en" id="label_DecreaseIncreaseInAvailableForSaleFinancialAssets">A61340</link:label>
    <link:labelArc xlink:type="arc" xlink:arcrole="http://www.xbrl.org/2003/arcrole/concept-label" xlink:from="DecreaseIncreaseInAvailableForSaleFinancialAssets" xlink:to="label_DecreaseIncreaseInAvailableForSaleFinancialAssets" xlink:title="label: DecreaseIncreaseInAvailableForSaleFinancialAssets to label_DecreaseIncreaseInAvailableForSaleFinancialAssets"/>
    <link:loc xlink:type="locator" xlink:href="../tifrs-scf-2015-03-31.xsd#tifrs-SCF_DecreaseIncreaseInPrepaidPension" xlink:label="DecreaseIncreaseInPrepaidPension" xlink:title="DecreaseIncreaseInPrepaidPension"/>
    <link:label xlink:type="resource" xlink:label="label_DecreaseIncreaseInPrepaidPension" xlink:role="http://www.xbrl.org/2003/role/terseLabel" xlink:title="label_DecreaseIncreaseInPrepaidPension" xml:lang="en" id="label_DecreaseIncreaseInPrepaidPension">A61280</link:label>
    <link:labelArc xlink:type="arc" xlink:arcrole="http://www.xbrl.org/2003/arcrole/concept-label" xlink:from="DecreaseIncreaseInPrepaidPension" xlink:to="label_DecreaseIncreaseInPrepaidPension" xlink:title="label: DecreaseIncreaseInPrepaidPension to label_DecreaseIncreaseInPrepaidPension"/>
    <link:loc xlink:type="locator" xlink:href="../tifrs-scf-2015-03-31.xsd#tifrs-SCF_DecreaseIncreaseInRefinancingCollateralReceivable" xlink:label="DecreaseIncreaseInRefinancingCollateralReceivable" xlink:title="DecreaseIncreaseInRefinancingCollateralReceivable"/>
    <link:label xlink:type="resource" xlink:label="label_DecreaseIncreaseInRefinancingCollateralReceivable" xlink:role="http://www.xbrl.org/2003/role/terseLabel" xlink:title="label_DecreaseIncreaseInRefinancingCollateralReceivable" xml:lang="en" id="label_DecreaseIncreaseInRefinancingCollateralReceivable">A61170</link:label>
    <link:labelArc xlink:type="arc" xlink:arcrole="http://www.xbrl.org/2003/arcrole/concept-label" xlink:from="DecreaseIncreaseInRefinancingCollateralReceivable" xlink:to="label_DecreaseIncreaseInRefinancingCollateralReceivable" xlink:title="label: DecreaseIncreaseInRefinancingCollateralReceivable to label_DecreaseIncreaseInRefinancingCollateralReceivable"/>
    <link:loc xlink:type="locator" xlink:href="../tifrs-scf-2015-03-31.xsd#tifrs-SCF_DecreaseIncreaseInOtherPrepayments" xlink:label="DecreaseIncreaseInOtherPrepayments" xlink:title="DecreaseIncreaseInOtherPrepayments"/>
    <link:label xlink:type="resource" xlink:label="label_DecreaseIncreaseInOtherPrepayments" xlink:role="http://www.xbrl.org/2003/role/terseLabel" xlink:title="label_DecreaseIncreaseInOtherPrepayments" xml:lang="en" id="label_DecreaseIncreaseInOtherPrepayments">A61270</link:label>
    <link:labelArc xlink:type="arc" xlink:arcrole="http://www.xbrl.org/2003/arcrole/concept-label" xlink:from="DecreaseIncreaseInOtherPrepayments" xlink:to="label_DecreaseIncreaseInOtherPrepayments" xlink:title="label: DecreaseIncreaseInOtherPrepayments to label_DecreaseIncreaseInOtherPrepayments"/>
    <link:loc xlink:type="locator" xlink:href="../tifrs-scf-2015-03-31.xsd#tifrs-SCF_DecreaseIncreaseInSecuritiesHeldForCustomerDefault" xlink:label="DecreaseIncreaseInSecuritiesHeldForCustomerDefault" xlink:title="DecreaseIncreaseInSecuritiesHeldForCustomerDefault"/>
    <link:label xlink:type="resource" xlink:label="label_DecreaseIncreaseInSecuritiesHeldForCustomerDefault" xlink:role="http://www.xbrl.org/2003/role/terseLabel" xlink:title="label_DecreaseIncreaseInSecuritiesHeldForCustomerDefault" xml:lang="en" id="label_DecreaseIncreaseInSecuritiesHeldForCustomerDefault">A61310</link:label>
    <link:labelArc xlink:type="arc" xlink:arcrole="http://www.xbrl.org/2003/arcrole/concept-label" xlink:from="DecreaseIncreaseInSecuritiesHeldForCustomerDefault" xlink:to="label_DecreaseIncreaseInSecuritiesHeldForCustomerDefault" xlink:title="label: DecreaseIncreaseInSecuritiesHeldForCustomerDefault to label_DecreaseIncreaseInSecuritiesHeldForCustomerDefault"/>
    <link:loc xlink:type="locator" xlink:href="../tifrs-scf-2015-03-31.xsd#tifrs-SCF_DecreaseIncreaseInSecurityBorrowingCollateralPrice" xlink:label="DecreaseIncreaseInSecurityBorrowingCollateralPrice" xlink:title="DecreaseIncreaseInSecurityBorrowingCollateralPrice"/>
    <link:label xlink:type="resource" xlink:label="label_DecreaseIncreaseInSecurityBorrowingCollateralPrice" xlink:role="http://www.xbrl.org/2003/role/terseLabel" xlink:title="label_DecreaseIncreaseInSecurityBorrowingCollateralPrice" xml:lang="en" id="label_DecreaseIncreaseInSecurityBorrowingCollateralPrice">A61210</link:label>
    <link:labelArc xlink:type="arc" xlink:arcrole="http://www.xbrl.org/2003/arcrole/concept-label" xlink:from="DecreaseIncreaseInSecurityBorrowingCollateralPrice" xlink:to="label_DecreaseIncreaseInSecurityBorrowingCollateralPrice" xlink:title="label: DecreaseIncreaseInSecurityBorrowingCollateralPrice to label_DecreaseIncreaseInSecurityBorrowingCollateralPrice"/>
    <link:loc xlink:type="locator" xlink:href="../tifrs-scf-2015-03-31.xsd#tifrs-SCF_DecreaseIncreaseInOtherCurrentAssets" xlink:label="DecreaseIncreaseInOtherCurrentAssets" xlink:title="DecreaseIncreaseInOtherCurrentAssets"/>
    <link:label xlink:type="resource" xlink:label="label_DecreaseIncreaseInOtherCurrentAssets" xlink:role="http://www.xbrl.org/2003/role/terseLabel" xlink:title="label_DecreaseIncreaseInOtherCurrentAssets" xml:lang="en" id="label_DecreaseIncreaseInOtherCurrentAssets">A61370</link:label>
    <link:labelArc xlink:type="arc" xlink:arcrole="http://www.xbrl.org/2003/arcrole/concept-label" xlink:from="DecreaseIncreaseInOtherCurrentAssets" xlink:to="label_DecreaseIncreaseInOtherCurrentAssets" xlink:title="label: DecreaseIncreaseInOtherCurrentAssets to label_DecreaseIncreaseInOtherCurrentAssets"/>
    <link:loc xlink:type="locator" xlink:href="../tifrs-scf-2015-03-31.xsd#tifrs-SCF_DecreaseIncreaseInOverdueReceivable" xlink:label="DecreaseIncreaseInOverdueReceivable" xlink:title="DecreaseIncreaseInOverdueReceivable"/>
    <link:label xlink:type="resource" xlink:label="label_DecreaseIncreaseInOverdueReceivable" xlink:role="http://www.xbrl.org/2003/role/terseLabel" xlink:title="label_DecreaseIncreaseInOverdueReceivable" xml:lang="en" id="label_DecreaseIncreaseInOverdueReceivable">A61380</link:label>
    <link:labelArc xlink:type="arc" xlink:arcrole="http://www.xbrl.org/2003/arcrole/concept-label" xlink:from="DecreaseIncreaseInOverdueReceivable" xlink:to="label_DecreaseIncreaseInOverdueReceivable" xlink:title="label: DecreaseIncreaseInOverdueReceivable to label_DecreaseIncreaseInOverdueReceivable"/>
    <link:loc xlink:type="locator" xlink:href="../tifrs-scf-2015-03-31.xsd#tifrs-SCF_DecreaseIncreaseInNotesReceivableRelatedParties" xlink:label="DecreaseIncreaseInNotesReceivableRelatedParties" xlink:title="DecreaseIncreaseInNotesReceivableRelatedParties"/>
    <link:label xlink:type="resource" xlink:label="label_DecreaseIncreaseInNotesReceivableRelatedParties" xlink:role="http://www.xbrl.org/2003/role/terseLabel" xlink:title="label_DecreaseIncreaseInNotesReceivableRelatedParties" xml:lang="en" id="label_DecreaseIncreaseInNotesReceivableRelatedParties">A61240</link:label>
    <link:labelArc xlink:type="arc" xlink:arcrole="http://www.xbrl.org/2003/arcrole/concept-label" xlink:from="DecreaseIncreaseInNotesReceivableRelatedParties" xlink:to="label_DecreaseIncreaseInNotesReceivableRelatedParties" xlink:title="label: DecreaseIncreaseInNotesReceivableRelatedParties to label_DecreaseIncreaseInNotesReceivableRelatedParties"/>
    <link:loc xlink:type="locator" xlink:href="../tifrs-scf-2015-03-31.xsd#tifrs-SCF_DecreaseIncreaseInOtherFinancialAssets" xlink:label="DecreaseIncreaseInOtherFinancialAssets" xlink:title="DecreaseIncreaseInOtherFinancialAssets"/>
    <link:label xlink:type="resource" xlink:label="label_DecreaseIncreaseInOtherFinancialAssets" xlink:role="http://www.xbrl.org/2003/role/terseLabel" xlink:title="label_DecreaseIncreaseInOtherFinancialAssets" xml:lang="en" id="label_DecreaseIncreaseInOtherFinancialAssets">A61320</link:label>
    <link:labelArc xlink:type="arc" xlink:arcrole="http://www.xbrl.org/2003/arcrole/concept-label" xlink:from="DecreaseIncreaseInOtherFinancialAssets" xlink:to="label_DecreaseIncreaseInOtherFinancialAssets" xlink:title="label: DecreaseIncreaseInOtherFinancialAssets to label_DecreaseIncreaseInOtherFinancialAssets"/>
    <link:loc xlink:type="locator" xlink:href="../tifrs-scf-2015-03-31.xsd#tifrs-SCF_DecreaseIncreaseInCustomerMarginAccount" xlink:label="DecreaseIncreaseInCustomerMarginAccount" xlink:title="DecreaseIncreaseInCustomerMarginAccount"/>
    <link:label xlink:type="resource" xlink:label="label_DecreaseIncreaseInCustomerMarginAccount" xlink:role="http://www.xbrl.org/2003/role/terseLabel" xlink:title="label_DecreaseIncreaseInCustomerMarginAccount" xml:lang="en" id="label_DecreaseIncreaseInCustomerMarginAccount">A61190</link:label>
    <link:labelArc xlink:type="arc" xlink:arcrole="http://www.xbrl.org/2003/arcrole/concept-label" xlink:from="DecreaseIncreaseInCustomerMarginAccount" xlink:to="label_DecreaseIncreaseInCustomerMarginAccount" xlink:title="label: DecreaseIncreaseInCustomerMarginAccount to label_DecreaseIncreaseInCustomerMarginAccount"/>
    <link:loc xlink:type="locator" xlink:href="../tifrs-scf-2015-03-31.xsd#tifrs-SCF_DecreaseIncreaseInRefinancingMargin" xlink:label="DecreaseIncreaseInRefinancingMargin" xlink:title="DecreaseIncreaseInRefinancingMargin"/>
    <link:label xlink:type="resource" xlink:label="label_DecreaseIncreaseInRefinancingMargin" xlink:role="http://www.xbrl.org/2003/role/terseLabel" xlink:title="label_DecreaseIncreaseInRefinancingMargin" xml:lang="en" id="label_DecreaseIncreaseInRefinancingMargin">A61160</link:label>
    <link:labelArc xlink:type="arc" xlink:arcrole="http://www.xbrl.org/2003/arcrole/concept-label" xlink:from="DecreaseIncreaseInRefinancingMargin" xlink:to="label_DecreaseIncreaseInRefinancingMargin" xlink:title="label: DecreaseIncreaseInRefinancingMargin to label_DecreaseIncreaseInRefinancingMargin"/>
    <link:loc xlink:type="locator" xlink:href="../tifrs-scf-2015-03-31.xsd#tifrs-SCF_DecreaseIncreaseInAccountsReceivableRelatedParties" xlink:label="DecreaseIncreaseInAccountsReceivableRelatedParties" xlink:title="DecreaseIncreaseInAccountsReceivableRelatedParties"/>
    <link:label xlink:type="resource" xlink:label="label_DecreaseIncreaseInAccountsReceivableRelatedParties" xlink:role="http://www.xbrl.org/2003/role/terseLabel" xlink:title="label_DecreaseIncreaseInAccountsReceivableRelatedParties" xml:lang="en" id="label_DecreaseIncreaseInAccountsReceivableRelatedParties">A61260</link:label>
    <link:labelArc xlink:type="arc" xlink:arcrole="http://www.xbrl.org/2003/arcrole/concept-label" xlink:from="DecreaseIncreaseInAccountsReceivableRelatedParties" xlink:to="label_DecreaseIncreaseInAccountsReceivableRelatedParties" xlink:title="label: DecreaseIncreaseInAccountsReceivableRelatedParties to label_DecreaseIncreaseInAccountsReceivableRelatedParties"/>
    <link:loc xlink:type="locator" xlink:href="../tifrs-scf-2015-03-31.xsd#tifrs-SCF_DecreaseIncreaseInOtherOperatingAssets" xlink:label="DecreaseIncreaseInOtherOperatingAssets" xlink:title="DecreaseIncreaseInOtherOperatingAssets"/>
    <link:label xlink:type="resource" xlink:label="label_DecreaseIncreaseInOtherOperatingAssets" xlink:role="http://www.xbrl.org/2003/role/terseLabel" xlink:title="label_DecreaseIncreaseInOtherOperatingAssets" xml:lang="en" id="label_DecreaseIncreaseInOtherOperatingAssets">A61990</link:label>
    <link:labelArc xlink:type="arc" xlink:arcrole="http://www.xbrl.org/2003/arcrole/concept-label" xlink:from="DecreaseIncreaseInOtherOperatingAssets" xlink:to="label_DecreaseIncreaseInOtherOperatingAssets" xlink:title="label: DecreaseIncreaseInOtherOperatingAssets to label_DecreaseIncreaseInOtherOperatingAssets"/>
    <link:loc xlink:type="locator" xlink:href="../tifrs-scf-2015-03-31.xsd#tifrs-SCF_ChangesInOperatingAssets" xlink:label="ChangesInOperatingAssets" xlink:title="ChangesInOperatingAssets"/>
    <link:label xlink:type="resource" xlink:label="label_ChangesInOperatingAssets" xlink:role="http://www.xbrl.org/2003/role/terseLabel" xlink:title="label_ChangesInOperatingAssets" xml:lang="en" id="label_ChangesInOperatingAssets">A61000</link:label>
    <link:labelArc xlink:type="arc" xlink:arcrole="http://www.xbrl.org/2003/arcrole/concept-label" xlink:from="ChangesInOperatingAssets" xlink:to="label_ChangesInOperatingAssets" xlink:title="label: ChangesInOperatingAssets to label_ChangesInOperatingAssets"/>
    <link:loc xlink:type="locator" xlink:href="../tifrs-scf-2015-03-31.xsd#tifrs-SCF_IncreaseDecreaseInDerivativeFinancialLiabilitiesForHedging" xlink:label="IncreaseDecreaseInDerivativeFinancialLiabilitiesForHedging" xlink:title="IncreaseDecreaseInDerivativeFinancialLiabilitiesForHedging"/>
    <link:label xlink:type="resource" xlink:label="label_IncreaseDecreaseInDerivativeFinancialLiabilitiesForHedging" xlink:role="http://www.xbrl.org/2003/role/terseLabel" xlink:title="label_IncreaseDecreaseInDerivativeFinancialLiabilitiesForHedging" xml:lang="en" id="label_IncreaseDecreaseInDerivativeFinancialLiabilitiesForHedging">A62150</link:label>
    <link:labelArc xlink:type="arc" xlink:arcrole="http://www.xbrl.org/2003/arcrole/concept-label" xlink:from="IncreaseDecreaseInDerivativeFinancialLiabilitiesForHedging" xlink:to="label_IncreaseDecreaseInDerivativeFinancialLiabilitiesForHedging" xlink:title="label: IncreaseDecreaseInDerivativeFinancialLiabilitiesForHedging to label_IncreaseDecreaseInDerivativeFinancialLiabilitiesForHedging"/>
    <link:loc xlink:type="locator" xlink:href="../tifrs-scf-2015-03-31.xsd#tifrs-SCF_IncreaseDecreaseInFinancialLiabilitiesAtFairValueThroughProfitOrLoss" xlink:label="IncreaseDecreaseInFinancialLiabilitiesAtFairValueThroughProfitOrLoss" xlink:title="IncreaseDecreaseInFinancialLiabilitiesAtFairValueThroughProfitOrLoss"/>
    <link:label xlink:type="resource" xlink:label="label_IncreaseDecreaseInFinancialLiabilitiesAtFairValueThroughProfitOrLoss" xlink:role="http://www.xbrl.org/2003/role/terseLabel" xlink:title="label_IncreaseDecreaseInFinancialLiabilitiesAtFairValueThroughProfitOrLoss" xml:lang="en" id="label_IncreaseDecreaseInFinancialLiabilitiesAtFairValueThroughProfitOrLoss">A62130</link:label>
    <link:labelArc xlink:type="arc" xlink:arcrole="http://www.xbrl.org/2003/arcrole/concept-label" xlink:from="IncreaseDecreaseInFinancialLiabilitiesAtFairValueThroughProfitOrLoss" xlink:to="label_IncreaseDecreaseInFinancialLiabilitiesAtFairValueThroughProfitOrLoss" xlink:title="label: IncreaseDecreaseInFinancialLiabilitiesAtFairValueThroughProfitOrLoss to label_IncreaseDecreaseInFinancialLiabilitiesAtFairValueThroughProfitOrLoss"/>
    <link:loc xlink:type="locator" xlink:href="../tifrs-scf-2015-03-31.xsd#tifrs-SCF_IncreaseDecreaseInDepositsPayableForSecuritiesFinancing" xlink:label="IncreaseDecreaseInDepositsPayableForSecuritiesFinancing" xlink:title="IncreaseDecreaseInDepositsPayableForSecuritiesFinancing"/>
    <link:label xlink:type="resource" xlink:label="label_IncreaseDecreaseInDepositsPayableForSecuritiesFinancing" xlink:role="http://www.xbrl.org/2003/role/terseLabel" xlink:title="label_IncreaseDecreaseInDepositsPayableForSecuritiesFinancing" xml:lang="en" id="label_IncreaseDecreaseInDepositsPayableForSecuritiesFinancing">A62170</link:label>
    <link:labelArc xlink:type="arc" xlink:arcrole="http://www.xbrl.org/2003/arcrole/concept-label" xlink:from="IncreaseDecreaseInDepositsPayableForSecuritiesFinancing" xlink:to="label_IncreaseDecreaseInDepositsPayableForSecuritiesFinancing" xlink:title="label: IncreaseDecreaseInDepositsPayableForSecuritiesFinancing to label_IncreaseDecreaseInDepositsPayableForSecuritiesFinancing"/>
    <link:loc xlink:type="locator" xlink:href="../tifrs-scf-2015-03-31.xsd#tifrs-SCF_IncreaseDecreaseInLiabilitiesForBillsWithAttachedRepurchaseAgreements" xlink:label="IncreaseDecreaseInLiabilitiesForBillsWithAttachedRepurchaseAgreements" xlink:title="IncreaseDecreaseInLiabilitiesForBillsWithAttachedRepurchaseAgreements"/>
    <link:label xlink:type="resource" xlink:label="label_IncreaseDecreaseInLiabilitiesForBillsWithAttachedRepurchaseAgreements" xlink:role="http://www.xbrl.org/2003/role/terseLabel" xlink:title="label_IncreaseDecreaseInLiabilitiesForBillsWithAttachedRepurchaseAgreements" xml:lang="en" id="label_IncreaseDecreaseInLiabilitiesForBillsWithAttachedRepurchaseAgreements">A62120</link:label>
    <link:labelArc xlink:type="arc" xlink:arcrole="http://www.xbrl.org/2003/arcrole/concept-label" xlink:from="IncreaseDecreaseInLiabilitiesForBillsWithAttachedRepurchaseAgreements" xlink:to="label_IncreaseDecreaseInLiabilitiesForBillsWithAttachedRepurchaseAgreements" xlink:title="label: IncreaseDecreaseInLiabilitiesForBillsWithAttachedRepurchaseAgreements to label_IncreaseDecreaseInLiabilitiesForBillsWithAttachedRepurchaseAgreements"/>
    <link:loc xlink:type="locator" xlink:href="../tifrs-scf-2015-03-31.xsd#tifrs-SCF_IncreaseDecreaseInNotesPayable" xlink:label="IncreaseDecreaseInNotesPayable" xlink:title="IncreaseDecreaseInNotesPayable"/>
    <link:label xlink:type="resource" xlink:label="label_IncreaseDecreaseInNotesPayable" xlink:role="http://www.xbrl.org/2003/role/terseLabel" xlink:title="label_IncreaseDecreaseInNotesPayable" xml:lang="en" id="label_IncreaseDecreaseInNotesPayable">A62210</link:label>
    <link:labelArc xlink:type="arc" xlink:arcrole="http://www.xbrl.org/2003/arcrole/concept-label" xlink:from="IncreaseDecreaseInNotesPayable" xlink:to="label_IncreaseDecreaseInNotesPayable" xlink:title="label: IncreaseDecreaseInNotesPayable to label_IncreaseDecreaseInNotesPayable"/>
    <link:loc xlink:type="locator" xlink:href="../tifrs-scf-2015-03-31.xsd#tifrs-SCF_IncreaseDecreaseInLiabilitiesForBondsWithAttachedRepurchaseAgreements" xlink:label="IncreaseDecreaseInLiabilitiesForBondsWithAttachedRepurchaseAgreements" xlink:title="IncreaseDecreaseInLiabilitiesForBondsWithAttachedRepurchaseAgreements"/>
    <link:label xlink:type="resource" xlink:label="label_IncreaseDecreaseInLiabilitiesForBondsWithAttachedRepurchaseAgreements" xlink:role="http://www.xbrl.org/2003/role/terseLabel" xlink:title="label_IncreaseDecreaseInLiabilitiesForBondsWithAttachedRepurchaseAgreements" xml:lang="en" id="label_IncreaseDecreaseInLiabilitiesForBondsWithAttachedRepurchaseAgreements">A62110</link:label>
    <link:labelArc xlink:type="arc" xlink:arcrole="http://www.xbrl.org/2003/arcrole/concept-label" xlink:from="IncreaseDecreaseInLiabilitiesForBondsWithAttachedRepurchaseAgreements" xlink:to="label_IncreaseDecreaseInLiabilitiesForBondsWithAttachedRepurchaseAgreements" xlink:title="label: IncreaseDecreaseInLiabilitiesForBondsWithAttachedRepurchaseAgreements to label_IncreaseDecreaseInLiabilitiesForBondsWithAttachedRepurchaseAgreements"/>
    <link:loc xlink:type="locator" xlink:href="../tifrs-scf-2015-03-31.xsd#tifrs-SCF_IncreaseDecreaseInAccountsPayable" xlink:label="IncreaseDecreaseInAccountsPayable" xlink:title="IncreaseDecreaseInAccountsPayable"/>
    <link:label xlink:type="resource" xlink:label="label_IncreaseDecreaseInAccountsPayable" xlink:role="http://www.xbrl.org/2003/role/terseLabel" xlink:title="label_IncreaseDecreaseInAccountsPayable" xml:lang="en" id="label_IncreaseDecreaseInAccountsPayable">A62230</link:label>
    <link:labelArc xlink:type="arc" xlink:arcrole="http://www.xbrl.org/2003/arcrole/concept-label" xlink:from="IncreaseDecreaseInAccountsPayable" xlink:to="label_IncreaseDecreaseInAccountsPayable" xlink:title="label: IncreaseDecreaseInAccountsPayable to label_IncreaseDecreaseInAccountsPayable"/>
    <link:loc xlink:type="locator" xlink:href="../tifrs-scf-2015-03-31.xsd#tifrs-SCF_IncreaseDecreaseInOtherPayables" xlink:label="IncreaseDecreaseInOtherPayables" xlink:title="IncreaseDecreaseInOtherPayables"/>
    <link:label xlink:type="resource" xlink:label="label_IncreaseDecreaseInOtherPayables" xlink:role="http://www.xbrl.org/2003/role/terseLabel" xlink:title="label_IncreaseDecreaseInOtherPayables" xml:lang="en" id="label_IncreaseDecreaseInOtherPayables">A62270</link:label>
    <link:labelArc xlink:type="arc" xlink:arcrole="http://www.xbrl.org/2003/arcrole/concept-label" xlink:from="IncreaseDecreaseInOtherPayables" xlink:to="label_IncreaseDecreaseInOtherPayables" xlink:title="label: IncreaseDecreaseInOtherPayables to label_IncreaseDecreaseInOtherPayables"/>
    <link:loc xlink:type="locator" xlink:href="../tifrs-scf-2015-03-31.xsd#tifrs-SCF_IncreaseDecreaseInFuturesTradersEquity" xlink:label="IncreaseDecreaseInFuturesTradersEquity" xlink:title="IncreaseDecreaseInFuturesTradersEquity"/>
    <link:label xlink:type="resource" xlink:label="label_IncreaseDecreaseInFuturesTradersEquity" xlink:role="http://www.xbrl.org/2003/role/terseLabel" xlink:title="label_IncreaseDecreaseInFuturesTradersEquity" xml:lang="en" id="label_IncreaseDecreaseInFuturesTradersEquity">A62200</link:label>
    <link:labelArc xlink:type="arc" xlink:arcrole="http://www.xbrl.org/2003/arcrole/concept-label" xlink:from="IncreaseDecreaseInFuturesTradersEquity" xlink:to="label_IncreaseDecreaseInFuturesTradersEquity" xlink:title="label: IncreaseDecreaseInFuturesTradersEquity to label_IncreaseDecreaseInFuturesTradersEquity"/>
    <link:loc xlink:type="locator" xlink:href="../tifrs-scf-2015-03-31.xsd#tifrs-SCF_IncreaseDecreaseInSecuritiesFinancingRefundableDeposits" xlink:label="IncreaseDecreaseInSecuritiesFinancingRefundableDeposits" xlink:title="IncreaseDecreaseInSecuritiesFinancingRefundableDeposits"/>
    <link:label xlink:type="resource" xlink:label="label_IncreaseDecreaseInSecuritiesFinancingRefundableDeposits" xlink:role="http://www.xbrl.org/2003/role/terseLabel" xlink:title="label_IncreaseDecreaseInSecuritiesFinancingRefundableDeposits" xml:lang="en" id="label_IncreaseDecreaseInSecuritiesFinancingRefundableDeposits">A62160</link:label>
    <link:labelArc xlink:type="arc" xlink:arcrole="http://www.xbrl.org/2003/arcrole/concept-label" xlink:from="IncreaseDecreaseInSecuritiesFinancingRefundableDeposits" xlink:to="label_IncreaseDecreaseInSecuritiesFinancingRefundableDeposits" xlink:title="label: IncreaseDecreaseInSecuritiesFinancingRefundableDeposits to label_IncreaseDecreaseInSecuritiesFinancingRefundableDeposits"/>
    <link:loc xlink:type="locator" xlink:href="../tifrs-scf-2015-03-31.xsd#tifrs-SCF_IncreaseDecreaseInProvisions" xlink:label="IncreaseDecreaseInProvisions" xlink:title="IncreaseDecreaseInProvisions"/>
    <link:label xlink:type="resource" xlink:label="label_IncreaseDecreaseInProvisions" xlink:role="http://www.xbrl.org/2003/role/terseLabel" xlink:title="label_IncreaseDecreaseInProvisions" xml:lang="en" id="label_IncreaseDecreaseInProvisions">A62300</link:label>
    <link:labelArc xlink:type="arc" xlink:arcrole="http://www.xbrl.org/2003/arcrole/concept-label" xlink:from="IncreaseDecreaseInProvisions" xlink:to="label_IncreaseDecreaseInProvisions" xlink:title="label: IncreaseDecreaseInProvisions to label_IncreaseDecreaseInProvisions"/>
    <link:loc xlink:type="locator" xlink:href="../tifrs-scf-2015-03-31.xsd#tifrs-SCF_IncreaseDecreaseInRefundableDeposit" xlink:label="IncreaseDecreaseInRefundableDeposit" xlink:title="IncreaseDecreaseInRefundableDeposit"/>
    <link:label xlink:type="resource" xlink:label="label_IncreaseDecreaseInRefundableDeposit" xlink:role="http://www.xbrl.org/2003/role/terseLabel" xlink:title="label_IncreaseDecreaseInRefundableDeposit" xml:lang="en" id="label_IncreaseDecreaseInRefundableDeposit">A62190</link:label>
    <link:labelArc xlink:type="arc" xlink:arcrole="http://www.xbrl.org/2003/arcrole/concept-label" xlink:from="IncreaseDecreaseInRefundableDeposit" xlink:to="label_IncreaseDecreaseInRefundableDeposit" xlink:title="label: IncreaseDecreaseInRefundableDeposit to label_IncreaseDecreaseInRefundableDeposit"/>
    <link:loc xlink:type="locator" xlink:href="../tifrs-scf-2015-03-31.xsd#tifrs-SCF_IncreaseDecreaseInOtherPayableRelatedParties" xlink:label="IncreaseDecreaseInOtherPayableRelatedParties" xlink:title="IncreaseDecreaseInOtherPayableRelatedParties"/>
    <link:label xlink:type="resource" xlink:label="label_IncreaseDecreaseInOtherPayableRelatedParties" xlink:role="http://www.xbrl.org/2003/role/terseLabel" xlink:title="label_IncreaseDecreaseInOtherPayableRelatedParties" xml:lang="en" id="label_IncreaseDecreaseInOtherPayableRelatedParties">A62280</link:label>
    <link:labelArc xlink:type="arc" xlink:arcrole="http://www.xbrl.org/2003/arcrole/concept-label" xlink:from="IncreaseDecreaseInOtherPayableRelatedParties" xlink:to="label_IncreaseDecreaseInOtherPayableRelatedParties" xlink:title="label: IncreaseDecreaseInOtherPayableRelatedParties to label_IncreaseDecreaseInOtherPayableRelatedParties"/>
    <link:loc xlink:type="locator" xlink:href="../tifrs-scf-2015-03-31.xsd#tifrs-SCF_IncreaseDecreaseInOtherFinancialLiabilities" xlink:label="IncreaseDecreaseInOtherFinancialLiabilities" xlink:title="IncreaseDecreaseInOtherFinancialLiabilities"/>
    <link:label xlink:type="resource" xlink:label="label_IncreaseDecreaseInOtherFinancialLiabilities" xlink:role="http://www.xbrl.org/2003/role/terseLabel" xlink:title="label_IncreaseDecreaseInOtherFinancialLiabilities" xml:lang="en" id="label_IncreaseDecreaseInOtherFinancialLiabilities">A62310</link:label>
    <link:labelArc xlink:type="arc" xlink:arcrole="http://www.xbrl.org/2003/arcrole/concept-label" xlink:from="IncreaseDecreaseInOtherFinancialLiabilities" xlink:to="label_IncreaseDecreaseInOtherFinancialLiabilities" xlink:title="label: IncreaseDecreaseInOtherFinancialLiabilities to label_IncreaseDecreaseInOtherFinancialLiabilities"/>
    <link:loc xlink:type="locator" xlink:href="../tifrs-scf-2015-03-31.xsd#tifrs-SCF_IncreaseDecreaseInNotesPayableRelatedParties" xlink:label="IncreaseDecreaseInNotesPayableRelatedParties" xlink:title="IncreaseDecreaseInNotesPayableRelatedParties"/>
    <link:label xlink:type="resource" xlink:label="label_IncreaseDecreaseInNotesPayableRelatedParties" xlink:role="http://www.xbrl.org/2003/role/terseLabel" xlink:title="label_IncreaseDecreaseInNotesPayableRelatedParties" xml:lang="en" id="label_IncreaseDecreaseInNotesPayableRelatedParties">A62220</link:label>
    <link:labelArc xlink:type="arc" xlink:arcrole="http://www.xbrl.org/2003/arcrole/concept-label" xlink:from="IncreaseDecreaseInNotesPayableRelatedParties" xlink:to="label_IncreaseDecreaseInNotesPayableRelatedParties" xlink:title="label: IncreaseDecreaseInNotesPayableRelatedParties to label_IncreaseDecreaseInNotesPayableRelatedParties"/>
    <link:loc xlink:type="locator" xlink:href="../tifrs-scf-2015-03-31.xsd#tifrs-SCF_IncreaseDecreaseInRefinancingBorrowings" xlink:label="IncreaseDecreaseInRefinancingBorrowings" xlink:title="IncreaseDecreaseInRefinancingBorrowings"/>
    <link:label xlink:type="resource" xlink:label="label_IncreaseDecreaseInRefinancingBorrowings" xlink:role="http://www.xbrl.org/2003/role/terseLabel" xlink:title="label_IncreaseDecreaseInRefinancingBorrowings" xml:lang="en" id="label_IncreaseDecreaseInRefinancingBorrowings">A62180</link:label>
    <link:labelArc xlink:type="arc" xlink:arcrole="http://www.xbrl.org/2003/arcrole/concept-label" xlink:from="IncreaseDecreaseInRefinancingBorrowings" xlink:to="label_IncreaseDecreaseInRefinancingBorrowings" xlink:title="label: IncreaseDecreaseInRefinancingBorrowings to label_IncreaseDecreaseInRefinancingBorrowings"/>
    <link:loc xlink:type="locator" xlink:href="../tifrs-scf-2015-03-31.xsd#tifrs-SCF_IncreaseDecreaseInOtherCurrentLiabilities" xlink:label="IncreaseDecreaseInOtherCurrentLiabilities" xlink:title="IncreaseDecreaseInOtherCurrentLiabilities"/>
    <link:label xlink:type="resource" xlink:label="label_IncreaseDecreaseInOtherCurrentLiabilities" xlink:role="http://www.xbrl.org/2003/role/terseLabel" xlink:title="label_IncreaseDecreaseInOtherCurrentLiabilities" xml:lang="en" id="label_IncreaseDecreaseInOtherCurrentLiabilities">A62320</link:label>
    <link:labelArc xlink:type="arc" xlink:arcrole="http://www.xbrl.org/2003/arcrole/concept-label" xlink:from="IncreaseDecreaseInOtherCurrentLiabilities" xlink:to="label_IncreaseDecreaseInOtherCurrentLiabilities" xlink:title="label: IncreaseDecreaseInOtherCurrentLiabilities to label_IncreaseDecreaseInOtherCurrentLiabilities"/>
    <link:loc xlink:type="locator" xlink:href="../tifrs-scf-2015-03-31.xsd#tifrs-SCF_IncreaseDecreaseInAccruedPensionLiability" xlink:label="IncreaseDecreaseInAccruedPensionLiability" xlink:title="IncreaseDecreaseInAccruedPensionLiability"/>
    <link:label xlink:type="resource" xlink:label="label_IncreaseDecreaseInAccruedPensionLiability" xlink:role="http://www.xbrl.org/2003/role/terseLabel" xlink:title="label_IncreaseDecreaseInAccruedPensionLiability" xml:lang="en" id="label_IncreaseDecreaseInAccruedPensionLiability">A62290</link:label>
    <link:labelArc xlink:type="arc" xlink:arcrole="http://www.xbrl.org/2003/arcrole/concept-label" xlink:from="IncreaseDecreaseInAccruedPensionLiability" xlink:to="label_IncreaseDecreaseInAccruedPensionLiability" xlink:title="label: IncreaseDecreaseInAccruedPensionLiability to label_IncreaseDecreaseInAccruedPensionLiability"/>
    <link:loc xlink:type="locator" xlink:href="../tifrs-scf-2015-03-31.xsd#tifrs-SCF_IncreaseDecreaseInGuaranteeDepositsAndMarginsReceived" xlink:label="IncreaseDecreaseInGuaranteeDepositsAndMarginsReceived" xlink:title="IncreaseDecreaseInGuaranteeDepositsAndMarginsReceived"/>
    <link:label xlink:type="resource" xlink:label="label_IncreaseDecreaseInGuaranteeDepositsAndMarginsReceived" xlink:role="http://www.xbrl.org/2003/role/terseLabel" xlink:title="label_IncreaseDecreaseInGuaranteeDepositsAndMarginsReceived" xml:lang="en" id="label_IncreaseDecreaseInGuaranteeDepositsAndMarginsReceived">A62340</link:label>
    <link:labelArc xlink:type="arc" xlink:arcrole="http://www.xbrl.org/2003/arcrole/concept-label" xlink:from="IncreaseDecreaseInGuaranteeDepositsAndMarginsReceived" xlink:to="label_IncreaseDecreaseInGuaranteeDepositsAndMarginsReceived" xlink:title="label: IncreaseDecreaseInGuaranteeDepositsAndMarginsReceived to label_IncreaseDecreaseInGuaranteeDepositsAndMarginsReceived"/>
    <link:loc xlink:type="locator" xlink:href="../tifrs-scf-2015-03-31.xsd#tifrs-SCF_IncreaseDecreaseInAccountsPayableRelatedParties" xlink:label="IncreaseDecreaseInAccountsPayableRelatedParties" xlink:title="IncreaseDecreaseInAccountsPayableRelatedParties"/>
    <link:label xlink:type="resource" xlink:label="label_IncreaseDecreaseInAccountsPayableRelatedParties" xlink:role="http://www.xbrl.org/2003/role/terseLabel" xlink:title="label_IncreaseDecreaseInAccountsPayableRelatedParties" xml:lang="en" id="label_IncreaseDecreaseInAccountsPayableRelatedParties">A62240</link:label>
    <link:labelArc xlink:type="arc" xlink:arcrole="http://www.xbrl.org/2003/arcrole/concept-label" xlink:from="IncreaseDecreaseInAccountsPayableRelatedParties" xlink:to="label_IncreaseDecreaseInAccountsPayableRelatedParties" xlink:title="label: IncreaseDecreaseInAccountsPayableRelatedParties to label_IncreaseDecreaseInAccountsPayableRelatedParties"/>
    <link:loc xlink:type="locator" xlink:href="../tifrs-scf-2015-03-31.xsd#tifrs-SCF_IncreaseDecreaseInLong-TermDeferredRevenue" xlink:label="IncreaseDecreaseInLong-TermDeferredRevenue" xlink:title="IncreaseDecreaseInLong-TermDeferredRevenue"/>
    <link:label xlink:type="resource" xlink:label="label_IncreaseDecreaseInLong-TermDeferredRevenue" xlink:role="http://www.xbrl.org/2003/role/terseLabel" xlink:title="label_IncreaseDecreaseInLong-TermDeferredRevenue" xml:lang="en" id="label_IncreaseDecreaseInLong-TermDeferredRevenue">A62330</link:label>
    <link:labelArc xlink:type="arc" xlink:arcrole="http://www.xbrl.org/2003/arcrole/concept-label" xlink:from="IncreaseDecreaseInLong-TermDeferredRevenue" xlink:to="label_IncreaseDecreaseInLong-TermDeferredRevenue" xlink:title="label: IncreaseDecreaseInLong-TermDeferredRevenue to label_IncreaseDecreaseInLong-TermDeferredRevenue"/>
    <link:loc xlink:type="locator" xlink:href="../tifrs-scf-2015-03-31.xsd#tifrs-SCF_IncreaseDecreaseInAmountsReceivedInAdvance" xlink:label="IncreaseDecreaseInAmountsReceivedInAdvance" xlink:title="IncreaseDecreaseInAmountsReceivedInAdvance"/>
    <link:label xlink:type="resource" xlink:label="label_IncreaseDecreaseInAmountsReceivedInAdvance" xlink:role="http://www.xbrl.org/2003/role/terseLabel" xlink:title="label_IncreaseDecreaseInAmountsReceivedInAdvance" xml:lang="en" id="label_IncreaseDecreaseInAmountsReceivedInAdvance">A62250</link:label>
    <link:labelArc xlink:type="arc" xlink:arcrole="http://www.xbrl.org/2003/arcrole/concept-label" xlink:from="IncreaseDecreaseInAmountsReceivedInAdvance" xlink:to="label_IncreaseDecreaseInAmountsReceivedInAdvance" xlink:title="label: IncreaseDecreaseInAmountsReceivedInAdvance to label_IncreaseDecreaseInAmountsReceivedInAdvance"/>
    <link:loc xlink:type="locator" xlink:href="../tifrs-scf-2015-03-31.xsd#tifrs-SCF_IncreaseDecreaseInFinancialLiabilitiesAtCost" xlink:label="IncreaseDecreaseInFinancialLiabilitiesAtCost" xlink:title="IncreaseDecreaseInFinancialLiabilitiesAtCost"/>
    <link:label xlink:type="resource" xlink:label="label_IncreaseDecreaseInFinancialLiabilitiesAtCost" xlink:role="http://www.xbrl.org/2003/role/terseLabel" xlink:title="label_IncreaseDecreaseInFinancialLiabilitiesAtCost" xml:lang="en" id="label_IncreaseDecreaseInFinancialLiabilitiesAtCost">A62140</link:label>
    <link:labelArc xlink:type="arc" xlink:arcrole="http://www.xbrl.org/2003/arcrole/concept-label" xlink:from="IncreaseDecreaseInFinancialLiabilitiesAtCost" xlink:to="label_IncreaseDecreaseInFinancialLiabilitiesAtCost" xlink:title="label: IncreaseDecreaseInFinancialLiabilitiesAtCost to label_IncreaseDecreaseInFinancialLiabilitiesAtCost"/>
    <link:loc xlink:type="locator" xlink:href="../tifrs-scf-2015-03-31.xsd#tifrs-SCF_IncreaseDecreaseInReceiptsUnderCustody" xlink:label="IncreaseDecreaseInReceiptsUnderCustody" xlink:title="IncreaseDecreaseInReceiptsUnderCustody"/>
    <link:label xlink:type="resource" xlink:label="label_IncreaseDecreaseInReceiptsUnderCustody" xlink:role="http://www.xbrl.org/2003/role/terseLabel" xlink:title="label_IncreaseDecreaseInReceiptsUnderCustody" xml:lang="en" id="label_IncreaseDecreaseInReceiptsUnderCustody">A62260</link:label>
    <link:labelArc xlink:type="arc" xlink:arcrole="http://www.xbrl.org/2003/arcrole/concept-label" xlink:from="IncreaseDecreaseInReceiptsUnderCustody" xlink:to="label_IncreaseDecreaseInReceiptsUnderCustody" xlink:title="label: IncreaseDecreaseInReceiptsUnderCustody to label_IncreaseDecreaseInReceiptsUnderCustody"/>
    <link:loc xlink:type="locator" xlink:href="../tifrs-scf-2015-03-31.xsd#tifrs-SCF_IncreaseDecreaseInOtherOperatingAssets" xlink:label="IncreaseDecreaseInOtherOperatingAssets" xlink:title="IncreaseDecreaseInOtherOperatingAssets"/>
    <link:label xlink:type="resource" xlink:label="label_IncreaseDecreaseInOtherOperatingAssets" xlink:role="http://www.xbrl.org/2003/role/terseLabel" xlink:title="label_IncreaseDecreaseInOtherOperatingAssets" xml:lang="en" id="label_IncreaseDecreaseInOtherOperatingAssets">A62990</link:label>
    <link:labelArc xlink:type="arc" xlink:arcrole="http://www.xbrl.org/2003/arcrole/concept-label" xlink:from="IncreaseDecreaseInOtherOperatingAssets" xlink:to="label_IncreaseDecreaseInOtherOperatingAssets" xlink:title="label: IncreaseDecreaseInOtherOperatingAssets to label_IncreaseDecreaseInOtherOperatingAssets"/>
    <link:loc xlink:type="locator" xlink:href="../tifrs-scf-2015-03-31.xsd#tifrs-SCF_ChangesInOperatingLiabilities" xlink:label="ChangesInOperatingLiabilities" xlink:title="ChangesInOperatingLiabilities"/>
    <link:label xlink:type="resource" xlink:label="label_ChangesInOperatingLiabilities" xlink:role="http://www.xbrl.org/2003/role/terseLabel" xlink:title="label_ChangesInOperatingLiabilities" xml:lang="en" id="label_ChangesInOperatingLiabilities">A62000</link:label>
    <link:labelArc xlink:type="arc" xlink:arcrole="http://www.xbrl.org/2003/arcrole/concept-label" xlink:from="ChangesInOperatingLiabilities" xlink:to="label_ChangesInOperatingLiabilities" xlink:title="label: ChangesInOperatingLiabilities to label_ChangesInOperatingLiabilities"/>
    <link:loc xlink:type="locator" xlink:href="../tifrs-scf-2015-03-31.xsd#tifrs-SCF_ChangesInOperatingAssetsAndLiabilities" xlink:label="ChangesInOperatingAssetsAndLiabilities" xlink:title="ChangesInOperatingAssetsAndLiabilities"/>
    <link:label xlink:type="resource" xlink:label="label_ChangesInOperatingAssetsAndLiabilities" xlink:role="http://www.xbrl.org/2003/role/terseLabel" xlink:title="label_ChangesInOperatingAssetsAndLiabilities" xml:lang="en" id="label_ChangesInOperatingAssetsAndLiabilities">A60000</link:label>
    <link:labelArc xlink:type="arc" xlink:arcrole="http://www.xbrl.org/2003/arcrole/concept-label" xlink:from="ChangesInOperatingAssetsAndLiabilities" xlink:to="label_ChangesInOperatingAssetsAndLiabilities" xlink:title="label: ChangesInOperatingAssetsAndLiabilities to label_ChangesInOperatingAssetsAndLiabilities"/>
  </link:labelLink>
</link:linkbase>
