<?xml version="1.0" encoding="UTF-8"?>
<!-- Generated by Fujitsu XWand B0184C -->
<link:linkbase xmlns:xsi="http://www.w3.org/2001/XMLSchema-instance" xsi:schemaLocation="http://www.xbrl.org/2003/linkbase http://www.xbrl.org/2003/xbrl-linkbase-2003-12-31.xsd" xmlns:link="http://www.xbrl.org/2003/linkbase" xmlns:xbrli="http://www.xbrl.org/2003/instance" xmlns:xlink="http://www.w3.org/1999/xlink">
  <link:roleRef roleURI="http://www.xbrl.org/tifrs/fr/role/StatementOfCashFlows" xlink:type="simple" xlink:href="../tifrs-scf-2015-03-31.xsd#RT_1"/>
  <link:calculationLink xlink:type="extended" xlink:role="http://www.xbrl.org/tifrs/fr/role/StatementOfCashFlows">
    <link:loc xlink:type="locator" xlink:href="../tifrs-scf-2015-03-31.xsd#tifrs-SCF_AdjustmentsToReconcileProfitLoss" xlink:label="AdjustmentsToReconcileProfitLoss" xlink:title="AdjustmentsToReconcileProfitLoss"/>
    <link:loc xlink:type="locator" xlink:href="../tifrs-scf-2015-03-31.xsd#tifrs-SCF_ProvisionReversalOfProvisionForBadDebtExpense" xlink:label="ProvisionReversalOfProvisionForBadDebtExpense" xlink:title="ProvisionReversalOfProvisionForBadDebtExpense"/>
    <link:calculationArc xlink:type="arc" xlink:arcrole="http://www.xbrl.org/2003/arcrole/summation-item" xlink:from="AdjustmentsToReconcileProfitLoss" xlink:to="ProvisionReversalOfProvisionForBadDebtExpense" xlink:title="calculation: AdjustmentsToReconcileProfitLoss to ProvisionReversalOfProvisionForBadDebtExpense" use="optional" order="2.1" weight="1.0"/>
    <link:loc xlink:type="locator" xlink:href="../tifrs-scf-2015-03-31.xsd#tifrs-SCF_InterestIncome" xlink:label="InterestIncome" xlink:title="InterestIncome"/>
    <link:calculationArc xlink:type="arc" xlink:arcrole="http://www.xbrl.org/2003/arcrole/summation-item" xlink:from="AdjustmentsToReconcileProfitLoss" xlink:to="InterestIncome" xlink:title="calculation: AdjustmentsToReconcileProfitLoss to InterestIncome" use="optional" order="6.1" weight="1.0"/>
    <link:loc xlink:type="locator" xlink:href="../tifrs-scf-2015-03-31.xsd#tifrs-SCF_LossGainOnDisposalOfPropertyPlanAndEquipment" xlink:label="LossGainOnDisposalOfPropertyPlanAndEquipment" xlink:title="LossGainOnDisposalOfPropertyPlanAndEquipment"/>
    <link:calculationArc xlink:type="arc" xlink:arcrole="http://www.xbrl.org/2003/arcrole/summation-item" xlink:from="AdjustmentsToReconcileProfitLoss" xlink:to="LossGainOnDisposalOfPropertyPlanAndEquipment" xlink:title="calculation: AdjustmentsToReconcileProfitLoss to LossGainOnDisposalOfPropertyPlanAndEquipment" use="optional" order="12.1" weight="1.0"/>
    <link:loc xlink:type="locator" xlink:href="../tifrs-scf-2015-03-31.xsd#tifrs-SCF_PropertyPlanAndEquipmentTransferredToExpenses" xlink:label="PropertyPlanAndEquipmentTransferredToExpenses" xlink:title="PropertyPlanAndEquipmentTransferredToExpenses"/>
    <link:calculationArc xlink:type="arc" xlink:arcrole="http://www.xbrl.org/2003/arcrole/summation-item" xlink:from="AdjustmentsToReconcileProfitLoss" xlink:to="PropertyPlanAndEquipmentTransferredToExpenses" xlink:title="calculation: AdjustmentsToReconcileProfitLoss to PropertyPlanAndEquipmentTransferredToExpenses" use="optional" order="12.2" weight="1.0"/>
    <link:loc xlink:type="locator" xlink:href="../tifrs-scf-2015-03-31.xsd#tifrs-SCF_LossGainOnDisposalOfInvestmentProperties" xlink:label="LossGainOnDisposalOfInvestmentProperties" xlink:title="LossGainOnDisposalOfInvestmentProperties"/>
    <link:calculationArc xlink:type="arc" xlink:arcrole="http://www.xbrl.org/2003/arcrole/summation-item" xlink:from="AdjustmentsToReconcileProfitLoss" xlink:to="LossGainOnDisposalOfInvestmentProperties" xlink:title="calculation: AdjustmentsToReconcileProfitLoss to LossGainOnDisposalOfInvestmentProperties" use="optional" order="12.3" weight="1.0"/>
    <link:loc xlink:type="locator" xlink:href="../tifrs-scf-2015-03-31.xsd#tifrs-SCF_LossGainOnDisposalOfOtherAssets" xlink:label="LossGainOnDisposalOfOtherAssets" xlink:title="LossGainOnDisposalOfOtherAssets"/>
    <link:calculationArc xlink:type="arc" xlink:arcrole="http://www.xbrl.org/2003/arcrole/summation-item" xlink:from="AdjustmentsToReconcileProfitLoss" xlink:to="LossGainOnDisposalOfOtherAssets" xlink:title="calculation: AdjustmentsToReconcileProfitLoss to LossGainOnDisposalOfOtherAssets" use="optional" order="14.1" weight="1.0"/>
    <link:loc xlink:type="locator" xlink:href="../tifrs-scf-2015-03-31.xsd#tifrs-SCF_LossGainOnDisposalOfNoncurrentAssetsClassifiedAsHeldForSale" xlink:label="LossGainOnDisposalOfNoncurrentAssetsClassifiedAsHeldForSale" xlink:title="LossGainOnDisposalOfNoncurrentAssetsClassifiedAsHeldForSale"/>
    <link:calculationArc xlink:type="arc" xlink:arcrole="http://www.xbrl.org/2003/arcrole/summation-item" xlink:from="AdjustmentsToReconcileProfitLoss" xlink:to="LossGainOnDisposalOfNoncurrentAssetsClassifiedAsHeldForSale" xlink:title="calculation: AdjustmentsToReconcileProfitLoss to LossGainOnDisposalOfNoncurrentAssetsClassifiedAsHeldForSale" use="optional" order="14.2" weight="1.0"/>
    <link:loc xlink:type="locator" xlink:href="../tifrs-scf-2015-03-31.xsd#tifrs-SCF_LossGainOnDisposalOfInvestments" xlink:label="LossGainOnDisposalOfInvestments" xlink:title="LossGainOnDisposalOfInvestments"/>
    <link:calculationArc xlink:type="arc" xlink:arcrole="http://www.xbrl.org/2003/arcrole/summation-item" xlink:from="AdjustmentsToReconcileProfitLoss" xlink:to="LossGainOnDisposalOfInvestments" xlink:title="calculation: AdjustmentsToReconcileProfitLoss to LossGainOnDisposalOfInvestments" use="optional" order="14.3" weight="1.0"/>
    <link:loc xlink:type="locator" xlink:href="../tifrs-scf-2015-03-31.xsd#tifrs-SCF_NetLossGainOnNonoperatingFinancialInstrumentsAtFairValue" xlink:label="NetLossGainOnNonoperatingFinancialInstrumentsAtFairValue" xlink:title="NetLossGainOnNonoperatingFinancialInstrumentsAtFairValue"/>
    <link:calculationArc xlink:type="arc" xlink:arcrole="http://www.xbrl.org/2003/arcrole/summation-item" xlink:from="AdjustmentsToReconcileProfitLoss" xlink:to="NetLossGainOnNonoperatingFinancialInstrumentsAtFairValue" xlink:title="calculation: AdjustmentsToReconcileProfitLoss to NetLossGainOnNonoperatingFinancialInstrumentsAtFairValue" use="optional" order="16.1" weight="1.0"/>
    <link:loc xlink:type="locator" xlink:href="../tifrs-scf-2015-03-31.xsd#tifrs-SCF_UnrealizedGainLossOnIssuanceOfCallOrPut" xlink:label="UnrealizedGainLossOnIssuanceOfCallOrPut" xlink:title="UnrealizedGainLossOnIssuanceOfCallOrPut"/>
    <link:calculationArc xlink:type="arc" xlink:arcrole="http://www.xbrl.org/2003/arcrole/summation-item" xlink:from="AdjustmentsToReconcileProfitLoss" xlink:to="UnrealizedGainLossOnIssuanceOfCallOrPut" xlink:title="calculation: AdjustmentsToReconcileProfitLoss to UnrealizedGainLossOnIssuanceOfCallOrPut" use="optional" order="16.2" weight="1.0"/>
    <link:loc xlink:type="locator" xlink:href="../tifrs-scf-2015-03-31.xsd#tifrs-SCF_UnrealizedProfitLossFromSales" xlink:label="UnrealizedProfitLossFromSales" xlink:title="UnrealizedProfitLossFromSales"/>
    <link:calculationArc xlink:type="arc" xlink:arcrole="http://www.xbrl.org/2003/arcrole/summation-item" xlink:from="AdjustmentsToReconcileProfitLoss" xlink:to="UnrealizedProfitLossFromSales" xlink:title="calculation: AdjustmentsToReconcileProfitLoss to UnrealizedProfitLossFromSales" order="20.1" weight="1.0"/>
    <link:loc xlink:type="locator" xlink:href="../tifrs-scf-2015-03-31.xsd#tifrs-SCF_RealizedLossProfitOnFromSales" xlink:label="RealizedLossProfitOnFromSales" xlink:title="RealizedLossProfitOnFromSales"/>
    <link:calculationArc xlink:type="arc" xlink:arcrole="http://www.xbrl.org/2003/arcrole/summation-item" xlink:from="AdjustmentsToReconcileProfitLoss" xlink:to="RealizedLossProfitOnFromSales" xlink:title="calculation: AdjustmentsToReconcileProfitLoss to RealizedLossProfitOnFromSales" order="20.2" weight="1.0"/>
    <link:loc xlink:type="locator" xlink:href="../tifrs-scf-2015-03-31.xsd#tifrs-SCF_ChangesInOperatingAssets" xlink:label="ChangesInOperatingAssets" xlink:title="ChangesInOperatingAssets"/>
    <link:loc xlink:type="locator" xlink:href="../tifrs-scf-2015-03-31.xsd#tifrs-SCF_DecreaseIncreaseInFinancialAssetsAtFairValueThroughProfitOrLoss" xlink:label="DecreaseIncreaseInFinancialAssetsAtFairValueThroughProfitOrLoss" xlink:title="DecreaseIncreaseInFinancialAssetsAtFairValueThroughProfitOrLoss"/>
    <link:calculationArc xlink:type="arc" xlink:arcrole="http://www.xbrl.org/2003/arcrole/summation-item" xlink:from="ChangesInOperatingAssets" xlink:to="DecreaseIncreaseInFinancialAssetsAtFairValueThroughProfitOrLoss" xlink:title="calculation: ChangesInOperatingAssets to DecreaseIncreaseInFinancialAssetsAtFairValueThroughProfitOrLoss" use="optional" order="1.0" weight="1.0"/>
    <link:loc xlink:type="locator" xlink:href="../tifrs-scf-2015-03-31.xsd#tifrs-SCF_DecreaseIncreaseInDerivativeFinancialAssetsForHedging" xlink:label="DecreaseIncreaseInDerivativeFinancialAssetsForHedging" xlink:title="DecreaseIncreaseInDerivativeFinancialAssetsForHedging"/>
    <link:calculationArc xlink:type="arc" xlink:arcrole="http://www.xbrl.org/2003/arcrole/summation-item" xlink:from="ChangesInOperatingAssets" xlink:to="DecreaseIncreaseInDerivativeFinancialAssetsForHedging" xlink:title="calculation: ChangesInOperatingAssets to DecreaseIncreaseInDerivativeFinancialAssetsForHedging" use="optional" order="2.0" weight="1.0"/>
    <link:loc xlink:type="locator" xlink:href="../tifrs-scf-2015-03-31.xsd#tifrs-SCF_DecreaseIncreaseInBondInvestmentsUnderResaleAgreements" xlink:label="DecreaseIncreaseInBondInvestmentsUnderResaleAgreements" xlink:title="DecreaseIncreaseInBondInvestmentsUnderResaleAgreements"/>
    <link:calculationArc xlink:type="arc" xlink:arcrole="http://www.xbrl.org/2003/arcrole/summation-item" xlink:from="ChangesInOperatingAssets" xlink:to="DecreaseIncreaseInBondInvestmentsUnderResaleAgreements" xlink:title="calculation: ChangesInOperatingAssets to DecreaseIncreaseInBondInvestmentsUnderResaleAgreements" use="optional" order="3.0" weight="1.0"/>
    <link:loc xlink:type="locator" xlink:href="../tifrs-scf-2015-03-31.xsd#tifrs-SCF_DecreaseIncreaseInBillInvestmentsUnderResaleAgreements" xlink:label="DecreaseIncreaseInBillInvestmentsUnderResaleAgreements" xlink:title="DecreaseIncreaseInBillInvestmentsUnderResaleAgreements"/>
    <link:calculationArc xlink:type="arc" xlink:arcrole="http://www.xbrl.org/2003/arcrole/summation-item" xlink:from="ChangesInOperatingAssets" xlink:to="DecreaseIncreaseInBillInvestmentsUnderResaleAgreements" xlink:title="calculation: ChangesInOperatingAssets to DecreaseIncreaseInBillInvestmentsUnderResaleAgreements" use="optional" order="4.0" weight="1.0"/>
    <link:loc xlink:type="locator" xlink:href="../tifrs-scf-2015-03-31.xsd#tifrs-SCF_DecreaseIncreaseInMarginLoansReceivable" xlink:label="DecreaseIncreaseInMarginLoansReceivable" xlink:title="DecreaseIncreaseInMarginLoansReceivable"/>
    <link:calculationArc xlink:type="arc" xlink:arcrole="http://www.xbrl.org/2003/arcrole/summation-item" xlink:from="ChangesInOperatingAssets" xlink:to="DecreaseIncreaseInMarginLoansReceivable" xlink:title="calculation: ChangesInOperatingAssets to DecreaseIncreaseInMarginLoansReceivable" use="optional" order="5.0" weight="1.0"/>
    <link:loc xlink:type="locator" xlink:href="../tifrs-scf-2015-03-31.xsd#tifrs-SCF_DecreaseIncreaseInRefinancingMargin" xlink:label="DecreaseIncreaseInRefinancingMargin" xlink:title="DecreaseIncreaseInRefinancingMargin"/>
    <link:calculationArc xlink:type="arc" xlink:arcrole="http://www.xbrl.org/2003/arcrole/summation-item" xlink:from="ChangesInOperatingAssets" xlink:to="DecreaseIncreaseInRefinancingMargin" xlink:title="calculation: ChangesInOperatingAssets to DecreaseIncreaseInRefinancingMargin" use="optional" order="6.0" weight="1.0"/>
    <link:loc xlink:type="locator" xlink:href="../tifrs-scf-2015-03-31.xsd#tifrs-SCF_DecreaseIncreaseInRefinancingCollateralReceivable" xlink:label="DecreaseIncreaseInRefinancingCollateralReceivable" xlink:title="DecreaseIncreaseInRefinancingCollateralReceivable"/>
    <link:calculationArc xlink:type="arc" xlink:arcrole="http://www.xbrl.org/2003/arcrole/summation-item" xlink:from="ChangesInOperatingAssets" xlink:to="DecreaseIncreaseInRefinancingCollateralReceivable" xlink:title="calculation: ChangesInOperatingAssets to DecreaseIncreaseInRefinancingCollateralReceivable" use="optional" order="7.0" weight="1.0"/>
    <link:loc xlink:type="locator" xlink:href="../tifrs-scf-2015-03-31.xsd#tifrs-SCF_DecreaseIncreaseInReceivableOfSecuritiesBusinessMoneyLending" xlink:label="DecreaseIncreaseInReceivableOfSecuritiesBusinessMoneyLending" xlink:title="DecreaseIncreaseInReceivableOfSecuritiesBusinessMoneyLending"/>
    <link:calculationArc xlink:type="arc" xlink:arcrole="http://www.xbrl.org/2003/arcrole/summation-item" xlink:from="ChangesInOperatingAssets" xlink:to="DecreaseIncreaseInReceivableOfSecuritiesBusinessMoneyLending" xlink:title="calculation: ChangesInOperatingAssets to DecreaseIncreaseInReceivableOfSecuritiesBusinessMoneyLending" use="optional" order="8.0" weight="1.0"/>
    <link:loc xlink:type="locator" xlink:href="../tifrs-scf-2015-03-31.xsd#tifrs-SCF_DecreaseIncreaseInCustomerMarginAccount" xlink:label="DecreaseIncreaseInCustomerMarginAccount" xlink:title="DecreaseIncreaseInCustomerMarginAccount"/>
    <link:calculationArc xlink:type="arc" xlink:arcrole="http://www.xbrl.org/2003/arcrole/summation-item" xlink:from="ChangesInOperatingAssets" xlink:to="DecreaseIncreaseInCustomerMarginAccount" xlink:title="calculation: ChangesInOperatingAssets to DecreaseIncreaseInCustomerMarginAccount" use="optional" order="9.0" weight="1.0"/>
    <link:loc xlink:type="locator" xlink:href="../tifrs-scf-2015-03-31.xsd#tifrs-SCF_DecreaseIncreaseInFuturesExchangesMarginsReceivable" xlink:label="DecreaseIncreaseInFuturesExchangesMarginsReceivable" xlink:title="DecreaseIncreaseInFuturesExchangesMarginsReceivable"/>
    <link:calculationArc xlink:type="arc" xlink:arcrole="http://www.xbrl.org/2003/arcrole/summation-item" xlink:from="ChangesInOperatingAssets" xlink:to="DecreaseIncreaseInFuturesExchangesMarginsReceivable" xlink:title="calculation: ChangesInOperatingAssets to DecreaseIncreaseInFuturesExchangesMarginsReceivable" use="optional" order="10.0" weight="1.0"/>
    <link:loc xlink:type="locator" xlink:href="../tifrs-scf-2015-03-31.xsd#tifrs-SCF_DecreaseIncreaseInSecurityBorrowingCollateralPrice" xlink:label="DecreaseIncreaseInSecurityBorrowingCollateralPrice" xlink:title="DecreaseIncreaseInSecurityBorrowingCollateralPrice"/>
    <link:calculationArc xlink:type="arc" xlink:arcrole="http://www.xbrl.org/2003/arcrole/summation-item" xlink:from="ChangesInOperatingAssets" xlink:to="DecreaseIncreaseInSecurityBorrowingCollateralPrice" xlink:title="calculation: ChangesInOperatingAssets to DecreaseIncreaseInSecurityBorrowingCollateralPrice" use="optional" order="11.0" weight="1.0"/>
    <link:loc xlink:type="locator" xlink:href="../tifrs-scf-2015-03-31.xsd#tifrs-SCF_DecreaseIncreaseInSecurityBorrowingMargin" xlink:label="DecreaseIncreaseInSecurityBorrowingMargin" xlink:title="DecreaseIncreaseInSecurityBorrowingMargin"/>
    <link:calculationArc xlink:type="arc" xlink:arcrole="http://www.xbrl.org/2003/arcrole/summation-item" xlink:from="ChangesInOperatingAssets" xlink:to="DecreaseIncreaseInSecurityBorrowingMargin" xlink:title="calculation: ChangesInOperatingAssets to DecreaseIncreaseInSecurityBorrowingMargin" use="optional" order="12.0" weight="1.0"/>
    <link:loc xlink:type="locator" xlink:href="../tifrs-scf-2015-03-31.xsd#tifrs-SCF_DecreaseIncreaseInNotesReceivable" xlink:label="DecreaseIncreaseInNotesReceivable" xlink:title="DecreaseIncreaseInNotesReceivable"/>
    <link:calculationArc xlink:type="arc" xlink:arcrole="http://www.xbrl.org/2003/arcrole/summation-item" xlink:from="ChangesInOperatingAssets" xlink:to="DecreaseIncreaseInNotesReceivable" xlink:title="calculation: ChangesInOperatingAssets to DecreaseIncreaseInNotesReceivable" use="optional" order="13.0" weight="1.0"/>
    <link:loc xlink:type="locator" xlink:href="../tifrs-scf-2015-03-31.xsd#tifrs-SCF_DecreaseIncreaseInNotesReceivableRelatedParties" xlink:label="DecreaseIncreaseInNotesReceivableRelatedParties" xlink:title="DecreaseIncreaseInNotesReceivableRelatedParties"/>
    <link:calculationArc xlink:type="arc" xlink:arcrole="http://www.xbrl.org/2003/arcrole/summation-item" xlink:from="ChangesInOperatingAssets" xlink:to="DecreaseIncreaseInNotesReceivableRelatedParties" xlink:title="calculation: ChangesInOperatingAssets to DecreaseIncreaseInNotesReceivableRelatedParties" use="optional" order="14.0" weight="1.0"/>
    <link:loc xlink:type="locator" xlink:href="../tifrs-scf-2015-03-31.xsd#tifrs-SCF_DecreaseIncreaseInAccountsReceivable" xlink:label="DecreaseIncreaseInAccountsReceivable" xlink:title="DecreaseIncreaseInAccountsReceivable"/>
    <link:calculationArc xlink:type="arc" xlink:arcrole="http://www.xbrl.org/2003/arcrole/summation-item" xlink:from="ChangesInOperatingAssets" xlink:to="DecreaseIncreaseInAccountsReceivable" xlink:title="calculation: ChangesInOperatingAssets to DecreaseIncreaseInAccountsReceivable" use="optional" order="15.0" weight="1.0"/>
    <link:loc xlink:type="locator" xlink:href="../tifrs-scf-2015-03-31.xsd#tifrs-SCF_DecreaseIncreaseInAccountsReceivableRelatedParties" xlink:label="DecreaseIncreaseInAccountsReceivableRelatedParties" xlink:title="DecreaseIncreaseInAccountsReceivableRelatedParties"/>
    <link:calculationArc xlink:type="arc" xlink:arcrole="http://www.xbrl.org/2003/arcrole/summation-item" xlink:from="ChangesInOperatingAssets" xlink:to="DecreaseIncreaseInAccountsReceivableRelatedParties" xlink:title="calculation: ChangesInOperatingAssets to DecreaseIncreaseInAccountsReceivableRelatedParties" use="optional" order="16.0" weight="1.0"/>
    <link:loc xlink:type="locator" xlink:href="../tifrs-scf-2015-03-31.xsd#tifrs-SCF_DecreaseIncreaseInOtherPrepayments" xlink:label="DecreaseIncreaseInOtherPrepayments" xlink:title="DecreaseIncreaseInOtherPrepayments"/>
    <link:calculationArc xlink:type="arc" xlink:arcrole="http://www.xbrl.org/2003/arcrole/summation-item" xlink:from="ChangesInOperatingAssets" xlink:to="DecreaseIncreaseInOtherPrepayments" xlink:title="calculation: ChangesInOperatingAssets to DecreaseIncreaseInOtherPrepayments" use="optional" order="17.0" weight="1.0"/>
    <link:loc xlink:type="locator" xlink:href="../tifrs-scf-2015-03-31.xsd#tifrs-SCF_DecreaseIncreaseInPrepaidPension" xlink:label="DecreaseIncreaseInPrepaidPension" xlink:title="DecreaseIncreaseInPrepaidPension"/>
    <link:calculationArc xlink:type="arc" xlink:arcrole="http://www.xbrl.org/2003/arcrole/summation-item" xlink:from="ChangesInOperatingAssets" xlink:to="DecreaseIncreaseInPrepaidPension" xlink:title="calculation: ChangesInOperatingAssets to DecreaseIncreaseInPrepaidPension" use="optional" order="18.0" weight="1.0"/>
    <link:loc xlink:type="locator" xlink:href="../tifrs-scf-2015-03-31.xsd#tifrs-SCF_DecreaseIncreaseInOtherReceivables" xlink:label="DecreaseIncreaseInOtherReceivables" xlink:title="DecreaseIncreaseInOtherReceivables"/>
    <link:calculationArc xlink:type="arc" xlink:arcrole="http://www.xbrl.org/2003/arcrole/summation-item" xlink:from="ChangesInOperatingAssets" xlink:to="DecreaseIncreaseInOtherReceivables" xlink:title="calculation: ChangesInOperatingAssets to DecreaseIncreaseInOtherReceivables" use="optional" order="19.0" weight="1.0"/>
    <link:loc xlink:type="locator" xlink:href="../tifrs-scf-2015-03-31.xsd#tifrs-SCF_DecreaseIncreaseInOtherReceivableRelatedParties" xlink:label="DecreaseIncreaseInOtherReceivableRelatedParties" xlink:title="DecreaseIncreaseInOtherReceivableRelatedParties"/>
    <link:calculationArc xlink:type="arc" xlink:arcrole="http://www.xbrl.org/2003/arcrole/summation-item" xlink:from="ChangesInOperatingAssets" xlink:to="DecreaseIncreaseInOtherReceivableRelatedParties" xlink:title="calculation: ChangesInOperatingAssets to DecreaseIncreaseInOtherReceivableRelatedParties" use="optional" order="20.0" weight="1.0"/>
    <link:loc xlink:type="locator" xlink:href="../tifrs-scf-2015-03-31.xsd#tifrs-SCF_DecreaseIncreaseInSecuritiesHeldForCustomerDefault" xlink:label="DecreaseIncreaseInSecuritiesHeldForCustomerDefault" xlink:title="DecreaseIncreaseInSecuritiesHeldForCustomerDefault"/>
    <link:calculationArc xlink:type="arc" xlink:arcrole="http://www.xbrl.org/2003/arcrole/summation-item" xlink:from="ChangesInOperatingAssets" xlink:to="DecreaseIncreaseInSecuritiesHeldForCustomerDefault" xlink:title="calculation: ChangesInOperatingAssets to DecreaseIncreaseInSecuritiesHeldForCustomerDefault" use="optional" order="21.0" weight="1.0"/>
    <link:loc xlink:type="locator" xlink:href="../tifrs-scf-2015-03-31.xsd#tifrs-SCF_DecreaseIncreaseInOtherFinancialAssets" xlink:label="DecreaseIncreaseInOtherFinancialAssets" xlink:title="DecreaseIncreaseInOtherFinancialAssets"/>
    <link:calculationArc xlink:type="arc" xlink:arcrole="http://www.xbrl.org/2003/arcrole/summation-item" xlink:from="ChangesInOperatingAssets" xlink:to="DecreaseIncreaseInOtherFinancialAssets" xlink:title="calculation: ChangesInOperatingAssets to DecreaseIncreaseInOtherFinancialAssets" use="optional" order="22.0" weight="1.0"/>
    <link:loc xlink:type="locator" xlink:href="../tifrs-scf-2015-03-31.xsd#tifrs-SCF_DecreaseIncreaseInFinancialAssetsAtCost" xlink:label="DecreaseIncreaseInFinancialAssetsAtCost" xlink:title="DecreaseIncreaseInFinancialAssetsAtCost"/>
    <link:calculationArc xlink:type="arc" xlink:arcrole="http://www.xbrl.org/2003/arcrole/summation-item" xlink:from="ChangesInOperatingAssets" xlink:to="DecreaseIncreaseInFinancialAssetsAtCost" xlink:title="calculation: ChangesInOperatingAssets to DecreaseIncreaseInFinancialAssetsAtCost" use="optional" order="23.0" weight="1.0"/>
    <link:loc xlink:type="locator" xlink:href="../tifrs-scf-2015-03-31.xsd#tifrs-SCF_DecreaseIncreaseInAvailableForSaleFinancialAssets" xlink:label="DecreaseIncreaseInAvailableForSaleFinancialAssets" xlink:title="DecreaseIncreaseInAvailableForSaleFinancialAssets"/>
    <link:calculationArc xlink:type="arc" xlink:arcrole="http://www.xbrl.org/2003/arcrole/summation-item" xlink:from="ChangesInOperatingAssets" xlink:to="DecreaseIncreaseInAvailableForSaleFinancialAssets" xlink:title="calculation: ChangesInOperatingAssets to DecreaseIncreaseInAvailableForSaleFinancialAssets" use="optional" order="24.0" weight="1.0"/>
    <link:loc xlink:type="locator" xlink:href="../tifrs-scf-2015-03-31.xsd#tifrs-SCF_DecreaseIncreaseInHeldToMaturityFinancialAssets" xlink:label="DecreaseIncreaseInHeldToMaturityFinancialAssets" xlink:title="DecreaseIncreaseInHeldToMaturityFinancialAssets"/>
    <link:calculationArc xlink:type="arc" xlink:arcrole="http://www.xbrl.org/2003/arcrole/summation-item" xlink:from="ChangesInOperatingAssets" xlink:to="DecreaseIncreaseInHeldToMaturityFinancialAssets" xlink:title="calculation: ChangesInOperatingAssets to DecreaseIncreaseInHeldToMaturityFinancialAssets" use="optional" order="25.0" weight="1.0"/>
    <link:loc xlink:type="locator" xlink:href="../tifrs-scf-2015-03-31.xsd#tifrs-SCF_DecreaseIncreaseInBondInvestmentWithoutActiveMarket" xlink:label="DecreaseIncreaseInBondInvestmentWithoutActiveMarket" xlink:title="DecreaseIncreaseInBondInvestmentWithoutActiveMarket"/>
    <link:calculationArc xlink:type="arc" xlink:arcrole="http://www.xbrl.org/2003/arcrole/summation-item" xlink:from="ChangesInOperatingAssets" xlink:to="DecreaseIncreaseInBondInvestmentWithoutActiveMarket" xlink:title="calculation: ChangesInOperatingAssets to DecreaseIncreaseInBondInvestmentWithoutActiveMarket" use="optional" order="26.0" weight="1.0"/>
    <link:loc xlink:type="locator" xlink:href="../tifrs-scf-2015-03-31.xsd#tifrs-SCF_DecreaseIncreaseInOtherCurrentAssets" xlink:label="DecreaseIncreaseInOtherCurrentAssets" xlink:title="DecreaseIncreaseInOtherCurrentAssets"/>
    <link:calculationArc xlink:type="arc" xlink:arcrole="http://www.xbrl.org/2003/arcrole/summation-item" xlink:from="ChangesInOperatingAssets" xlink:to="DecreaseIncreaseInOtherCurrentAssets" xlink:title="calculation: ChangesInOperatingAssets to DecreaseIncreaseInOtherCurrentAssets" use="optional" order="27.0" weight="1.0"/>
    <link:loc xlink:type="locator" xlink:href="../tifrs-scf-2015-03-31.xsd#tifrs-SCF_DecreaseIncreaseInOverdueReceivable" xlink:label="DecreaseIncreaseInOverdueReceivable" xlink:title="DecreaseIncreaseInOverdueReceivable"/>
    <link:calculationArc xlink:type="arc" xlink:arcrole="http://www.xbrl.org/2003/arcrole/summation-item" xlink:from="ChangesInOperatingAssets" xlink:to="DecreaseIncreaseInOverdueReceivable" xlink:title="calculation: ChangesInOperatingAssets to DecreaseIncreaseInOverdueReceivable" use="optional" order="28.0" weight="1.0"/>
    <link:loc xlink:type="locator" xlink:href="../tifrs-scf-2015-03-31.xsd#tifrs-SCF_DecreaseIncreaseInOtherOperatingAssets" xlink:label="DecreaseIncreaseInOtherOperatingAssets" xlink:title="DecreaseIncreaseInOtherOperatingAssets"/>
    <link:calculationArc xlink:type="arc" xlink:arcrole="http://www.xbrl.org/2003/arcrole/summation-item" xlink:from="ChangesInOperatingAssets" xlink:to="DecreaseIncreaseInOtherOperatingAssets" xlink:title="calculation: ChangesInOperatingAssets to DecreaseIncreaseInOtherOperatingAssets" use="optional" order="29.0" weight="1.0"/>
    <link:loc xlink:type="locator" xlink:href="../tifrs-scf-2015-03-31.xsd#tifrs-SCF_ChangesInOperatingLiabilities" xlink:label="ChangesInOperatingLiabilities" xlink:title="ChangesInOperatingLiabilities"/>
    <link:loc xlink:type="locator" xlink:href="../tifrs-scf-2015-03-31.xsd#tifrs-SCF_IncreaseDecreaseInLiabilitiesForBondsWithAttachedRepurchaseAgreements" xlink:label="IncreaseDecreaseInLiabilitiesForBondsWithAttachedRepurchaseAgreements" xlink:title="IncreaseDecreaseInLiabilitiesForBondsWithAttachedRepurchaseAgreements"/>
    <link:calculationArc xlink:type="arc" xlink:arcrole="http://www.xbrl.org/2003/arcrole/summation-item" xlink:from="ChangesInOperatingLiabilities" xlink:to="IncreaseDecreaseInLiabilitiesForBondsWithAttachedRepurchaseAgreements" xlink:title="calculation: ChangesInOperatingLiabilities to IncreaseDecreaseInLiabilitiesForBondsWithAttachedRepurchaseAgreements" use="optional" order="1.0" weight="1.0"/>
    <link:loc xlink:type="locator" xlink:href="../tifrs-scf-2015-03-31.xsd#tifrs-SCF_IncreaseDecreaseInLiabilitiesForBillsWithAttachedRepurchaseAgreements" xlink:label="IncreaseDecreaseInLiabilitiesForBillsWithAttachedRepurchaseAgreements" xlink:title="IncreaseDecreaseInLiabilitiesForBillsWithAttachedRepurchaseAgreements"/>
    <link:calculationArc xlink:type="arc" xlink:arcrole="http://www.xbrl.org/2003/arcrole/summation-item" xlink:from="ChangesInOperatingLiabilities" xlink:to="IncreaseDecreaseInLiabilitiesForBillsWithAttachedRepurchaseAgreements" xlink:title="calculation: ChangesInOperatingLiabilities to IncreaseDecreaseInLiabilitiesForBillsWithAttachedRepurchaseAgreements" use="optional" order="2.0" weight="1.0"/>
    <link:loc xlink:type="locator" xlink:href="../tifrs-scf-2015-03-31.xsd#tifrs-SCF_IncreaseDecreaseInFinancialLiabilitiesAtFairValueThroughProfitOrLoss" xlink:label="IncreaseDecreaseInFinancialLiabilitiesAtFairValueThroughProfitOrLoss" xlink:title="IncreaseDecreaseInFinancialLiabilitiesAtFairValueThroughProfitOrLoss"/>
    <link:calculationArc xlink:type="arc" xlink:arcrole="http://www.xbrl.org/2003/arcrole/summation-item" xlink:from="ChangesInOperatingLiabilities" xlink:to="IncreaseDecreaseInFinancialLiabilitiesAtFairValueThroughProfitOrLoss" xlink:title="calculation: ChangesInOperatingLiabilities to IncreaseDecreaseInFinancialLiabilitiesAtFairValueThroughProfitOrLoss" use="optional" order="3.0" weight="1.0"/>
    <link:loc xlink:type="locator" xlink:href="../tifrs-scf-2015-03-31.xsd#tifrs-SCF_IncreaseDecreaseInFinancialLiabilitiesAtCost" xlink:label="IncreaseDecreaseInFinancialLiabilitiesAtCost" xlink:title="IncreaseDecreaseInFinancialLiabilitiesAtCost"/>
    <link:calculationArc xlink:type="arc" xlink:arcrole="http://www.xbrl.org/2003/arcrole/summation-item" xlink:from="ChangesInOperatingLiabilities" xlink:to="IncreaseDecreaseInFinancialLiabilitiesAtCost" xlink:title="calculation: ChangesInOperatingLiabilities to IncreaseDecreaseInFinancialLiabilitiesAtCost" use="optional" order="4.0" weight="1.0"/>
    <link:loc xlink:type="locator" xlink:href="../tifrs-scf-2015-03-31.xsd#tifrs-SCF_IncreaseDecreaseInDerivativeFinancialLiabilitiesForHedging" xlink:label="IncreaseDecreaseInDerivativeFinancialLiabilitiesForHedging" xlink:title="IncreaseDecreaseInDerivativeFinancialLiabilitiesForHedging"/>
    <link:calculationArc xlink:type="arc" xlink:arcrole="http://www.xbrl.org/2003/arcrole/summation-item" xlink:from="ChangesInOperatingLiabilities" xlink:to="IncreaseDecreaseInDerivativeFinancialLiabilitiesForHedging" xlink:title="calculation: ChangesInOperatingLiabilities to IncreaseDecreaseInDerivativeFinancialLiabilitiesForHedging" use="optional" order="5.0" weight="1.0"/>
    <link:loc xlink:type="locator" xlink:href="../tifrs-scf-2015-03-31.xsd#tifrs-SCF_IncreaseDecreaseInSecuritiesFinancingRefundableDeposits" xlink:label="IncreaseDecreaseInSecuritiesFinancingRefundableDeposits" xlink:title="IncreaseDecreaseInSecuritiesFinancingRefundableDeposits"/>
    <link:calculationArc xlink:type="arc" xlink:arcrole="http://www.xbrl.org/2003/arcrole/summation-item" xlink:from="ChangesInOperatingLiabilities" xlink:to="IncreaseDecreaseInSecuritiesFinancingRefundableDeposits" xlink:title="calculation: ChangesInOperatingLiabilities to IncreaseDecreaseInSecuritiesFinancingRefundableDeposits" use="optional" order="6.0" weight="1.0"/>
    <link:loc xlink:type="locator" xlink:href="../tifrs-scf-2015-03-31.xsd#tifrs-SCF_IncreaseDecreaseInDepositsPayableForSecuritiesFinancing" xlink:label="IncreaseDecreaseInDepositsPayableForSecuritiesFinancing" xlink:title="IncreaseDecreaseInDepositsPayableForSecuritiesFinancing"/>
    <link:calculationArc xlink:type="arc" xlink:arcrole="http://www.xbrl.org/2003/arcrole/summation-item" xlink:from="ChangesInOperatingLiabilities" xlink:to="IncreaseDecreaseInDepositsPayableForSecuritiesFinancing" xlink:title="calculation: ChangesInOperatingLiabilities to IncreaseDecreaseInDepositsPayableForSecuritiesFinancing" use="optional" order="7.0" weight="1.0"/>
    <link:loc xlink:type="locator" xlink:href="../tifrs-scf-2015-03-31.xsd#tifrs-SCF_IncreaseDecreaseInRefinancingBorrowings" xlink:label="IncreaseDecreaseInRefinancingBorrowings" xlink:title="IncreaseDecreaseInRefinancingBorrowings"/>
    <link:calculationArc xlink:type="arc" xlink:arcrole="http://www.xbrl.org/2003/arcrole/summation-item" xlink:from="ChangesInOperatingLiabilities" xlink:to="IncreaseDecreaseInRefinancingBorrowings" xlink:title="calculation: ChangesInOperatingLiabilities to IncreaseDecreaseInRefinancingBorrowings" use="optional" order="8.0" weight="1.0"/>
    <link:loc xlink:type="locator" xlink:href="../tifrs-scf-2015-03-31.xsd#tifrs-SCF_IncreaseDecreaseInRefundableDeposit" xlink:label="IncreaseDecreaseInRefundableDeposit" xlink:title="IncreaseDecreaseInRefundableDeposit"/>
    <link:calculationArc xlink:type="arc" xlink:arcrole="http://www.xbrl.org/2003/arcrole/summation-item" xlink:from="ChangesInOperatingLiabilities" xlink:to="IncreaseDecreaseInRefundableDeposit" xlink:title="calculation: ChangesInOperatingLiabilities to IncreaseDecreaseInRefundableDeposit" use="optional" order="9.0" weight="1.0"/>
    <link:loc xlink:type="locator" xlink:href="../tifrs-scf-2015-03-31.xsd#tifrs-SCF_IncreaseDecreaseInFuturesTradersEquity" xlink:label="IncreaseDecreaseInFuturesTradersEquity" xlink:title="IncreaseDecreaseInFuturesTradersEquity"/>
    <link:calculationArc xlink:type="arc" xlink:arcrole="http://www.xbrl.org/2003/arcrole/summation-item" xlink:from="ChangesInOperatingLiabilities" xlink:to="IncreaseDecreaseInFuturesTradersEquity" xlink:title="calculation: ChangesInOperatingLiabilities to IncreaseDecreaseInFuturesTradersEquity" use="optional" order="10.0" weight="1.0"/>
    <link:loc xlink:type="locator" xlink:href="../tifrs-scf-2015-03-31.xsd#tifrs-SCF_IncreaseDecreaseInNotesPayable" xlink:label="IncreaseDecreaseInNotesPayable" xlink:title="IncreaseDecreaseInNotesPayable"/>
    <link:calculationArc xlink:type="arc" xlink:arcrole="http://www.xbrl.org/2003/arcrole/summation-item" xlink:from="ChangesInOperatingLiabilities" xlink:to="IncreaseDecreaseInNotesPayable" xlink:title="calculation: ChangesInOperatingLiabilities to IncreaseDecreaseInNotesPayable" use="optional" order="11.0" weight="1.0"/>
    <link:loc xlink:type="locator" xlink:href="../tifrs-scf-2015-03-31.xsd#tifrs-SCF_IncreaseDecreaseInNotesPayableRelatedParties" xlink:label="IncreaseDecreaseInNotesPayableRelatedParties" xlink:title="IncreaseDecreaseInNotesPayableRelatedParties"/>
    <link:calculationArc xlink:type="arc" xlink:arcrole="http://www.xbrl.org/2003/arcrole/summation-item" xlink:from="ChangesInOperatingLiabilities" xlink:to="IncreaseDecreaseInNotesPayableRelatedParties" xlink:title="calculation: ChangesInOperatingLiabilities to IncreaseDecreaseInNotesPayableRelatedParties" use="optional" order="12.0" weight="1.0"/>
    <link:loc xlink:type="locator" xlink:href="../tifrs-scf-2015-03-31.xsd#tifrs-SCF_IncreaseDecreaseInAccountsPayable" xlink:label="IncreaseDecreaseInAccountsPayable" xlink:title="IncreaseDecreaseInAccountsPayable"/>
    <link:calculationArc xlink:type="arc" xlink:arcrole="http://www.xbrl.org/2003/arcrole/summation-item" xlink:from="ChangesInOperatingLiabilities" xlink:to="IncreaseDecreaseInAccountsPayable" xlink:title="calculation: ChangesInOperatingLiabilities to IncreaseDecreaseInAccountsPayable" use="optional" order="13.0" weight="1.0"/>
    <link:loc xlink:type="locator" xlink:href="../tifrs-scf-2015-03-31.xsd#tifrs-SCF_IncreaseDecreaseInAccountsPayableRelatedParties" xlink:label="IncreaseDecreaseInAccountsPayableRelatedParties" xlink:title="IncreaseDecreaseInAccountsPayableRelatedParties"/>
    <link:calculationArc xlink:type="arc" xlink:arcrole="http://www.xbrl.org/2003/arcrole/summation-item" xlink:from="ChangesInOperatingLiabilities" xlink:to="IncreaseDecreaseInAccountsPayableRelatedParties" xlink:title="calculation: ChangesInOperatingLiabilities to IncreaseDecreaseInAccountsPayableRelatedParties" use="optional" order="14.0" weight="1.0"/>
    <link:loc xlink:type="locator" xlink:href="../tifrs-scf-2015-03-31.xsd#tifrs-SCF_IncreaseDecreaseInAmountsReceivedInAdvance" xlink:label="IncreaseDecreaseInAmountsReceivedInAdvance" xlink:title="IncreaseDecreaseInAmountsReceivedInAdvance"/>
    <link:calculationArc xlink:type="arc" xlink:arcrole="http://www.xbrl.org/2003/arcrole/summation-item" xlink:from="ChangesInOperatingLiabilities" xlink:to="IncreaseDecreaseInAmountsReceivedInAdvance" xlink:title="calculation: ChangesInOperatingLiabilities to IncreaseDecreaseInAmountsReceivedInAdvance" use="optional" order="15.0" weight="1.0"/>
    <link:loc xlink:type="locator" xlink:href="../tifrs-scf-2015-03-31.xsd#tifrs-SCF_IncreaseDecreaseInReceiptsUnderCustody" xlink:label="IncreaseDecreaseInReceiptsUnderCustody" xlink:title="IncreaseDecreaseInReceiptsUnderCustody"/>
    <link:calculationArc xlink:type="arc" xlink:arcrole="http://www.xbrl.org/2003/arcrole/summation-item" xlink:from="ChangesInOperatingLiabilities" xlink:to="IncreaseDecreaseInReceiptsUnderCustody" xlink:title="calculation: ChangesInOperatingLiabilities to IncreaseDecreaseInReceiptsUnderCustody" use="optional" order="16.0" weight="1.0"/>
    <link:loc xlink:type="locator" xlink:href="../tifrs-scf-2015-03-31.xsd#tifrs-SCF_IncreaseDecreaseInOtherPayables" xlink:label="IncreaseDecreaseInOtherPayables" xlink:title="IncreaseDecreaseInOtherPayables"/>
    <link:calculationArc xlink:type="arc" xlink:arcrole="http://www.xbrl.org/2003/arcrole/summation-item" xlink:from="ChangesInOperatingLiabilities" xlink:to="IncreaseDecreaseInOtherPayables" xlink:title="calculation: ChangesInOperatingLiabilities to IncreaseDecreaseInOtherPayables" use="optional" order="17.0" weight="1.0"/>
    <link:loc xlink:type="locator" xlink:href="../tifrs-scf-2015-03-31.xsd#tifrs-SCF_IncreaseDecreaseInOtherPayableRelatedParties" xlink:label="IncreaseDecreaseInOtherPayableRelatedParties" xlink:title="IncreaseDecreaseInOtherPayableRelatedParties"/>
    <link:calculationArc xlink:type="arc" xlink:arcrole="http://www.xbrl.org/2003/arcrole/summation-item" xlink:from="ChangesInOperatingLiabilities" xlink:to="IncreaseDecreaseInOtherPayableRelatedParties" xlink:title="calculation: ChangesInOperatingLiabilities to IncreaseDecreaseInOtherPayableRelatedParties" use="optional" order="18.0" weight="1.0"/>
    <link:loc xlink:type="locator" xlink:href="../tifrs-scf-2015-03-31.xsd#tifrs-SCF_IncreaseDecreaseInAccruedPensionLiability" xlink:label="IncreaseDecreaseInAccruedPensionLiability" xlink:title="IncreaseDecreaseInAccruedPensionLiability"/>
    <link:calculationArc xlink:type="arc" xlink:arcrole="http://www.xbrl.org/2003/arcrole/summation-item" xlink:from="ChangesInOperatingLiabilities" xlink:to="IncreaseDecreaseInAccruedPensionLiability" xlink:title="calculation: ChangesInOperatingLiabilities to IncreaseDecreaseInAccruedPensionLiability" use="optional" order="19.0" weight="1.0"/>
    <link:loc xlink:type="locator" xlink:href="../tifrs-scf-2015-03-31.xsd#tifrs-SCF_IncreaseDecreaseInProvisions" xlink:label="IncreaseDecreaseInProvisions" xlink:title="IncreaseDecreaseInProvisions"/>
    <link:calculationArc xlink:type="arc" xlink:arcrole="http://www.xbrl.org/2003/arcrole/summation-item" xlink:from="ChangesInOperatingLiabilities" xlink:to="IncreaseDecreaseInProvisions" xlink:title="calculation: ChangesInOperatingLiabilities to IncreaseDecreaseInProvisions" use="optional" order="20.0" weight="1.0"/>
    <link:loc xlink:type="locator" xlink:href="../tifrs-scf-2015-03-31.xsd#tifrs-SCF_IncreaseDecreaseInOtherFinancialLiabilities" xlink:label="IncreaseDecreaseInOtherFinancialLiabilities" xlink:title="IncreaseDecreaseInOtherFinancialLiabilities"/>
    <link:calculationArc xlink:type="arc" xlink:arcrole="http://www.xbrl.org/2003/arcrole/summation-item" xlink:from="ChangesInOperatingLiabilities" xlink:to="IncreaseDecreaseInOtherFinancialLiabilities" xlink:title="calculation: ChangesInOperatingLiabilities to IncreaseDecreaseInOtherFinancialLiabilities" use="optional" order="21.0" weight="1.0"/>
    <link:loc xlink:type="locator" xlink:href="../tifrs-scf-2015-03-31.xsd#tifrs-SCF_IncreaseDecreaseInOtherCurrentLiabilities" xlink:label="IncreaseDecreaseInOtherCurrentLiabilities" xlink:title="IncreaseDecreaseInOtherCurrentLiabilities"/>
    <link:calculationArc xlink:type="arc" xlink:arcrole="http://www.xbrl.org/2003/arcrole/summation-item" xlink:from="ChangesInOperatingLiabilities" xlink:to="IncreaseDecreaseInOtherCurrentLiabilities" xlink:title="calculation: ChangesInOperatingLiabilities to IncreaseDecreaseInOtherCurrentLiabilities" use="optional" order="22.0" weight="1.0"/>
    <link:loc xlink:type="locator" xlink:href="../tifrs-scf-2015-03-31.xsd#tifrs-SCF_IncreaseDecreaseInLong-TermDeferredRevenue" xlink:label="IncreaseDecreaseInLong-TermDeferredRevenue" xlink:title="IncreaseDecreaseInLong-TermDeferredRevenue"/>
    <link:calculationArc xlink:type="arc" xlink:arcrole="http://www.xbrl.org/2003/arcrole/summation-item" xlink:from="ChangesInOperatingLiabilities" xlink:to="IncreaseDecreaseInLong-TermDeferredRevenue" xlink:title="calculation: ChangesInOperatingLiabilities to IncreaseDecreaseInLong-TermDeferredRevenue" use="optional" order="23.0" weight="1.0"/>
    <link:loc xlink:type="locator" xlink:href="../tifrs-scf-2015-03-31.xsd#tifrs-SCF_IncreaseDecreaseInGuaranteeDepositsAndMarginsReceived" xlink:label="IncreaseDecreaseInGuaranteeDepositsAndMarginsReceived" xlink:title="IncreaseDecreaseInGuaranteeDepositsAndMarginsReceived"/>
    <link:calculationArc xlink:type="arc" xlink:arcrole="http://www.xbrl.org/2003/arcrole/summation-item" xlink:from="ChangesInOperatingLiabilities" xlink:to="IncreaseDecreaseInGuaranteeDepositsAndMarginsReceived" xlink:title="calculation: ChangesInOperatingLiabilities to IncreaseDecreaseInGuaranteeDepositsAndMarginsReceived" use="optional" order="24.0" weight="1.0"/>
    <link:loc xlink:type="locator" xlink:href="../tifrs-scf-2015-03-31.xsd#tifrs-SCF_IncreaseDecreaseInOtherOperatingAssets" xlink:label="IncreaseDecreaseInOtherOperatingAssets" xlink:title="IncreaseDecreaseInOtherOperatingAssets"/>
    <link:calculationArc xlink:type="arc" xlink:arcrole="http://www.xbrl.org/2003/arcrole/summation-item" xlink:from="ChangesInOperatingLiabilities" xlink:to="IncreaseDecreaseInOtherOperatingAssets" xlink:title="calculation: ChangesInOperatingLiabilities to IncreaseDecreaseInOtherOperatingAssets" use="optional" order="25.0" weight="1.0"/>
    <link:loc xlink:type="locator" xlink:href="../tifrs-scf-2015-03-31.xsd#tifrs-SCF_NetCashFlowsFromUsedInInvestingActivities" xlink:label="NetCashFlowsFromUsedInInvestingActivities" xlink:title="NetCashFlowsFromUsedInInvestingActivities"/>
    <link:loc xlink:type="locator" xlink:href="../tifrs-scf-2015-03-31.xsd#tifrs-SCF_AcquisitionOfFinancialAssetsAtFairValueThroughProfitOrLossDesignatedAsUponInitialRecognition" xlink:label="AcquisitionOfFinancialAssetsAtFairValueThroughProfitOrLossDesignatedAsUponInitialRecognition" xlink:title="AcquisitionOfFinancialAssetsAtFairValueThroughProfitOrLossDesignatedAsUponInitialRecognition"/>
    <link:calculationArc xlink:type="arc" xlink:arcrole="http://www.xbrl.org/2003/arcrole/summation-item" xlink:from="NetCashFlowsFromUsedInInvestingActivities" xlink:to="AcquisitionOfFinancialAssetsAtFairValueThroughProfitOrLossDesignatedAsUponInitialRecognition" xlink:title="calculation: NetCashFlowsFromUsedInInvestingActivities to AcquisitionOfFinancialAssetsAtFairValueThroughProfitOrLossDesignatedAsUponInitialRecognition" use="optional" order="0.1" weight="1.0"/>
    <link:loc xlink:type="locator" xlink:href="../tifrs-scf-2015-03-31.xsd#tifrs-SCF_ProceedsFromDisposalOfFinancialAssetsAtFairValueThroughProfitOrLossDesignatedAsUponInitialRecognition" xlink:label="ProceedsFromDisposalOfFinancialAssetsAtFairValueThroughProfitOrLossDesignatedAsUponInitialRecognition" xlink:title="ProceedsFromDisposalOfFinancialAssetsAtFairValueThroughProfitOrLossDesignatedAsUponInitialRecognition"/>
    <link:calculationArc xlink:type="arc" xlink:arcrole="http://www.xbrl.org/2003/arcrole/summation-item" xlink:from="NetCashFlowsFromUsedInInvestingActivities" xlink:to="ProceedsFromDisposalOfFinancialAssetsAtFairValueThroughProfitOrLossDesignatedAsUponInitialRecognition" xlink:title="calculation: NetCashFlowsFromUsedInInvestingActivities to ProceedsFromDisposalOfFinancialAssetsAtFairValueThroughProfitOrLossDesignatedAsUponInitialRecognition" use="optional" order="0.2" weight="1.0"/>
    <link:loc xlink:type="locator" xlink:href="../tifrs-scf-2015-03-31.xsd#tifrs-SCF_AcquisitionOfDerivativeFinancialAssetsForHedging-CashFlowsFromUsedInInvestingActivities" xlink:label="AcquisitionOfDerivativeFinancialAssetsForHedging-CashFlowsFromUsedInInvestingActivities" xlink:title="AcquisitionOfDerivativeFinancialAssetsForHedging-CashFlowsFromUsedInInvestingActivities"/>
    <link:calculationArc xlink:type="arc" xlink:arcrole="http://www.xbrl.org/2003/arcrole/summation-item" xlink:from="NetCashFlowsFromUsedInInvestingActivities" xlink:to="AcquisitionOfDerivativeFinancialAssetsForHedging-CashFlowsFromUsedInInvestingActivities" xlink:title="calculation: NetCashFlowsFromUsedInInvestingActivities to AcquisitionOfDerivativeFinancialAssetsForHedging-CashFlowsFromUsedInInvestingActivities" use="optional" order="12.1" weight="1.0"/>
    <link:loc xlink:type="locator" xlink:href="../tifrs-scf-2015-03-31.xsd#tifrs-SCF_DisposalOfDerivativeFinancialAssetsForHedging-CashFlowsFromUsedInInvestingActivities" xlink:label="DisposalOfDerivativeFinancialAssetsForHedging-CashFlowsFromUsedInInvestingActivities" xlink:title="DisposalOfDerivativeFinancialAssetsForHedging-CashFlowsFromUsedInInvestingActivities"/>
    <link:calculationArc xlink:type="arc" xlink:arcrole="http://www.xbrl.org/2003/arcrole/summation-item" xlink:from="NetCashFlowsFromUsedInInvestingActivities" xlink:to="DisposalOfDerivativeFinancialAssetsForHedging-CashFlowsFromUsedInInvestingActivities" xlink:title="calculation: NetCashFlowsFromUsedInInvestingActivities to DisposalOfDerivativeFinancialAssetsForHedging-CashFlowsFromUsedInInvestingActivities" use="optional" order="12.2" weight="1.0"/>
    <link:loc xlink:type="locator" xlink:href="../tifrs-scf-2015-03-31.xsd#tifrs-SCF_DerecognitionOfDerivativeFinancialLiabilitiesForHedging-CashFlowsFromUsedInInvestingActivities" xlink:label="DerecognitionOfDerivativeFinancialLiabilitiesForHedging-CashFlowsFromUsedInInvestingActivities" xlink:title="DerecognitionOfDerivativeFinancialLiabilitiesForHedging-CashFlowsFromUsedInInvestingActivities"/>
    <link:calculationArc xlink:type="arc" xlink:arcrole="http://www.xbrl.org/2003/arcrole/summation-item" xlink:from="NetCashFlowsFromUsedInInvestingActivities" xlink:to="DerecognitionOfDerivativeFinancialLiabilitiesForHedging-CashFlowsFromUsedInInvestingActivities" xlink:title="calculation: NetCashFlowsFromUsedInInvestingActivities to DerecognitionOfDerivativeFinancialLiabilitiesForHedging-CashFlowsFromUsedInInvestingActivities" use="optional" order="12.3" weight="1.0"/>
    <link:loc xlink:type="locator" xlink:href="../tifrs-scf-2015-03-31.xsd#tifrs-SCF_AcquisitionOfNoncurrentAssetsClassifiedAsHeldForSale" xlink:label="AcquisitionOfNoncurrentAssetsClassifiedAsHeldForSale" xlink:title="AcquisitionOfNoncurrentAssetsClassifiedAsHeldForSale"/>
    <link:calculationArc xlink:type="arc" xlink:arcrole="http://www.xbrl.org/2003/arcrole/summation-item" xlink:from="NetCashFlowsFromUsedInInvestingActivities" xlink:to="AcquisitionOfNoncurrentAssetsClassifiedAsHeldForSale" xlink:title="calculation: NetCashFlowsFromUsedInInvestingActivities to AcquisitionOfNoncurrentAssetsClassifiedAsHeldForSale" use="optional" order="19.1" weight="1.0"/>
    <link:loc xlink:type="locator" xlink:href="../tifrs-scf-2015-03-31.xsd#tifrs-SCF_ProceedsFromDisposalOfNoncurrentAssetsClassifiedAsHeldForSale" xlink:label="ProceedsFromDisposalOfNoncurrentAssetsClassifiedAsHeldForSale" xlink:title="ProceedsFromDisposalOfNoncurrentAssetsClassifiedAsHeldForSale"/>
    <link:calculationArc xlink:type="arc" xlink:arcrole="http://www.xbrl.org/2003/arcrole/summation-item" xlink:from="NetCashFlowsFromUsedInInvestingActivities" xlink:to="ProceedsFromDisposalOfNoncurrentAssetsClassifiedAsHeldForSale" xlink:title="calculation: NetCashFlowsFromUsedInInvestingActivities to ProceedsFromDisposalOfNoncurrentAssetsClassifiedAsHeldForSale" use="optional" order="19.2" weight="1.0"/>
    <link:loc xlink:type="locator" xlink:href="../tifrs-scf-2015-03-31.xsd#tifrs-SCF_AcquisitionOfPropertyPlantAndEquipment" xlink:label="AcquisitionOfPropertyPlantAndEquipment" xlink:title="AcquisitionOfPropertyPlantAndEquipment"/>
    <link:calculationArc xlink:type="arc" xlink:arcrole="http://www.xbrl.org/2003/arcrole/summation-item" xlink:from="NetCashFlowsFromUsedInInvestingActivities" xlink:to="AcquisitionOfPropertyPlantAndEquipment" xlink:title="calculation: NetCashFlowsFromUsedInInvestingActivities to AcquisitionOfPropertyPlantAndEquipment" use="optional" order="19.3" weight="1.0"/>
    <link:loc xlink:type="locator" xlink:href="../tifrs-scf-2015-03-31.xsd#tifrs-SCF_ProceedsFromDisposalOfPropertyPlantAndEquipment" xlink:label="ProceedsFromDisposalOfPropertyPlantAndEquipment" xlink:title="ProceedsFromDisposalOfPropertyPlantAndEquipment"/>
    <link:calculationArc xlink:type="arc" xlink:arcrole="http://www.xbrl.org/2003/arcrole/summation-item" xlink:from="NetCashFlowsFromUsedInInvestingActivities" xlink:to="ProceedsFromDisposalOfPropertyPlantAndEquipment" xlink:title="calculation: NetCashFlowsFromUsedInInvestingActivities to ProceedsFromDisposalOfPropertyPlantAndEquipment" use="optional" order="19.4" weight="1.0"/>
    <link:loc xlink:type="locator" xlink:href="../tifrs-scf-2015-03-31.xsd#tifrs-SCF_IncreaseInTrustEnterpriseCompensationReserve" xlink:label="IncreaseInTrustEnterpriseCompensationReserve" xlink:title="IncreaseInTrustEnterpriseCompensationReserve"/>
    <link:calculationArc xlink:type="arc" xlink:arcrole="http://www.xbrl.org/2003/arcrole/summation-item" xlink:from="NetCashFlowsFromUsedInInvestingActivities" xlink:to="IncreaseInTrustEnterpriseCompensationReserve" xlink:title="calculation: NetCashFlowsFromUsedInInvestingActivities to IncreaseInTrustEnterpriseCompensationReserve" use="optional" order="21.1" weight="1.0"/>
    <link:loc xlink:type="locator" xlink:href="../tifrs-scf-2015-03-31.xsd#tifrs-SCF_DecreaseInTrustEnterpriseCompensationReserve" xlink:label="DecreaseInTrustEnterpriseCompensationReserve" xlink:title="DecreaseInTrustEnterpriseCompensationReserve"/>
    <link:calculationArc xlink:type="arc" xlink:arcrole="http://www.xbrl.org/2003/arcrole/summation-item" xlink:from="NetCashFlowsFromUsedInInvestingActivities" xlink:to="DecreaseInTrustEnterpriseCompensationReserve" xlink:title="calculation: NetCashFlowsFromUsedInInvestingActivities to DecreaseInTrustEnterpriseCompensationReserve" use="optional" order="21.2" weight="1.0"/>
    <link:loc xlink:type="locator" xlink:href="../tifrs-scf-2015-03-31.xsd#tifrs-SCF_IncreaseInOperationGuarantee" xlink:label="IncreaseInOperationGuarantee" xlink:title="IncreaseInOperationGuarantee"/>
    <link:calculationArc xlink:type="arc" xlink:arcrole="http://www.xbrl.org/2003/arcrole/summation-item" xlink:from="NetCashFlowsFromUsedInInvestingActivities" xlink:to="IncreaseInOperationGuarantee" xlink:title="calculation: NetCashFlowsFromUsedInInvestingActivities to IncreaseInOperationGuarantee" use="optional" order="21.3" weight="1.0"/>
    <link:loc xlink:type="locator" xlink:href="../tifrs-scf-2015-03-31.xsd#tifrs-SCF_IncreaseInDepositsSettlementFund" xlink:label="IncreaseInDepositsSettlementFund" xlink:title="IncreaseInDepositsSettlementFund"/>
    <link:calculationArc xlink:type="arc" xlink:arcrole="http://www.xbrl.org/2003/arcrole/summation-item" xlink:from="NetCashFlowsFromUsedInInvestingActivities" xlink:to="IncreaseInDepositsSettlementFund" xlink:title="calculation: NetCashFlowsFromUsedInInvestingActivities to IncreaseInDepositsSettlementFund" use="optional" order="21.5" weight="1.0"/>
    <link:loc xlink:type="locator" xlink:href="../tifrs-scf-2015-03-31.xsd#tifrs-SCF_DecreaseInDepositsSettlementFund" xlink:label="DecreaseInDepositsSettlementFund" xlink:title="DecreaseInDepositsSettlementFund"/>
    <link:calculationArc xlink:type="arc" xlink:arcrole="http://www.xbrl.org/2003/arcrole/summation-item" xlink:from="NetCashFlowsFromUsedInInvestingActivities" xlink:to="DecreaseInDepositsSettlementFund" xlink:title="calculation: NetCashFlowsFromUsedInInvestingActivities to DecreaseInDepositsSettlementFund" use="optional" order="21.6" weight="1.0"/>
    <link:loc xlink:type="locator" xlink:href="../tifrs-scf-2015-03-31.xsd#tifrs-SCF_IncreaseInOtherAssets" xlink:label="IncreaseInOtherAssets" xlink:title="IncreaseInOtherAssets"/>
    <link:calculationArc xlink:type="arc" xlink:arcrole="http://www.xbrl.org/2003/arcrole/summation-item" xlink:from="NetCashFlowsFromUsedInInvestingActivities" xlink:to="IncreaseInOtherAssets" xlink:title="calculation: NetCashFlowsFromUsedInInvestingActivities to IncreaseInOtherAssets" use="optional" order="38.1" weight="1.0"/>
    <link:loc xlink:type="locator" xlink:href="../tifrs-scf-2015-03-31.xsd#tifrs-SCF_DecreaseInOtherAssets" xlink:label="DecreaseInOtherAssets" xlink:title="DecreaseInOtherAssets"/>
    <link:calculationArc xlink:type="arc" xlink:arcrole="http://www.xbrl.org/2003/arcrole/summation-item" xlink:from="NetCashFlowsFromUsedInInvestingActivities" xlink:to="DecreaseInOtherAssets" xlink:title="calculation: NetCashFlowsFromUsedInInvestingActivities to DecreaseInOtherAssets" use="optional" order="38.2" weight="1.0"/>
    <link:loc xlink:type="locator" xlink:href="../tifrs-scf-2015-03-31.xsd#tifrs-SCF_IncreaseInPrepaymentForLandAndBuilding" xlink:label="IncreaseInPrepaymentForLandAndBuilding" xlink:title="IncreaseInPrepaymentForLandAndBuilding"/>
    <link:calculationArc xlink:type="arc" xlink:arcrole="http://www.xbrl.org/2003/arcrole/summation-item" xlink:from="NetCashFlowsFromUsedInInvestingActivities" xlink:to="IncreaseInPrepaymentForLandAndBuilding" xlink:title="calculation: NetCashFlowsFromUsedInInvestingActivities to IncreaseInPrepaymentForLandAndBuilding" use="optional" order="38.3" weight="1.0"/>
    <link:loc xlink:type="locator" xlink:href="../tifrs-scf-2015-03-31.xsd#tifrs-SCF_DecreaseInPrepaymentForLandAndBuilding" xlink:label="DecreaseInPrepaymentForLandAndBuilding" xlink:title="DecreaseInPrepaymentForLandAndBuilding"/>
    <link:calculationArc xlink:type="arc" xlink:arcrole="http://www.xbrl.org/2003/arcrole/summation-item" xlink:from="NetCashFlowsFromUsedInInvestingActivities" xlink:to="DecreaseInPrepaymentForLandAndBuilding" xlink:title="calculation: NetCashFlowsFromUsedInInvestingActivities to DecreaseInPrepaymentForLandAndBuilding" use="optional" order="38.4" weight="1.0"/>
    <link:loc xlink:type="locator" xlink:href="../tifrs-scf-2015-03-31.xsd#tifrs-SCF_IncreaseInPrepaymentsForBusinessFacilities" xlink:label="IncreaseInPrepaymentsForBusinessFacilities" xlink:title="IncreaseInPrepaymentsForBusinessFacilities"/>
    <link:calculationArc xlink:type="arc" xlink:arcrole="http://www.xbrl.org/2003/arcrole/summation-item" xlink:from="NetCashFlowsFromUsedInInvestingActivities" xlink:to="IncreaseInPrepaymentsForBusinessFacilities" xlink:title="calculation: NetCashFlowsFromUsedInInvestingActivities to IncreaseInPrepaymentsForBusinessFacilities" use="optional" order="38.5" weight="1.0"/>
    <link:loc xlink:type="locator" xlink:href="../tifrs-scf-2015-03-31.xsd#tifrs-SCF_DecreaseInPrepaymentsForBusinessFacilities" xlink:label="DecreaseInPrepaymentsForBusinessFacilities" xlink:title="DecreaseInPrepaymentsForBusinessFacilities"/>
    <link:calculationArc xlink:type="arc" xlink:arcrole="http://www.xbrl.org/2003/arcrole/summation-item" xlink:from="NetCashFlowsFromUsedInInvestingActivities" xlink:to="DecreaseInPrepaymentsForBusinessFacilities" xlink:title="calculation: NetCashFlowsFromUsedInInvestingActivities to DecreaseInPrepaymentsForBusinessFacilities" use="optional" order="38.6" weight="1.0"/>
    <link:loc xlink:type="locator" xlink:href="../tifrs-scf-2015-03-31.xsd#tifrs-SCF_IncreaseInOtherPrepayments" xlink:label="IncreaseInOtherPrepayments" xlink:title="IncreaseInOtherPrepayments"/>
    <link:calculationArc xlink:type="arc" xlink:arcrole="http://www.xbrl.org/2003/arcrole/summation-item" xlink:from="NetCashFlowsFromUsedInInvestingActivities" xlink:to="IncreaseInOtherPrepayments" xlink:title="calculation: NetCashFlowsFromUsedInInvestingActivities to IncreaseInOtherPrepayments" use="optional" order="38.7" weight="1.0"/>
    <link:loc xlink:type="locator" xlink:href="../tifrs-scf-2015-03-31.xsd#tifrs-SCF_DecreaseInOtherPrepayments" xlink:label="DecreaseInOtherPrepayments" xlink:title="DecreaseInOtherPrepayments"/>
    <link:calculationArc xlink:type="arc" xlink:arcrole="http://www.xbrl.org/2003/arcrole/summation-item" xlink:from="NetCashFlowsFromUsedInInvestingActivities" xlink:to="DecreaseInOtherPrepayments" xlink:title="calculation: NetCashFlowsFromUsedInInvestingActivities to DecreaseInOtherPrepayments" use="optional" order="38.8" weight="1.0"/>
    <link:loc xlink:type="locator" xlink:href="../tifrs-scf-2015-03-31.xsd#tifrs-SCF_DecreaseInOperationGuarantee" xlink:label="DecreaseInOperationGuarantee" xlink:title="DecreaseInOperationGuarantee"/>
    <link:calculationArc xlink:type="arc" xlink:arcrole="http://www.xbrl.org/2003/arcrole/summation-item" xlink:from="NetCashFlowsFromUsedInInvestingActivities" xlink:to="DecreaseInOperationGuarantee" xlink:title="calculation: NetCashFlowsFromUsedInInvestingActivities to DecreaseInOperationGuarantee" order="21.4" weight="1.0"/>
    <link:loc xlink:type="locator" xlink:href="../tifrs-scf-2015-03-31.xsd#tifrs-SCF_CashFlowsFromUsedInFinancingActivities" xlink:label="CashFlowsFromUsedInFinancingActivities" xlink:title="CashFlowsFromUsedInFinancingActivities"/>
    <link:loc xlink:type="locator" xlink:href="../tifrs-scf-2015-03-31.xsd#tifrs-SCF_IncreaseInCommercialPapersPayable" xlink:label="IncreaseInCommercialPapersPayable" xlink:title="IncreaseInCommercialPapersPayable"/>
    <link:calculationArc xlink:type="arc" xlink:arcrole="http://www.xbrl.org/2003/arcrole/summation-item" xlink:from="CashFlowsFromUsedInFinancingActivities" xlink:to="IncreaseInCommercialPapersPayable" xlink:title="calculation: CashFlowsFromUsedInFinancingActivities to IncreaseInCommercialPapersPayable" use="optional" order="2.1" weight="1.0"/>
    <link:loc xlink:type="locator" xlink:href="../tifrs-scf-2015-03-31.xsd#tifrs-SCF_DecreaseInCommercialPapersPayable" xlink:label="DecreaseInCommercialPapersPayable" xlink:title="DecreaseInCommercialPapersPayable"/>
    <link:calculationArc xlink:type="arc" xlink:arcrole="http://www.xbrl.org/2003/arcrole/summation-item" xlink:from="CashFlowsFromUsedInFinancingActivities" xlink:to="DecreaseInCommercialPapersPayable" xlink:title="calculation: CashFlowsFromUsedInFinancingActivities to DecreaseInCommercialPapersPayable" use="optional" order="2.2" weight="1.0"/>
    <link:loc xlink:type="locator" xlink:href="../tifrs-scf-2015-03-31.xsd#tifrs-SCF_AcquisitionOfDerivativeFinancialAssetsForHedging-CashFlowsFromUsedInFinancingActivities" xlink:label="AcquisitionOfDerivativeFinancialAssetsForHedging-CashFlowsFromUsedInFinancingActivities" xlink:title="AcquisitionOfDerivativeFinancialAssetsForHedging-CashFlowsFromUsedInFinancingActivities"/>
    <link:calculationArc xlink:type="arc" xlink:arcrole="http://www.xbrl.org/2003/arcrole/summation-item" xlink:from="CashFlowsFromUsedInFinancingActivities" xlink:to="AcquisitionOfDerivativeFinancialAssetsForHedging-CashFlowsFromUsedInFinancingActivities" xlink:title="calculation: CashFlowsFromUsedInFinancingActivities to AcquisitionOfDerivativeFinancialAssetsForHedging-CashFlowsFromUsedInFinancingActivities" use="optional" order="2.3" weight="1.0"/>
    <link:loc xlink:type="locator" xlink:href="../tifrs-scf-2015-03-31.xsd#tifrs-SCF_ProceedsFromDisposalOfDerivativeFinancialAssetsForHedging-CashFlowsFromUsedInFinancingActivities" xlink:label="ProceedsFromDisposalOfDerivativeFinancialAssetsForHedging-CashFlowsFromUsedInFinancingActivities" xlink:title="ProceedsFromDisposalOfDerivativeFinancialAssetsForHedging-CashFlowsFromUsedInFinancingActivities"/>
    <link:calculationArc xlink:type="arc" xlink:arcrole="http://www.xbrl.org/2003/arcrole/summation-item" xlink:from="CashFlowsFromUsedInFinancingActivities" xlink:to="ProceedsFromDisposalOfDerivativeFinancialAssetsForHedging-CashFlowsFromUsedInFinancingActivities" xlink:title="calculation: CashFlowsFromUsedInFinancingActivities to ProceedsFromDisposalOfDerivativeFinancialAssetsForHedging-CashFlowsFromUsedInFinancingActivities" use="optional" order="2.4" weight="1.0"/>
    <link:loc xlink:type="locator" xlink:href="../tifrs-scf-2015-03-31.xsd#tifrs-SCF_DerecognitionOfDerivativeFinancialLiabilitiesForHedging-CashFlowsFromUsedInFinancingActivities" xlink:label="DerecognitionOfDerivativeFinancialLiabilitiesForHedging-CashFlowsFromUsedInFinancingActivities" xlink:title="DerecognitionOfDerivativeFinancialLiabilitiesForHedging-CashFlowsFromUsedInFinancingActivities"/>
    <link:calculationArc xlink:type="arc" xlink:arcrole="http://www.xbrl.org/2003/arcrole/summation-item" xlink:from="CashFlowsFromUsedInFinancingActivities" xlink:to="DerecognitionOfDerivativeFinancialLiabilitiesForHedging-CashFlowsFromUsedInFinancingActivities" xlink:title="calculation: CashFlowsFromUsedInFinancingActivities to DerecognitionOfDerivativeFinancialLiabilitiesForHedging-CashFlowsFromUsedInFinancingActivities" use="optional" order="2.5" weight="1.0"/>
    <link:loc xlink:type="locator" xlink:href="../tifrs-scf-2015-03-31.xsd#tifrs-SCF_ProceedsFromLongTermDebt" xlink:label="ProceedsFromLongTermDebt" xlink:title="ProceedsFromLongTermDebt"/>
    <link:calculationArc xlink:type="arc" xlink:arcrole="http://www.xbrl.org/2003/arcrole/summation-item" xlink:from="CashFlowsFromUsedInFinancingActivities" xlink:to="ProceedsFromLongTermDebt" xlink:title="calculation: CashFlowsFromUsedInFinancingActivities to ProceedsFromLongTermDebt" use="optional" order="4.1" weight="1.0"/>
    <link:loc xlink:type="locator" xlink:href="../tifrs-scf-2015-03-31.xsd#tifrs-SCF_RepaymentsOfLongTermDebt" xlink:label="RepaymentsOfLongTermDebt" xlink:title="RepaymentsOfLongTermDebt"/>
    <link:calculationArc xlink:type="arc" xlink:arcrole="http://www.xbrl.org/2003/arcrole/summation-item" xlink:from="CashFlowsFromUsedInFinancingActivities" xlink:to="RepaymentsOfLongTermDebt" xlink:title="calculation: CashFlowsFromUsedInFinancingActivities to RepaymentsOfLongTermDebt" use="optional" order="4.2" weight="1.0"/>
    <link:loc xlink:type="locator" xlink:href="../tifrs-scf-2015-03-31.xsd#tifrs-SCF_IncreaseInFinancialLiabilitiesAtFairValueThroughProfitOrLossDesignatedAsUponInitialRecognition" xlink:label="IncreaseInFinancialLiabilitiesAtFairValueThroughProfitOrLossDesignatedAsUponInitialRecognition" xlink:title="IncreaseInFinancialLiabilitiesAtFairValueThroughProfitOrLossDesignatedAsUponInitialRecognition"/>
    <link:calculationArc xlink:type="arc" xlink:arcrole="http://www.xbrl.org/2003/arcrole/summation-item" xlink:from="CashFlowsFromUsedInFinancingActivities" xlink:to="IncreaseInFinancialLiabilitiesAtFairValueThroughProfitOrLossDesignatedAsUponInitialRecognition" xlink:title="calculation: CashFlowsFromUsedInFinancingActivities to IncreaseInFinancialLiabilitiesAtFairValueThroughProfitOrLossDesignatedAsUponInitialRecognition" use="optional" order="4.3" weight="1.0"/>
    <link:loc xlink:type="locator" xlink:href="../tifrs-scf-2015-03-31.xsd#tifrs-SCF_DecreaseInFinancialLiabilitiesAtFairValueThroughProfitOrLossDesignatedAsUponInitialRecognition" xlink:label="DecreaseInFinancialLiabilitiesAtFairValueThroughProfitOrLossDesignatedAsUponInitialRecognition" xlink:title="DecreaseInFinancialLiabilitiesAtFairValueThroughProfitOrLossDesignatedAsUponInitialRecognition"/>
    <link:calculationArc xlink:type="arc" xlink:arcrole="http://www.xbrl.org/2003/arcrole/summation-item" xlink:from="CashFlowsFromUsedInFinancingActivities" xlink:to="DecreaseInFinancialLiabilitiesAtFairValueThroughProfitOrLossDesignatedAsUponInitialRecognition" xlink:title="calculation: CashFlowsFromUsedInFinancingActivities to DecreaseInFinancialLiabilitiesAtFairValueThroughProfitOrLossDesignatedAsUponInitialRecognition" use="optional" order="4.4" weight="1.0"/>
    <link:loc xlink:type="locator" xlink:href="../tifrs-scf-2015-03-31.xsd#tifrs-SCF_IncreaseInOtherLiabilities" xlink:label="IncreaseInOtherLiabilities" xlink:title="IncreaseInOtherLiabilities"/>
    <link:calculationArc xlink:type="arc" xlink:arcrole="http://www.xbrl.org/2003/arcrole/summation-item" xlink:from="CashFlowsFromUsedInFinancingActivities" xlink:to="IncreaseInOtherLiabilities" xlink:title="calculation: CashFlowsFromUsedInFinancingActivities to IncreaseInOtherLiabilities" use="optional" order="15.1" weight="1.0"/>
    <link:loc xlink:type="locator" xlink:href="../tifrs-scf-2015-03-31.xsd#tifrs-SCF_DecreaseInOtherLiabilities" xlink:label="DecreaseInOtherLiabilities" xlink:title="DecreaseInOtherLiabilities"/>
    <link:calculationArc xlink:type="arc" xlink:arcrole="http://www.xbrl.org/2003/arcrole/summation-item" xlink:from="CashFlowsFromUsedInFinancingActivities" xlink:to="DecreaseInOtherLiabilities" xlink:title="calculation: CashFlowsFromUsedInFinancingActivities to DecreaseInOtherLiabilities" use="optional" order="15.2" weight="1.0"/>
    <link:loc xlink:type="locator" xlink:href="../../ifrs_20100430/ifrs-cor_2010-04-30.xsd#ifrs_InterestPaidClassifiedAsFinancingActivities" xlink:label="InterestPaidClassifiedAsFinancingActivities" xlink:title="InterestPaidClassifiedAsFinancingActivities"/>
    <link:calculationArc xlink:type="arc" xlink:arcrole="http://www.xbrl.org/2003/arcrole/summation-item" xlink:from="CashFlowsFromUsedInFinancingActivities" xlink:to="InterestPaidClassifiedAsFinancingActivities" xlink:title="calculation: CashFlowsFromUsedInFinancingActivities to InterestPaidClassifiedAsFinancingActivities" use="optional" order="26.1" weight="1.0"/>
  </link:calculationLink>
</link:linkbase>
