<?xml version="1.0" encoding="UTF-8"?>
<!-- Generated by Fujitsu XWand B0184C -->
<link:linkbase xmlns:xsi="http://www.w3.org/2001/XMLSchema-instance" xsi:schemaLocation="http://www.xbrl.org/2003/linkbase http://www.xbrl.org/2003/xbrl-linkbase-2003-12-31.xsd" xmlns:link="http://www.xbrl.org/2003/linkbase" xmlns:xbrli="http://www.xbrl.org/2003/instance" xmlns:xlink="http://www.w3.org/1999/xlink">
  <link:roleRef roleURI="http://www.xbrl.org/tifrs/fr/role/StatementOfCashFlows" xlink:type="simple" xlink:href="../tifrs-scf-2015-03-31.xsd#RT_1"/>
  <link:presentationLink xlink:type="extended" xlink:role="http://www.xbrl.org/tifrs/fr/role/StatementOfCashFlows">
    <link:loc xlink:type="locator" xlink:href="../tifrs-scf-2015-03-31.xsd#tifrs-SCF_AdjustmentsToReconcileProfitLossAbstract" xlink:label="AdjustmentsToReconcileProfitLossAbstract" xlink:title="AdjustmentsToReconcileProfitLossAbstract"/>
    <link:loc xlink:type="locator" xlink:href="../tifrs-scf-2015-03-31.xsd#tifrs-SCF_ProvisionReversalOfProvisionForBadDebtExpense" xlink:label="ProvisionReversalOfProvisionForBadDebtExpense" xlink:title="ProvisionReversalOfProvisionForBadDebtExpense"/>
    <link:presentationArc xlink:type="arc" xlink:arcrole="http://www.xbrl.org/2003/arcrole/parent-child" xlink:from="AdjustmentsToReconcileProfitLossAbstract" xlink:to="ProvisionReversalOfProvisionForBadDebtExpense" xlink:title="presentation: AdjustmentsToReconcileProfitLossAbstract to ProvisionReversalOfProvisionForBadDebtExpense" order="2.1" preferredLabel="http://www.xbrl.org/2003/role/verboseLabel"/>
    <link:loc xlink:type="locator" xlink:href="../tifrs-scf-2015-03-31.xsd#tifrs-SCF_InterestIncome" xlink:label="InterestIncome" xlink:title="InterestIncome"/>
    <link:presentationArc xlink:type="arc" xlink:arcrole="http://www.xbrl.org/2003/arcrole/parent-child" xlink:from="AdjustmentsToReconcileProfitLossAbstract" xlink:to="InterestIncome" xlink:title="presentation: AdjustmentsToReconcileProfitLossAbstract to InterestIncome" order="6.1" preferredLabel="http://www.xbrl.org/2003/role/verboseLabel"/>
    <link:loc xlink:type="locator" xlink:href="../tifrs-scf-2015-03-31.xsd#tifrs-SCF_LossGainOnDisposalOfPropertyPlanAndEquipment" xlink:label="LossGainOnDisposalOfPropertyPlanAndEquipment" xlink:title="LossGainOnDisposalOfPropertyPlanAndEquipment"/>
    <link:presentationArc xlink:type="arc" xlink:arcrole="http://www.xbrl.org/2003/arcrole/parent-child" xlink:from="AdjustmentsToReconcileProfitLossAbstract" xlink:to="LossGainOnDisposalOfPropertyPlanAndEquipment" xlink:title="presentation: AdjustmentsToReconcileProfitLossAbstract to LossGainOnDisposalOfPropertyPlanAndEquipment" order="12.1"/>
    <link:loc xlink:type="locator" xlink:href="../tifrs-scf-2015-03-31.xsd#tifrs-SCF_PropertyPlanAndEquipmentTransferredToExpenses" xlink:label="PropertyPlanAndEquipmentTransferredToExpenses" xlink:title="PropertyPlanAndEquipmentTransferredToExpenses"/>
    <link:presentationArc xlink:type="arc" xlink:arcrole="http://www.xbrl.org/2003/arcrole/parent-child" xlink:from="AdjustmentsToReconcileProfitLossAbstract" xlink:to="PropertyPlanAndEquipmentTransferredToExpenses" xlink:title="presentation: AdjustmentsToReconcileProfitLossAbstract to PropertyPlanAndEquipmentTransferredToExpenses" order="12.2"/>
    <link:loc xlink:type="locator" xlink:href="../tifrs-scf-2015-03-31.xsd#tifrs-SCF_LossGainOnDisposalOfInvestmentProperties" xlink:label="LossGainOnDisposalOfInvestmentProperties" xlink:title="LossGainOnDisposalOfInvestmentProperties"/>
    <link:presentationArc xlink:type="arc" xlink:arcrole="http://www.xbrl.org/2003/arcrole/parent-child" xlink:from="AdjustmentsToReconcileProfitLossAbstract" xlink:to="LossGainOnDisposalOfInvestmentProperties" xlink:title="presentation: AdjustmentsToReconcileProfitLossAbstract to LossGainOnDisposalOfInvestmentProperties" order="12.3"/>
    <link:loc xlink:type="locator" xlink:href="../tifrs-scf-2015-03-31.xsd#tifrs-SCF_LossGainOnDisposalOfOtherAssets" xlink:label="LossGainOnDisposalOfOtherAssets" xlink:title="LossGainOnDisposalOfOtherAssets"/>
    <link:presentationArc xlink:type="arc" xlink:arcrole="http://www.xbrl.org/2003/arcrole/parent-child" xlink:from="AdjustmentsToReconcileProfitLossAbstract" xlink:to="LossGainOnDisposalOfOtherAssets" xlink:title="presentation: AdjustmentsToReconcileProfitLossAbstract to LossGainOnDisposalOfOtherAssets" order="14.1"/>
    <link:loc xlink:type="locator" xlink:href="../tifrs-scf-2015-03-31.xsd#tifrs-SCF_LossGainOnDisposalOfNoncurrentAssetsClassifiedAsHeldForSale" xlink:label="LossGainOnDisposalOfNoncurrentAssetsClassifiedAsHeldForSale" xlink:title="LossGainOnDisposalOfNoncurrentAssetsClassifiedAsHeldForSale"/>
    <link:presentationArc xlink:type="arc" xlink:arcrole="http://www.xbrl.org/2003/arcrole/parent-child" xlink:from="AdjustmentsToReconcileProfitLossAbstract" xlink:to="LossGainOnDisposalOfNoncurrentAssetsClassifiedAsHeldForSale" xlink:title="presentation: AdjustmentsToReconcileProfitLossAbstract to LossGainOnDisposalOfNoncurrentAssetsClassifiedAsHeldForSale" order="14.2"/>
    <link:loc xlink:type="locator" xlink:href="../tifrs-scf-2015-03-31.xsd#tifrs-SCF_LossGainOnDisposalOfInvestments" xlink:label="LossGainOnDisposalOfInvestments" xlink:title="LossGainOnDisposalOfInvestments"/>
    <link:presentationArc xlink:type="arc" xlink:arcrole="http://www.xbrl.org/2003/arcrole/parent-child" xlink:from="AdjustmentsToReconcileProfitLossAbstract" xlink:to="LossGainOnDisposalOfInvestments" xlink:title="presentation: AdjustmentsToReconcileProfitLossAbstract to LossGainOnDisposalOfInvestments" order="14.3"/>
    <link:loc xlink:type="locator" xlink:href="../tifrs-scf-2015-03-31.xsd#tifrs-SCF_NetLossGainOnNonoperatingFinancialInstrumentsAtFairValue" xlink:label="NetLossGainOnNonoperatingFinancialInstrumentsAtFairValue" xlink:title="NetLossGainOnNonoperatingFinancialInstrumentsAtFairValue"/>
    <link:presentationArc xlink:type="arc" xlink:arcrole="http://www.xbrl.org/2003/arcrole/parent-child" xlink:from="AdjustmentsToReconcileProfitLossAbstract" xlink:to="NetLossGainOnNonoperatingFinancialInstrumentsAtFairValue" xlink:title="presentation: AdjustmentsToReconcileProfitLossAbstract to NetLossGainOnNonoperatingFinancialInstrumentsAtFairValue" order="16.1"/>
    <link:loc xlink:type="locator" xlink:href="../tifrs-scf-2015-03-31.xsd#tifrs-SCF_UnrealizedGainLossOnIssuanceOfCallOrPut" xlink:label="UnrealizedGainLossOnIssuanceOfCallOrPut" xlink:title="UnrealizedGainLossOnIssuanceOfCallOrPut"/>
    <link:presentationArc xlink:type="arc" xlink:arcrole="http://www.xbrl.org/2003/arcrole/parent-child" xlink:from="AdjustmentsToReconcileProfitLossAbstract" xlink:to="UnrealizedGainLossOnIssuanceOfCallOrPut" xlink:title="presentation: AdjustmentsToReconcileProfitLossAbstract to UnrealizedGainLossOnIssuanceOfCallOrPut" order="16.2"/>
    <link:loc xlink:type="locator" xlink:href="../tifrs-scf-2015-03-31.xsd#tifrs-SCF_UnrealizedProfitLossFromSales" xlink:label="UnrealizedProfitLossFromSales" xlink:title="UnrealizedProfitLossFromSales"/>
    <link:presentationArc xlink:type="arc" xlink:arcrole="http://www.xbrl.org/2003/arcrole/parent-child" xlink:from="AdjustmentsToReconcileProfitLossAbstract" xlink:to="UnrealizedProfitLossFromSales" xlink:title="presentation: AdjustmentsToReconcileProfitLossAbstract to UnrealizedProfitLossFromSales" order="20.1"/>
    <link:loc xlink:type="locator" xlink:href="../tifrs-scf-2015-03-31.xsd#tifrs-SCF_RealizedLossProfitOnFromSales" xlink:label="RealizedLossProfitOnFromSales" xlink:title="RealizedLossProfitOnFromSales"/>
    <link:presentationArc xlink:type="arc" xlink:arcrole="http://www.xbrl.org/2003/arcrole/parent-child" xlink:from="AdjustmentsToReconcileProfitLossAbstract" xlink:to="RealizedLossProfitOnFromSales" xlink:title="presentation: AdjustmentsToReconcileProfitLossAbstract to RealizedLossProfitOnFromSales" order="20.2"/>
    <link:loc xlink:type="locator" xlink:href="../tifrs-scf-2015-03-31.xsd#tifrs-SCF_ChangesInOperatingAssetsAbstract" xlink:label="ChangesInOperatingAssetsAbstract" xlink:title="ChangesInOperatingAssetsAbstract"/>
    <link:loc xlink:type="locator" xlink:href="../tifrs-scf-2015-03-31.xsd#tifrs-SCF_DecreaseIncreaseInFinancialAssetsAtFairValueThroughProfitOrLoss" xlink:label="DecreaseIncreaseInFinancialAssetsAtFairValueThroughProfitOrLoss" xlink:title="DecreaseIncreaseInFinancialAssetsAtFairValueThroughProfitOrLoss"/>
    <link:presentationArc xlink:type="arc" xlink:arcrole="http://www.xbrl.org/2003/arcrole/parent-child" xlink:from="ChangesInOperatingAssetsAbstract" xlink:to="DecreaseIncreaseInFinancialAssetsAtFairValueThroughProfitOrLoss" xlink:title="presentation: ChangesInOperatingAssetsAbstract to DecreaseIncreaseInFinancialAssetsAtFairValueThroughProfitOrLoss" order="1.0"/>
    <link:loc xlink:type="locator" xlink:href="../tifrs-scf-2015-03-31.xsd#tifrs-SCF_DecreaseIncreaseInDerivativeFinancialAssetsForHedging" xlink:label="DecreaseIncreaseInDerivativeFinancialAssetsForHedging" xlink:title="DecreaseIncreaseInDerivativeFinancialAssetsForHedging"/>
    <link:presentationArc xlink:type="arc" xlink:arcrole="http://www.xbrl.org/2003/arcrole/parent-child" xlink:from="ChangesInOperatingAssetsAbstract" xlink:to="DecreaseIncreaseInDerivativeFinancialAssetsForHedging" xlink:title="presentation: ChangesInOperatingAssetsAbstract to DecreaseIncreaseInDerivativeFinancialAssetsForHedging" order="2.0"/>
    <link:loc xlink:type="locator" xlink:href="../tifrs-scf-2015-03-31.xsd#tifrs-SCF_DecreaseIncreaseInBondInvestmentsUnderResaleAgreements" xlink:label="DecreaseIncreaseInBondInvestmentsUnderResaleAgreements" xlink:title="DecreaseIncreaseInBondInvestmentsUnderResaleAgreements"/>
    <link:presentationArc xlink:type="arc" xlink:arcrole="http://www.xbrl.org/2003/arcrole/parent-child" xlink:from="ChangesInOperatingAssetsAbstract" xlink:to="DecreaseIncreaseInBondInvestmentsUnderResaleAgreements" xlink:title="presentation: ChangesInOperatingAssetsAbstract to DecreaseIncreaseInBondInvestmentsUnderResaleAgreements" order="3.0"/>
    <link:loc xlink:type="locator" xlink:href="../tifrs-scf-2015-03-31.xsd#tifrs-SCF_DecreaseIncreaseInBillInvestmentsUnderResaleAgreements" xlink:label="DecreaseIncreaseInBillInvestmentsUnderResaleAgreements" xlink:title="DecreaseIncreaseInBillInvestmentsUnderResaleAgreements"/>
    <link:presentationArc xlink:type="arc" xlink:arcrole="http://www.xbrl.org/2003/arcrole/parent-child" xlink:from="ChangesInOperatingAssetsAbstract" xlink:to="DecreaseIncreaseInBillInvestmentsUnderResaleAgreements" xlink:title="presentation: ChangesInOperatingAssetsAbstract to DecreaseIncreaseInBillInvestmentsUnderResaleAgreements" order="4.0"/>
    <link:loc xlink:type="locator" xlink:href="../tifrs-scf-2015-03-31.xsd#tifrs-SCF_DecreaseIncreaseInMarginLoansReceivable" xlink:label="DecreaseIncreaseInMarginLoansReceivable" xlink:title="DecreaseIncreaseInMarginLoansReceivable"/>
    <link:presentationArc xlink:type="arc" xlink:arcrole="http://www.xbrl.org/2003/arcrole/parent-child" xlink:from="ChangesInOperatingAssetsAbstract" xlink:to="DecreaseIncreaseInMarginLoansReceivable" xlink:title="presentation: ChangesInOperatingAssetsAbstract to DecreaseIncreaseInMarginLoansReceivable" order="5.0"/>
    <link:loc xlink:type="locator" xlink:href="../tifrs-scf-2015-03-31.xsd#tifrs-SCF_DecreaseIncreaseInRefinancingMargin" xlink:label="DecreaseIncreaseInRefinancingMargin" xlink:title="DecreaseIncreaseInRefinancingMargin"/>
    <link:presentationArc xlink:type="arc" xlink:arcrole="http://www.xbrl.org/2003/arcrole/parent-child" xlink:from="ChangesInOperatingAssetsAbstract" xlink:to="DecreaseIncreaseInRefinancingMargin" xlink:title="presentation: ChangesInOperatingAssetsAbstract to DecreaseIncreaseInRefinancingMargin" order="6.0"/>
    <link:loc xlink:type="locator" xlink:href="../tifrs-scf-2015-03-31.xsd#tifrs-SCF_DecreaseIncreaseInRefinancingCollateralReceivable" xlink:label="DecreaseIncreaseInRefinancingCollateralReceivable" xlink:title="DecreaseIncreaseInRefinancingCollateralReceivable"/>
    <link:presentationArc xlink:type="arc" xlink:arcrole="http://www.xbrl.org/2003/arcrole/parent-child" xlink:from="ChangesInOperatingAssetsAbstract" xlink:to="DecreaseIncreaseInRefinancingCollateralReceivable" xlink:title="presentation: ChangesInOperatingAssetsAbstract to DecreaseIncreaseInRefinancingCollateralReceivable" order="7.0"/>
    <link:loc xlink:type="locator" xlink:href="../tifrs-scf-2015-03-31.xsd#tifrs-SCF_DecreaseIncreaseInReceivableOfSecuritiesBusinessMoneyLending" xlink:label="DecreaseIncreaseInReceivableOfSecuritiesBusinessMoneyLending" xlink:title="DecreaseIncreaseInReceivableOfSecuritiesBusinessMoneyLending"/>
    <link:presentationArc xlink:type="arc" xlink:arcrole="http://www.xbrl.org/2003/arcrole/parent-child" xlink:from="ChangesInOperatingAssetsAbstract" xlink:to="DecreaseIncreaseInReceivableOfSecuritiesBusinessMoneyLending" xlink:title="presentation: ChangesInOperatingAssetsAbstract to DecreaseIncreaseInReceivableOfSecuritiesBusinessMoneyLending" order="8.0"/>
    <link:loc xlink:type="locator" xlink:href="../tifrs-scf-2015-03-31.xsd#tifrs-SCF_DecreaseIncreaseInCustomerMarginAccount" xlink:label="DecreaseIncreaseInCustomerMarginAccount" xlink:title="DecreaseIncreaseInCustomerMarginAccount"/>
    <link:presentationArc xlink:type="arc" xlink:arcrole="http://www.xbrl.org/2003/arcrole/parent-child" xlink:from="ChangesInOperatingAssetsAbstract" xlink:to="DecreaseIncreaseInCustomerMarginAccount" xlink:title="presentation: ChangesInOperatingAssetsAbstract to DecreaseIncreaseInCustomerMarginAccount" order="9.0"/>
    <link:loc xlink:type="locator" xlink:href="../tifrs-scf-2015-03-31.xsd#tifrs-SCF_DecreaseIncreaseInFuturesExchangesMarginsReceivable" xlink:label="DecreaseIncreaseInFuturesExchangesMarginsReceivable" xlink:title="DecreaseIncreaseInFuturesExchangesMarginsReceivable"/>
    <link:presentationArc xlink:type="arc" xlink:arcrole="http://www.xbrl.org/2003/arcrole/parent-child" xlink:from="ChangesInOperatingAssetsAbstract" xlink:to="DecreaseIncreaseInFuturesExchangesMarginsReceivable" xlink:title="presentation: ChangesInOperatingAssetsAbstract to DecreaseIncreaseInFuturesExchangesMarginsReceivable" order="10.0"/>
    <link:loc xlink:type="locator" xlink:href="../tifrs-scf-2015-03-31.xsd#tifrs-SCF_DecreaseIncreaseInSecurityBorrowingCollateralPrice" xlink:label="DecreaseIncreaseInSecurityBorrowingCollateralPrice" xlink:title="DecreaseIncreaseInSecurityBorrowingCollateralPrice"/>
    <link:presentationArc xlink:type="arc" xlink:arcrole="http://www.xbrl.org/2003/arcrole/parent-child" xlink:from="ChangesInOperatingAssetsAbstract" xlink:to="DecreaseIncreaseInSecurityBorrowingCollateralPrice" xlink:title="presentation: ChangesInOperatingAssetsAbstract to DecreaseIncreaseInSecurityBorrowingCollateralPrice" order="11.0"/>
    <link:loc xlink:type="locator" xlink:href="../tifrs-scf-2015-03-31.xsd#tifrs-SCF_DecreaseIncreaseInSecurityBorrowingMargin" xlink:label="DecreaseIncreaseInSecurityBorrowingMargin" xlink:title="DecreaseIncreaseInSecurityBorrowingMargin"/>
    <link:presentationArc xlink:type="arc" xlink:arcrole="http://www.xbrl.org/2003/arcrole/parent-child" xlink:from="ChangesInOperatingAssetsAbstract" xlink:to="DecreaseIncreaseInSecurityBorrowingMargin" xlink:title="presentation: ChangesInOperatingAssetsAbstract to DecreaseIncreaseInSecurityBorrowingMargin" order="12.0"/>
    <link:loc xlink:type="locator" xlink:href="../tifrs-scf-2015-03-31.xsd#tifrs-SCF_DecreaseIncreaseInNotesReceivable" xlink:label="DecreaseIncreaseInNotesReceivable" xlink:title="DecreaseIncreaseInNotesReceivable"/>
    <link:presentationArc xlink:type="arc" xlink:arcrole="http://www.xbrl.org/2003/arcrole/parent-child" xlink:from="ChangesInOperatingAssetsAbstract" xlink:to="DecreaseIncreaseInNotesReceivable" xlink:title="presentation: ChangesInOperatingAssetsAbstract to DecreaseIncreaseInNotesReceivable" order="13.0"/>
    <link:loc xlink:type="locator" xlink:href="../tifrs-scf-2015-03-31.xsd#tifrs-SCF_DecreaseIncreaseInNotesReceivableRelatedParties" xlink:label="DecreaseIncreaseInNotesReceivableRelatedParties" xlink:title="DecreaseIncreaseInNotesReceivableRelatedParties"/>
    <link:presentationArc xlink:type="arc" xlink:arcrole="http://www.xbrl.org/2003/arcrole/parent-child" xlink:from="ChangesInOperatingAssetsAbstract" xlink:to="DecreaseIncreaseInNotesReceivableRelatedParties" xlink:title="presentation: ChangesInOperatingAssetsAbstract to DecreaseIncreaseInNotesReceivableRelatedParties" order="14.0"/>
    <link:loc xlink:type="locator" xlink:href="../tifrs-scf-2015-03-31.xsd#tifrs-SCF_DecreaseIncreaseInAccountsReceivable" xlink:label="DecreaseIncreaseInAccountsReceivable" xlink:title="DecreaseIncreaseInAccountsReceivable"/>
    <link:presentationArc xlink:type="arc" xlink:arcrole="http://www.xbrl.org/2003/arcrole/parent-child" xlink:from="ChangesInOperatingAssetsAbstract" xlink:to="DecreaseIncreaseInAccountsReceivable" xlink:title="presentation: ChangesInOperatingAssetsAbstract to DecreaseIncreaseInAccountsReceivable" order="15.0"/>
    <link:loc xlink:type="locator" xlink:href="../tifrs-scf-2015-03-31.xsd#tifrs-SCF_DecreaseIncreaseInAccountsReceivableRelatedParties" xlink:label="DecreaseIncreaseInAccountsReceivableRelatedParties" xlink:title="DecreaseIncreaseInAccountsReceivableRelatedParties"/>
    <link:presentationArc xlink:type="arc" xlink:arcrole="http://www.xbrl.org/2003/arcrole/parent-child" xlink:from="ChangesInOperatingAssetsAbstract" xlink:to="DecreaseIncreaseInAccountsReceivableRelatedParties" xlink:title="presentation: ChangesInOperatingAssetsAbstract to DecreaseIncreaseInAccountsReceivableRelatedParties" order="16.0"/>
    <link:loc xlink:type="locator" xlink:href="../tifrs-scf-2015-03-31.xsd#tifrs-SCF_DecreaseIncreaseInOtherPrepayments" xlink:label="DecreaseIncreaseInOtherPrepayments" xlink:title="DecreaseIncreaseInOtherPrepayments"/>
    <link:presentationArc xlink:type="arc" xlink:arcrole="http://www.xbrl.org/2003/arcrole/parent-child" xlink:from="ChangesInOperatingAssetsAbstract" xlink:to="DecreaseIncreaseInOtherPrepayments" xlink:title="presentation: ChangesInOperatingAssetsAbstract to DecreaseIncreaseInOtherPrepayments" order="17.0"/>
    <link:loc xlink:type="locator" xlink:href="../tifrs-scf-2015-03-31.xsd#tifrs-SCF_DecreaseIncreaseInPrepaidPension" xlink:label="DecreaseIncreaseInPrepaidPension" xlink:title="DecreaseIncreaseInPrepaidPension"/>
    <link:presentationArc xlink:type="arc" xlink:arcrole="http://www.xbrl.org/2003/arcrole/parent-child" xlink:from="ChangesInOperatingAssetsAbstract" xlink:to="DecreaseIncreaseInPrepaidPension" xlink:title="presentation: ChangesInOperatingAssetsAbstract to DecreaseIncreaseInPrepaidPension" order="18.0"/>
    <link:loc xlink:type="locator" xlink:href="../tifrs-scf-2015-03-31.xsd#tifrs-SCF_DecreaseIncreaseInOtherReceivables" xlink:label="DecreaseIncreaseInOtherReceivables" xlink:title="DecreaseIncreaseInOtherReceivables"/>
    <link:presentationArc xlink:type="arc" xlink:arcrole="http://www.xbrl.org/2003/arcrole/parent-child" xlink:from="ChangesInOperatingAssetsAbstract" xlink:to="DecreaseIncreaseInOtherReceivables" xlink:title="presentation: ChangesInOperatingAssetsAbstract to DecreaseIncreaseInOtherReceivables" order="19.0"/>
    <link:loc xlink:type="locator" xlink:href="../tifrs-scf-2015-03-31.xsd#tifrs-SCF_DecreaseIncreaseInOtherReceivableRelatedParties" xlink:label="DecreaseIncreaseInOtherReceivableRelatedParties" xlink:title="DecreaseIncreaseInOtherReceivableRelatedParties"/>
    <link:presentationArc xlink:type="arc" xlink:arcrole="http://www.xbrl.org/2003/arcrole/parent-child" xlink:from="ChangesInOperatingAssetsAbstract" xlink:to="DecreaseIncreaseInOtherReceivableRelatedParties" xlink:title="presentation: ChangesInOperatingAssetsAbstract to DecreaseIncreaseInOtherReceivableRelatedParties" order="20.0"/>
    <link:loc xlink:type="locator" xlink:href="../tifrs-scf-2015-03-31.xsd#tifrs-SCF_DecreaseIncreaseInSecuritiesHeldForCustomerDefault" xlink:label="DecreaseIncreaseInSecuritiesHeldForCustomerDefault" xlink:title="DecreaseIncreaseInSecuritiesHeldForCustomerDefault"/>
    <link:presentationArc xlink:type="arc" xlink:arcrole="http://www.xbrl.org/2003/arcrole/parent-child" xlink:from="ChangesInOperatingAssetsAbstract" xlink:to="DecreaseIncreaseInSecuritiesHeldForCustomerDefault" xlink:title="presentation: ChangesInOperatingAssetsAbstract to DecreaseIncreaseInSecuritiesHeldForCustomerDefault" order="21.0"/>
    <link:loc xlink:type="locator" xlink:href="../tifrs-scf-2015-03-31.xsd#tifrs-SCF_DecreaseIncreaseInOtherFinancialAssets" xlink:label="DecreaseIncreaseInOtherFinancialAssets" xlink:title="DecreaseIncreaseInOtherFinancialAssets"/>
    <link:presentationArc xlink:type="arc" xlink:arcrole="http://www.xbrl.org/2003/arcrole/parent-child" xlink:from="ChangesInOperatingAssetsAbstract" xlink:to="DecreaseIncreaseInOtherFinancialAssets" xlink:title="presentation: ChangesInOperatingAssetsAbstract to DecreaseIncreaseInOtherFinancialAssets" order="22.0"/>
    <link:loc xlink:type="locator" xlink:href="../tifrs-scf-2015-03-31.xsd#tifrs-SCF_DecreaseIncreaseInFinancialAssetsAtCost" xlink:label="DecreaseIncreaseInFinancialAssetsAtCost" xlink:title="DecreaseIncreaseInFinancialAssetsAtCost"/>
    <link:presentationArc xlink:type="arc" xlink:arcrole="http://www.xbrl.org/2003/arcrole/parent-child" xlink:from="ChangesInOperatingAssetsAbstract" xlink:to="DecreaseIncreaseInFinancialAssetsAtCost" xlink:title="presentation: ChangesInOperatingAssetsAbstract to DecreaseIncreaseInFinancialAssetsAtCost" order="23.0"/>
    <link:loc xlink:type="locator" xlink:href="../tifrs-scf-2015-03-31.xsd#tifrs-SCF_DecreaseIncreaseInAvailableForSaleFinancialAssets" xlink:label="DecreaseIncreaseInAvailableForSaleFinancialAssets" xlink:title="DecreaseIncreaseInAvailableForSaleFinancialAssets"/>
    <link:presentationArc xlink:type="arc" xlink:arcrole="http://www.xbrl.org/2003/arcrole/parent-child" xlink:from="ChangesInOperatingAssetsAbstract" xlink:to="DecreaseIncreaseInAvailableForSaleFinancialAssets" xlink:title="presentation: ChangesInOperatingAssetsAbstract to DecreaseIncreaseInAvailableForSaleFinancialAssets" order="24.0"/>
    <link:loc xlink:type="locator" xlink:href="../tifrs-scf-2015-03-31.xsd#tifrs-SCF_DecreaseIncreaseInHeldToMaturityFinancialAssets" xlink:label="DecreaseIncreaseInHeldToMaturityFinancialAssets" xlink:title="DecreaseIncreaseInHeldToMaturityFinancialAssets"/>
    <link:presentationArc xlink:type="arc" xlink:arcrole="http://www.xbrl.org/2003/arcrole/parent-child" xlink:from="ChangesInOperatingAssetsAbstract" xlink:to="DecreaseIncreaseInHeldToMaturityFinancialAssets" xlink:title="presentation: ChangesInOperatingAssetsAbstract to DecreaseIncreaseInHeldToMaturityFinancialAssets" order="25.0"/>
    <link:loc xlink:type="locator" xlink:href="../tifrs-scf-2015-03-31.xsd#tifrs-SCF_DecreaseIncreaseInBondInvestmentWithoutActiveMarket" xlink:label="DecreaseIncreaseInBondInvestmentWithoutActiveMarket" xlink:title="DecreaseIncreaseInBondInvestmentWithoutActiveMarket"/>
    <link:presentationArc xlink:type="arc" xlink:arcrole="http://www.xbrl.org/2003/arcrole/parent-child" xlink:from="ChangesInOperatingAssetsAbstract" xlink:to="DecreaseIncreaseInBondInvestmentWithoutActiveMarket" xlink:title="presentation: ChangesInOperatingAssetsAbstract to DecreaseIncreaseInBondInvestmentWithoutActiveMarket" order="25.1"/>
    <link:loc xlink:type="locator" xlink:href="../tifrs-scf-2015-03-31.xsd#tifrs-SCF_DecreaseIncreaseInOtherCurrentAssets" xlink:label="DecreaseIncreaseInOtherCurrentAssets" xlink:title="DecreaseIncreaseInOtherCurrentAssets"/>
    <link:presentationArc xlink:type="arc" xlink:arcrole="http://www.xbrl.org/2003/arcrole/parent-child" xlink:from="ChangesInOperatingAssetsAbstract" xlink:to="DecreaseIncreaseInOtherCurrentAssets" xlink:title="presentation: ChangesInOperatingAssetsAbstract to DecreaseIncreaseInOtherCurrentAssets" order="25.2"/>
    <link:loc xlink:type="locator" xlink:href="../tifrs-scf-2015-03-31.xsd#tifrs-SCF_DecreaseIncreaseInOverdueReceivable" xlink:label="DecreaseIncreaseInOverdueReceivable" xlink:title="DecreaseIncreaseInOverdueReceivable"/>
    <link:presentationArc xlink:type="arc" xlink:arcrole="http://www.xbrl.org/2003/arcrole/parent-child" xlink:from="ChangesInOperatingAssetsAbstract" xlink:to="DecreaseIncreaseInOverdueReceivable" xlink:title="presentation: ChangesInOperatingAssetsAbstract to DecreaseIncreaseInOverdueReceivable" order="25.3"/>
    <link:loc xlink:type="locator" xlink:href="../tifrs-scf-2015-03-31.xsd#tifrs-SCF_DecreaseIncreaseInOtherOperatingAssets" xlink:label="DecreaseIncreaseInOtherOperatingAssets" xlink:title="DecreaseIncreaseInOtherOperatingAssets"/>
    <link:presentationArc xlink:type="arc" xlink:arcrole="http://www.xbrl.org/2003/arcrole/parent-child" xlink:from="ChangesInOperatingAssetsAbstract" xlink:to="DecreaseIncreaseInOtherOperatingAssets" xlink:title="presentation: ChangesInOperatingAssetsAbstract to DecreaseIncreaseInOtherOperatingAssets" order="25.4"/>
    <link:loc xlink:type="locator" xlink:href="../tifrs-scf-2015-03-31.xsd#tifrs-SCF_ChangesInOperatingLiabilitiesAbstract" xlink:label="ChangesInOperatingLiabilitiesAbstract" xlink:title="ChangesInOperatingLiabilitiesAbstract"/>
    <link:loc xlink:type="locator" xlink:href="../tifrs-scf-2015-03-31.xsd#tifrs-SCF_IncreaseDecreaseInLiabilitiesForBondsWithAttachedRepurchaseAgreements" xlink:label="IncreaseDecreaseInLiabilitiesForBondsWithAttachedRepurchaseAgreements" xlink:title="IncreaseDecreaseInLiabilitiesForBondsWithAttachedRepurchaseAgreements"/>
    <link:presentationArc xlink:type="arc" xlink:arcrole="http://www.xbrl.org/2003/arcrole/parent-child" xlink:from="ChangesInOperatingLiabilitiesAbstract" xlink:to="IncreaseDecreaseInLiabilitiesForBondsWithAttachedRepurchaseAgreements" xlink:title="presentation: ChangesInOperatingLiabilitiesAbstract to IncreaseDecreaseInLiabilitiesForBondsWithAttachedRepurchaseAgreements" order="1.0"/>
    <link:loc xlink:type="locator" xlink:href="../tifrs-scf-2015-03-31.xsd#tifrs-SCF_IncreaseDecreaseInLiabilitiesForBillsWithAttachedRepurchaseAgreements" xlink:label="IncreaseDecreaseInLiabilitiesForBillsWithAttachedRepurchaseAgreements" xlink:title="IncreaseDecreaseInLiabilitiesForBillsWithAttachedRepurchaseAgreements"/>
    <link:presentationArc xlink:type="arc" xlink:arcrole="http://www.xbrl.org/2003/arcrole/parent-child" xlink:from="ChangesInOperatingLiabilitiesAbstract" xlink:to="IncreaseDecreaseInLiabilitiesForBillsWithAttachedRepurchaseAgreements" xlink:title="presentation: ChangesInOperatingLiabilitiesAbstract to IncreaseDecreaseInLiabilitiesForBillsWithAttachedRepurchaseAgreements" order="2.0"/>
    <link:loc xlink:type="locator" xlink:href="../tifrs-scf-2015-03-31.xsd#tifrs-SCF_IncreaseDecreaseInFinancialLiabilitiesAtFairValueThroughProfitOrLoss" xlink:label="IncreaseDecreaseInFinancialLiabilitiesAtFairValueThroughProfitOrLoss" xlink:title="IncreaseDecreaseInFinancialLiabilitiesAtFairValueThroughProfitOrLoss"/>
    <link:presentationArc xlink:type="arc" xlink:arcrole="http://www.xbrl.org/2003/arcrole/parent-child" xlink:from="ChangesInOperatingLiabilitiesAbstract" xlink:to="IncreaseDecreaseInFinancialLiabilitiesAtFairValueThroughProfitOrLoss" xlink:title="presentation: ChangesInOperatingLiabilitiesAbstract to IncreaseDecreaseInFinancialLiabilitiesAtFairValueThroughProfitOrLoss" order="3.0"/>
    <link:loc xlink:type="locator" xlink:href="../tifrs-scf-2015-03-31.xsd#tifrs-SCF_IncreaseDecreaseInFinancialLiabilitiesAtCost" xlink:label="IncreaseDecreaseInFinancialLiabilitiesAtCost" xlink:title="IncreaseDecreaseInFinancialLiabilitiesAtCost"/>
    <link:presentationArc xlink:type="arc" xlink:arcrole="http://www.xbrl.org/2003/arcrole/parent-child" xlink:from="ChangesInOperatingLiabilitiesAbstract" xlink:to="IncreaseDecreaseInFinancialLiabilitiesAtCost" xlink:title="presentation: ChangesInOperatingLiabilitiesAbstract to IncreaseDecreaseInFinancialLiabilitiesAtCost" order="4.0"/>
    <link:loc xlink:type="locator" xlink:href="../tifrs-scf-2015-03-31.xsd#tifrs-SCF_IncreaseDecreaseInDerivativeFinancialLiabilitiesForHedging" xlink:label="IncreaseDecreaseInDerivativeFinancialLiabilitiesForHedging" xlink:title="IncreaseDecreaseInDerivativeFinancialLiabilitiesForHedging"/>
    <link:presentationArc xlink:type="arc" xlink:arcrole="http://www.xbrl.org/2003/arcrole/parent-child" xlink:from="ChangesInOperatingLiabilitiesAbstract" xlink:to="IncreaseDecreaseInDerivativeFinancialLiabilitiesForHedging" xlink:title="presentation: ChangesInOperatingLiabilitiesAbstract to IncreaseDecreaseInDerivativeFinancialLiabilitiesForHedging" order="5.0"/>
    <link:loc xlink:type="locator" xlink:href="../tifrs-scf-2015-03-31.xsd#tifrs-SCF_IncreaseDecreaseInSecuritiesFinancingRefundableDeposits" xlink:label="IncreaseDecreaseInSecuritiesFinancingRefundableDeposits" xlink:title="IncreaseDecreaseInSecuritiesFinancingRefundableDeposits"/>
    <link:presentationArc xlink:type="arc" xlink:arcrole="http://www.xbrl.org/2003/arcrole/parent-child" xlink:from="ChangesInOperatingLiabilitiesAbstract" xlink:to="IncreaseDecreaseInSecuritiesFinancingRefundableDeposits" xlink:title="presentation: ChangesInOperatingLiabilitiesAbstract to IncreaseDecreaseInSecuritiesFinancingRefundableDeposits" order="6.0"/>
    <link:loc xlink:type="locator" xlink:href="../tifrs-scf-2015-03-31.xsd#tifrs-SCF_IncreaseDecreaseInDepositsPayableForSecuritiesFinancing" xlink:label="IncreaseDecreaseInDepositsPayableForSecuritiesFinancing" xlink:title="IncreaseDecreaseInDepositsPayableForSecuritiesFinancing"/>
    <link:presentationArc xlink:type="arc" xlink:arcrole="http://www.xbrl.org/2003/arcrole/parent-child" xlink:from="ChangesInOperatingLiabilitiesAbstract" xlink:to="IncreaseDecreaseInDepositsPayableForSecuritiesFinancing" xlink:title="presentation: ChangesInOperatingLiabilitiesAbstract to IncreaseDecreaseInDepositsPayableForSecuritiesFinancing" order="7.0"/>
    <link:loc xlink:type="locator" xlink:href="../tifrs-scf-2015-03-31.xsd#tifrs-SCF_IncreaseDecreaseInRefinancingBorrowings" xlink:label="IncreaseDecreaseInRefinancingBorrowings" xlink:title="IncreaseDecreaseInRefinancingBorrowings"/>
    <link:presentationArc xlink:type="arc" xlink:arcrole="http://www.xbrl.org/2003/arcrole/parent-child" xlink:from="ChangesInOperatingLiabilitiesAbstract" xlink:to="IncreaseDecreaseInRefinancingBorrowings" xlink:title="presentation: ChangesInOperatingLiabilitiesAbstract to IncreaseDecreaseInRefinancingBorrowings" order="8.0"/>
    <link:loc xlink:type="locator" xlink:href="../tifrs-scf-2015-03-31.xsd#tifrs-SCF_IncreaseDecreaseInRefundableDeposit" xlink:label="IncreaseDecreaseInRefundableDeposit" xlink:title="IncreaseDecreaseInRefundableDeposit"/>
    <link:presentationArc xlink:type="arc" xlink:arcrole="http://www.xbrl.org/2003/arcrole/parent-child" xlink:from="ChangesInOperatingLiabilitiesAbstract" xlink:to="IncreaseDecreaseInRefundableDeposit" xlink:title="presentation: ChangesInOperatingLiabilitiesAbstract to IncreaseDecreaseInRefundableDeposit" order="9.0"/>
    <link:loc xlink:type="locator" xlink:href="../tifrs-scf-2015-03-31.xsd#tifrs-SCF_IncreaseDecreaseInFuturesTradersEquity" xlink:label="IncreaseDecreaseInFuturesTradersEquity" xlink:title="IncreaseDecreaseInFuturesTradersEquity"/>
    <link:presentationArc xlink:type="arc" xlink:arcrole="http://www.xbrl.org/2003/arcrole/parent-child" xlink:from="ChangesInOperatingLiabilitiesAbstract" xlink:to="IncreaseDecreaseInFuturesTradersEquity" xlink:title="presentation: ChangesInOperatingLiabilitiesAbstract to IncreaseDecreaseInFuturesTradersEquity" order="10.0"/>
    <link:loc xlink:type="locator" xlink:href="../tifrs-scf-2015-03-31.xsd#tifrs-SCF_IncreaseDecreaseInNotesPayable" xlink:label="IncreaseDecreaseInNotesPayable" xlink:title="IncreaseDecreaseInNotesPayable"/>
    <link:presentationArc xlink:type="arc" xlink:arcrole="http://www.xbrl.org/2003/arcrole/parent-child" xlink:from="ChangesInOperatingLiabilitiesAbstract" xlink:to="IncreaseDecreaseInNotesPayable" xlink:title="presentation: ChangesInOperatingLiabilitiesAbstract to IncreaseDecreaseInNotesPayable" order="11.0"/>
    <link:loc xlink:type="locator" xlink:href="../tifrs-scf-2015-03-31.xsd#tifrs-SCF_IncreaseDecreaseInNotesPayableRelatedParties" xlink:label="IncreaseDecreaseInNotesPayableRelatedParties" xlink:title="IncreaseDecreaseInNotesPayableRelatedParties"/>
    <link:presentationArc xlink:type="arc" xlink:arcrole="http://www.xbrl.org/2003/arcrole/parent-child" xlink:from="ChangesInOperatingLiabilitiesAbstract" xlink:to="IncreaseDecreaseInNotesPayableRelatedParties" xlink:title="presentation: ChangesInOperatingLiabilitiesAbstract to IncreaseDecreaseInNotesPayableRelatedParties" order="12.0"/>
    <link:loc xlink:type="locator" xlink:href="../tifrs-scf-2015-03-31.xsd#tifrs-SCF_IncreaseDecreaseInAccountsPayable" xlink:label="IncreaseDecreaseInAccountsPayable" xlink:title="IncreaseDecreaseInAccountsPayable"/>
    <link:presentationArc xlink:type="arc" xlink:arcrole="http://www.xbrl.org/2003/arcrole/parent-child" xlink:from="ChangesInOperatingLiabilitiesAbstract" xlink:to="IncreaseDecreaseInAccountsPayable" xlink:title="presentation: ChangesInOperatingLiabilitiesAbstract to IncreaseDecreaseInAccountsPayable" order="13.0"/>
    <link:loc xlink:type="locator" xlink:href="../tifrs-scf-2015-03-31.xsd#tifrs-SCF_IncreaseDecreaseInAccountsPayableRelatedParties" xlink:label="IncreaseDecreaseInAccountsPayableRelatedParties" xlink:title="IncreaseDecreaseInAccountsPayableRelatedParties"/>
    <link:presentationArc xlink:type="arc" xlink:arcrole="http://www.xbrl.org/2003/arcrole/parent-child" xlink:from="ChangesInOperatingLiabilitiesAbstract" xlink:to="IncreaseDecreaseInAccountsPayableRelatedParties" xlink:title="presentation: ChangesInOperatingLiabilitiesAbstract to IncreaseDecreaseInAccountsPayableRelatedParties" order="14.0"/>
    <link:loc xlink:type="locator" xlink:href="../tifrs-scf-2015-03-31.xsd#tifrs-SCF_IncreaseDecreaseInAmountsReceivedInAdvance" xlink:label="IncreaseDecreaseInAmountsReceivedInAdvance" xlink:title="IncreaseDecreaseInAmountsReceivedInAdvance"/>
    <link:presentationArc xlink:type="arc" xlink:arcrole="http://www.xbrl.org/2003/arcrole/parent-child" xlink:from="ChangesInOperatingLiabilitiesAbstract" xlink:to="IncreaseDecreaseInAmountsReceivedInAdvance" xlink:title="presentation: ChangesInOperatingLiabilitiesAbstract to IncreaseDecreaseInAmountsReceivedInAdvance" order="15.0"/>
    <link:loc xlink:type="locator" xlink:href="../tifrs-scf-2015-03-31.xsd#tifrs-SCF_IncreaseDecreaseInReceiptsUnderCustody" xlink:label="IncreaseDecreaseInReceiptsUnderCustody" xlink:title="IncreaseDecreaseInReceiptsUnderCustody"/>
    <link:presentationArc xlink:type="arc" xlink:arcrole="http://www.xbrl.org/2003/arcrole/parent-child" xlink:from="ChangesInOperatingLiabilitiesAbstract" xlink:to="IncreaseDecreaseInReceiptsUnderCustody" xlink:title="presentation: ChangesInOperatingLiabilitiesAbstract to IncreaseDecreaseInReceiptsUnderCustody" order="16.0"/>
    <link:loc xlink:type="locator" xlink:href="../tifrs-scf-2015-03-31.xsd#tifrs-SCF_IncreaseDecreaseInOtherPayables" xlink:label="IncreaseDecreaseInOtherPayables" xlink:title="IncreaseDecreaseInOtherPayables"/>
    <link:presentationArc xlink:type="arc" xlink:arcrole="http://www.xbrl.org/2003/arcrole/parent-child" xlink:from="ChangesInOperatingLiabilitiesAbstract" xlink:to="IncreaseDecreaseInOtherPayables" xlink:title="presentation: ChangesInOperatingLiabilitiesAbstract to IncreaseDecreaseInOtherPayables" order="17.0"/>
    <link:loc xlink:type="locator" xlink:href="../tifrs-scf-2015-03-31.xsd#tifrs-SCF_IncreaseDecreaseInOtherPayableRelatedParties" xlink:label="IncreaseDecreaseInOtherPayableRelatedParties" xlink:title="IncreaseDecreaseInOtherPayableRelatedParties"/>
    <link:presentationArc xlink:type="arc" xlink:arcrole="http://www.xbrl.org/2003/arcrole/parent-child" xlink:from="ChangesInOperatingLiabilitiesAbstract" xlink:to="IncreaseDecreaseInOtherPayableRelatedParties" xlink:title="presentation: ChangesInOperatingLiabilitiesAbstract to IncreaseDecreaseInOtherPayableRelatedParties" order="18.0"/>
    <link:loc xlink:type="locator" xlink:href="../tifrs-scf-2015-03-31.xsd#tifrs-SCF_IncreaseDecreaseInAccruedPensionLiability" xlink:label="IncreaseDecreaseInAccruedPensionLiability" xlink:title="IncreaseDecreaseInAccruedPensionLiability"/>
    <link:presentationArc xlink:type="arc" xlink:arcrole="http://www.xbrl.org/2003/arcrole/parent-child" xlink:from="ChangesInOperatingLiabilitiesAbstract" xlink:to="IncreaseDecreaseInAccruedPensionLiability" xlink:title="presentation: ChangesInOperatingLiabilitiesAbstract to IncreaseDecreaseInAccruedPensionLiability" order="19.0"/>
    <link:loc xlink:type="locator" xlink:href="../tifrs-scf-2015-03-31.xsd#tifrs-SCF_IncreaseDecreaseInProvisions" xlink:label="IncreaseDecreaseInProvisions" xlink:title="IncreaseDecreaseInProvisions"/>
    <link:presentationArc xlink:type="arc" xlink:arcrole="http://www.xbrl.org/2003/arcrole/parent-child" xlink:from="ChangesInOperatingLiabilitiesAbstract" xlink:to="IncreaseDecreaseInProvisions" xlink:title="presentation: ChangesInOperatingLiabilitiesAbstract to IncreaseDecreaseInProvisions" order="20.0"/>
    <link:loc xlink:type="locator" xlink:href="../tifrs-scf-2015-03-31.xsd#tifrs-SCF_IncreaseDecreaseInOtherFinancialLiabilities" xlink:label="IncreaseDecreaseInOtherFinancialLiabilities" xlink:title="IncreaseDecreaseInOtherFinancialLiabilities"/>
    <link:presentationArc xlink:type="arc" xlink:arcrole="http://www.xbrl.org/2003/arcrole/parent-child" xlink:from="ChangesInOperatingLiabilitiesAbstract" xlink:to="IncreaseDecreaseInOtherFinancialLiabilities" xlink:title="presentation: ChangesInOperatingLiabilitiesAbstract to IncreaseDecreaseInOtherFinancialLiabilities" order="21.0"/>
    <link:loc xlink:type="locator" xlink:href="../tifrs-scf-2015-03-31.xsd#tifrs-SCF_IncreaseDecreaseInOtherCurrentLiabilities" xlink:label="IncreaseDecreaseInOtherCurrentLiabilities" xlink:title="IncreaseDecreaseInOtherCurrentLiabilities"/>
    <link:presentationArc xlink:type="arc" xlink:arcrole="http://www.xbrl.org/2003/arcrole/parent-child" xlink:from="ChangesInOperatingLiabilitiesAbstract" xlink:to="IncreaseDecreaseInOtherCurrentLiabilities" xlink:title="presentation: ChangesInOperatingLiabilitiesAbstract to IncreaseDecreaseInOtherCurrentLiabilities" order="22.0"/>
    <link:loc xlink:type="locator" xlink:href="../tifrs-scf-2015-03-31.xsd#tifrs-SCF_IncreaseDecreaseInLong-TermDeferredRevenue" xlink:label="IncreaseDecreaseInLong-TermDeferredRevenue" xlink:title="IncreaseDecreaseInLong-TermDeferredRevenue"/>
    <link:presentationArc xlink:type="arc" xlink:arcrole="http://www.xbrl.org/2003/arcrole/parent-child" xlink:from="ChangesInOperatingLiabilitiesAbstract" xlink:to="IncreaseDecreaseInLong-TermDeferredRevenue" xlink:title="presentation: ChangesInOperatingLiabilitiesAbstract to IncreaseDecreaseInLong-TermDeferredRevenue" order="23.0"/>
    <link:loc xlink:type="locator" xlink:href="../tifrs-scf-2015-03-31.xsd#tifrs-SCF_IncreaseDecreaseInGuaranteeDepositsAndMarginsReceived" xlink:label="IncreaseDecreaseInGuaranteeDepositsAndMarginsReceived" xlink:title="IncreaseDecreaseInGuaranteeDepositsAndMarginsReceived"/>
    <link:presentationArc xlink:type="arc" xlink:arcrole="http://www.xbrl.org/2003/arcrole/parent-child" xlink:from="ChangesInOperatingLiabilitiesAbstract" xlink:to="IncreaseDecreaseInGuaranteeDepositsAndMarginsReceived" xlink:title="presentation: ChangesInOperatingLiabilitiesAbstract to IncreaseDecreaseInGuaranteeDepositsAndMarginsReceived" order="24.0"/>
    <link:loc xlink:type="locator" xlink:href="../tifrs-scf-2015-03-31.xsd#tifrs-SCF_IncreaseDecreaseInOtherOperatingAssets" xlink:label="IncreaseDecreaseInOtherOperatingAssets" xlink:title="IncreaseDecreaseInOtherOperatingAssets"/>
    <link:presentationArc xlink:type="arc" xlink:arcrole="http://www.xbrl.org/2003/arcrole/parent-child" xlink:from="ChangesInOperatingLiabilitiesAbstract" xlink:to="IncreaseDecreaseInOtherOperatingAssets" xlink:title="presentation: ChangesInOperatingLiabilitiesAbstract to IncreaseDecreaseInOtherOperatingAssets" order="25.0"/>
    <link:loc xlink:type="locator" xlink:href="../../ifrs_20100430/ifrs-cor_2010-04-30.xsd#ifrs_CashFlowsFromUsedInInvestingActivitiesAbstract" xlink:label="CashFlowsFromUsedInInvestingActivitiesAbstract" xlink:title="CashFlowsFromUsedInInvestingActivitiesAbstract"/>
    <link:loc xlink:type="locator" xlink:href="../tifrs-scf-2015-03-31.xsd#tifrs-SCF_AcquisitionOfFinancialAssetsAtFairValueThroughProfitOrLossDesignatedAsUponInitialRecognition" xlink:label="AcquisitionOfFinancialAssetsAtFairValueThroughProfitOrLossDesignatedAsUponInitialRecognition" xlink:title="AcquisitionOfFinancialAssetsAtFairValueThroughProfitOrLossDesignatedAsUponInitialRecognition"/>
    <link:presentationArc xlink:type="arc" xlink:arcrole="http://www.xbrl.org/2003/arcrole/parent-child" xlink:from="CashFlowsFromUsedInInvestingActivitiesAbstract" xlink:to="AcquisitionOfFinancialAssetsAtFairValueThroughProfitOrLossDesignatedAsUponInitialRecognition" xlink:title="presentation: CashFlowsFromUsedInInvestingActivitiesAbstract to AcquisitionOfFinancialAssetsAtFairValueThroughProfitOrLossDesignatedAsUponInitialRecognition" order="0.1"/>
    <link:loc xlink:type="locator" xlink:href="../tifrs-scf-2015-03-31.xsd#tifrs-SCF_ProceedsFromDisposalOfFinancialAssetsAtFairValueThroughProfitOrLossDesignatedAsUponInitialRecognition" xlink:label="ProceedsFromDisposalOfFinancialAssetsAtFairValueThroughProfitOrLossDesignatedAsUponInitialRecognition" xlink:title="ProceedsFromDisposalOfFinancialAssetsAtFairValueThroughProfitOrLossDesignatedAsUponInitialRecognition"/>
    <link:presentationArc xlink:type="arc" xlink:arcrole="http://www.xbrl.org/2003/arcrole/parent-child" xlink:from="CashFlowsFromUsedInInvestingActivitiesAbstract" xlink:to="ProceedsFromDisposalOfFinancialAssetsAtFairValueThroughProfitOrLossDesignatedAsUponInitialRecognition" xlink:title="presentation: CashFlowsFromUsedInInvestingActivitiesAbstract to ProceedsFromDisposalOfFinancialAssetsAtFairValueThroughProfitOrLossDesignatedAsUponInitialRecognition" order="0.2"/>
    <link:loc xlink:type="locator" xlink:href="../tifrs-scf-2015-03-31.xsd#tifrs-SCF_AcquisitionOfDerivativeFinancialAssetsForHedging-CashFlowsFromUsedInInvestingActivities" xlink:label="AcquisitionOfDerivativeFinancialAssetsForHedging-CashFlowsFromUsedInInvestingActivities" xlink:title="AcquisitionOfDerivativeFinancialAssetsForHedging-CashFlowsFromUsedInInvestingActivities"/>
    <link:presentationArc xlink:type="arc" xlink:arcrole="http://www.xbrl.org/2003/arcrole/parent-child" xlink:from="CashFlowsFromUsedInInvestingActivitiesAbstract" xlink:to="AcquisitionOfDerivativeFinancialAssetsForHedging-CashFlowsFromUsedInInvestingActivities" xlink:title="presentation: CashFlowsFromUsedInInvestingActivitiesAbstract to AcquisitionOfDerivativeFinancialAssetsForHedging-CashFlowsFromUsedInInvestingActivities" order="12.1"/>
    <link:loc xlink:type="locator" xlink:href="../tifrs-scf-2015-03-31.xsd#tifrs-SCF_DisposalOfDerivativeFinancialAssetsForHedging-CashFlowsFromUsedInInvestingActivities" xlink:label="DisposalOfDerivativeFinancialAssetsForHedging-CashFlowsFromUsedInInvestingActivities" xlink:title="DisposalOfDerivativeFinancialAssetsForHedging-CashFlowsFromUsedInInvestingActivities"/>
    <link:presentationArc xlink:type="arc" xlink:arcrole="http://www.xbrl.org/2003/arcrole/parent-child" xlink:from="CashFlowsFromUsedInInvestingActivitiesAbstract" xlink:to="DisposalOfDerivativeFinancialAssetsForHedging-CashFlowsFromUsedInInvestingActivities" xlink:title="presentation: CashFlowsFromUsedInInvestingActivitiesAbstract to DisposalOfDerivativeFinancialAssetsForHedging-CashFlowsFromUsedInInvestingActivities" order="12.2"/>
    <link:loc xlink:type="locator" xlink:href="../tifrs-scf-2015-03-31.xsd#tifrs-SCF_DerecognitionOfDerivativeFinancialLiabilitiesForHedging-CashFlowsFromUsedInInvestingActivities" xlink:label="DerecognitionOfDerivativeFinancialLiabilitiesForHedging-CashFlowsFromUsedInInvestingActivities" xlink:title="DerecognitionOfDerivativeFinancialLiabilitiesForHedging-CashFlowsFromUsedInInvestingActivities"/>
    <link:presentationArc xlink:type="arc" xlink:arcrole="http://www.xbrl.org/2003/arcrole/parent-child" xlink:from="CashFlowsFromUsedInInvestingActivitiesAbstract" xlink:to="DerecognitionOfDerivativeFinancialLiabilitiesForHedging-CashFlowsFromUsedInInvestingActivities" xlink:title="presentation: CashFlowsFromUsedInInvestingActivitiesAbstract to DerecognitionOfDerivativeFinancialLiabilitiesForHedging-CashFlowsFromUsedInInvestingActivities" order="12.3"/>
    <link:loc xlink:type="locator" xlink:href="../tifrs-scf-2015-03-31.xsd#tifrs-SCF_AcquisitionOfNoncurrentAssetsClassifiedAsHeldForSale" xlink:label="AcquisitionOfNoncurrentAssetsClassifiedAsHeldForSale" xlink:title="AcquisitionOfNoncurrentAssetsClassifiedAsHeldForSale"/>
    <link:presentationArc xlink:type="arc" xlink:arcrole="http://www.xbrl.org/2003/arcrole/parent-child" xlink:from="CashFlowsFromUsedInInvestingActivitiesAbstract" xlink:to="AcquisitionOfNoncurrentAssetsClassifiedAsHeldForSale" xlink:title="presentation: CashFlowsFromUsedInInvestingActivitiesAbstract to AcquisitionOfNoncurrentAssetsClassifiedAsHeldForSale" order="19.1"/>
    <link:loc xlink:type="locator" xlink:href="../tifrs-scf-2015-03-31.xsd#tifrs-SCF_ProceedsFromDisposalOfNoncurrentAssetsClassifiedAsHeldForSale" xlink:label="ProceedsFromDisposalOfNoncurrentAssetsClassifiedAsHeldForSale" xlink:title="ProceedsFromDisposalOfNoncurrentAssetsClassifiedAsHeldForSale"/>
    <link:presentationArc xlink:type="arc" xlink:arcrole="http://www.xbrl.org/2003/arcrole/parent-child" xlink:from="CashFlowsFromUsedInInvestingActivitiesAbstract" xlink:to="ProceedsFromDisposalOfNoncurrentAssetsClassifiedAsHeldForSale" xlink:title="presentation: CashFlowsFromUsedInInvestingActivitiesAbstract to ProceedsFromDisposalOfNoncurrentAssetsClassifiedAsHeldForSale" order="19.2"/>
    <link:loc xlink:type="locator" xlink:href="../tifrs-scf-2015-03-31.xsd#tifrs-SCF_AcquisitionOfPropertyPlantAndEquipment" xlink:label="AcquisitionOfPropertyPlantAndEquipment" xlink:title="AcquisitionOfPropertyPlantAndEquipment"/>
    <link:presentationArc xlink:type="arc" xlink:arcrole="http://www.xbrl.org/2003/arcrole/parent-child" xlink:from="CashFlowsFromUsedInInvestingActivitiesAbstract" xlink:to="AcquisitionOfPropertyPlantAndEquipment" xlink:title="presentation: CashFlowsFromUsedInInvestingActivitiesAbstract to AcquisitionOfPropertyPlantAndEquipment" order="19.3" preferredLabel="http://www.xbrl.org/2003/role/verboseLabel"/>
    <link:loc xlink:type="locator" xlink:href="../tifrs-scf-2015-03-31.xsd#tifrs-SCF_ProceedsFromDisposalOfPropertyPlantAndEquipment" xlink:label="ProceedsFromDisposalOfPropertyPlantAndEquipment" xlink:title="ProceedsFromDisposalOfPropertyPlantAndEquipment"/>
    <link:presentationArc xlink:type="arc" xlink:arcrole="http://www.xbrl.org/2003/arcrole/parent-child" xlink:from="CashFlowsFromUsedInInvestingActivitiesAbstract" xlink:to="ProceedsFromDisposalOfPropertyPlantAndEquipment" xlink:title="presentation: CashFlowsFromUsedInInvestingActivitiesAbstract to ProceedsFromDisposalOfPropertyPlantAndEquipment" order="19.4" preferredLabel="http://www.xbrl.org/2003/role/verboseLabel"/>
    <link:loc xlink:type="locator" xlink:href="../tifrs-scf-2015-03-31.xsd#tifrs-SCF_IncreaseInTrustEnterpriseCompensationReserve" xlink:label="IncreaseInTrustEnterpriseCompensationReserve" xlink:title="IncreaseInTrustEnterpriseCompensationReserve"/>
    <link:presentationArc xlink:type="arc" xlink:arcrole="http://www.xbrl.org/2003/arcrole/parent-child" xlink:from="CashFlowsFromUsedInInvestingActivitiesAbstract" xlink:to="IncreaseInTrustEnterpriseCompensationReserve" xlink:title="presentation: CashFlowsFromUsedInInvestingActivitiesAbstract to IncreaseInTrustEnterpriseCompensationReserve" order="21.1"/>
    <link:loc xlink:type="locator" xlink:href="../tifrs-scf-2015-03-31.xsd#tifrs-SCF_DecreaseInTrustEnterpriseCompensationReserve" xlink:label="DecreaseInTrustEnterpriseCompensationReserve" xlink:title="DecreaseInTrustEnterpriseCompensationReserve"/>
    <link:presentationArc xlink:type="arc" xlink:arcrole="http://www.xbrl.org/2003/arcrole/parent-child" xlink:from="CashFlowsFromUsedInInvestingActivitiesAbstract" xlink:to="DecreaseInTrustEnterpriseCompensationReserve" xlink:title="presentation: CashFlowsFromUsedInInvestingActivitiesAbstract to DecreaseInTrustEnterpriseCompensationReserve" order="21.2"/>
    <link:loc xlink:type="locator" xlink:href="../tifrs-scf-2015-03-31.xsd#tifrs-SCF_IncreaseInOperationGuarantee" xlink:label="IncreaseInOperationGuarantee" xlink:title="IncreaseInOperationGuarantee"/>
    <link:presentationArc xlink:type="arc" xlink:arcrole="http://www.xbrl.org/2003/arcrole/parent-child" xlink:from="CashFlowsFromUsedInInvestingActivitiesAbstract" xlink:to="IncreaseInOperationGuarantee" xlink:title="presentation: CashFlowsFromUsedInInvestingActivitiesAbstract to IncreaseInOperationGuarantee" order="21.3"/>
    <link:loc xlink:type="locator" xlink:href="../tifrs-scf-2015-03-31.xsd#tifrs-SCF_IncreaseInDepositsSettlementFund" xlink:label="IncreaseInDepositsSettlementFund" xlink:title="IncreaseInDepositsSettlementFund"/>
    <link:presentationArc xlink:type="arc" xlink:arcrole="http://www.xbrl.org/2003/arcrole/parent-child" xlink:from="CashFlowsFromUsedInInvestingActivitiesAbstract" xlink:to="IncreaseInDepositsSettlementFund" xlink:title="presentation: CashFlowsFromUsedInInvestingActivitiesAbstract to IncreaseInDepositsSettlementFund" order="21.5"/>
    <link:loc xlink:type="locator" xlink:href="../tifrs-scf-2015-03-31.xsd#tifrs-SCF_DecreaseInDepositsSettlementFund" xlink:label="DecreaseInDepositsSettlementFund" xlink:title="DecreaseInDepositsSettlementFund"/>
    <link:presentationArc xlink:type="arc" xlink:arcrole="http://www.xbrl.org/2003/arcrole/parent-child" xlink:from="CashFlowsFromUsedInInvestingActivitiesAbstract" xlink:to="DecreaseInDepositsSettlementFund" xlink:title="presentation: CashFlowsFromUsedInInvestingActivitiesAbstract to DecreaseInDepositsSettlementFund" order="21.6"/>
    <link:loc xlink:type="locator" xlink:href="../tifrs-scf-2015-03-31.xsd#tifrs-SCF_IncreaseInOtherAssets" xlink:label="IncreaseInOtherAssets" xlink:title="IncreaseInOtherAssets"/>
    <link:presentationArc xlink:type="arc" xlink:arcrole="http://www.xbrl.org/2003/arcrole/parent-child" xlink:from="CashFlowsFromUsedInInvestingActivitiesAbstract" xlink:to="IncreaseInOtherAssets" xlink:title="presentation: CashFlowsFromUsedInInvestingActivitiesAbstract to IncreaseInOtherAssets" order="38.1" preferredLabel="http://www.xbrl.org/2003/role/verboseLabel"/>
    <link:loc xlink:type="locator" xlink:href="../tifrs-scf-2015-03-31.xsd#tifrs-SCF_DecreaseInOtherAssets" xlink:label="DecreaseInOtherAssets" xlink:title="DecreaseInOtherAssets"/>
    <link:presentationArc xlink:type="arc" xlink:arcrole="http://www.xbrl.org/2003/arcrole/parent-child" xlink:from="CashFlowsFromUsedInInvestingActivitiesAbstract" xlink:to="DecreaseInOtherAssets" xlink:title="presentation: CashFlowsFromUsedInInvestingActivitiesAbstract to DecreaseInOtherAssets" order="38.2" preferredLabel="http://www.xbrl.org/2003/role/verboseLabel"/>
    <link:loc xlink:type="locator" xlink:href="../tifrs-scf-2015-03-31.xsd#tifrs-SCF_IncreaseInPrepaymentForLandAndBuilding" xlink:label="IncreaseInPrepaymentForLandAndBuilding" xlink:title="IncreaseInPrepaymentForLandAndBuilding"/>
    <link:presentationArc xlink:type="arc" xlink:arcrole="http://www.xbrl.org/2003/arcrole/parent-child" xlink:from="CashFlowsFromUsedInInvestingActivitiesAbstract" xlink:to="IncreaseInPrepaymentForLandAndBuilding" xlink:title="presentation: CashFlowsFromUsedInInvestingActivitiesAbstract to IncreaseInPrepaymentForLandAndBuilding" order="38.3"/>
    <link:loc xlink:type="locator" xlink:href="../tifrs-scf-2015-03-31.xsd#tifrs-SCF_DecreaseInPrepaymentForLandAndBuilding" xlink:label="DecreaseInPrepaymentForLandAndBuilding" xlink:title="DecreaseInPrepaymentForLandAndBuilding"/>
    <link:presentationArc xlink:type="arc" xlink:arcrole="http://www.xbrl.org/2003/arcrole/parent-child" xlink:from="CashFlowsFromUsedInInvestingActivitiesAbstract" xlink:to="DecreaseInPrepaymentForLandAndBuilding" xlink:title="presentation: CashFlowsFromUsedInInvestingActivitiesAbstract to DecreaseInPrepaymentForLandAndBuilding" order="38.4"/>
    <link:loc xlink:type="locator" xlink:href="../tifrs-scf-2015-03-31.xsd#tifrs-SCF_IncreaseInPrepaymentsForBusinessFacilities" xlink:label="IncreaseInPrepaymentsForBusinessFacilities" xlink:title="IncreaseInPrepaymentsForBusinessFacilities"/>
    <link:presentationArc xlink:type="arc" xlink:arcrole="http://www.xbrl.org/2003/arcrole/parent-child" xlink:from="CashFlowsFromUsedInInvestingActivitiesAbstract" xlink:to="IncreaseInPrepaymentsForBusinessFacilities" xlink:title="presentation: CashFlowsFromUsedInInvestingActivitiesAbstract to IncreaseInPrepaymentsForBusinessFacilities" order="38.5"/>
    <link:loc xlink:type="locator" xlink:href="../tifrs-scf-2015-03-31.xsd#tifrs-SCF_DecreaseInPrepaymentsForBusinessFacilities" xlink:label="DecreaseInPrepaymentsForBusinessFacilities" xlink:title="DecreaseInPrepaymentsForBusinessFacilities"/>
    <link:presentationArc xlink:type="arc" xlink:arcrole="http://www.xbrl.org/2003/arcrole/parent-child" xlink:from="CashFlowsFromUsedInInvestingActivitiesAbstract" xlink:to="DecreaseInPrepaymentsForBusinessFacilities" xlink:title="presentation: CashFlowsFromUsedInInvestingActivitiesAbstract to DecreaseInPrepaymentsForBusinessFacilities" order="38.6"/>
    <link:loc xlink:type="locator" xlink:href="../tifrs-scf-2015-03-31.xsd#tifrs-SCF_IncreaseInOtherPrepayments" xlink:label="IncreaseInOtherPrepayments" xlink:title="IncreaseInOtherPrepayments"/>
    <link:presentationArc xlink:type="arc" xlink:arcrole="http://www.xbrl.org/2003/arcrole/parent-child" xlink:from="CashFlowsFromUsedInInvestingActivitiesAbstract" xlink:to="IncreaseInOtherPrepayments" xlink:title="presentation: CashFlowsFromUsedInInvestingActivitiesAbstract to IncreaseInOtherPrepayments" order="38.7"/>
    <link:loc xlink:type="locator" xlink:href="../tifrs-scf-2015-03-31.xsd#tifrs-SCF_DecreaseInOtherPrepayments" xlink:label="DecreaseInOtherPrepayments" xlink:title="DecreaseInOtherPrepayments"/>
    <link:presentationArc xlink:type="arc" xlink:arcrole="http://www.xbrl.org/2003/arcrole/parent-child" xlink:from="CashFlowsFromUsedInInvestingActivitiesAbstract" xlink:to="DecreaseInOtherPrepayments" xlink:title="presentation: CashFlowsFromUsedInInvestingActivitiesAbstract to DecreaseInOtherPrepayments" order="38.8"/>
    <link:loc xlink:type="locator" xlink:href="../tifrs-scf-2015-03-31.xsd#tifrs-SCF_DecreaseInOperationGuarantee" xlink:label="DecreaseInOperationGuarantee" xlink:title="DecreaseInOperationGuarantee"/>
    <link:presentationArc xlink:type="arc" xlink:arcrole="http://www.xbrl.org/2003/arcrole/parent-child" xlink:from="CashFlowsFromUsedInInvestingActivitiesAbstract" xlink:to="DecreaseInOperationGuarantee" xlink:title="presentation: CashFlowsFromUsedInInvestingActivitiesAbstract to DecreaseInOperationGuarantee" order="21.4"/>
    <link:loc xlink:type="locator" xlink:href="../../ifrs_20100430/ifrs-cor_2010-04-30.xsd#ifrs_CashFlowsFromUsedInFinancingActivitiesAbstract" xlink:label="CashFlowsFromUsedInFinancingActivitiesAbstract" xlink:title="CashFlowsFromUsedInFinancingActivitiesAbstract"/>
    <link:loc xlink:type="locator" xlink:href="../tifrs-scf-2015-03-31.xsd#tifrs-SCF_IncreaseInCommercialPapersPayable" xlink:label="IncreaseInCommercialPapersPayable" xlink:title="IncreaseInCommercialPapersPayable"/>
    <link:presentationArc xlink:type="arc" xlink:arcrole="http://www.xbrl.org/2003/arcrole/parent-child" xlink:from="CashFlowsFromUsedInFinancingActivitiesAbstract" xlink:to="IncreaseInCommercialPapersPayable" xlink:title="presentation: CashFlowsFromUsedInFinancingActivitiesAbstract to IncreaseInCommercialPapersPayable" order="2.1"/>
    <link:loc xlink:type="locator" xlink:href="../tifrs-scf-2015-03-31.xsd#tifrs-SCF_DecreaseInCommercialPapersPayable" xlink:label="DecreaseInCommercialPapersPayable" xlink:title="DecreaseInCommercialPapersPayable"/>
    <link:presentationArc xlink:type="arc" xlink:arcrole="http://www.xbrl.org/2003/arcrole/parent-child" xlink:from="CashFlowsFromUsedInFinancingActivitiesAbstract" xlink:to="DecreaseInCommercialPapersPayable" xlink:title="presentation: CashFlowsFromUsedInFinancingActivitiesAbstract to DecreaseInCommercialPapersPayable" order="2.2"/>
    <link:loc xlink:type="locator" xlink:href="../tifrs-scf-2015-03-31.xsd#tifrs-SCF_AcquisitionOfDerivativeFinancialAssetsForHedging-CashFlowsFromUsedInFinancingActivities" xlink:label="AcquisitionOfDerivativeFinancialAssetsForHedging-CashFlowsFromUsedInFinancingActivities" xlink:title="AcquisitionOfDerivativeFinancialAssetsForHedging-CashFlowsFromUsedInFinancingActivities"/>
    <link:presentationArc xlink:type="arc" xlink:arcrole="http://www.xbrl.org/2003/arcrole/parent-child" xlink:from="CashFlowsFromUsedInFinancingActivitiesAbstract" xlink:to="AcquisitionOfDerivativeFinancialAssetsForHedging-CashFlowsFromUsedInFinancingActivities" xlink:title="presentation: CashFlowsFromUsedInFinancingActivitiesAbstract to AcquisitionOfDerivativeFinancialAssetsForHedging-CashFlowsFromUsedInFinancingActivities" order="2.3"/>
    <link:loc xlink:type="locator" xlink:href="../tifrs-scf-2015-03-31.xsd#tifrs-SCF_ProceedsFromDisposalOfDerivativeFinancialAssetsForHedging-CashFlowsFromUsedInFinancingActivities" xlink:label="ProceedsFromDisposalOfDerivativeFinancialAssetsForHedging-CashFlowsFromUsedInFinancingActivities" xlink:title="ProceedsFromDisposalOfDerivativeFinancialAssetsForHedging-CashFlowsFromUsedInFinancingActivities"/>
    <link:presentationArc xlink:type="arc" xlink:arcrole="http://www.xbrl.org/2003/arcrole/parent-child" xlink:from="CashFlowsFromUsedInFinancingActivitiesAbstract" xlink:to="ProceedsFromDisposalOfDerivativeFinancialAssetsForHedging-CashFlowsFromUsedInFinancingActivities" xlink:title="presentation: CashFlowsFromUsedInFinancingActivitiesAbstract to ProceedsFromDisposalOfDerivativeFinancialAssetsForHedging-CashFlowsFromUsedInFinancingActivities" order="2.4"/>
    <link:loc xlink:type="locator" xlink:href="../tifrs-scf-2015-03-31.xsd#tifrs-SCF_DerecognitionOfDerivativeFinancialLiabilitiesForHedging-CashFlowsFromUsedInFinancingActivities" xlink:label="DerecognitionOfDerivativeFinancialLiabilitiesForHedging-CashFlowsFromUsedInFinancingActivities" xlink:title="DerecognitionOfDerivativeFinancialLiabilitiesForHedging-CashFlowsFromUsedInFinancingActivities"/>
    <link:presentationArc xlink:type="arc" xlink:arcrole="http://www.xbrl.org/2003/arcrole/parent-child" xlink:from="CashFlowsFromUsedInFinancingActivitiesAbstract" xlink:to="DerecognitionOfDerivativeFinancialLiabilitiesForHedging-CashFlowsFromUsedInFinancingActivities" xlink:title="presentation: CashFlowsFromUsedInFinancingActivitiesAbstract to DerecognitionOfDerivativeFinancialLiabilitiesForHedging-CashFlowsFromUsedInFinancingActivities" order="2.5"/>
    <link:loc xlink:type="locator" xlink:href="../tifrs-scf-2015-03-31.xsd#tifrs-SCF_ProceedsFromLongTermDebt" xlink:label="ProceedsFromLongTermDebt" xlink:title="ProceedsFromLongTermDebt"/>
    <link:presentationArc xlink:type="arc" xlink:arcrole="http://www.xbrl.org/2003/arcrole/parent-child" xlink:from="CashFlowsFromUsedInFinancingActivitiesAbstract" xlink:to="ProceedsFromLongTermDebt" xlink:title="presentation: CashFlowsFromUsedInFinancingActivitiesAbstract to ProceedsFromLongTermDebt" order="4.1"/>
    <link:loc xlink:type="locator" xlink:href="../tifrs-scf-2015-03-31.xsd#tifrs-SCF_RepaymentsOfLongTermDebt" xlink:label="RepaymentsOfLongTermDebt" xlink:title="RepaymentsOfLongTermDebt"/>
    <link:presentationArc xlink:type="arc" xlink:arcrole="http://www.xbrl.org/2003/arcrole/parent-child" xlink:from="CashFlowsFromUsedInFinancingActivitiesAbstract" xlink:to="RepaymentsOfLongTermDebt" xlink:title="presentation: CashFlowsFromUsedInFinancingActivitiesAbstract to RepaymentsOfLongTermDebt" order="4.2"/>
    <link:loc xlink:type="locator" xlink:href="../tifrs-scf-2015-03-31.xsd#tifrs-SCF_IncreaseInFinancialLiabilitiesAtFairValueThroughProfitOrLossDesignatedAsUponInitialRecognition" xlink:label="IncreaseInFinancialLiabilitiesAtFairValueThroughProfitOrLossDesignatedAsUponInitialRecognition" xlink:title="IncreaseInFinancialLiabilitiesAtFairValueThroughProfitOrLossDesignatedAsUponInitialRecognition"/>
    <link:presentationArc xlink:type="arc" xlink:arcrole="http://www.xbrl.org/2003/arcrole/parent-child" xlink:from="CashFlowsFromUsedInFinancingActivitiesAbstract" xlink:to="IncreaseInFinancialLiabilitiesAtFairValueThroughProfitOrLossDesignatedAsUponInitialRecognition" xlink:title="presentation: CashFlowsFromUsedInFinancingActivitiesAbstract to IncreaseInFinancialLiabilitiesAtFairValueThroughProfitOrLossDesignatedAsUponInitialRecognition" order="4.3"/>
    <link:loc xlink:type="locator" xlink:href="../tifrs-scf-2015-03-31.xsd#tifrs-SCF_DecreaseInFinancialLiabilitiesAtFairValueThroughProfitOrLossDesignatedAsUponInitialRecognition" xlink:label="DecreaseInFinancialLiabilitiesAtFairValueThroughProfitOrLossDesignatedAsUponInitialRecognition" xlink:title="DecreaseInFinancialLiabilitiesAtFairValueThroughProfitOrLossDesignatedAsUponInitialRecognition"/>
    <link:presentationArc xlink:type="arc" xlink:arcrole="http://www.xbrl.org/2003/arcrole/parent-child" xlink:from="CashFlowsFromUsedInFinancingActivitiesAbstract" xlink:to="DecreaseInFinancialLiabilitiesAtFairValueThroughProfitOrLossDesignatedAsUponInitialRecognition" xlink:title="presentation: CashFlowsFromUsedInFinancingActivitiesAbstract to DecreaseInFinancialLiabilitiesAtFairValueThroughProfitOrLossDesignatedAsUponInitialRecognition" order="4.4"/>
    <link:loc xlink:type="locator" xlink:href="../tifrs-scf-2015-03-31.xsd#tifrs-SCF_IncreaseInOtherLiabilities" xlink:label="IncreaseInOtherLiabilities" xlink:title="IncreaseInOtherLiabilities"/>
    <link:presentationArc xlink:type="arc" xlink:arcrole="http://www.xbrl.org/2003/arcrole/parent-child" xlink:from="CashFlowsFromUsedInFinancingActivitiesAbstract" xlink:to="IncreaseInOtherLiabilities" xlink:title="presentation: CashFlowsFromUsedInFinancingActivitiesAbstract to IncreaseInOtherLiabilities" order="15.1"/>
    <link:loc xlink:type="locator" xlink:href="../tifrs-scf-2015-03-31.xsd#tifrs-SCF_DecreaseInOtherLiabilities" xlink:label="DecreaseInOtherLiabilities" xlink:title="DecreaseInOtherLiabilities"/>
    <link:presentationArc xlink:type="arc" xlink:arcrole="http://www.xbrl.org/2003/arcrole/parent-child" xlink:from="CashFlowsFromUsedInFinancingActivitiesAbstract" xlink:to="DecreaseInOtherLiabilities" xlink:title="presentation: CashFlowsFromUsedInFinancingActivitiesAbstract to DecreaseInOtherLiabilities" order="15.2"/>
    <link:loc xlink:type="locator" xlink:href="../../ifrs_20100430/ifrs-cor_2010-04-30.xsd#ifrs_InterestPaidClassifiedAsFinancingActivities" xlink:label="InterestPaidClassifiedAsFinancingActivities" xlink:title="InterestPaidClassifiedAsFinancingActivities"/>
    <link:presentationArc xlink:type="arc" xlink:arcrole="http://www.xbrl.org/2003/arcrole/parent-child" xlink:from="CashFlowsFromUsedInFinancingActivitiesAbstract" xlink:to="InterestPaidClassifiedAsFinancingActivities" xlink:title="presentation: CashFlowsFromUsedInFinancingActivitiesAbstract to InterestPaidClassifiedAsFinancingActivities" order="26.1"/>
  </link:presentationLink>
</link:linkbase>
