<?xml version="1.0" encoding="UTF-8"?><!--
        Taxonomy: 2010-04-30 (Final)
        ********************** 
        Copyright © 2010 International Accounting Standards Committee (IASC) Foundation*
        All rights reserved.  No part of this publication may be translated, reprinted or reproduced 
        or utilised in any form either in whole or in part without prior permission in writing from the IASC Foundation.
        For more information on the IASC Foundation’s copyright, please refer to http://www.iasb.org/XBRL/Legal/
        **********************
        *To become IFRS Foundation
--><link:linkbase  xmlns:xlink="http://www.w3.org/1999/xlink" xmlns:gen="http://xbrl.org/2008/generic" xmlns:label="http://xbrl.org/2008/label" xmlns:link="http://www.xbrl.org/2003/linkbase" xmlns:xsi="http://www.w3.org/2001/XMLSchema-instance" xsi:schemaLocation="http://www.xbrl.org/2003/linkbase http://www.xbrl.org/2003/xbrl-linkbase-2003-12-31.xsd http://xbrl.org/2008/label http://www.xbrl.org/2008/generic-label.xsd http://xbrl.org/2008/generic http://www.xbrl.org/2008/generic-link.xsd http://www.w3.org/1999/xlink http://www.xbrl.org/2003/xlink-2003-12-31.xsd"><link:roleRef roleURI="http://www.xbrl.org/2008/role/link" xlink:href="http://www.xbrl.org/2008/generic-link.xsd#standard-link-role" xlink:type="simple"/><link:roleRef roleURI="http://www.xbrl.org/2008/role/label" xlink:href="http://www.xbrl.org/2008/generic-label.xsd#standard-label" xlink:type="simple"/><link:arcroleRef arcroleURI="http://xbrl.org/arcrole/2008/element-label" xlink:href="http://www.xbrl.org/2008/generic-label.xsd#element-label" xlink:type="simple"/><gen:link xlink:role="http://www.xbrl.org/2008/role/link" xlink:type="extended"><link:loc xlink:href="rol_ifrs_for_smes_2010-04-30.xsd#ifrs_for_smes_2010-04-30_role-110000" xlink:label="loc_1" xlink:type="locator"/><gen:arc xlink:arcrole="http://xbrl.org/arcrole/2008/element-label" xlink:from="loc_1" xlink:to="res_1" xlink:type="arc"/><label:label xlink:label="res_1" xlink:role="http://www.xbrl.org/2008/role/label" xlink:type="resource" xml:lang="en">General information about financial statements</label:label><link:loc xlink:href="rol_ifrs_for_smes_2010-04-30.xsd#ifrs_for_smes_2010-04-30_role-210000" xlink:label="loc_2" xlink:type="locator"/><gen:arc xlink:arcrole="http://xbrl.org/arcrole/2008/element-label" xlink:from="loc_2" xlink:to="res_2" xlink:type="arc"/><label:label xlink:label="res_2" xlink:role="http://www.xbrl.org/2008/role/label" xlink:type="resource" xml:lang="en">Statement of financial position, current/non-current - Consolidated financial statements</label:label><link:loc xlink:href="rol_ifrs_for_smes_2010-04-30.xsd#ifrs_for_smes_2010-04-30_role-210005" xlink:label="loc_3" xlink:type="locator"/><gen:arc xlink:arcrole="http://xbrl.org/arcrole/2008/element-label" xlink:from="loc_3" xlink:to="res_3" xlink:type="arc"/><label:label xlink:label="res_3" xlink:role="http://www.xbrl.org/2008/role/label" xlink:type="resource" xml:lang="en">Statement of financial position, current/non-current - Separate financial statements</label:label><link:loc xlink:href="rol_ifrs_for_smes_2010-04-30.xsd#ifrs_for_smes_2010-04-30_role-220000" xlink:label="loc_4" xlink:type="locator"/><gen:arc xlink:arcrole="http://xbrl.org/arcrole/2008/element-label" xlink:from="loc_4" xlink:to="res_4" xlink:type="arc"/><label:label xlink:label="res_4" xlink:role="http://www.xbrl.org/2008/role/label" xlink:type="resource" xml:lang="en">Statement of financial position, order of liquidity - Consolidated financial statements</label:label><link:loc xlink:href="rol_ifrs_for_smes_2010-04-30.xsd#ifrs_for_smes_2010-04-30_role-220005" xlink:label="loc_5" xlink:type="locator"/><gen:arc xlink:arcrole="http://xbrl.org/arcrole/2008/element-label" xlink:from="loc_5" xlink:to="res_5" xlink:type="arc"/><label:label xlink:label="res_5" xlink:role="http://www.xbrl.org/2008/role/label" xlink:type="resource" xml:lang="en">Statement of financial position, order of liquidity - Separate financial statements</label:label><link:loc xlink:href="rol_ifrs_for_smes_2010-04-30.xsd#ifrs_for_smes_2010-04-30_role-310000" xlink:label="loc_6" xlink:type="locator"/><gen:arc xlink:arcrole="http://xbrl.org/arcrole/2008/element-label" xlink:from="loc_6" xlink:to="res_6" xlink:type="arc"/><label:label xlink:label="res_6" xlink:role="http://www.xbrl.org/2008/role/label" xlink:type="resource" xml:lang="en">Income statement, by function of expense - Consolidated financial statements</label:label><link:loc xlink:href="rol_ifrs_for_smes_2010-04-30.xsd#ifrs_for_smes_2010-04-30_role-310005" xlink:label="loc_7" xlink:type="locator"/><gen:arc xlink:arcrole="http://xbrl.org/arcrole/2008/element-label" xlink:from="loc_7" xlink:to="res_7" xlink:type="arc"/><label:label xlink:label="res_7" xlink:role="http://www.xbrl.org/2008/role/label" xlink:type="resource" xml:lang="en">Income statement, by function of expense - Separate financial statements</label:label><link:loc xlink:href="rol_ifrs_for_smes_2010-04-30.xsd#ifrs_for_smes_2010-04-30_role-320000" xlink:label="loc_8" xlink:type="locator"/><gen:arc xlink:arcrole="http://xbrl.org/arcrole/2008/element-label" xlink:from="loc_8" xlink:to="res_8" xlink:type="arc"/><label:label xlink:label="res_8" xlink:role="http://www.xbrl.org/2008/role/label" xlink:type="resource" xml:lang="en">Income statement, by nature of expense - Consolidated financial statements</label:label><link:loc xlink:href="rol_ifrs_for_smes_2010-04-30.xsd#ifrs_for_smes_2010-04-30_role-320005" xlink:label="loc_9" xlink:type="locator"/><gen:arc xlink:arcrole="http://xbrl.org/arcrole/2008/element-label" xlink:from="loc_9" xlink:to="res_9" xlink:type="arc"/><label:label xlink:label="res_9" xlink:role="http://www.xbrl.org/2008/role/label" xlink:type="resource" xml:lang="en">Income statement, by nature of expense - Separate financial statements</label:label><link:loc xlink:href="rol_ifrs_for_smes_2010-04-30.xsd#ifrs_for_smes_2010-04-30_role-410000" xlink:label="loc_10" xlink:type="locator"/><gen:arc xlink:arcrole="http://xbrl.org/arcrole/2008/element-label" xlink:from="loc_10" xlink:to="res_10" xlink:type="arc"/><label:label xlink:label="res_10" xlink:role="http://www.xbrl.org/2008/role/label" xlink:type="resource" xml:lang="en">Statement of comprehensive income - Consolidated financial statements</label:label><link:loc xlink:href="rol_ifrs_for_smes_2010-04-30.xsd#ifrs_for_smes_2010-04-30_role-410005" xlink:label="loc_11" xlink:type="locator"/><gen:arc xlink:arcrole="http://xbrl.org/arcrole/2008/element-label" xlink:from="loc_11" xlink:to="res_11" xlink:type="arc"/><label:label xlink:label="res_11" xlink:role="http://www.xbrl.org/2008/role/label" xlink:type="resource" xml:lang="en">Statement of comprehensive income - Separate financial statements</label:label><link:loc xlink:href="rol_ifrs_for_smes_2010-04-30.xsd#ifrs_for_smes_2010-04-30_role-420000" xlink:label="loc_12" xlink:type="locator"/><gen:arc xlink:arcrole="http://xbrl.org/arcrole/2008/element-label" xlink:from="loc_12" xlink:to="res_12" xlink:type="arc"/><label:label xlink:label="res_12" xlink:role="http://www.xbrl.org/2008/role/label" xlink:type="resource" xml:lang="en">Statement of comprehensive income [alternative] - Consolidated financial statements</label:label><link:loc xlink:href="rol_ifrs_for_smes_2010-04-30.xsd#ifrs_for_smes_2010-04-30_role-420005" xlink:label="loc_13" xlink:type="locator"/><gen:arc xlink:arcrole="http://xbrl.org/arcrole/2008/element-label" xlink:from="loc_13" xlink:to="res_13" xlink:type="arc"/><label:label xlink:label="res_13" xlink:role="http://www.xbrl.org/2008/role/label" xlink:type="resource" xml:lang="en">Statement of comprehensive income [alternative] - Separate financial statements</label:label><link:loc xlink:href="rol_ifrs_for_smes_2010-04-30.xsd#ifrs_for_smes_2010-04-30_role-510000" xlink:label="loc_14" xlink:type="locator"/><gen:arc xlink:arcrole="http://xbrl.org/arcrole/2008/element-label" xlink:from="loc_14" xlink:to="res_14" xlink:type="arc"/><label:label xlink:label="res_14" xlink:role="http://www.xbrl.org/2008/role/label" xlink:type="resource" xml:lang="en">Statement of cash flows, direct method - Consolidated financial statements</label:label><link:loc xlink:href="rol_ifrs_for_smes_2010-04-30.xsd#ifrs_for_smes_2010-04-30_role-510005" xlink:label="loc_15" xlink:type="locator"/><gen:arc xlink:arcrole="http://xbrl.org/arcrole/2008/element-label" xlink:from="loc_15" xlink:to="res_15" xlink:type="arc"/><label:label xlink:label="res_15" xlink:role="http://www.xbrl.org/2008/role/label" xlink:type="resource" xml:lang="en">Statement of cash flows, direct method - Separate financial statements</label:label><link:loc xlink:href="rol_ifrs_for_smes_2010-04-30.xsd#ifrs_for_smes_2010-04-30_role-520000" xlink:label="loc_16" xlink:type="locator"/><gen:arc xlink:arcrole="http://xbrl.org/arcrole/2008/element-label" xlink:from="loc_16" xlink:to="res_16" xlink:type="arc"/><label:label xlink:label="res_16" xlink:role="http://www.xbrl.org/2008/role/label" xlink:type="resource" xml:lang="en">Statement of cash flows, indirect method - Consolidated financial statements</label:label><link:loc xlink:href="rol_ifrs_for_smes_2010-04-30.xsd#ifrs_for_smes_2010-04-30_role-520005" xlink:label="loc_17" xlink:type="locator"/><gen:arc xlink:arcrole="http://xbrl.org/arcrole/2008/element-label" xlink:from="loc_17" xlink:to="res_17" xlink:type="arc"/><label:label xlink:label="res_17" xlink:role="http://www.xbrl.org/2008/role/label" xlink:type="resource" xml:lang="en">Statement of cash flows, indirect method - Separate financial statements</label:label><link:loc xlink:href="rol_ifrs_for_smes_2010-04-30.xsd#ifrs_for_smes_2010-04-30_role-610000" xlink:label="loc_18" xlink:type="locator"/><gen:arc xlink:arcrole="http://xbrl.org/arcrole/2008/element-label" xlink:from="loc_18" xlink:to="res_18" xlink:type="arc"/><label:label xlink:label="res_18" xlink:role="http://www.xbrl.org/2008/role/label" xlink:type="resource" xml:lang="en">Statement of changes in equity - Consolidated financial statements</label:label><link:loc xlink:href="rol_ifrs_for_smes_2010-04-30.xsd#ifrs_for_smes_2010-04-30_role-610005" xlink:label="loc_19" xlink:type="locator"/><gen:arc xlink:arcrole="http://xbrl.org/arcrole/2008/element-label" xlink:from="loc_19" xlink:to="res_19" xlink:type="arc"/><label:label xlink:label="res_19" xlink:role="http://www.xbrl.org/2008/role/label" xlink:type="resource" xml:lang="en">Statement of changes in equity - Separate financial statements</label:label><link:loc xlink:href="rol_ifrs_for_smes_2010-04-30.xsd#ifrs_for_smes_2010-04-30_role-650000" xlink:label="loc_20" xlink:type="locator"/><gen:arc xlink:arcrole="http://xbrl.org/arcrole/2008/element-label" xlink:from="loc_20" xlink:to="res_20" xlink:type="arc"/><label:label xlink:label="res_20" xlink:role="http://www.xbrl.org/2008/role/label" xlink:type="resource" xml:lang="en">Statement of income and retained earnings - Consolidated financial statements</label:label><link:loc xlink:href="rol_ifrs_for_smes_2010-04-30.xsd#ifrs_for_smes_2010-04-30_role-650005" xlink:label="loc_21" xlink:type="locator"/><gen:arc xlink:arcrole="http://xbrl.org/arcrole/2008/element-label" xlink:from="loc_21" xlink:to="res_21" xlink:type="arc"/><label:label xlink:label="res_21" xlink:role="http://www.xbrl.org/2008/role/label" xlink:type="resource" xml:lang="en">Statement of income and retained earnings - Separate financial statements</label:label><link:loc xlink:href="rol_ifrs_for_smes_2010-04-30.xsd#ifrs_for_smes_2010-04-30_role-810000" xlink:label="loc_22" xlink:type="locator"/><gen:arc xlink:arcrole="http://xbrl.org/arcrole/2008/element-label" xlink:from="loc_22" xlink:to="res_22" xlink:type="arc"/><label:label xlink:label="res_22" xlink:role="http://www.xbrl.org/2008/role/label" xlink:type="resource" xml:lang="en">Notes - Corporate information and statement of IFRS compliance</label:label><link:loc xlink:href="rol_ifrs_for_smes_2010-04-30.xsd#ifrs_for_smes_2010-04-30_role-811000" xlink:label="loc_23" xlink:type="locator"/><gen:arc xlink:arcrole="http://xbrl.org/arcrole/2008/element-label" xlink:from="loc_23" xlink:to="res_23" xlink:type="arc"/><label:label xlink:label="res_23" xlink:role="http://www.xbrl.org/2008/role/label" xlink:type="resource" xml:lang="en">Notes - Accounting policies, changes in accounting estimates and errors</label:label><link:loc xlink:href="rol_ifrs_for_smes_2010-04-30.xsd#ifrs_for_smes_2010-04-30_role-815000" xlink:label="loc_24" xlink:type="locator"/><gen:arc xlink:arcrole="http://xbrl.org/arcrole/2008/element-label" xlink:from="loc_24" xlink:to="res_24" xlink:type="arc"/><label:label xlink:label="res_24" xlink:role="http://www.xbrl.org/2008/role/label" xlink:type="resource" xml:lang="en">Notes - Events after reporting period</label:label><link:loc xlink:href="rol_ifrs_for_smes_2010-04-30.xsd#ifrs_for_smes_2010-04-30_role-816000" xlink:label="loc_25" xlink:type="locator"/><gen:arc xlink:arcrole="http://xbrl.org/arcrole/2008/element-label" xlink:from="loc_25" xlink:to="res_25" xlink:type="arc"/><label:label xlink:label="res_25" xlink:role="http://www.xbrl.org/2008/role/label" xlink:type="resource" xml:lang="en">Notes - Hyperinflationary reporting</label:label><link:loc xlink:href="rol_ifrs_for_smes_2010-04-30.xsd#ifrs_for_smes_2010-04-30_role-817000" xlink:label="loc_26" xlink:type="locator"/><gen:arc xlink:arcrole="http://xbrl.org/arcrole/2008/element-label" xlink:from="loc_26" xlink:to="res_26" xlink:type="arc"/><label:label xlink:label="res_26" xlink:role="http://www.xbrl.org/2008/role/label" xlink:type="resource" xml:lang="en">Notes - Business combinations</label:label><link:loc xlink:href="rol_ifrs_for_smes_2010-04-30.xsd#ifrs_for_smes_2010-04-30_role-818000" xlink:label="loc_27" xlink:type="locator"/><gen:arc xlink:arcrole="http://xbrl.org/arcrole/2008/element-label" xlink:from="loc_27" xlink:to="res_27" xlink:type="arc"/><label:label xlink:label="res_27" xlink:role="http://www.xbrl.org/2008/role/label" xlink:type="resource" xml:lang="en">Notes - Related party</label:label><link:loc xlink:href="rol_ifrs_for_smes_2010-04-30.xsd#ifrs_for_smes_2010-04-30_role-819100" xlink:label="loc_28" xlink:type="locator"/><gen:arc xlink:arcrole="http://xbrl.org/arcrole/2008/element-label" xlink:from="loc_28" xlink:to="res_28" xlink:type="arc"/><label:label xlink:label="res_28" xlink:role="http://www.xbrl.org/2008/role/label" xlink:type="resource" xml:lang="en">Notes - First time adoption</label:label><link:loc xlink:href="rol_ifrs_for_smes_2010-04-30.xsd#ifrs_for_smes_2010-04-30_role-822100" xlink:label="loc_29" xlink:type="locator"/><gen:arc xlink:arcrole="http://xbrl.org/arcrole/2008/element-label" xlink:from="loc_29" xlink:to="res_29" xlink:type="arc"/><label:label xlink:label="res_29" xlink:role="http://www.xbrl.org/2008/role/label" xlink:type="resource" xml:lang="en">Notes - Property, plant and equipment</label:label><link:loc xlink:href="rol_ifrs_for_smes_2010-04-30.xsd#ifrs_for_smes_2010-04-30_role-822390" xlink:label="loc_30" xlink:type="locator"/><gen:arc xlink:arcrole="http://xbrl.org/arcrole/2008/element-label" xlink:from="loc_30" xlink:to="res_30" xlink:type="arc"/><label:label xlink:label="res_30" xlink:role="http://www.xbrl.org/2008/role/label" xlink:type="resource" xml:lang="en">Notes - Financial instruments</label:label><link:loc xlink:href="rol_ifrs_for_smes_2010-04-30.xsd#ifrs_for_smes_2010-04-30_role-822390a" xlink:label="loc_31" xlink:type="locator"/><gen:arc xlink:arcrole="http://xbrl.org/arcrole/2008/element-label" xlink:from="loc_31" xlink:to="res_31" xlink:type="arc"/><label:label xlink:label="res_31" xlink:role="http://www.xbrl.org/2008/role/label" xlink:type="resource" xml:lang="en">Notes - Financial instruments</label:label><link:loc xlink:href="rol_ifrs_for_smes_2010-04-30.xsd#ifrs_for_smes_2010-04-30_role-822390b" xlink:label="loc_32" xlink:type="locator"/><gen:arc xlink:arcrole="http://xbrl.org/arcrole/2008/element-label" xlink:from="loc_32" xlink:to="res_32" xlink:type="arc"/><label:label xlink:label="res_32" xlink:role="http://www.xbrl.org/2008/role/label" xlink:type="resource" xml:lang="en">Notes - Financial instruments</label:label><link:loc xlink:href="rol_ifrs_for_smes_2010-04-30.xsd#ifrs_for_smes_2010-04-30_role-822390c" xlink:label="loc_33" xlink:type="locator"/><gen:arc xlink:arcrole="http://xbrl.org/arcrole/2008/element-label" xlink:from="loc_33" xlink:to="res_33" xlink:type="arc"/><label:label xlink:label="res_33" xlink:role="http://www.xbrl.org/2008/role/label" xlink:type="resource" xml:lang="en">Notes - Financial instruments</label:label><link:loc xlink:href="rol_ifrs_for_smes_2010-04-30.xsd#ifrs_for_smes_2010-04-30_role-823180" xlink:label="loc_34" xlink:type="locator"/><gen:arc xlink:arcrole="http://xbrl.org/arcrole/2008/element-label" xlink:from="loc_34" xlink:to="res_34" xlink:type="arc"/><label:label xlink:label="res_34" xlink:role="http://www.xbrl.org/2008/role/label" xlink:type="resource" xml:lang="en">Notes - Intangible assets</label:label><link:loc xlink:href="rol_ifrs_for_smes_2010-04-30.xsd#ifrs_for_smes_2010-04-30_role-824180" xlink:label="loc_35" xlink:type="locator"/><gen:arc xlink:arcrole="http://xbrl.org/arcrole/2008/element-label" xlink:from="loc_35" xlink:to="res_35" xlink:type="arc"/><label:label xlink:label="res_35" xlink:role="http://www.xbrl.org/2008/role/label" xlink:type="resource" xml:lang="en">Notes - Biological assets</label:label><link:loc xlink:href="rol_ifrs_for_smes_2010-04-30.xsd#ifrs_for_smes_2010-04-30_role-825100" xlink:label="loc_36" xlink:type="locator"/><gen:arc xlink:arcrole="http://xbrl.org/arcrole/2008/element-label" xlink:from="loc_36" xlink:to="res_36" xlink:type="arc"/><label:label xlink:label="res_36" xlink:role="http://www.xbrl.org/2008/role/label" xlink:type="resource" xml:lang="en">Notes - Investment property</label:label><link:loc xlink:href="rol_ifrs_for_smes_2010-04-30.xsd#ifrs_for_smes_2010-04-30_role-825480" xlink:label="loc_37" xlink:type="locator"/><gen:arc xlink:arcrole="http://xbrl.org/arcrole/2008/element-label" xlink:from="loc_37" xlink:to="res_37" xlink:type="arc"/><label:label xlink:label="res_37" xlink:role="http://www.xbrl.org/2008/role/label" xlink:type="resource" xml:lang="en">Notes - Consolidated, combined and separate financial statements</label:label><link:loc xlink:href="rol_ifrs_for_smes_2010-04-30.xsd#ifrs_for_smes_2010-04-30_role-825500" xlink:label="loc_38" xlink:type="locator"/><gen:arc xlink:arcrole="http://xbrl.org/arcrole/2008/element-label" xlink:from="loc_38" xlink:to="res_38" xlink:type="arc"/><label:label xlink:label="res_38" xlink:role="http://www.xbrl.org/2008/role/label" xlink:type="resource" xml:lang="en">Notes - Interests in joint ventures</label:label><link:loc xlink:href="rol_ifrs_for_smes_2010-04-30.xsd#ifrs_for_smes_2010-04-30_role-825600" xlink:label="loc_39" xlink:type="locator"/><gen:arc xlink:arcrole="http://xbrl.org/arcrole/2008/element-label" xlink:from="loc_39" xlink:to="res_39" xlink:type="arc"/><label:label xlink:label="res_39" xlink:role="http://www.xbrl.org/2008/role/label" xlink:type="resource" xml:lang="en">Notes - Investments in associates</label:label><link:loc xlink:href="rol_ifrs_for_smes_2010-04-30.xsd#ifrs_for_smes_2010-04-30_role-825900" xlink:label="loc_40" xlink:type="locator"/><gen:arc xlink:arcrole="http://xbrl.org/arcrole/2008/element-label" xlink:from="loc_40" xlink:to="res_40" xlink:type="arc"/><label:label xlink:label="res_40" xlink:role="http://www.xbrl.org/2008/role/label" xlink:type="resource" xml:lang="en">Notes - Non-current assets or disposal groups held for sale</label:label><link:loc xlink:href="rol_ifrs_for_smes_2010-04-30.xsd#ifrs_for_smes_2010-04-30_role-826380" xlink:label="loc_41" xlink:type="locator"/><gen:arc xlink:arcrole="http://xbrl.org/arcrole/2008/element-label" xlink:from="loc_41" xlink:to="res_41" xlink:type="arc"/><label:label xlink:label="res_41" xlink:role="http://www.xbrl.org/2008/role/label" xlink:type="resource" xml:lang="en">Notes - Inventories</label:label><link:loc xlink:href="rol_ifrs_for_smes_2010-04-30.xsd#ifrs_for_smes_2010-04-30_role-827570" xlink:label="loc_42" xlink:type="locator"/><gen:arc xlink:arcrole="http://xbrl.org/arcrole/2008/element-label" xlink:from="loc_42" xlink:to="res_42" xlink:type="arc"/><label:label xlink:label="res_42" xlink:role="http://www.xbrl.org/2008/role/label" xlink:type="resource" xml:lang="en">Notes - Other provisions, contingent liabilities and contingent assets</label:label><link:loc xlink:href="rol_ifrs_for_smes_2010-04-30.xsd#ifrs_for_smes_2010-04-30_role-827570a" xlink:label="loc_43" xlink:type="locator"/><gen:arc xlink:arcrole="http://xbrl.org/arcrole/2008/element-label" xlink:from="loc_43" xlink:to="res_43" xlink:type="arc"/><label:label xlink:label="res_43" xlink:role="http://www.xbrl.org/2008/role/label" xlink:type="resource" xml:lang="en">Notes - Other provisions, contingent liabilities and contingent assets</label:label><link:loc xlink:href="rol_ifrs_for_smes_2010-04-30.xsd#ifrs_for_smes_2010-04-30_role-827570b" xlink:label="loc_44" xlink:type="locator"/><gen:arc xlink:arcrole="http://xbrl.org/arcrole/2008/element-label" xlink:from="loc_44" xlink:to="res_44" xlink:type="arc"/><label:label xlink:label="res_44" xlink:role="http://www.xbrl.org/2008/role/label" xlink:type="resource" xml:lang="en">Notes - Other provisions, contingent liabilities and contingent assets</label:label><link:loc xlink:href="rol_ifrs_for_smes_2010-04-30.xsd#ifrs_for_smes_2010-04-30_role-831110" xlink:label="loc_45" xlink:type="locator"/><gen:arc xlink:arcrole="http://xbrl.org/arcrole/2008/element-label" xlink:from="loc_45" xlink:to="res_45" xlink:type="arc"/><label:label xlink:label="res_45" xlink:role="http://www.xbrl.org/2008/role/label" xlink:type="resource" xml:lang="en">Notes - Revenue</label:label><link:loc xlink:href="rol_ifrs_for_smes_2010-04-30.xsd#ifrs_for_smes_2010-04-30_role-831400" xlink:label="loc_46" xlink:type="locator"/><gen:arc xlink:arcrole="http://xbrl.org/arcrole/2008/element-label" xlink:from="loc_46" xlink:to="res_46" xlink:type="arc"/><label:label xlink:label="res_46" xlink:role="http://www.xbrl.org/2008/role/label" xlink:type="resource" xml:lang="en">Notes - Government grants</label:label><link:loc xlink:href="rol_ifrs_for_smes_2010-04-30.xsd#ifrs_for_smes_2010-04-30_role-831710" xlink:label="loc_47" xlink:type="locator"/><gen:arc xlink:arcrole="http://xbrl.org/arcrole/2008/element-label" xlink:from="loc_47" xlink:to="res_47" xlink:type="arc"/><label:label xlink:label="res_47" xlink:role="http://www.xbrl.org/2008/role/label" xlink:type="resource" xml:lang="en">Notes - Construction contracts</label:label><link:loc xlink:href="rol_ifrs_for_smes_2010-04-30.xsd#ifrs_for_smes_2010-04-30_role-832000" xlink:label="loc_48" xlink:type="locator"/><gen:arc xlink:arcrole="http://xbrl.org/arcrole/2008/element-label" xlink:from="loc_48" xlink:to="res_48" xlink:type="arc"/><label:label xlink:label="res_48" xlink:role="http://www.xbrl.org/2008/role/label" xlink:type="resource" xml:lang="en">Notes - Analysis of income and expense</label:label><link:loc xlink:href="rol_ifrs_for_smes_2010-04-30.xsd#ifrs_for_smes_2010-04-30_role-832100" xlink:label="loc_49" xlink:type="locator"/><gen:arc xlink:arcrole="http://xbrl.org/arcrole/2008/element-label" xlink:from="loc_49" xlink:to="res_49" xlink:type="arc"/><label:label xlink:label="res_49" xlink:role="http://www.xbrl.org/2008/role/label" xlink:type="resource" xml:lang="en">Notes - Subclassifications of assets, liabilities and equities</label:label><link:loc xlink:href="rol_ifrs_for_smes_2010-04-30.xsd#ifrs_for_smes_2010-04-30_role-832410" xlink:label="loc_50" xlink:type="locator"/><gen:arc xlink:arcrole="http://xbrl.org/arcrole/2008/element-label" xlink:from="loc_50" xlink:to="res_50" xlink:type="arc"/><label:label xlink:label="res_50" xlink:role="http://www.xbrl.org/2008/role/label" xlink:type="resource" xml:lang="en">Notes - Impairment loss and reversal</label:label><link:loc xlink:href="rol_ifrs_for_smes_2010-04-30.xsd#ifrs_for_smes_2010-04-30_role-832600" xlink:label="loc_51" xlink:type="locator"/><gen:arc xlink:arcrole="http://xbrl.org/arcrole/2008/element-label" xlink:from="loc_51" xlink:to="res_51" xlink:type="arc"/><label:label xlink:label="res_51" xlink:role="http://www.xbrl.org/2008/role/label" xlink:type="resource" xml:lang="en">Notes - Leases</label:label><link:loc xlink:href="rol_ifrs_for_smes_2010-04-30.xsd#ifrs_for_smes_2010-04-30_role-832600a" xlink:label="loc_52" xlink:type="locator"/><gen:arc xlink:arcrole="http://xbrl.org/arcrole/2008/element-label" xlink:from="loc_52" xlink:to="res_52" xlink:type="arc"/><label:label xlink:label="res_52" xlink:role="http://www.xbrl.org/2008/role/label" xlink:type="resource" xml:lang="en">Notes - Leases</label:label><link:loc xlink:href="rol_ifrs_for_smes_2010-04-30.xsd#ifrs_for_smes_2010-04-30_role-832600b" xlink:label="loc_53" xlink:type="locator"/><gen:arc xlink:arcrole="http://xbrl.org/arcrole/2008/element-label" xlink:from="loc_53" xlink:to="res_53" xlink:type="arc"/><label:label xlink:label="res_53" xlink:role="http://www.xbrl.org/2008/role/label" xlink:type="resource" xml:lang="en">Notes - Leases</label:label><link:loc xlink:href="rol_ifrs_for_smes_2010-04-30.xsd#ifrs_for_smes_2010-04-30_role-832600c" xlink:label="loc_54" xlink:type="locator"/><gen:arc xlink:arcrole="http://xbrl.org/arcrole/2008/element-label" xlink:from="loc_54" xlink:to="res_54" xlink:type="arc"/><label:label xlink:label="res_54" xlink:role="http://www.xbrl.org/2008/role/label" xlink:type="resource" xml:lang="en">Notes - Leases</label:label><link:loc xlink:href="rol_ifrs_for_smes_2010-04-30.xsd#ifrs_for_smes_2010-04-30_role-834120" xlink:label="loc_55" xlink:type="locator"/><gen:arc xlink:arcrole="http://xbrl.org/arcrole/2008/element-label" xlink:from="loc_55" xlink:to="res_55" xlink:type="arc"/><label:label xlink:label="res_55" xlink:role="http://www.xbrl.org/2008/role/label" xlink:type="resource" xml:lang="en">Notes - Share-based payment arrangements</label:label><link:loc xlink:href="rol_ifrs_for_smes_2010-04-30.xsd#ifrs_for_smes_2010-04-30_role-834480" xlink:label="loc_56" xlink:type="locator"/><gen:arc xlink:arcrole="http://xbrl.org/arcrole/2008/element-label" xlink:from="loc_56" xlink:to="res_56" xlink:type="arc"/><label:label xlink:label="res_56" xlink:role="http://www.xbrl.org/2008/role/label" xlink:type="resource" xml:lang="en">Notes - Employee benefits</label:label><link:loc xlink:href="rol_ifrs_for_smes_2010-04-30.xsd#ifrs_for_smes_2010-04-30_role-834480a" xlink:label="loc_57" xlink:type="locator"/><gen:arc xlink:arcrole="http://xbrl.org/arcrole/2008/element-label" xlink:from="loc_57" xlink:to="res_57" xlink:type="arc"/><label:label xlink:label="res_57" xlink:role="http://www.xbrl.org/2008/role/label" xlink:type="resource" xml:lang="en">Notes - Employee benefits</label:label><link:loc xlink:href="rol_ifrs_for_smes_2010-04-30.xsd#ifrs_for_smes_2010-04-30_role-834480b" xlink:label="loc_58" xlink:type="locator"/><gen:arc xlink:arcrole="http://xbrl.org/arcrole/2008/element-label" xlink:from="loc_58" xlink:to="res_58" xlink:type="arc"/><label:label xlink:label="res_58" xlink:role="http://www.xbrl.org/2008/role/label" xlink:type="resource" xml:lang="en">Notes - Employee benefits</label:label><link:loc xlink:href="rol_ifrs_for_smes_2010-04-30.xsd#ifrs_for_smes_2010-04-30_role-835110" xlink:label="loc_59" xlink:type="locator"/><gen:arc xlink:arcrole="http://xbrl.org/arcrole/2008/element-label" xlink:from="loc_59" xlink:to="res_59" xlink:type="arc"/><label:label xlink:label="res_59" xlink:role="http://www.xbrl.org/2008/role/label" xlink:type="resource" xml:lang="en">Notes - Income tax</label:label><link:loc xlink:href="rol_ifrs_for_smes_2010-04-30.xsd#ifrs_for_smes_2010-04-30_role-842000" xlink:label="loc_60" xlink:type="locator"/><gen:arc xlink:arcrole="http://xbrl.org/arcrole/2008/element-label" xlink:from="loc_60" xlink:to="res_60" xlink:type="arc"/><label:label xlink:label="res_60" xlink:role="http://www.xbrl.org/2008/role/label" xlink:type="resource" xml:lang="en">Notes - Effects of changes in foreign exchange rates</label:label><link:loc xlink:href="rol_ifrs_for_smes_2010-04-30.xsd#ifrs_for_smes_2010-04-30_role-851100" xlink:label="loc_61" xlink:type="locator"/><gen:arc xlink:arcrole="http://xbrl.org/arcrole/2008/element-label" xlink:from="loc_61" xlink:to="res_61" xlink:type="arc"/><label:label xlink:label="res_61" xlink:role="http://www.xbrl.org/2008/role/label" xlink:type="resource" xml:lang="en">Notes - Cash flow statement</label:label><link:loc xlink:href="rol_ifrs_for_smes_2010-04-30.xsd#ifrs_for_smes_2010-04-30_role-861200" xlink:label="loc_62" xlink:type="locator"/><gen:arc xlink:arcrole="http://xbrl.org/arcrole/2008/element-label" xlink:from="loc_62" xlink:to="res_62" xlink:type="arc"/><label:label xlink:label="res_62" xlink:role="http://www.xbrl.org/2008/role/label" xlink:type="resource" xml:lang="en">Notes - Share capital, reserves and other equity interest</label:label><link:loc xlink:href="rol_ifrs_for_smes_2010-04-30.xsd#ifrs_for_smes_2010-04-30_role-861200a" xlink:label="loc_63" xlink:type="locator"/><gen:arc xlink:arcrole="http://xbrl.org/arcrole/2008/element-label" xlink:from="loc_63" xlink:to="res_63" xlink:type="arc"/><label:label xlink:label="res_63" xlink:role="http://www.xbrl.org/2008/role/label" xlink:type="resource" xml:lang="en">Notes - Share capital, reserves and other equity interest</label:label><link:loc xlink:href="rol_ifrs_for_smes_2010-04-30.xsd#ifrs_for_smes_2010-04-30_role-861200b" xlink:label="loc_64" xlink:type="locator"/><gen:arc xlink:arcrole="http://xbrl.org/arcrole/2008/element-label" xlink:from="loc_64" xlink:to="res_64" xlink:type="arc"/><label:label xlink:label="res_64" xlink:role="http://www.xbrl.org/2008/role/label" xlink:type="resource" xml:lang="en">Notes - Share capital, reserves and other equity interest</label:label></gen:link></link:linkbase>