<?xml version="1.0" encoding="UTF-8"?><!--
        Taxonomy: 2010-04-30 (Final)
        ********************** 
        Copyright © 2010 International Accounting Standards Committee (IASC) Foundation*
        All rights reserved.  No part of this publication may be translated, reprinted or reproduced 
        or utilised in any form either in whole or in part without prior permission in writing from the IASC Foundation.
        For more information on the IASC Foundation’s copyright, please refer to http://www.iasb.org/XBRL/Legal/
        **********************
        *To become IFRS Foundation
    --><link:linkbase xmlns:gen="http://xbrl.org/2008/generic" xmlns:link="http://www.xbrl.org/2003/linkbase" xmlns:ref="http://www.xbrl.org/2006/ref" xmlns:reference="http://xbrl.org/2008/reference" xmlns:xlink="http://www.w3.org/1999/xlink" xmlns:xsi="http://www.w3.org/2001/XMLSchema-instance" xsi:schemaLocation="http://www.xbrl.org/2006/ref http://www.xbrl.org/2006/ref-2006-02-27.xsd http://www.xbrl.org/2003/linkbase http://www.xbrl.org/2003/xbrl-linkbase-2003-12-31.xsd http://xbrl.org/2008/reference http://www.xbrl.org/2008/generic-reference.xsd http://xbrl.org/2008/generic http://www.xbrl.org/2008/generic-link.xsd http://www.w3.org/1999/xlink http://www.xbrl.org/2003/xlink-2003-12-31.xsd">
  <link:roleRef roleURI="http://www.xbrl.org/2008/role/link" xlink:href="http://www.xbrl.org/2008/generic-link.xsd#standard-link-role" xlink:type="simple"/>
  <link:roleRef roleURI="http://www.xbrl.org/2008/role/reference" xlink:href="http://www.xbrl.org/2008/generic-reference.xsd#standard-reference" xlink:type="simple"/>
  <link:arcroleRef arcroleURI="http://xbrl.org/arcrole/2008/element-reference" xlink:href="http://www.xbrl.org/2008/generic-reference.xsd#element-reference" xlink:type="simple"/>
  <gen:link xlink:role="http://www.xbrl.org/2008/role/link" xlink:type="extended">
    <link:loc xlink:href="rol_ifrs_for_smes_2010-04-30.xsd#ifrs_for_smes_2010-04-30_role-110000" xlink:label="loc" xlink:type="locator"/>
    <reference:reference xlink:label="loc_30" xlink:role="http://www.xbrl.org/2008/role/reference" xlink:type="resource">
      <ref:Name>IFRS for SMEs</ref:Name>
      <ref:IssueDate>2009-07-09</ref:IssueDate>
</reference:reference>
    <gen:arc xlink:arcrole="http://xbrl.org/arcrole/2008/element-reference" xlink:from="loc" xlink:to="loc_30" xlink:type="arc"/>
    <link:loc xlink:href="rol_ifrs_for_smes_2010-04-30.xsd#ifrs_for_smes_2010-04-30_role-210000" xlink:label="loc_2" xlink:type="locator"/>
    <gen:arc xlink:arcrole="http://xbrl.org/arcrole/2008/element-reference" xlink:from="loc_2" xlink:to="loc_30" xlink:type="arc"/>
    <link:loc xlink:href="rol_ifrs_for_smes_2010-04-30.xsd#ifrs_for_smes_2010-04-30_role-210005" xlink:label="loc_3" xlink:type="locator"/>
    <gen:arc xlink:arcrole="http://xbrl.org/arcrole/2008/element-reference" xlink:from="loc_3" xlink:to="loc_30" xlink:type="arc"/>
    <link:loc xlink:href="rol_ifrs_for_smes_2010-04-30.xsd#ifrs_for_smes_2010-04-30_role-220000" xlink:label="loc_4" xlink:type="locator"/>
    <gen:arc xlink:arcrole="http://xbrl.org/arcrole/2008/element-reference" xlink:from="loc_4" xlink:to="loc_30" xlink:type="arc"/>
    <link:loc xlink:href="rol_ifrs_for_smes_2010-04-30.xsd#ifrs_for_smes_2010-04-30_role-220005" xlink:label="loc_5" xlink:type="locator"/>
    <gen:arc xlink:arcrole="http://xbrl.org/arcrole/2008/element-reference" xlink:from="loc_5" xlink:to="loc_30" xlink:type="arc"/>
    <link:loc xlink:href="rol_ifrs_for_smes_2010-04-30.xsd#ifrs_for_smes_2010-04-30_role-310000" xlink:label="loc_6" xlink:type="locator"/>
    <gen:arc xlink:arcrole="http://xbrl.org/arcrole/2008/element-reference" xlink:from="loc_6" xlink:to="loc_30" xlink:type="arc"/>
    <link:loc xlink:href="rol_ifrs_for_smes_2010-04-30.xsd#ifrs_for_smes_2010-04-30_role-310005" xlink:label="loc_7" xlink:type="locator"/>
    <gen:arc xlink:arcrole="http://xbrl.org/arcrole/2008/element-reference" xlink:from="loc_7" xlink:to="loc_30" xlink:type="arc"/>
    <link:loc xlink:href="rol_ifrs_for_smes_2010-04-30.xsd#ifrs_for_smes_2010-04-30_role-320000" xlink:label="loc_8" xlink:type="locator"/>
    <gen:arc xlink:arcrole="http://xbrl.org/arcrole/2008/element-reference" xlink:from="loc_8" xlink:to="loc_30" xlink:type="arc"/>
    <link:loc xlink:href="rol_ifrs_for_smes_2010-04-30.xsd#ifrs_for_smes_2010-04-30_role-320005" xlink:label="loc_9" xlink:type="locator"/>
    <gen:arc xlink:arcrole="http://xbrl.org/arcrole/2008/element-reference" xlink:from="loc_9" xlink:to="loc_30" xlink:type="arc"/>
    <link:loc xlink:href="rol_ifrs_for_smes_2010-04-30.xsd#ifrs_for_smes_2010-04-30_role-410000" xlink:label="loc_10" xlink:type="locator"/>
    <gen:arc xlink:arcrole="http://xbrl.org/arcrole/2008/element-reference" xlink:from="loc_10" xlink:to="loc_30" xlink:type="arc"/>
    <link:loc xlink:href="rol_ifrs_for_smes_2010-04-30.xsd#ifrs_for_smes_2010-04-30_role-410005" xlink:label="loc_11" xlink:type="locator"/>
    <gen:arc xlink:arcrole="http://xbrl.org/arcrole/2008/element-reference" xlink:from="loc_11" xlink:to="loc_30" xlink:type="arc"/>
    <link:loc xlink:href="rol_ifrs_for_smes_2010-04-30.xsd#ifrs_for_smes_2010-04-30_role-420000" xlink:label="loc_12" xlink:type="locator"/>
    <gen:arc xlink:arcrole="http://xbrl.org/arcrole/2008/element-reference" xlink:from="loc_12" xlink:to="loc_30" xlink:type="arc"/>
    <link:loc xlink:href="rol_ifrs_for_smes_2010-04-30.xsd#ifrs_for_smes_2010-04-30_role-420005" xlink:label="loc_13" xlink:type="locator"/>
    <gen:arc xlink:arcrole="http://xbrl.org/arcrole/2008/element-reference" xlink:from="loc_13" xlink:to="loc_30" xlink:type="arc"/>
    <link:loc xlink:href="rol_ifrs_for_smes_2010-04-30.xsd#ifrs_for_smes_2010-04-30_role-510000" xlink:label="loc_14" xlink:type="locator"/>
    <gen:arc xlink:arcrole="http://xbrl.org/arcrole/2008/element-reference" xlink:from="loc_14" xlink:to="loc_30" xlink:type="arc"/>
    <link:loc xlink:href="rol_ifrs_for_smes_2010-04-30.xsd#ifrs_for_smes_2010-04-30_role-510005" xlink:label="loc_15" xlink:type="locator"/>
    <gen:arc xlink:arcrole="http://xbrl.org/arcrole/2008/element-reference" xlink:from="loc_15" xlink:to="loc_30" xlink:type="arc"/>
    <link:loc xlink:href="rol_ifrs_for_smes_2010-04-30.xsd#ifrs_for_smes_2010-04-30_role-520000" xlink:label="loc_16" xlink:type="locator"/>
    <gen:arc xlink:arcrole="http://xbrl.org/arcrole/2008/element-reference" xlink:from="loc_16" xlink:to="loc_30" xlink:type="arc"/>
    <link:loc xlink:href="rol_ifrs_for_smes_2010-04-30.xsd#ifrs_for_smes_2010-04-30_role-520005" xlink:label="loc_17" xlink:type="locator"/>
    <gen:arc xlink:arcrole="http://xbrl.org/arcrole/2008/element-reference" xlink:from="loc_17" xlink:to="loc_30" xlink:type="arc"/>
    <link:loc xlink:href="rol_ifrs_for_smes_2010-04-30.xsd#ifrs_for_smes_2010-04-30_role-610000" xlink:label="loc_18" xlink:type="locator"/>
    <gen:arc xlink:arcrole="http://xbrl.org/arcrole/2008/element-reference" xlink:from="loc_18" xlink:to="loc_30" xlink:type="arc"/>
    <link:loc xlink:href="rol_ifrs_for_smes_2010-04-30.xsd#ifrs_for_smes_2010-04-30_role-610005" xlink:label="loc_19" xlink:type="locator"/>
    <gen:arc xlink:arcrole="http://xbrl.org/arcrole/2008/element-reference" xlink:from="loc_19" xlink:to="loc_30" xlink:type="arc"/>
    <link:loc xlink:href="rol_ifrs_for_smes_2010-04-30.xsd#ifrs_for_smes_2010-04-30_role-650000" xlink:label="loc_20" xlink:type="locator"/>
    <gen:arc xlink:arcrole="http://xbrl.org/arcrole/2008/element-reference" xlink:from="loc_20" xlink:to="loc_30" xlink:type="arc"/>
    <link:loc xlink:href="rol_ifrs_for_smes_2010-04-30.xsd#ifrs_for_smes_2010-04-30_role-650005" xlink:label="loc_21" xlink:type="locator"/>
    <gen:arc xlink:arcrole="http://xbrl.org/arcrole/2008/element-reference" xlink:from="loc_21" xlink:to="loc_30" xlink:type="arc"/>
    <link:loc xlink:href="rol_ifrs_for_smes_2010-04-30.xsd#ifrs_for_smes_2010-04-30_role-810000" xlink:label="loc_22" xlink:type="locator"/>
    <gen:arc xlink:arcrole="http://xbrl.org/arcrole/2008/element-reference" xlink:from="loc_22" xlink:to="loc_30" xlink:type="arc"/>
    <link:loc xlink:href="rol_ifrs_for_smes_2010-04-30.xsd#ifrs_for_smes_2010-04-30_role-811000" xlink:label="loc_23" xlink:type="locator"/>
    <gen:arc xlink:arcrole="http://xbrl.org/arcrole/2008/element-reference" xlink:from="loc_23" xlink:to="loc_30" xlink:type="arc"/>
    <link:loc xlink:href="rol_ifrs_for_smes_2010-04-30.xsd#ifrs_for_smes_2010-04-30_role-815000" xlink:label="loc_24" xlink:type="locator"/>
    <gen:arc xlink:arcrole="http://xbrl.org/arcrole/2008/element-reference" xlink:from="loc_24" xlink:to="loc_30" xlink:type="arc"/>
    <link:loc xlink:href="rol_ifrs_for_smes_2010-04-30.xsd#ifrs_for_smes_2010-04-30_role-816000" xlink:label="loc_25" xlink:type="locator"/>
    <gen:arc xlink:arcrole="http://xbrl.org/arcrole/2008/element-reference" xlink:from="loc_25" xlink:to="loc_30" xlink:type="arc"/>
    <link:loc xlink:href="rol_ifrs_for_smes_2010-04-30.xsd#ifrs_for_smes_2010-04-30_role-817000" xlink:label="loc_26" xlink:type="locator"/>
    <gen:arc xlink:arcrole="http://xbrl.org/arcrole/2008/element-reference" xlink:from="loc_26" xlink:to="loc_30" xlink:type="arc"/>
    <link:loc xlink:href="rol_ifrs_for_smes_2010-04-30.xsd#ifrs_for_smes_2010-04-30_role-818000" xlink:label="loc_27" xlink:type="locator"/>
    <gen:arc xlink:arcrole="http://xbrl.org/arcrole/2008/element-reference" xlink:from="loc_27" xlink:to="loc_30" xlink:type="arc"/>
    <link:loc xlink:href="rol_ifrs_for_smes_2010-04-30.xsd#ifrs_for_smes_2010-04-30_role-819100" xlink:label="loc_28" xlink:type="locator"/>
    <gen:arc xlink:arcrole="http://xbrl.org/arcrole/2008/element-reference" xlink:from="loc_28" xlink:to="loc_30" xlink:type="arc"/>
    <link:loc xlink:href="rol_ifrs_for_smes_2010-04-30.xsd#ifrs_for_smes_2010-04-30_role-822100" xlink:label="loc_29" xlink:type="locator"/>
    <gen:arc xlink:arcrole="http://xbrl.org/arcrole/2008/element-reference" xlink:from="loc_29" xlink:to="loc_30" xlink:type="arc"/>
    <link:loc xlink:href="rol_ifrs_for_smes_2010-04-30.xsd#ifrs_for_smes_2010-04-30_role-822390" xlink:label="loc_31" xlink:type="locator"/>
    <gen:arc xlink:arcrole="http://xbrl.org/arcrole/2008/element-reference" xlink:from="loc_31" xlink:to="loc_30" xlink:type="arc"/>
    <link:loc xlink:href="rol_ifrs_for_smes_2010-04-30.xsd#ifrs_for_smes_2010-04-30_role-822390a" xlink:label="loc_33" xlink:type="locator"/>
    <gen:arc xlink:arcrole="http://xbrl.org/arcrole/2008/element-reference" xlink:from="loc_33" xlink:to="loc_30" xlink:type="arc"/>
    <link:loc xlink:href="rol_ifrs_for_smes_2010-04-30.xsd#ifrs_for_smes_2010-04-30_role-822390b" xlink:label="loc_36" xlink:type="locator"/>
    <gen:arc xlink:arcrole="http://xbrl.org/arcrole/2008/element-reference" xlink:from="loc_36" xlink:to="loc_30" xlink:type="arc"/>
    <link:loc xlink:href="rol_ifrs_for_smes_2010-04-30.xsd#ifrs_for_smes_2010-04-30_role-822390c" xlink:label="loc_44" xlink:type="locator"/>
    <gen:arc xlink:arcrole="http://xbrl.org/arcrole/2008/element-reference" xlink:from="loc_44" xlink:to="loc_30" xlink:type="arc"/>
    <link:loc xlink:href="rol_ifrs_for_smes_2010-04-30.xsd#ifrs_for_smes_2010-04-30_role-823180" xlink:label="loc_32" xlink:type="locator"/>
    <gen:arc xlink:arcrole="http://xbrl.org/arcrole/2008/element-reference" xlink:from="loc_32" xlink:to="loc_30" xlink:type="arc"/>
    <link:loc xlink:href="rol_ifrs_for_smes_2010-04-30.xsd#ifrs_for_smes_2010-04-30_role-824180" xlink:label="loc_34" xlink:type="locator"/>
    <gen:arc xlink:arcrole="http://xbrl.org/arcrole/2008/element-reference" xlink:from="loc_34" xlink:to="loc_30" xlink:type="arc"/>
    <link:loc xlink:href="rol_ifrs_for_smes_2010-04-30.xsd#ifrs_for_smes_2010-04-30_role-825100" xlink:label="loc_35" xlink:type="locator"/>
    <gen:arc xlink:arcrole="http://xbrl.org/arcrole/2008/element-reference" xlink:from="loc_35" xlink:to="loc_30" xlink:type="arc"/>
    <link:loc xlink:href="rol_ifrs_for_smes_2010-04-30.xsd#ifrs_for_smes_2010-04-30_role-825480" xlink:label="loc_37" xlink:type="locator"/>
    <gen:arc xlink:arcrole="http://xbrl.org/arcrole/2008/element-reference" xlink:from="loc_37" xlink:to="loc_30" xlink:type="arc"/>
    <link:loc xlink:href="rol_ifrs_for_smes_2010-04-30.xsd#ifrs_for_smes_2010-04-30_role-825500" xlink:label="loc_38" xlink:type="locator"/>
    <gen:arc xlink:arcrole="http://xbrl.org/arcrole/2008/element-reference" xlink:from="loc_38" xlink:to="loc_30" xlink:type="arc"/>
    <link:loc xlink:href="rol_ifrs_for_smes_2010-04-30.xsd#ifrs_for_smes_2010-04-30_role-825600" xlink:label="loc_39" xlink:type="locator"/>
    <gen:arc xlink:arcrole="http://xbrl.org/arcrole/2008/element-reference" xlink:from="loc_39" xlink:to="loc_30" xlink:type="arc"/>
    <link:loc xlink:href="rol_ifrs_for_smes_2010-04-30.xsd#ifrs_for_smes_2010-04-30_role-825900" xlink:label="loc_40" xlink:type="locator"/>
    <gen:arc xlink:arcrole="http://xbrl.org/arcrole/2008/element-reference" xlink:from="loc_40" xlink:to="loc_30" xlink:type="arc"/>
    <link:loc xlink:href="rol_ifrs_for_smes_2010-04-30.xsd#ifrs_for_smes_2010-04-30_role-826380" xlink:label="loc_41" xlink:type="locator"/>
    <gen:arc xlink:arcrole="http://xbrl.org/arcrole/2008/element-reference" xlink:from="loc_41" xlink:to="loc_30" xlink:type="arc"/>
    <link:loc xlink:href="rol_ifrs_for_smes_2010-04-30.xsd#ifrs_for_smes_2010-04-30_role-827570" xlink:label="loc_42" xlink:type="locator"/>
    <gen:arc xlink:arcrole="http://xbrl.org/arcrole/2008/element-reference" xlink:from="loc_42" xlink:to="loc_30" xlink:type="arc"/>
    <link:loc xlink:href="rol_ifrs_for_smes_2010-04-30.xsd#ifrs_for_smes_2010-04-30_role-827570a" xlink:label="loc_45" xlink:type="locator"/>
    <gen:arc xlink:arcrole="http://xbrl.org/arcrole/2008/element-reference" xlink:from="loc_45" xlink:to="loc_30" xlink:type="arc"/>
    <link:loc xlink:href="rol_ifrs_for_smes_2010-04-30.xsd#ifrs_for_smes_2010-04-30_role-827570b" xlink:label="loc_47" xlink:type="locator"/>
    <gen:arc xlink:arcrole="http://xbrl.org/arcrole/2008/element-reference" xlink:from="loc_47" xlink:to="loc_30" xlink:type="arc"/>
    <link:loc xlink:href="rol_ifrs_for_smes_2010-04-30.xsd#ifrs_for_smes_2010-04-30_role-831110" xlink:label="loc_43" xlink:type="locator"/>
    <gen:arc xlink:arcrole="http://xbrl.org/arcrole/2008/element-reference" xlink:from="loc_43" xlink:to="loc_30" xlink:type="arc"/>
    <link:loc xlink:href="rol_ifrs_for_smes_2010-04-30.xsd#ifrs_for_smes_2010-04-30_role-831400" xlink:label="loc_46" xlink:type="locator"/>
    <gen:arc xlink:arcrole="http://xbrl.org/arcrole/2008/element-reference" xlink:from="loc_46" xlink:to="loc_30" xlink:type="arc"/>
    <link:loc xlink:href="rol_ifrs_for_smes_2010-04-30.xsd#ifrs_for_smes_2010-04-30_role-831710" xlink:label="loc_48" xlink:type="locator"/>
    <gen:arc xlink:arcrole="http://xbrl.org/arcrole/2008/element-reference" xlink:from="loc_48" xlink:to="loc_30" xlink:type="arc"/>
    <link:loc xlink:href="rol_ifrs_for_smes_2010-04-30.xsd#ifrs_for_smes_2010-04-30_role-832000" xlink:label="loc_52" xlink:type="locator"/>
    <gen:arc xlink:arcrole="http://xbrl.org/arcrole/2008/element-reference" xlink:from="loc_52" xlink:to="loc_30" xlink:type="arc"/>
    <link:loc xlink:href="rol_ifrs_for_smes_2010-04-30.xsd#ifrs_for_smes_2010-04-30_role-832100" xlink:label="loc_53" xlink:type="locator"/>
    <gen:arc xlink:arcrole="http://xbrl.org/arcrole/2008/element-reference" xlink:from="loc_53" xlink:to="loc_30" xlink:type="arc"/>
    <link:loc xlink:href="rol_ifrs_for_smes_2010-04-30.xsd#ifrs_for_smes_2010-04-30_role-832410" xlink:label="loc_49" xlink:type="locator"/>
    <gen:arc xlink:arcrole="http://xbrl.org/arcrole/2008/element-reference" xlink:from="loc_49" xlink:to="loc_30" xlink:type="arc"/>
    <link:loc xlink:href="rol_ifrs_for_smes_2010-04-30.xsd#ifrs_for_smes_2010-04-30_role-832600" xlink:label="loc_50" xlink:type="locator"/>
    <gen:arc xlink:arcrole="http://xbrl.org/arcrole/2008/element-reference" xlink:from="loc_50" xlink:to="loc_30" xlink:type="arc"/>
    <link:loc xlink:href="rol_ifrs_for_smes_2010-04-30.xsd#ifrs_for_smes_2010-04-30_role-832600a" xlink:label="loc_54" xlink:type="locator"/>
    <gen:arc xlink:arcrole="http://xbrl.org/arcrole/2008/element-reference" xlink:from="loc_54" xlink:to="loc_30" xlink:type="arc"/>
    <link:loc xlink:href="rol_ifrs_for_smes_2010-04-30.xsd#ifrs_for_smes_2010-04-30_role-832600b" xlink:label="loc_55" xlink:type="locator"/>
    <gen:arc xlink:arcrole="http://xbrl.org/arcrole/2008/element-reference" xlink:from="loc_55" xlink:to="loc_30" xlink:type="arc"/>
    <link:loc xlink:href="rol_ifrs_for_smes_2010-04-30.xsd#ifrs_for_smes_2010-04-30_role-832600c" xlink:label="loc_56" xlink:type="locator"/>
    <gen:arc xlink:arcrole="http://xbrl.org/arcrole/2008/element-reference" xlink:from="loc_56" xlink:to="loc_30" xlink:type="arc"/>
    <link:loc xlink:href="rol_ifrs_for_smes_2010-04-30.xsd#ifrs_for_smes_2010-04-30_role-834120" xlink:label="loc_51" xlink:type="locator"/>
    <gen:arc xlink:arcrole="http://xbrl.org/arcrole/2008/element-reference" xlink:from="loc_51" xlink:to="loc_30" xlink:type="arc"/>
    <link:loc xlink:href="rol_ifrs_for_smes_2010-04-30.xsd#ifrs_for_smes_2010-04-30_role-834480" xlink:label="loc_57" xlink:type="locator"/>
    <gen:arc xlink:arcrole="http://xbrl.org/arcrole/2008/element-reference" xlink:from="loc_57" xlink:to="loc_30" xlink:type="arc"/>
    <link:loc xlink:href="rol_ifrs_for_smes_2010-04-30.xsd#ifrs_for_smes_2010-04-30_role-834480a" xlink:label="loc_58" xlink:type="locator"/>
    <gen:arc xlink:arcrole="http://xbrl.org/arcrole/2008/element-reference" xlink:from="loc_58" xlink:to="loc_30" xlink:type="arc"/>
    <link:loc xlink:href="rol_ifrs_for_smes_2010-04-30.xsd#ifrs_for_smes_2010-04-30_role-834480b" xlink:label="loc_59" xlink:type="locator"/>
    <gen:arc xlink:arcrole="http://xbrl.org/arcrole/2008/element-reference" xlink:from="loc_59" xlink:to="loc_30" xlink:type="arc"/>
    <link:loc xlink:href="rol_ifrs_for_smes_2010-04-30.xsd#ifrs_for_smes_2010-04-30_role-835110" xlink:label="loc_60" xlink:type="locator"/>
    <gen:arc xlink:arcrole="http://xbrl.org/arcrole/2008/element-reference" xlink:from="loc_60" xlink:to="loc_30" xlink:type="arc"/>
    <link:loc xlink:href="rol_ifrs_for_smes_2010-04-30.xsd#ifrs_for_smes_2010-04-30_role-842000" xlink:label="loc_61" xlink:type="locator"/>
    <gen:arc xlink:arcrole="http://xbrl.org/arcrole/2008/element-reference" xlink:from="loc_61" xlink:to="loc_30" xlink:type="arc"/>
    <link:loc xlink:href="rol_ifrs_for_smes_2010-04-30.xsd#ifrs_for_smes_2010-04-30_role-851100" xlink:label="loc_62" xlink:type="locator"/>
    <gen:arc xlink:arcrole="http://xbrl.org/arcrole/2008/element-reference" xlink:from="loc_62" xlink:to="loc_30" xlink:type="arc"/>
    <link:loc xlink:href="rol_ifrs_for_smes_2010-04-30.xsd#ifrs_for_smes_2010-04-30_role-861200" xlink:label="loc_63" xlink:type="locator"/>
    <gen:arc xlink:arcrole="http://xbrl.org/arcrole/2008/element-reference" xlink:from="loc_63" xlink:to="loc_30" xlink:type="arc"/>
    <link:loc xlink:href="rol_ifrs_for_smes_2010-04-30.xsd#ifrs_for_smes_2010-04-30_role-861200a" xlink:label="loc_64" xlink:type="locator"/>
    <gen:arc xlink:arcrole="http://xbrl.org/arcrole/2008/element-reference" xlink:from="loc_64" xlink:to="loc_30" xlink:type="arc"/>
    <link:loc xlink:href="rol_ifrs_for_smes_2010-04-30.xsd#ifrs_for_smes_2010-04-30_role-861200b" xlink:label="loc_65" xlink:type="locator"/>
    <gen:arc xlink:arcrole="http://xbrl.org/arcrole/2008/element-reference" xlink:from="loc_65" xlink:to="loc_30" xlink:type="arc"/>
  </gen:link>
</link:linkbase>