<?xml version="1.0" encoding="UTF-8"?>
<!-- Generated by Fujitsu XWand B0184C -->
<link:linkbase xmlns:xsi="http://www.w3.org/2001/XMLSchema-instance" xsi:schemaLocation="http://www.xbrl.org/2003/linkbase http://www.xbrl.org/2003/xbrl-linkbase-2003-12-31.xsd" xmlns:xbrli="http://www.xbrl.org/2003/instance" xmlns:xlink="http://www.w3.org/1999/xlink" xmlns:link="http://www.xbrl.org/2003/linkbase">
  <link:roleRef roleURI="http://www.xbrl.org/tifrs/fr/role/BalanceSheet" xlink:type="simple" xlink:href="../../../BSCI/tifrs-bsci-basi-2014-03-31.xsd#RT_1"/>
  <link:roleRef roleURI="http://www.xbrl.org/tifrs/fr/role/StatementOfComprehensiveIncome" xlink:type="simple" xlink:href="../../../BSCI/tifrs-bsci-basi-2014-03-31.xsd#RT_2"/>
  <link:presentationLink xlink:type="extended" xlink:role="http://www.xbrl.org/tifrs/fr/role/BalanceSheet">
    <link:loc xlink:type="locator" xlink:href="../../../ifrs_20100430/ifrs-cor_2010-04-30.xsd#ifrs_EquityAbstract" xlink:label="EquityAbstract" xlink:title="EquityAbstract"/>
    <link:loc xlink:type="locator" xlink:href="../../../BSCI/tifrs-bsci-basi-2014-03-31.xsd#tifrs-bsci-basi_CapitalAbstract" xlink:label="CapitalAbstract" xlink:title="CapitalAbstract"/>
    <link:presentationArc xlink:type="arc" xlink:arcrole="http://www.xbrl.org/2003/arcrole/parent-child" xlink:from="EquityAbstract" xlink:to="CapitalAbstract" xlink:title="presentation: EquityAbstract to CapitalAbstract" order="0.1"/>
    <link:loc xlink:type="locator" xlink:href="../../../BSCI/tifrs-bsci-basi-2014-03-31.xsd#tifrs-bsci-basi_CapitalSurplusAbstract" xlink:label="CapitalSurplusAbstract" xlink:title="CapitalSurplusAbstract"/>
    <link:presentationArc xlink:type="arc" xlink:arcrole="http://www.xbrl.org/2003/arcrole/parent-child" xlink:from="EquityAbstract" xlink:to="CapitalSurplusAbstract" xlink:title="presentation: EquityAbstract to CapitalSurplusAbstract" order="0.2"/>
    <link:loc xlink:type="locator" xlink:href="../../../BSCI/tifrs-bsci-basi-2014-03-31.xsd#tifrs-bsci-basi_RetainedEarningsAbstract" xlink:label="RetainedEarningsAbstract" xlink:title="RetainedEarningsAbstract"/>
    <link:presentationArc xlink:type="arc" xlink:arcrole="http://www.xbrl.org/2003/arcrole/parent-child" xlink:from="EquityAbstract" xlink:to="RetainedEarningsAbstract" xlink:title="presentation: EquityAbstract to RetainedEarningsAbstract" order="0.3"/>
    <link:loc xlink:type="locator" xlink:href="../../../BSCI/tifrs-bsci-basi-2014-03-31.xsd#tifrs-bsci-basi_OtherEquityInterestAbstract" xlink:label="OtherEquityInterestAbstract" xlink:title="OtherEquityInterestAbstract"/>
    <link:presentationArc xlink:type="arc" xlink:arcrole="http://www.xbrl.org/2003/arcrole/parent-child" xlink:from="EquityAbstract" xlink:to="OtherEquityInterestAbstract" xlink:title="presentation: EquityAbstract to OtherEquityInterestAbstract" order="0.4"/>
    <link:loc xlink:type="locator" xlink:href="../../../BSCI/tifrs-bsci-basi-2014-03-31.xsd#tifrs-bsci-basi_TreasurySharesAbstract" xlink:label="TreasurySharesAbstract" xlink:title="TreasurySharesAbstract"/>
    <link:presentationArc xlink:type="arc" xlink:arcrole="http://www.xbrl.org/2003/arcrole/parent-child" xlink:from="EquityAbstract" xlink:to="TreasurySharesAbstract" xlink:title="presentation: EquityAbstract to TreasurySharesAbstract" order="0.5"/>
    <link:loc xlink:type="locator" xlink:href="../../../BSCI/tifrs-bsci-basi-2014-03-31.xsd#tifrs-bsci-basi_EquityAttributableToFomerOwnerOfBusinessCombinationUnderCommonControl" xlink:label="EquityAttributableToFomerOwnerOfBusinessCombinationUnderCommonControl" xlink:title="EquityAttributableToFomerOwnerOfBusinessCombinationUnderCommonControl"/>
    <link:presentationArc xlink:type="arc" xlink:arcrole="http://www.xbrl.org/2003/arcrole/parent-child" xlink:from="EquityAbstract" xlink:to="EquityAttributableToFomerOwnerOfBusinessCombinationUnderCommonControl" xlink:title="presentation: EquityAbstract to EquityAttributableToFomerOwnerOfBusinessCombinationUnderCommonControl" order="0.6"/>
    <link:loc xlink:type="locator" xlink:href="../../../BSCI/tifrs-bsci-basi-2014-03-31.xsd#tifrs-bsci-basi_EquityAttributableToNoncontrollingInterestBeforeBusinessCombinationUnderCommonControl" xlink:label="EquityAttributableToNoncontrollingInterestBeforeBusinessCombinationUnderCommonControl" xlink:title="EquityAttributableToNoncontrollingInterestBeforeBusinessCombinationUnderCommonControl"/>
    <link:presentationArc xlink:type="arc" xlink:arcrole="http://www.xbrl.org/2003/arcrole/parent-child" xlink:from="EquityAbstract" xlink:to="EquityAttributableToNoncontrollingInterestBeforeBusinessCombinationUnderCommonControl" xlink:title="presentation: EquityAbstract to EquityAttributableToNoncontrollingInterestBeforeBusinessCombinationUnderCommonControl" order="0.7"/>
  </link:presentationLink>
  <link:presentationLink xlink:type="extended" xlink:role="http://www.xbrl.org/tifrs/fr/role/StatementOfComprehensiveIncome">
    <link:loc xlink:type="locator" xlink:href="../../../ifrs_20100430/ifrs-cor_2010-04-30.xsd#ifrs_StatementOfComprehensiveIncomeAbstract" xlink:label="StatementOfComprehensiveIncomeAbstract" xlink:title="StatementOfComprehensiveIncomeAbstract"/>
    <link:loc xlink:type="locator" xlink:href="../../../BSCI/tifrs-bsci-basi-2014-03-31.xsd#tifrs-bsci-basi_ProfitLossAttributableToNoncontrollingInterestsBeforeBusinessCombinationUnderCommonControl" xlink:label="ProfitLossAttributableToNoncontrollingInterestsBeforeBusinessCombinationUnderCommonControl" xlink:title="ProfitLossAttributableToNoncontrollingInterestsBeforeBusinessCombinationUnderCommonControl"/>
    <link:presentationArc xlink:type="arc" xlink:arcrole="http://www.xbrl.org/2003/arcrole/parent-child" xlink:from="StatementOfComprehensiveIncomeAbstract" xlink:to="ProfitLossAttributableToNoncontrollingInterestsBeforeBusinessCombinationUnderCommonControl" xlink:title="presentation: StatementOfComprehensiveIncomeAbstract to ProfitLossAttributableToNoncontrollingInterestsBeforeBusinessCombinationUnderCommonControl" order="5.1"/>
    <link:loc xlink:type="locator" xlink:href="../../../BSCI/tifrs-bsci-basi-2014-03-31.xsd#tifrs-bsci-basi_ComprehensiveIncomeAttributableToNoncontrollingInterestsBeforeBusinessCombinationUnderCommonControl" xlink:label="ComprehensiveIncomeAttributableToNoncontrollingInterestsBeforeBusinessCombinationUnderCommonControl" xlink:title="ComprehensiveIncomeAttributableToNoncontrollingInterestsBeforeBusinessCombinationUnderCommonControl"/>
    <link:presentationArc xlink:type="arc" xlink:arcrole="http://www.xbrl.org/2003/arcrole/parent-child" xlink:from="StatementOfComprehensiveIncomeAbstract" xlink:to="ComprehensiveIncomeAttributableToNoncontrollingInterestsBeforeBusinessCombinationUnderCommonControl" xlink:title="presentation: StatementOfComprehensiveIncomeAbstract to ComprehensiveIncomeAttributableToNoncontrollingInterestsBeforeBusinessCombinationUnderCommonControl" order="7.1"/>
  </link:presentationLink>
</link:linkbase>
