<?xml version="1.0" encoding="UTF-8"?><!--
        Taxonomy: 2010-04-30 (Final)
        ********************** 
        Copyright © 2010 International Accounting Standards Committee (IASC) Foundation*
        All rights reserved.  No part of this publication may be translated, reprinted or reproduced 
        or utilised in any form either in whole or in part without prior permission in writing from the IASC Foundation.
        For more information on the IASC Foundation’s copyright, please refer to http://www.iasb.org/XBRL/Legal/
        **********************
        *To become IFRS Foundation
    --><link:linkbase xmlns:link="http://www.xbrl.org/2003/linkbase" xmlns:xbrldt="http://xbrl.org/2005/xbrldt" xmlns:xlink="http://www.w3.org/1999/xlink" xmlns:xsi="http://www.w3.org/2001/XMLSchema-instance" xsi:schemaLocation="http://www.xbrl.org/2003/linkbase http://www.xbrl.org/2003/xbrl-linkbase-2003-12-31.xsd">
  <link:roleRef roleURI="http://xbrl.iasb.org/role/ifrs/ifrs_for_smes_2010-04-30_role-818000" xlink:href="rol_ifrs_for_smes_2010-04-30.xsd#ifrs_for_smes_2010-04-30_role-818000" xlink:type="simple"/>
  <link:arcroleRef arcroleURI="http://xbrl.org/int/dim/arcrole/domain-member" xlink:href="http://www.xbrl.org/2005/xbrldt-2005.xsd#domain-member" xlink:type="simple"/>
  <link:arcroleRef arcroleURI="http://xbrl.org/int/dim/arcrole/all" xlink:href="http://www.xbrl.org/2005/xbrldt-2005.xsd#all" xlink:type="simple"/>
  <link:arcroleRef arcroleURI="http://xbrl.org/int/dim/arcrole/dimension-default" xlink:href="http://www.xbrl.org/2005/xbrldt-2005.xsd#dimension-default" xlink:type="simple"/>
  <link:arcroleRef arcroleURI="http://xbrl.org/int/dim/arcrole/dimension-domain" xlink:href="http://www.xbrl.org/2005/xbrldt-2005.xsd#dimension-domain" xlink:type="simple"/>
  <link:arcroleRef arcroleURI="http://xbrl.org/int/dim/arcrole/hypercube-dimension" xlink:href="http://www.xbrl.org/2005/xbrldt-2005.xsd#hypercube-dimension" xlink:type="simple"/>
  <link:definitionLink xlink:role="http://xbrl.iasb.org/role/ifrs/ifrs_for_smes_2010-04-30_role-818000" xlink:title="[818000] Notes - Related party" xlink:type="extended">
    <link:loc xlink:href="../ifrs-cor_2010-04-30.xsd#ifrs_DisclosureOfRelatedPartyExplanatory" xlink:label="loc" xlink:type="locator"/>
    <link:loc xlink:href="../ifrs-cor_2010-04-30.xsd#ifrs_DisclosureOfTransactionsBetweenRelatedPartiesExplanatory" xlink:label="loc_7" xlink:type="locator"/>
    <link:definitionArc order="60.0" use="optional" xlink:arcrole="http://xbrl.org/int/dim/arcrole/domain-member" xlink:from="loc" xlink:to="loc_7" xlink:type="arc"/>
    <link:loc xlink:href="../ifrs-cor_2010-04-30.xsd#ifrs_DisclosureOfTransactionsBetweenRelatedPartiesAbstract" xlink:label="loc_8" xlink:type="locator"/>
    <link:definitionArc order="10.0" use="optional" xlink:arcrole="http://xbrl.org/int/dim/arcrole/domain-member" xlink:from="loc_7" xlink:to="loc_8" xlink:type="arc"/>
    <link:loc xlink:href="../ifrs-cor_2010-04-30.xsd#ifrs_DisclosureOfTransactionsBetweenRelatedPartiesTable" xlink:label="loc_9" xlink:type="locator"/>
    <link:definitionArc order="10.0" use="optional" xbrldt:closed="true" xbrldt:contextElement="scenario" xlink:arcrole="http://xbrl.org/int/dim/arcrole/all" xlink:from="loc_8" xlink:to="loc_9" xlink:type="arc"/>
    <link:loc xlink:href="../ifrs-cor_2010-04-30.xsd#ifrs_CategoriesOfRelatedPartiesAxis" xlink:label="loc_10" xlink:type="locator"/>
    <link:definitionArc order="10.0" use="optional" xlink:arcrole="http://xbrl.org/int/dim/arcrole/hypercube-dimension" xlink:from="loc_9" xlink:to="loc_10" xlink:type="arc"/>
    <link:loc xlink:href="../ifrs-cor_2010-04-30.xsd#ifrs_RelatedPartiesMember" xlink:label="loc_11" xlink:type="locator"/>
    <link:definitionArc order="10.0" use="optional" xlink:arcrole="http://xbrl.org/int/dim/arcrole/dimension-domain" xlink:from="loc_10" xlink:to="loc_11" xlink:type="arc"/>
    <link:loc xlink:href="../ifrs-cor_2010-04-30.xsd#ifrs_RelatedPartiesMember" xlink:label="loc_25" xlink:type="locator"/>
    <link:definitionArc order="20.0" priority="1" xlink:arcrole="http://xbrl.org/int/dim/arcrole/dimension-default" xlink:from="loc_10" xlink:to="loc_25" xlink:type="arc"/>
    <link:loc xlink:href="../ifrs-cor_2010-04-30.xsd#ifrs_KeyManagementPersonnelOfEntityOrParentMember" xlink:label="loc_14" xlink:type="locator"/>
    <link:definitionArc order="30.0" use="optional" xlink:arcrole="http://xbrl.org/int/dim/arcrole/domain-member" xlink:from="loc_11" xlink:to="loc_14" xlink:type="arc"/>
    <link:loc xlink:href="../ifrs-cor_2010-04-30.xsd#ifrs_OtherRelatedPartiesMember" xlink:label="loc_15" xlink:type="locator"/>
    <link:definitionArc order="40.0" use="optional" xlink:arcrole="http://xbrl.org/int/dim/arcrole/domain-member" xlink:from="loc_11" xlink:to="loc_15" xlink:type="arc"/>
    <link:loc xlink:href="../ifrs-cor_2010-04-30.xsd#ifrs_EntitiesWithControlJointControlOrSignificantInfluenceOverEntityMember" xlink:label="loc_12" xlink:type="locator"/>
    <link:definitionArc order="10.0" use="optional" xlink:arcrole="http://xbrl.org/int/dim/arcrole/domain-member" xlink:from="loc_11" xlink:to="loc_12" xlink:type="arc"/>
    <link:loc xlink:href="../ifrs-cor_2010-04-30.xsd#ifrs_EntitiesOverWhichEntityHasControlJointControlOrSignificantInfluenceMember" xlink:label="loc_13" xlink:type="locator"/>
    <link:definitionArc order="20.0" use="optional" xlink:arcrole="http://xbrl.org/int/dim/arcrole/domain-member" xlink:from="loc_11" xlink:to="loc_13" xlink:type="arc"/>
    <link:loc xlink:href="../ifrs-cor_2010-04-30.xsd#ifrs_DisclosureOfTransactionsBetweenRelatedPartiesLineItems" xlink:label="loc_16" xlink:type="locator"/>
    <link:definitionArc order="20.0" use="optional" xlink:arcrole="http://xbrl.org/int/dim/arcrole/domain-member" xlink:from="loc_8" xlink:to="loc_16" xlink:type="arc"/>
    <link:loc xlink:href="../ifrs-cor_2010-04-30.xsd#ifrs_DescriptionOfTransactionsWithRelatedParty" xlink:label="loc_17" xlink:type="locator"/>
    <link:definitionArc order="10.0" use="optional" xlink:arcrole="http://xbrl.org/int/dim/arcrole/domain-member" xlink:from="loc_16" xlink:to="loc_17" xlink:type="arc"/>
    <link:loc xlink:href="../ifrs-cor_2010-04-30.xsd#ifrs_DescriptionOfNatureOfRelatedPartyRelationship" xlink:label="loc_18" xlink:type="locator"/>
    <link:definitionArc order="20.0" use="optional" xlink:arcrole="http://xbrl.org/int/dim/arcrole/domain-member" xlink:from="loc_16" xlink:to="loc_18" xlink:type="arc"/>
    <link:loc xlink:href="../ifrs-cor_2010-04-30.xsd#ifrs_RelatedPartyTransaction" xlink:label="loc_19" xlink:type="locator"/>
    <link:definitionArc order="30.0" use="optional" xlink:arcrole="http://xbrl.org/int/dim/arcrole/domain-member" xlink:from="loc_16" xlink:to="loc_19" xlink:type="arc"/>
    <link:loc xlink:href="../ifrs-cor_2010-04-30.xsd#ifrs_OutstandingBalancesForRelatedPartyTransaction" xlink:label="loc_20" xlink:type="locator"/>
    <link:definitionArc order="40.0" use="optional" xlink:arcrole="http://xbrl.org/int/dim/arcrole/domain-member" xlink:from="loc_16" xlink:to="loc_20" xlink:type="arc"/>
    <link:loc xlink:href="../ifrs-cor_2010-04-30.xsd#ifrs_ExplanationOfTermsAndConditionsOfOutstandingBalancesForRelatedPartyTransaction" xlink:label="loc_21" xlink:type="locator"/>
    <link:definitionArc order="10.0" use="optional" xlink:arcrole="http://xbrl.org/int/dim/arcrole/domain-member" xlink:from="loc_20" xlink:to="loc_21" xlink:type="arc"/>
    <link:loc xlink:href="../ifrs-cor_2010-04-30.xsd#ifrs_ExplanationOfDetailsOfGuaranteesGivenOrReceivedOfOutstandingBalancesForRelatedPartyTransaction" xlink:label="loc_22" xlink:type="locator"/>
    <link:definitionArc order="20.0" use="optional" xlink:arcrole="http://xbrl.org/int/dim/arcrole/domain-member" xlink:from="loc_20" xlink:to="loc_22" xlink:type="arc"/>
    <link:loc xlink:href="../ifrs-cor_2010-04-30.xsd#ifrs_ProvisionsForDoubtfulDebtsRelatedToOutstandingBalancesOfRelatedPartyTransaction" xlink:label="loc_23" xlink:type="locator"/>
    <link:definitionArc order="50.0" use="optional" xlink:arcrole="http://xbrl.org/int/dim/arcrole/domain-member" xlink:from="loc_16" xlink:to="loc_23" xlink:type="arc"/>
    <link:loc xlink:href="../ifrs-cor_2010-04-30.xsd#ifrs_ExpenseRecognisedDuringPeriodForBadAndDoubtfulDebtsForRelatedPartyTransaction" xlink:label="loc_24" xlink:type="locator"/>
    <link:definitionArc order="60.0" use="optional" xlink:arcrole="http://xbrl.org/int/dim/arcrole/domain-member" xlink:from="loc_16" xlink:to="loc_24" xlink:type="arc"/>
    <link:loc xlink:href="../ifrs-cor_2010-04-30.xsd#ifrs_NameOfParentEntity" xlink:label="loc_2" xlink:type="locator"/>
    <link:definitionArc order="10.0" use="optional" xlink:arcrole="http://xbrl.org/int/dim/arcrole/domain-member" xlink:from="loc" xlink:to="loc_2" xlink:type="arc"/>
    <link:loc xlink:href="../ifrs-cor_2010-04-30.xsd#ifrs_NameOfUltimateParentOfGroup" xlink:label="loc_3" xlink:type="locator"/>
    <link:definitionArc order="20.0" use="optional" xlink:arcrole="http://xbrl.org/int/dim/arcrole/domain-member" xlink:from="loc" xlink:to="loc_3" xlink:type="arc"/>
    <link:loc xlink:href="../ifrs-cor_2010-04-30.xsd#ifrs_NameOfMostSeniorParentEntityProducingPubliclyAvailableFinancialStatements" xlink:label="loc_4" xlink:type="locator"/>
    <link:definitionArc order="30.0" use="optional" xlink:arcrole="http://xbrl.org/int/dim/arcrole/domain-member" xlink:from="loc" xlink:to="loc_4" xlink:type="arc"/>
    <link:loc xlink:href="../ifrs-cor_2010-04-30.xsd#ifrs_ExplanationOfRelationshipsBetweenParentsAndEntity" xlink:label="loc_5" xlink:type="locator"/>
    <link:definitionArc order="40.0" use="optional" xlink:arcrole="http://xbrl.org/int/dim/arcrole/domain-member" xlink:from="loc" xlink:to="loc_5" xlink:type="arc"/>
    <link:loc xlink:href="../ifrs-cor_2010-04-30.xsd#ifrs_KeyManagementPersonnelCompensation" xlink:label="loc_6" xlink:type="locator"/>
    <link:definitionArc order="50.0" use="optional" xlink:arcrole="http://xbrl.org/int/dim/arcrole/domain-member" xlink:from="loc" xlink:to="loc_6" xlink:type="arc"/>
  </link:definitionLink>
</link:linkbase>