<?xml version="1.0" encoding="UTF-8"?><!--
        Taxonomy: 2010-04-30 (Final)
        ********************** 
        Copyright © 2010 International Accounting Standards Committee (IASC) Foundation*
        All rights reserved.  No part of this publication may be translated, reprinted or reproduced 
        or utilised in any form either in whole or in part without prior permission in writing from the IASC Foundation.
        For more information on the IASC Foundation’s copyright, please refer to http://www.iasb.org/XBRL/Legal/
        **********************
        *To become IFRS Foundation
    --><link:linkbase xmlns:link="http://www.xbrl.org/2003/linkbase" xmlns:xlink="http://www.w3.org/1999/xlink" xmlns:xsi="http://www.w3.org/2001/XMLSchema-instance" xsi:schemaLocation="http://www.xbrl.org/2003/linkbase http://www.xbrl.org/2003/xbrl-linkbase-2003-12-31.xsd">
  <link:roleRef roleURI="http://xbrl.iasb.org/role/ifrs/ifrs_for_smes_2010-04-30_role-810000" xlink:href="rol_ifrs_for_smes_2010-04-30.xsd#ifrs_for_smes_2010-04-30_role-810000" xlink:type="simple"/>
  <link:presentationLink xlink:role="http://xbrl.iasb.org/role/ifrs/ifrs_for_smes_2010-04-30_role-810000" xlink:title="[810000] Notes - Corporate information and statement of IFRS compliance" xlink:type="extended">
    <link:loc xlink:href="../ifrs-cor_2010-04-30.xsd#ifrs_DisclosureOfNotesAndOtherExplanatoryInformationExplanatory" xlink:label="loc" xlink:type="locator"/>
    <link:loc xlink:href="../ifrs-cor_2010-04-30.xsd#ifrs_DisclosureOfSummaryOfSignificantAccountingPoliciesExplanatory" xlink:label="loc_6" xlink:type="locator"/>
    <link:presentationArc order="230.0" use="optional" xlink:arcrole="http://www.xbrl.org/2003/arcrole/parent-child" xlink:from="loc" xlink:to="loc_6" xlink:type="arc"/>
    <link:loc xlink:href="../ifrs-cor_2010-04-30.xsd#ifrs_ExplanationOfMeasurementBasesUsedInPreparingFinancialStatements" xlink:label="loc_30" xlink:type="locator"/>
    <link:presentationArc order="10.0" xlink:arcrole="http://www.xbrl.org/2003/arcrole/parent-child" xlink:from="loc_6" xlink:to="loc_30" xlink:type="arc"/>
    <link:loc xlink:href="../ifrs-cor_2010-04-30.xsd#ifrs_DescriptionOfOtherAccountingPoliciesRelevantToUnderstandingOfFinancialStatements" xlink:label="loc_31" xlink:type="locator"/>
    <link:presentationArc order="20.0" xlink:arcrole="http://www.xbrl.org/2003/arcrole/parent-child" xlink:from="loc_6" xlink:to="loc_31" xlink:type="arc"/>
    <link:loc xlink:href="../ifrs-cor_2010-04-30.xsd#ifrs_ExplanationOfManagementJudgementsInApplyingEntitysAccountingPoliciesWithSignificantEffectOnRecognisedAmounts" xlink:label="loc_32" xlink:type="locator"/>
    <link:presentationArc order="30.0" xlink:arcrole="http://www.xbrl.org/2003/arcrole/parent-child" xlink:from="loc_6" xlink:to="loc_32" xlink:type="arc"/>
    <link:loc xlink:href="../ifrs-cor_2010-04-30.xsd#ifrs_DescriptionOfBasisForPreparingAndPresentingInformationNotRequiredByIFRSForSMEs" xlink:label="loc_21" xlink:type="locator"/>
    <link:presentationArc order="40.0" xlink:arcrole="http://www.xbrl.org/2003/arcrole/parent-child" xlink:from="loc_6" xlink:to="loc_21" xlink:type="arc"/>
    <link:loc xlink:href="../ifrs-cor_2010-04-30.xsd#ifrs_NameOfReportingEntityOrOtherMeansOfIdentification" xlink:label="loc_8" xlink:type="locator"/>
    <link:presentationArc order="10.0" use="optional" xlink:arcrole="http://www.xbrl.org/2003/arcrole/parent-child" xlink:from="loc" xlink:to="loc_8" xlink:type="arc"/>
    <link:loc xlink:href="../ifrs-cor_2010-04-30.xsd#ifrs_DomicileOfEntity" xlink:label="loc_9" xlink:type="locator"/>
    <link:presentationArc order="20.0" use="optional" xlink:arcrole="http://www.xbrl.org/2003/arcrole/parent-child" xlink:from="loc" xlink:to="loc_9" xlink:type="arc"/>
    <link:loc xlink:href="../ifrs-cor_2010-04-30.xsd#ifrs_LegalFormOfEntity" xlink:label="loc_10" xlink:type="locator"/>
    <link:presentationArc order="30.0" use="optional" xlink:arcrole="http://www.xbrl.org/2003/arcrole/parent-child" xlink:from="loc" xlink:to="loc_10" xlink:type="arc"/>
    <link:loc xlink:href="../ifrs-cor_2010-04-30.xsd#ifrs_CountryOfIncorporation" xlink:label="loc_11" xlink:type="locator"/>
    <link:presentationArc order="40.0" use="optional" xlink:arcrole="http://www.xbrl.org/2003/arcrole/parent-child" xlink:from="loc" xlink:to="loc_11" xlink:type="arc"/>
    <link:loc xlink:href="../ifrs-cor_2010-04-30.xsd#ifrs_AddressOfRegisteredOfficeOfEntity" xlink:label="loc_15" xlink:type="locator"/>
    <link:presentationArc order="50.0" use="optional" xlink:arcrole="http://www.xbrl.org/2003/arcrole/parent-child" xlink:from="loc" xlink:to="loc_15" xlink:type="arc"/>
    <link:loc xlink:href="../ifrs-cor_2010-04-30.xsd#ifrs_PrincipalPlaceOfBusiness" xlink:label="loc_7" xlink:type="locator"/>
    <link:presentationArc order="60.0" use="optional" xlink:arcrole="http://www.xbrl.org/2003/arcrole/parent-child" xlink:from="loc" xlink:to="loc_7" xlink:type="arc"/>
    <link:loc xlink:href="../ifrs-cor_2010-04-30.xsd#ifrs_DescriptionOfNatureOfEntitysOperationsAndPrincipalActivities" xlink:label="loc_16" xlink:type="locator"/>
    <link:presentationArc order="70.0" use="optional" xlink:arcrole="http://www.xbrl.org/2003/arcrole/parent-child" xlink:from="loc" xlink:to="loc_16" xlink:type="arc"/>
    <link:loc xlink:href="../ifrs-cor_2010-04-30.xsd#ifrs_NameOfParentEntity" xlink:label="loc_17" xlink:type="locator"/>
    <link:presentationArc order="80.0" use="optional" xlink:arcrole="http://www.xbrl.org/2003/arcrole/parent-child" xlink:from="loc" xlink:to="loc_17" xlink:type="arc"/>
    <link:loc xlink:href="../ifrs-cor_2010-04-30.xsd#ifrs_NameOfUltimateParentOfGroup" xlink:label="loc_18" xlink:type="locator"/>
    <link:presentationArc order="90.0" use="optional" xlink:arcrole="http://www.xbrl.org/2003/arcrole/parent-child" xlink:from="loc" xlink:to="loc_18" xlink:type="arc"/>
    <link:loc xlink:href="../ifrs-cor_2010-04-30.xsd#ifrs_StatementOfIFRSCompliance" xlink:label="loc_2" xlink:type="locator"/>
    <link:presentationArc order="100.0" use="optional" xlink:arcrole="http://www.xbrl.org/2003/arcrole/parent-child" xlink:from="loc" xlink:to="loc_2" xlink:type="arc"/>
    <link:loc xlink:href="../ifrs-cor_2010-04-30.xsd#ifrs_ManagementConclusionOnFairPresentationAsConsequenceOfDeparture" xlink:label="loc_19" xlink:type="locator"/>
    <link:presentationArc order="110.0" use="optional" xlink:arcrole="http://www.xbrl.org/2003/arcrole/parent-child" xlink:from="loc" xlink:to="loc_19" xlink:type="arc"/>
    <link:loc xlink:href="../ifrs-cor_2010-04-30.xsd#ifrs_ExplanationOfDepartureFromIFRS" xlink:label="loc_20" xlink:type="locator"/>
    <link:presentationArc order="120.0" use="optional" xlink:arcrole="http://www.xbrl.org/2003/arcrole/parent-child" xlink:from="loc" xlink:to="loc_20" xlink:type="arc"/>
    <link:loc xlink:href="../ifrs-cor_2010-04-30.xsd#ifrs_ExplanationOfNatureOfRequirementInIFRSAndConclusionWhyRequirementIsInConflictWithFairPresentation" xlink:label="loc_3" xlink:type="locator"/>
    <link:presentationArc order="130.0" use="optional" xlink:arcrole="http://www.xbrl.org/2003/arcrole/parent-child" xlink:from="loc" xlink:to="loc_3" xlink:type="arc"/>
    <link:loc xlink:href="../ifrs-cor_2010-04-30.xsd#ifrs_ExplanationOfAdjustmentsThatWouldBeNecessaryToAchieveFairPresentation" xlink:label="loc_23" xlink:type="locator"/>
    <link:presentationArc order="140.0" use="optional" xlink:arcrole="http://www.xbrl.org/2003/arcrole/parent-child" xlink:from="loc" xlink:to="loc_23" xlink:type="arc"/>
    <link:loc xlink:href="../ifrs-cor_2010-04-30.xsd#ifrs_DescriptionOfUncertaintiesOfEntitysAbilityToContinueAsGoingConcern" xlink:label="loc_24" xlink:type="locator"/>
    <link:presentationArc order="150.0" use="optional" xlink:arcrole="http://www.xbrl.org/2003/arcrole/parent-child" xlink:from="loc" xlink:to="loc_24" xlink:type="arc"/>
    <link:loc xlink:href="../ifrs-cor_2010-04-30.xsd#ifrs_ExplanationWhyFinancialStatementsNotPreparedOnGoingConcernBasis" xlink:label="loc_25" xlink:type="locator"/>
    <link:presentationArc order="170.0" use="optional" xlink:arcrole="http://www.xbrl.org/2003/arcrole/parent-child" xlink:from="loc" xlink:to="loc_25" xlink:type="arc"/>
    <link:loc xlink:href="../ifrs-cor_2010-04-30.xsd#ifrs_DescriptionOfReasonForUsingLongerOrShorterReportingPeriod" xlink:label="loc_4" xlink:type="locator"/>
    <link:presentationArc order="180.0" use="optional" xlink:arcrole="http://www.xbrl.org/2003/arcrole/parent-child" xlink:from="loc" xlink:to="loc_4" xlink:type="arc"/>
    <link:loc xlink:href="../ifrs-cor_2010-04-30.xsd#ifrs_DescriptionOfReasonWhyFinancialStatementsAreNotEntirelyComparable" xlink:label="loc_27" xlink:type="locator"/>
    <link:presentationArc order="190.0" use="optional" xlink:arcrole="http://www.xbrl.org/2003/arcrole/parent-child" xlink:from="loc" xlink:to="loc_27" xlink:type="arc"/>
    <link:loc xlink:href="../ifrs-cor_2010-04-30.xsd#ifrs_DescriptionOfNatureOfReclassificationOrChangesInPresentation" xlink:label="loc_5" xlink:type="locator"/>
    <link:presentationArc order="200.0" use="optional" xlink:arcrole="http://www.xbrl.org/2003/arcrole/parent-child" xlink:from="loc" xlink:to="loc_5" xlink:type="arc"/>
    <link:loc xlink:href="../ifrs-cor_2010-04-30.xsd#ifrs_DescriptionOfReasonForReclassificationOrChangesInPresentation" xlink:label="loc_13" xlink:type="locator"/>
    <link:presentationArc order="210.0" use="optional" xlink:arcrole="http://www.xbrl.org/2003/arcrole/parent-child" xlink:from="loc" xlink:to="loc_13" xlink:type="arc"/>
    <link:loc xlink:href="../ifrs-cor_2010-04-30.xsd#ifrs_DescriptionOfReasonWhyReclassificationOfComparativeAmountsIsImpracticable" xlink:label="loc_14" xlink:type="locator"/>
    <link:presentationArc order="220.0" use="optional" xlink:arcrole="http://www.xbrl.org/2003/arcrole/parent-child" xlink:from="loc" xlink:to="loc_14" xlink:type="arc"/>
    <link:loc xlink:href="../ifrs-cor_2010-04-30.xsd#ifrs_ExplanationOfAssumptionAboutFutureWithSignificantRiskOfResultingInMaterialAdjustments" xlink:label="loc_12" xlink:type="locator"/>
    <link:presentationArc order="240.0" use="optional" xlink:arcrole="http://www.xbrl.org/2003/arcrole/parent-child" xlink:from="loc" xlink:to="loc_12" xlink:type="arc"/>
    <link:loc xlink:href="../ifrs-cor_2010-04-30.xsd#ifrs_DescriptionOfNatureOfAssetsAndLiabilitiesWithSignificantRiskOfMaterialAdjustmentsWithinNextFinancialYear" xlink:label="loc_26" xlink:type="locator"/>
    <link:presentationArc order="250.0" use="optional" xlink:arcrole="http://www.xbrl.org/2003/arcrole/parent-child" xlink:from="loc" xlink:to="loc_26" xlink:type="arc"/>
    <link:loc xlink:href="../ifrs-cor_2010-04-30.xsd#ifrs_DescriptionOfCarryingAmountOfAssetsAndLiabilitiesWithSignificantRiskOfMaterialAdjustmentsWithinNextFinancialYear" xlink:label="loc_29" xlink:type="locator"/>
    <link:presentationArc order="260.0" use="optional" xlink:arcrole="http://www.xbrl.org/2003/arcrole/parent-child" xlink:from="loc" xlink:to="loc_29" xlink:type="arc"/>
    <link:loc xlink:href="../ifrs-cor_2010-04-30.xsd#ifrs_ExplanationOfFactAndBasisForPreparationOfFinancialStatementsWhenNotGoingConcernBasis" xlink:label="loc_22" xlink:type="locator"/>
    <link:presentationArc order="160.0" xlink:arcrole="http://www.xbrl.org/2003/arcrole/parent-child" xlink:from="loc" xlink:to="loc_22" xlink:type="arc"/>
  </link:presentationLink>
</link:linkbase>