<?xml version="1.0" encoding="UTF-8"?>
<!--
        Taxonomy: 2010-04-30 (Final)
        ********************** 
        Copyright © 2010 International Accounting Standards Committee (IASC) Foundation*
        All rights reserved.  No part of this publication may be translated, reprinted or reproduced 
        or utilised in any form either in whole or in part without prior permission in writing from the IASC Foundation.
        For more information on the IASC Foundation’s copyright, please refer to http://www.iasb.org/XBRL/Legal/
        **********************
        *To become IFRS Foundation
    -->
<link:linkbase xmlns:xsi="http://www.w3.org/2001/XMLSchema-instance" xsi:schemaLocation="http://www.xbrl.org/2003/linkbase http://www.xbrl.org/2003/xbrl-linkbase-2003-12-31.xsd" xmlns:link="http://www.xbrl.org/2003/linkbase" xmlns:xlink="http://www.w3.org/1999/xlink">
  <link:roleRef roleURI="http://xbrl.iasb.org/role/ifrs/ias_1_2010-04-30_role-832000" xlink:type="simple" xlink:href="rol_ias_1_2010-04-30.xsd#ias_1_2010-04-30_role-832000"/>
  <link:calculationLink xlink:type="extended" xlink:role="http://xbrl.iasb.org/role/ifrs/ias_1_2010-04-30_role-832000" xlink:title="[832000] Notes - Analysis of income and expense">
    <link:loc xlink:type="locator" xlink:href="../../ifrs-cor_2010-04-30.xsd#ifrs_Revenue" xlink:label="loc_9"/>
    <link:loc xlink:type="locator" xlink:href="../../ifrs-cor_2010-04-30.xsd#ifrs_RevenueFromSaleOfGoods" xlink:label="loc_10"/>
    <link:calculationArc xlink:type="arc" xlink:arcrole="http://www.xbrl.org/2003/arcrole/summation-item" xlink:from="loc_9" xlink:to="loc_10" use="optional" order="10.0" weight="1"/>
    <link:loc xlink:type="locator" xlink:href="../../ifrs-cor_2010-04-30.xsd#ifrs_RevenueFromRenderingOfServices" xlink:label="loc_11"/>
    <link:calculationArc xlink:type="arc" xlink:arcrole="http://www.xbrl.org/2003/arcrole/summation-item" xlink:from="loc_9" xlink:to="loc_11" use="optional" order="20.0" weight="1"/>
    <link:loc xlink:type="locator" xlink:href="../../ifrs-cor_2010-04-30.xsd#ifrs_RevenueFromConstructionContracts" xlink:label="loc_12"/>
    <link:calculationArc xlink:type="arc" xlink:arcrole="http://www.xbrl.org/2003/arcrole/summation-item" xlink:from="loc_9" xlink:to="loc_12" use="optional" order="30.0" weight="1"/>
    <link:loc xlink:type="locator" xlink:href="../../ifrs-cor_2010-04-30.xsd#ifrs_RevenueFromRoyalties" xlink:label="loc_13"/>
    <link:calculationArc xlink:type="arc" xlink:arcrole="http://www.xbrl.org/2003/arcrole/summation-item" xlink:from="loc_9" xlink:to="loc_13" use="optional" order="40.0" weight="1"/>
    <link:loc xlink:type="locator" xlink:href="../../ifrs-cor_2010-04-30.xsd#ifrs_RevenueFromInterest" xlink:label="loc_14"/>
    <link:calculationArc xlink:type="arc" xlink:arcrole="http://www.xbrl.org/2003/arcrole/summation-item" xlink:from="loc_9" xlink:to="loc_14" use="optional" order="50.0" weight="1"/>
    <link:loc xlink:type="locator" xlink:href="../../ifrs-cor_2010-04-30.xsd#ifrs_RevenueFromDividends" xlink:label="loc_15"/>
    <link:calculationArc xlink:type="arc" xlink:arcrole="http://www.xbrl.org/2003/arcrole/summation-item" xlink:from="loc_9" xlink:to="loc_15" use="optional" order="60.0" weight="1"/>
    <link:loc xlink:type="locator" xlink:href="../../ifrs-cor_2010-04-30.xsd#ifrs_OtherRevenue" xlink:label="loc_16"/>
    <link:calculationArc xlink:type="arc" xlink:arcrole="http://www.xbrl.org/2003/arcrole/summation-item" xlink:from="loc_9" xlink:to="loc_16" use="optional" order="70.0" weight="1"/>
    <link:loc xlink:type="locator" xlink:href="../../ifrs-cor_2010-04-30.xsd#ifrs_EmployeeBenefitsExpense" xlink:label="loc_5"/>
    <link:loc xlink:type="locator" xlink:href="../../ifrs-cor_2010-04-30.xsd#ifrs_WagesAndSalaries" xlink:label="loc_25"/>
    <link:calculationArc xlink:type="arc" xlink:arcrole="http://www.xbrl.org/2003/arcrole/summation-item" xlink:from="loc_5" xlink:to="loc_25" use="optional" order="10.0" weight="1"/>
    <link:loc xlink:type="locator" xlink:href="../../ifrs-cor_2010-04-30.xsd#ifrs_OtherShorttermEmployeeBenefits" xlink:label="loc_27"/>
    <link:calculationArc xlink:type="arc" xlink:arcrole="http://www.xbrl.org/2003/arcrole/summation-item" xlink:from="loc_5" xlink:to="loc_27" use="optional" order="30.0" weight="1"/>
    <link:loc xlink:type="locator" xlink:href="../../ifrs-cor_2010-04-30.xsd#ifrs_PostemploymentBenefitExpenseDefinedContributionPlans" xlink:label="loc_28"/>
    <link:calculationArc xlink:type="arc" xlink:arcrole="http://www.xbrl.org/2003/arcrole/summation-item" xlink:from="loc_5" xlink:to="loc_28" use="optional" order="40.0" weight="1"/>
    <link:loc xlink:type="locator" xlink:href="../../ifrs-cor_2010-04-30.xsd#ifrs_PostemploymentBenefitExpenseDefinedBenefitPlans" xlink:label="loc_29"/>
    <link:calculationArc xlink:type="arc" xlink:arcrole="http://www.xbrl.org/2003/arcrole/summation-item" xlink:from="loc_5" xlink:to="loc_29" use="optional" order="50.0" weight="1"/>
    <link:loc xlink:type="locator" xlink:href="../../ifrs-cor_2010-04-30.xsd#ifrs_TerminationBenefitsExpense" xlink:label="loc_30"/>
    <link:calculationArc xlink:type="arc" xlink:arcrole="http://www.xbrl.org/2003/arcrole/summation-item" xlink:from="loc_5" xlink:to="loc_30" use="optional" order="60.0" weight="1"/>
    <link:loc xlink:type="locator" xlink:href="../../ifrs-cor_2010-04-30.xsd#ifrs_SharebasedPaymentTransactions" xlink:label="loc_31"/>
    <link:calculationArc xlink:type="arc" xlink:arcrole="http://www.xbrl.org/2003/arcrole/summation-item" xlink:from="loc_5" xlink:to="loc_31" use="optional" order="70.0" weight="1"/>
    <link:loc xlink:type="locator" xlink:href="../../ifrs-cor_2010-04-30.xsd#ifrs_OtherLongtermBenefits" xlink:label="loc_32"/>
    <link:calculationArc xlink:type="arc" xlink:arcrole="http://www.xbrl.org/2003/arcrole/summation-item" xlink:from="loc_5" xlink:to="loc_32" use="optional" order="80.0" weight="1"/>
    <link:loc xlink:type="locator" xlink:href="../../ifrs-cor_2010-04-30.xsd#ifrs_OtherEmployeeExpense" xlink:label="loc_33"/>
    <link:calculationArc xlink:type="arc" xlink:arcrole="http://www.xbrl.org/2003/arcrole/summation-item" xlink:from="loc_5" xlink:to="loc_33" use="optional" order="90.0" weight="1"/>
    <link:loc xlink:type="locator" xlink:href="../../ifrs-cor_2010-04-30.xsd#ifrs_SocialSecurityContributions" xlink:label="loc_26"/>
    <link:calculationArc xlink:type="arc" xlink:arcrole="http://www.xbrl.org/2003/arcrole/summation-item" xlink:from="loc_5" xlink:to="loc_26" use="optional" order="20.0" weight="1"/>
    <link:loc xlink:type="locator" xlink:href="../../ifrs-cor_2010-04-30.xsd#ifrs_RevenueArisingFromExchangesOfGoodsOrServices" xlink:label="loc_17"/>
    <link:loc xlink:type="locator" xlink:href="../../ifrs-cor_2010-04-30.xsd#ifrs_RevenueArisingFromExchangesOfGoodsOrServicesSaleOfGoods" xlink:label="loc_18"/>
    <link:calculationArc xlink:type="arc" xlink:arcrole="http://www.xbrl.org/2003/arcrole/summation-item" xlink:from="loc_17" xlink:to="loc_18" use="optional" order="10.0" weight="1"/>
    <link:loc xlink:type="locator" xlink:href="../../ifrs-cor_2010-04-30.xsd#ifrs_RevenueArisingFromExchangesOfGoodsOrServicesRenderingOfServices" xlink:label="loc_19"/>
    <link:calculationArc xlink:type="arc" xlink:arcrole="http://www.xbrl.org/2003/arcrole/summation-item" xlink:from="loc_17" xlink:to="loc_19" use="optional" order="20.0" weight="1"/>
    <link:loc xlink:type="locator" xlink:href="../../ifrs-cor_2010-04-30.xsd#ifrs_RevenueArisingFromExchangesOfGoodsOrServicesConstructionContracts" xlink:label="loc_20"/>
    <link:calculationArc xlink:type="arc" xlink:arcrole="http://www.xbrl.org/2003/arcrole/summation-item" xlink:from="loc_17" xlink:to="loc_20" use="optional" order="30.0" weight="1"/>
    <link:loc xlink:type="locator" xlink:href="../../ifrs-cor_2010-04-30.xsd#ifrs_RevenueArisingFromExchangesOfGoodsOrServicesRoyalties" xlink:label="loc_21"/>
    <link:calculationArc xlink:type="arc" xlink:arcrole="http://www.xbrl.org/2003/arcrole/summation-item" xlink:from="loc_17" xlink:to="loc_21" use="optional" order="40.0" weight="1"/>
    <link:loc xlink:type="locator" xlink:href="../../ifrs-cor_2010-04-30.xsd#ifrs_RevenueArisingFromExchangesOfGoodsOrServicesInterest" xlink:label="loc_22"/>
    <link:calculationArc xlink:type="arc" xlink:arcrole="http://www.xbrl.org/2003/arcrole/summation-item" xlink:from="loc_17" xlink:to="loc_22" use="optional" order="50.0" weight="1"/>
    <link:loc xlink:type="locator" xlink:href="../../ifrs-cor_2010-04-30.xsd#ifrs_RevenueArisingFromExchangesOfGoodsOrServicesDividends" xlink:label="loc_23"/>
    <link:calculationArc xlink:type="arc" xlink:arcrole="http://www.xbrl.org/2003/arcrole/summation-item" xlink:from="loc_17" xlink:to="loc_23" use="optional" order="60.0" weight="1"/>
    <link:loc xlink:type="locator" xlink:href="../../ifrs-cor_2010-04-30.xsd#ifrs_RevenueArisingFromExchangesOfGoodsOrServicesOtherRevenue" xlink:label="loc_24"/>
    <link:calculationArc xlink:type="arc" xlink:arcrole="http://www.xbrl.org/2003/arcrole/summation-item" xlink:from="loc_17" xlink:to="loc_24" use="optional" order="70.0" weight="1"/>
    <link:loc xlink:type="locator" xlink:href="../../ifrs-cor_2010-04-30.xsd#ifrs_ExpenseByNature" xlink:label="loc"/>
    <link:loc xlink:type="locator" xlink:href="../../ifrs-cor_2010-04-30.xsd#ifrs_ChangesInInventoriesOfFinishedGoodsAndWorkInProgress" xlink:label="loc_2"/>
    <link:calculationArc xlink:type="arc" xlink:arcrole="http://www.xbrl.org/2003/arcrole/summation-item" xlink:from="loc" xlink:to="loc_2" order="10.0" weight="1"/>
    <link:loc xlink:type="locator" xlink:href="../../ifrs-cor_2010-04-30.xsd#ifrs_OtherWorkPerformedByEntityAndCapitalised" xlink:label="loc_3"/>
    <link:calculationArc xlink:type="arc" xlink:arcrole="http://www.xbrl.org/2003/arcrole/summation-item" xlink:from="loc" xlink:to="loc_3" order="20.0" weight="-1"/>
    <link:loc xlink:type="locator" xlink:href="../../ifrs-cor_2010-04-30.xsd#ifrs_RawMaterialsAndConsumablesUsed" xlink:label="loc_4"/>
    <link:calculationArc xlink:type="arc" xlink:arcrole="http://www.xbrl.org/2003/arcrole/summation-item" xlink:from="loc" xlink:to="loc_4" order="30.0" weight="1"/>
    <link:calculationArc xlink:type="arc" xlink:arcrole="http://www.xbrl.org/2003/arcrole/summation-item" xlink:from="loc" xlink:to="loc_5" order="40.0" weight="1"/>
    <link:loc xlink:type="locator" xlink:href="../../ifrs-cor_2010-04-30.xsd#ifrs_DepreciationAndAmortisationExpense" xlink:label="loc_6"/>
    <link:calculationArc xlink:type="arc" xlink:arcrole="http://www.xbrl.org/2003/arcrole/summation-item" xlink:from="loc" xlink:to="loc_6" order="50.0" weight="1"/>
    <link:loc xlink:type="locator" xlink:href="../../ifrs-cor_2010-04-30.xsd#ifrs_ImpairmentLossReversalOfImpairmentLossRecognisedInProfitOrLoss" xlink:label="loc_7"/>
    <link:calculationArc xlink:type="arc" xlink:arcrole="http://www.xbrl.org/2003/arcrole/summation-item" xlink:from="loc" xlink:to="loc_7" order="60.0" weight="1"/>
    <link:loc xlink:type="locator" xlink:href="../../ifrs-cor_2010-04-30.xsd#ifrs_OtherExpenseByNature" xlink:label="loc_8"/>
    <link:calculationArc xlink:type="arc" xlink:arcrole="http://www.xbrl.org/2003/arcrole/summation-item" xlink:from="loc" xlink:to="loc_8" order="70.0" weight="1"/>
  </link:calculationLink>
</link:linkbase>
