<?xml version="1.0" encoding="UTF-8"?>
<!-- Generated by Fujitsu XWand B0184C -->
<link:linkbase xmlns:xsi="http://www.w3.org/2001/XMLSchema-instance" xsi:schemaLocation="http://www.xbrl.org/2003/linkbase http://www.xbrl.org/2003/xbrl-linkbase-2003-12-31.xsd" xmlns:xbrli="http://www.xbrl.org/2003/instance" xmlns:xlink="http://www.w3.org/1999/xlink" xmlns:link="http://www.xbrl.org/2003/linkbase">
  <link:roleRef roleURI="http://www.xbrl.org/tifrs/fr/role/BalanceSheet" xlink:type="simple" xlink:href="../../../BSCI/tifrs-bsci-basi-2013-03-31.xsd#RT_1"/>
  <link:roleRef roleURI="http://www.xbrl.org/tifrs/fr/role/StatementOfCashFlows" xlink:type="simple" xlink:href="../../../SCF/tifrs-scf-2013-03-31.xsd#RT_1"/>
  <link:roleRef roleURI="http://www.xbrl.org/tifrs/fr/role/StatementOfComprehensiveIncome" xlink:type="simple" xlink:href="../../../BSCI/tifrs-bsci-basi-2013-03-31.xsd#RT_2"/>
  <link:presentationLink xlink:type="extended" xlink:role="http://www.xbrl.org/tifrs/fr/role/BalanceSheet">
    <link:loc xlink:type="locator" xlink:href="../../../ifrs_20100430/ifrs-cor_2010-04-30.xsd#ifrs_EquityAbstract" xlink:label="EquityAbstract" xlink:title="EquityAbstract"/>
    <link:loc xlink:type="locator" xlink:href="../../../BSCI/tifrs-bsci-basi-2013-03-31.xsd#tifrs-bsci-basi_EquityAttributableToOwnersOfParentAbstract" xlink:label="EquityAttributableToOwnersOfParentAbstract" xlink:title="EquityAttributableToOwnersOfParentAbstract"/>
    <link:presentationArc xlink:type="arc" xlink:arcrole="http://www.xbrl.org/2003/arcrole/parent-child" xlink:from="EquityAbstract" xlink:to="EquityAttributableToOwnersOfParentAbstract" xlink:title="presentation: EquityAbstract to EquityAttributableToOwnersOfParentAbstract" order="0.1"/>
    <link:loc xlink:type="locator" xlink:href="../../../BSCI/tifrs-bsci-basi-2013-03-31.xsd#tifrs-bsci-basi_CapitalAbstract" xlink:label="CapitalAbstract" xlink:title="CapitalAbstract"/>
    <link:presentationArc xlink:type="arc" xlink:arcrole="http://www.xbrl.org/2003/arcrole/parent-child" xlink:from="EquityAttributableToOwnersOfParentAbstract" xlink:to="CapitalAbstract" xlink:title="presentation: EquityAttributableToOwnersOfParentAbstract to CapitalAbstract" order="1.0"/>
    <link:loc xlink:type="locator" xlink:href="../../../BSCI/tifrs-bsci-basi-2013-03-31.xsd#tifrs-bsci-basi_CapitalSurplusAbstract" xlink:label="CapitalSurplusAbstract" xlink:title="CapitalSurplusAbstract"/>
    <link:presentationArc xlink:type="arc" xlink:arcrole="http://www.xbrl.org/2003/arcrole/parent-child" xlink:from="EquityAttributableToOwnersOfParentAbstract" xlink:to="CapitalSurplusAbstract" xlink:title="presentation: EquityAttributableToOwnersOfParentAbstract to CapitalSurplusAbstract" order="2.0"/>
    <link:loc xlink:type="locator" xlink:href="../../../BSCI/tifrs-bsci-basi-2013-03-31.xsd#tifrs-bsci-basi_RetainedEarningsAbstract" xlink:label="RetainedEarningsAbstract" xlink:title="RetainedEarningsAbstract"/>
    <link:presentationArc xlink:type="arc" xlink:arcrole="http://www.xbrl.org/2003/arcrole/parent-child" xlink:from="EquityAttributableToOwnersOfParentAbstract" xlink:to="RetainedEarningsAbstract" xlink:title="presentation: EquityAttributableToOwnersOfParentAbstract to RetainedEarningsAbstract" order="3.0"/>
    <link:loc xlink:type="locator" xlink:href="../../../BSCI/tifrs-bsci-basi-2013-03-31.xsd#tifrs-bsci-basi_OtherEquityInterestAbstract" xlink:label="OtherEquityInterestAbstract" xlink:title="OtherEquityInterestAbstract"/>
    <link:presentationArc xlink:type="arc" xlink:arcrole="http://www.xbrl.org/2003/arcrole/parent-child" xlink:from="EquityAttributableToOwnersOfParentAbstract" xlink:to="OtherEquityInterestAbstract" xlink:title="presentation: EquityAttributableToOwnersOfParentAbstract to OtherEquityInterestAbstract" order="4.0"/>
    <link:loc xlink:type="locator" xlink:href="../../../BSCI/tifrs-bsci-basi-2013-03-31.xsd#tifrs-bsci-basi_TreasurySharesAbstract" xlink:label="TreasurySharesAbstract" xlink:title="TreasurySharesAbstract"/>
    <link:presentationArc xlink:type="arc" xlink:arcrole="http://www.xbrl.org/2003/arcrole/parent-child" xlink:from="EquityAttributableToOwnersOfParentAbstract" xlink:to="TreasurySharesAbstract" xlink:title="presentation: EquityAttributableToOwnersOfParentAbstract to TreasurySharesAbstract" order="5.0"/>
    <link:loc xlink:type="locator" xlink:href="../../../ifrs_20100430/ifrs-cor_2010-04-30.xsd#ifrs_EquityAttributableToOwnersOfParent" xlink:label="EquityAttributableToOwnersOfParent" xlink:title="EquityAttributableToOwnersOfParent"/>
    <link:presentationArc xlink:type="arc" xlink:arcrole="http://www.xbrl.org/2003/arcrole/parent-child" xlink:from="EquityAttributableToOwnersOfParentAbstract" xlink:to="EquityAttributableToOwnersOfParent" xlink:title="presentation: EquityAttributableToOwnersOfParentAbstract to EquityAttributableToOwnersOfParent" order="6.0" preferredLabel="http://www.xbrl.org/2003/role/totalLabel"/>
    <link:loc xlink:type="locator" xlink:href="../../../BSCI/tifrs-bsci-basi-2013-03-31.xsd#tifrs-bsci-basi_NoncontrollingInterestsAbstract" xlink:label="NoncontrollingInterestsAbstract" xlink:title="NoncontrollingInterestsAbstract"/>
    <link:presentationArc xlink:type="arc" xlink:arcrole="http://www.xbrl.org/2003/arcrole/parent-child" xlink:from="EquityAbstract" xlink:to="NoncontrollingInterestsAbstract" xlink:title="presentation: EquityAbstract to NoncontrollingInterestsAbstract" order="0.2"/>
    <link:loc xlink:type="locator" xlink:href="../../../BSCI/tifrs-bsci-basi-2013-03-31.xsd#tifrs-bsci-basi_NoncontrollingInterests-NoncontrollingInterests" xlink:label="NoncontrollingInterests-NoncontrollingInterests" xlink:title="NoncontrollingInterests-NoncontrollingInterests"/>
    <link:presentationArc xlink:type="arc" xlink:arcrole="http://www.xbrl.org/2003/arcrole/parent-child" xlink:from="NoncontrollingInterestsAbstract" xlink:to="NoncontrollingInterests-NoncontrollingInterests" xlink:title="presentation: NoncontrollingInterestsAbstract to NoncontrollingInterests-NoncontrollingInterests" order="1.0"/>
    <link:loc xlink:type="locator" xlink:href="../../../ifrs_20100430/ifrs-cor_2010-04-30.xsd#ifrs_NoncontrollingInterests" xlink:label="NoncontrollingInterests" xlink:title="NoncontrollingInterests"/>
    <link:presentationArc xlink:type="arc" xlink:arcrole="http://www.xbrl.org/2003/arcrole/parent-child" xlink:from="NoncontrollingInterestsAbstract" xlink:to="NoncontrollingInterests" xlink:title="presentation: NoncontrollingInterestsAbstract to NoncontrollingInterests" order="2.0" preferredLabel="http://www.xbrl.org/2003/role/totalLabel"/>
    <link:loc xlink:type="locator" xlink:href="../../../BSCI/tifrs-bsci-basi-2013-03-31.xsd#tifrs-bsci-basi_EquityAttributableToFomerOwnerOfBusinessCombinationUnderCommonControl" xlink:label="EquityAttributableToFomerOwnerOfBusinessCombinationUnderCommonControl" xlink:title="EquityAttributableToFomerOwnerOfBusinessCombinationUnderCommonControl"/>
    <link:presentationArc xlink:type="arc" xlink:arcrole="http://www.xbrl.org/2003/arcrole/parent-child" xlink:from="EquityAbstract" xlink:to="EquityAttributableToFomerOwnerOfBusinessCombinationUnderCommonControl" xlink:title="presentation: EquityAbstract to EquityAttributableToFomerOwnerOfBusinessCombinationUnderCommonControl" order="0.11"/>
  </link:presentationLink>
  <link:presentationLink xlink:type="extended" xlink:role="http://www.xbrl.org/tifrs/fr/role/StatementOfComprehensiveIncome">
    <link:loc xlink:type="locator" xlink:href="../../../ifrs_20100430/ifrs-cor_2010-04-30.xsd#ifrs_StatementOfComprehensiveIncomeAbstract" xlink:label="StatementOfComprehensiveIncomeAbstract" xlink:title="StatementOfComprehensiveIncomeAbstract"/>
    <link:loc xlink:type="locator" xlink:href="../../../ifrs_20100430/ifrs-cor_2010-04-30.xsd#ifrs_ProfitLossAttributableToAbstract" xlink:label="ProfitLossAttributableToAbstract" xlink:title="ProfitLossAttributableToAbstract"/>
    <link:presentationArc xlink:type="arc" xlink:arcrole="http://www.xbrl.org/2003/arcrole/parent-child" xlink:from="StatementOfComprehensiveIncomeAbstract" xlink:to="ProfitLossAttributableToAbstract" xlink:title="presentation: StatementOfComprehensiveIncomeAbstract to ProfitLossAttributableToAbstract" order="8.1"/>
    <link:loc xlink:type="locator" xlink:href="../../../ifrs_20100430/ifrs-cor_2010-04-30.xsd#ifrs_ProfitLossAttributableToOwnersOfParent" xlink:label="ProfitLossAttributableToOwnersOfParent" xlink:title="ProfitLossAttributableToOwnersOfParent"/>
    <link:presentationArc xlink:type="arc" xlink:arcrole="http://www.xbrl.org/2003/arcrole/parent-child" xlink:from="ProfitLossAttributableToAbstract" xlink:to="ProfitLossAttributableToOwnersOfParent" xlink:title="presentation: ProfitLossAttributableToAbstract to ProfitLossAttributableToOwnersOfParent" order="1.0"/>
    <link:loc xlink:type="locator" xlink:href="../../../ifrs_20100430/ifrs-cor_2010-04-30.xsd#ifrs_ProfitLossAttributableToNoncontrollingInterests" xlink:label="ProfitLossAttributableToNoncontrollingInterests" xlink:title="ProfitLossAttributableToNoncontrollingInterests"/>
    <link:presentationArc xlink:type="arc" xlink:arcrole="http://www.xbrl.org/2003/arcrole/parent-child" xlink:from="ProfitLossAttributableToAbstract" xlink:to="ProfitLossAttributableToNoncontrollingInterests" xlink:title="presentation: ProfitLossAttributableToAbstract to ProfitLossAttributableToNoncontrollingInterests" order="2.0"/>
    <link:loc xlink:type="locator" xlink:href="../../../BSCI/tifrs-bsci-basi-2013-03-31.xsd#tifrs-bsci-basi_ProfitLossAttributableToFormerOwnerOfBusinessCombinationUnderCommonControl" xlink:label="ProfitLossAttributableToFormerOwnerOfBusinessCombinationUnderCommonControl" xlink:title="ProfitLossAttributableToFormerOwnerOfBusinessCombinationUnderCommonControl"/>
    <link:presentationArc xlink:type="arc" xlink:arcrole="http://www.xbrl.org/2003/arcrole/parent-child" xlink:from="ProfitLossAttributableToAbstract" xlink:to="ProfitLossAttributableToFormerOwnerOfBusinessCombinationUnderCommonControl" xlink:title="presentation: ProfitLossAttributableToAbstract to ProfitLossAttributableToFormerOwnerOfBusinessCombinationUnderCommonControl" order="1.1"/>
    <link:loc xlink:type="locator" xlink:href="../../../ifrs_20100430/ifrs-cor_2010-04-30.xsd#ifrs_ComprehensiveIncomeAttributableToAbstract" xlink:label="ComprehensiveIncomeAttributableToAbstract" xlink:title="ComprehensiveIncomeAttributableToAbstract"/>
    <link:presentationArc xlink:type="arc" xlink:arcrole="http://www.xbrl.org/2003/arcrole/parent-child" xlink:from="StatementOfComprehensiveIncomeAbstract" xlink:to="ComprehensiveIncomeAttributableToAbstract" xlink:title="presentation: StatementOfComprehensiveIncomeAbstract to ComprehensiveIncomeAttributableToAbstract" order="8.2"/>
    <link:loc xlink:type="locator" xlink:href="../../../ifrs_20100430/ifrs-cor_2010-04-30.xsd#ifrs_ComprehensiveIncomeAttributableToOwnersOfParent" xlink:label="ComprehensiveIncomeAttributableToOwnersOfParent" xlink:title="ComprehensiveIncomeAttributableToOwnersOfParent"/>
    <link:presentationArc xlink:type="arc" xlink:arcrole="http://www.xbrl.org/2003/arcrole/parent-child" xlink:from="ComprehensiveIncomeAttributableToAbstract" xlink:to="ComprehensiveIncomeAttributableToOwnersOfParent" xlink:title="presentation: ComprehensiveIncomeAttributableToAbstract to ComprehensiveIncomeAttributableToOwnersOfParent" order="1.0"/>
    <link:loc xlink:type="locator" xlink:href="../../../ifrs_20100430/ifrs-cor_2010-04-30.xsd#ifrs_ComprehensiveIncomeAttributableToNoncontrollingInterests" xlink:label="ComprehensiveIncomeAttributableToNoncontrollingInterests" xlink:title="ComprehensiveIncomeAttributableToNoncontrollingInterests"/>
    <link:presentationArc xlink:type="arc" xlink:arcrole="http://www.xbrl.org/2003/arcrole/parent-child" xlink:from="ComprehensiveIncomeAttributableToAbstract" xlink:to="ComprehensiveIncomeAttributableToNoncontrollingInterests" xlink:title="presentation: ComprehensiveIncomeAttributableToAbstract to ComprehensiveIncomeAttributableToNoncontrollingInterests" order="2.0"/>
    <link:loc xlink:type="locator" xlink:href="../../../BSCI/tifrs-bsci-basi-2013-03-31.xsd#tifrs-bsci-basi_ComprehensiveIncomeAttributableToFormerOwnerOfBusinessCombinationUnderCommonControl" xlink:label="ComprehensiveIncomeAttributableToFormerOwnerOfBusinessCombinationUnderCommonControl" xlink:title="ComprehensiveIncomeAttributableToFormerOwnerOfBusinessCombinationUnderCommonControl"/>
    <link:presentationArc xlink:type="arc" xlink:arcrole="http://www.xbrl.org/2003/arcrole/parent-child" xlink:from="ComprehensiveIncomeAttributableToAbstract" xlink:to="ComprehensiveIncomeAttributableToFormerOwnerOfBusinessCombinationUnderCommonControl" xlink:title="presentation: ComprehensiveIncomeAttributableToAbstract to ComprehensiveIncomeAttributableToFormerOwnerOfBusinessCombinationUnderCommonControl" order="1.1"/>
  </link:presentationLink>
  <link:presentationLink xlink:type="extended" xlink:role="http://www.xbrl.org/tifrs/fr/role/StatementOfCashFlows">
    <link:loc xlink:type="locator" xlink:href="../../../ifrs_20100430/ifrs-cor_2010-04-30.xsd#ifrs_CashFlowsFromUsedInFinancingActivitiesAbstract" xlink:label="CashFlowsFromUsedInFinancingActivitiesAbstract" xlink:title="CashFlowsFromUsedInFinancingActivitiesAbstract"/>
    <link:loc xlink:type="locator" xlink:href="../../../SCF/tifrs-scf-2013-03-31.xsd#tifrs-SCF_ChangeInNoncontrollingInterests" xlink:label="ChangeInNoncontrollingInterests" xlink:title="ChangeInNoncontrollingInterests"/>
    <link:presentationArc xlink:type="arc" xlink:arcrole="http://www.xbrl.org/2003/arcrole/parent-child" xlink:from="CashFlowsFromUsedInFinancingActivitiesAbstract" xlink:to="ChangeInNoncontrollingInterests" xlink:title="presentation: CashFlowsFromUsedInFinancingActivitiesAbstract to ChangeInNoncontrollingInterests" order="29.1"/>
  </link:presentationLink>
</link:linkbase>
