<?xml version="1.0" encoding="UTF-8" standalone="no"?>
<!-- Generated by Fujitsu XWand B0072_01T -->
<!--
        Taxonomy: 2010-04-30 (Final)
        ********************** 
        Copyright © 2010 International Accounting Standards Committee (IASC) Foundation*
        All rights reserved.  No part of this publication may be translated, reprinted or reproduced 
        or utilised in any form either in whole or in part without prior permission in writing from the IASC Foundation.
        For more information on the IASC Foundation’s copyright, please refer to http://www.iasb.org/XBRL/Legal/
        **********************
        *To become IFRS Foundation
    -->
<link:linkbase xmlns:link="http://www.xbrl.org/2003/linkbase" xmlns:ref="http://www.xbrl.org/2006/ref" xmlns:xbrli="http://www.xbrl.org/2003/instance" xmlns:xlink="http://www.w3.org/1999/xlink" xmlns:xsi="http://www.w3.org/2001/XMLSchema-instance" xsi:schemaLocation="http://www.xbrl.org/2006/ref http://www.xbrl.org/2006/ref-2006-02-27.xsd http://www.xbrl.org/2003/linkbase http://www.xbrl.org/2003/xbrl-linkbase-2003-12-31.xsd">
  <link:referenceLink xlink:role="http://www.xbrl.org/2003/role/link" xlink:type="extended">
    <link:loc xlink:href="../../ifrs-cor_2010-04-30.xsd#ifrs_InvestmentProperty" xlink:label="loc" xlink:type="locator"/>
    <link:reference xlink:label="res" xlink:role="http://www.xbrl.org/2003/role/disclosureRef" xlink:type="resource">
      <ref:Name>IAS</ref:Name>
      <ref:Number>40</ref:Number>
      <ref:IssueDate>2010-01-01</ref:IssueDate>
      <ref:Paragraph>76</ref:Paragraph>
      <ref:URI>http://eifrs.iasb.org/eifrs/XBRL?type=IAS&amp;num=40&amp;date=2010-04-30&amp;anchor=para_76&amp;doctype=Standard</ref:URI>
      <ref:URIDate>2010-04-30</ref:URIDate>
    </link:reference>
    <link:referenceArc xlink:arcrole="http://www.xbrl.org/2003/arcrole/concept-reference" xlink:from="loc" xlink:to="res" xlink:type="arc"/>
    <link:reference xlink:label="res_2" xlink:role="http://www.xbrl.org/2003/role/disclosureRef" xlink:type="resource">
      <ref:Name>IAS</ref:Name>
      <ref:Number>40</ref:Number>
      <ref:IssueDate>2010-01-01</ref:IssueDate>
      <ref:Paragraph>79</ref:Paragraph>
      <ref:Subparagraph>c</ref:Subparagraph>
      <ref:URI>http://eifrs.iasb.org/eifrs/XBRL?type=IAS&amp;num=40&amp;date=2010-04-30&amp;anchor=para_79_c&amp;doctype=Standard</ref:URI>
      <ref:URIDate>2010-04-30</ref:URIDate>
    </link:reference>
    <link:referenceArc xlink:arcrole="http://www.xbrl.org/2003/arcrole/concept-reference" xlink:from="loc" xlink:to="res_2" xlink:type="arc"/>
    <link:loc xlink:href="../../ifrs-cor_2010-04-30.xsd#ifrs_ExplanationOfContractualObligationsToPurchaseConstructOrDevelopInvestmentPropertyOrForRepairsMaintenanceOrEnhancements" xlink:label="loc_3" xlink:type="locator"/>
    <link:reference xlink:label="res_3" xlink:role="http://www.xbrl.org/2003/role/disclosureRef" xlink:type="resource">
      <ref:Name>IAS</ref:Name>
      <ref:Number>40</ref:Number>
      <ref:IssueDate>2010-01-01</ref:IssueDate>
      <ref:Paragraph>75</ref:Paragraph>
      <ref:Subparagraph>h</ref:Subparagraph>
      <ref:URI>http://eifrs.iasb.org/eifrs/XBRL?type=IAS&amp;num=40&amp;date=2010-04-30&amp;anchor=para_75_h&amp;doctype=Standard</ref:URI>
      <ref:URIDate>2010-04-30</ref:URIDate>
    </link:reference>
    <link:referenceArc xlink:arcrole="http://www.xbrl.org/2003/arcrole/concept-reference" xlink:from="loc_3" xlink:to="res_3" xlink:type="arc"/>
    <link:loc xlink:href="../../ifrs-cor_2010-04-30.xsd#ifrs_ExplanationOfRestrictionsOnRemittanceOfIncomeAndDisposalProceedsOfInvestmentProperty" xlink:label="loc_4" xlink:type="locator"/>
    <link:reference xlink:label="res_4" xlink:role="http://www.xbrl.org/2003/role/disclosureRef" xlink:type="resource">
      <ref:Name>IAS</ref:Name>
      <ref:Number>40</ref:Number>
      <ref:IssueDate>2010-01-01</ref:IssueDate>
      <ref:Paragraph>75</ref:Paragraph>
      <ref:Subparagraph>g</ref:Subparagraph>
      <ref:URI>http://eifrs.iasb.org/eifrs/XBRL?type=IAS&amp;num=40&amp;date=2010-04-30&amp;anchor=para_75_g&amp;doctype=Standard</ref:URI>
      <ref:URIDate>2010-04-30</ref:URIDate>
    </link:reference>
    <link:referenceArc xlink:arcrole="http://www.xbrl.org/2003/arcrole/concept-reference" xlink:from="loc_4" xlink:to="res_4" xlink:type="arc"/>
    <link:loc xlink:href="../../ifrs-cor_2010-04-30.xsd#ifrs_DescriptionOfMethodsAndSignificantAssumptionsAppliedInDeterminingFairValueOfInvestmentProperty" xlink:label="loc_6" xlink:type="locator"/>
    <link:reference xlink:label="res_5" xlink:role="http://www.xbrl.org/2003/role/disclosureRef" xlink:type="resource">
      <ref:Name>IAS</ref:Name>
      <ref:Number>40</ref:Number>
      <ref:IssueDate>2010-01-01</ref:IssueDate>
      <ref:Paragraph>75</ref:Paragraph>
      <ref:Subparagraph>d</ref:Subparagraph>
      <ref:URI>http://eifrs.iasb.org/eifrs/XBRL?type=IAS&amp;num=40&amp;date=2010-04-30&amp;anchor=para_75_d&amp;doctype=Standard</ref:URI>
      <ref:URIDate>2010-04-30</ref:URIDate>
    </link:reference>
    <link:referenceArc xlink:arcrole="http://www.xbrl.org/2003/arcrole/concept-reference" xlink:from="loc_6" xlink:to="res_5" xlink:type="arc"/>
    <link:loc xlink:href="../../ifrs-cor_2010-04-30.xsd#ifrs_DescriptionOfExtentToWhichFairValueOfInvestmentPropertyIsBasedOnValuationByIndependentValuer" xlink:label="loc_7" xlink:type="locator"/>
    <link:reference xlink:label="res_6" xlink:role="http://www.xbrl.org/2003/role/disclosureRef" xlink:type="resource">
      <ref:Name>IAS</ref:Name>
      <ref:Number>40</ref:Number>
      <ref:IssueDate>2010-01-01</ref:IssueDate>
      <ref:Paragraph>75</ref:Paragraph>
      <ref:Subparagraph>e</ref:Subparagraph>
      <ref:URI>http://eifrs.iasb.org/eifrs/XBRL?type=IAS&amp;num=40&amp;date=2010-04-30&amp;anchor=para_75_e&amp;doctype=Standard</ref:URI>
      <ref:URIDate>2010-04-30</ref:URIDate>
    </link:reference>
    <link:referenceArc xlink:arcrole="http://www.xbrl.org/2003/arcrole/concept-reference" xlink:from="loc_7" xlink:to="res_6" xlink:type="arc"/>
    <link:loc xlink:href="../../ifrs-cor_2010-04-30.xsd#ifrs_AdditionsOtherThanThroughBusinessCombinationsInvestmentProperty" xlink:label="loc_8" xlink:type="locator"/>
    <link:reference xlink:label="res_7" xlink:role="http://www.xbrl.org/2003/role/disclosureRef" xlink:type="resource">
      <ref:Name>IAS</ref:Name>
      <ref:Number>40</ref:Number>
      <ref:IssueDate>2010-01-01</ref:IssueDate>
      <ref:Paragraph>76</ref:Paragraph>
      <ref:Subparagraph>a</ref:Subparagraph>
      <ref:URI>http://eifrs.iasb.org/eifrs/XBRL?type=IAS&amp;num=40&amp;date=2010-04-30&amp;anchor=para_76_a&amp;doctype=Standard</ref:URI>
      <ref:URIDate>2010-04-30</ref:URIDate>
    </link:reference>
    <link:referenceArc xlink:arcrole="http://www.xbrl.org/2003/arcrole/concept-reference" xlink:from="loc_8" xlink:to="res_7" xlink:type="arc"/>
    <link:reference xlink:label="res_8" xlink:role="http://www.xbrl.org/2003/role/disclosureRef" xlink:type="resource">
      <ref:Name>IAS</ref:Name>
      <ref:Number>40</ref:Number>
      <ref:IssueDate>2010-01-01</ref:IssueDate>
      <ref:Paragraph>79</ref:Paragraph>
      <ref:Subparagraph>d</ref:Subparagraph>
      <ref:Clause>i</ref:Clause>
      <ref:URI>http://eifrs.iasb.org/eifrs/XBRL?type=IAS&amp;num=40&amp;date=2010-04-30&amp;anchor=para_79_d_i&amp;doctype=Standard</ref:URI>
      <ref:URIDate>2010-04-30</ref:URIDate>
    </link:reference>
    <link:referenceArc xlink:arcrole="http://www.xbrl.org/2003/arcrole/concept-reference" xlink:from="loc_8" xlink:to="res_8" xlink:type="arc"/>
    <link:loc xlink:href="../../ifrs-cor_2010-04-30.xsd#ifrs_ChangesInInvestmentProperty" xlink:label="loc_11" xlink:type="locator"/>
    <link:reference xlink:label="res_9" xlink:role="http://www.xbrl.org/2003/role/disclosureRef" xlink:type="resource">
      <ref:Name>IAS</ref:Name>
      <ref:Number>40</ref:Number>
      <ref:IssueDate>2010-01-01</ref:IssueDate>
      <ref:Paragraph>79</ref:Paragraph>
      <ref:Subparagraph>d</ref:Subparagraph>
      <ref:URI>http://eifrs.iasb.org/eifrs/XBRL?type=IAS&amp;num=40&amp;date=2010-04-30&amp;anchor=para_79_d&amp;doctype=Standard</ref:URI>
      <ref:URIDate>2010-04-30</ref:URIDate>
    </link:reference>
    <link:referenceArc xlink:arcrole="http://www.xbrl.org/2003/arcrole/concept-reference" xlink:from="loc_11" xlink:to="res_9" xlink:type="arc"/>
    <link:referenceArc xlink:arcrole="http://www.xbrl.org/2003/arcrole/concept-reference" xlink:from="loc_11" xlink:to="res" xlink:type="arc"/>
    <link:loc xlink:href="../../ifrs-cor_2010-04-30.xsd#ifrs_GainsLossesOnFairValueAdjustmentInvestmentProperty" xlink:label="loc_15" xlink:type="locator"/>
    <link:reference xlink:label="res_11" xlink:role="http://www.xbrl.org/2003/role/disclosureRef" xlink:type="resource">
      <ref:Name>IAS</ref:Name>
      <ref:Number>40</ref:Number>
      <ref:IssueDate>2010-01-01</ref:IssueDate>
      <ref:Paragraph>76</ref:Paragraph>
      <ref:Subparagraph>d</ref:Subparagraph>
      <ref:URI>http://eifrs.iasb.org/eifrs/XBRL?type=IAS&amp;num=40&amp;date=2010-04-30&amp;anchor=para_76_d&amp;doctype=Standard</ref:URI>
      <ref:URIDate>2010-04-30</ref:URIDate>
    </link:reference>
    <link:referenceArc xlink:arcrole="http://www.xbrl.org/2003/arcrole/concept-reference" xlink:from="loc_15" xlink:to="res_11" xlink:type="arc"/>
    <link:loc xlink:href="../../ifrs-cor_2010-04-30.xsd#ifrs_IncreaseDecreaseThroughNetExchangeDifferencesInvestmentProperty" xlink:label="loc_17" xlink:type="locator"/>
    <link:reference xlink:label="res_14" xlink:role="http://www.xbrl.org/2003/role/disclosureRef" xlink:type="resource">
      <ref:Name>IAS</ref:Name>
      <ref:Number>40</ref:Number>
      <ref:IssueDate>2010-01-01</ref:IssueDate>
      <ref:Paragraph>76</ref:Paragraph>
      <ref:Subparagraph>e</ref:Subparagraph>
      <ref:URI>http://eifrs.iasb.org/eifrs/XBRL?type=IAS&amp;num=40&amp;date=2010-04-30&amp;anchor=para_76_e&amp;doctype=Standard</ref:URI>
      <ref:URIDate>2010-04-30</ref:URIDate>
    </link:reference>
    <link:referenceArc xlink:arcrole="http://www.xbrl.org/2003/arcrole/concept-reference" xlink:from="loc_17" xlink:to="res_14" xlink:type="arc"/>
    <link:reference xlink:label="res_16" xlink:role="http://www.xbrl.org/2003/role/disclosureRef" xlink:type="resource">
      <ref:Name>IAS</ref:Name>
      <ref:Number>40</ref:Number>
      <ref:IssueDate>2010-01-01</ref:IssueDate>
      <ref:Paragraph>79</ref:Paragraph>
      <ref:Subparagraph>d</ref:Subparagraph>
      <ref:Clause>vi</ref:Clause>
      <ref:URI>http://eifrs.iasb.org/eifrs/XBRL?type=IAS&amp;num=40&amp;date=2010-04-30&amp;anchor=para_79_d_vi&amp;doctype=Standard</ref:URI>
      <ref:URIDate>2010-04-30</ref:URIDate>
    </link:reference>
    <link:referenceArc xlink:arcrole="http://www.xbrl.org/2003/arcrole/concept-reference" xlink:from="loc_17" xlink:to="res_16" xlink:type="arc"/>
    <link:loc xlink:href="../../ifrs-cor_2010-04-30.xsd#ifrs_IncreaseDecreaseThroughTransfersAndOtherChangesInvestmentProperty" xlink:label="loc_21" xlink:type="locator"/>
    <link:reference xlink:label="res_18" xlink:role="http://www.xbrl.org/2003/role/disclosureRef" xlink:type="resource">
      <ref:Name>IAS</ref:Name>
      <ref:Number>40</ref:Number>
      <ref:IssueDate>2010-01-01</ref:IssueDate>
      <ref:Paragraph>76</ref:Paragraph>
      <ref:Subparagraph>f</ref:Subparagraph>
      <ref:URI>http://eifrs.iasb.org/eifrs/XBRL?type=IAS&amp;num=40&amp;date=2010-04-30&amp;anchor=para_76_f&amp;doctype=Standard</ref:URI>
      <ref:URIDate>2010-04-30</ref:URIDate>
    </link:reference>
    <link:referenceArc xlink:arcrole="http://www.xbrl.org/2003/arcrole/concept-reference" xlink:from="loc_21" xlink:to="res_18" xlink:type="arc"/>
    <link:reference xlink:label="res_19" xlink:role="http://www.xbrl.org/2003/role/disclosureRef" xlink:type="resource">
      <ref:Name>IAS</ref:Name>
      <ref:Number>40</ref:Number>
      <ref:IssueDate>2010-01-01</ref:IssueDate>
      <ref:Paragraph>79</ref:Paragraph>
      <ref:Subparagraph>d</ref:Subparagraph>
      <ref:Clause>vii</ref:Clause>
      <ref:URI>http://eifrs.iasb.org/eifrs/XBRL?type=IAS&amp;num=40&amp;date=2010-04-30&amp;anchor=para_79_d_vii&amp;doctype=Standard</ref:URI>
      <ref:URIDate>2010-04-30</ref:URIDate>
    </link:reference>
    <link:referenceArc xlink:arcrole="http://www.xbrl.org/2003/arcrole/concept-reference" xlink:from="loc_21" xlink:to="res_19" xlink:type="arc"/>
    <link:loc xlink:href="../../ifrs-cor_2010-04-30.xsd#ifrs_AcquisitionsThroughBusinessCombinationsInvestmentProperty" xlink:label="loc_22" xlink:type="locator"/>
    <link:reference xlink:label="res_20" xlink:role="http://www.xbrl.org/2003/role/disclosureRef" xlink:type="resource">
      <ref:Name>IAS</ref:Name>
      <ref:Number>40</ref:Number>
      <ref:IssueDate>2010-01-01</ref:IssueDate>
      <ref:Paragraph>76</ref:Paragraph>
      <ref:Subparagraph>b</ref:Subparagraph>
      <ref:URI>http://eifrs.iasb.org/eifrs/XBRL?type=IAS&amp;num=40&amp;date=2010-04-30&amp;anchor=para_76_b&amp;doctype=Standard</ref:URI>
      <ref:URIDate>2010-04-30</ref:URIDate>
    </link:reference>
    <link:referenceArc xlink:arcrole="http://www.xbrl.org/2003/arcrole/concept-reference" xlink:from="loc_22" xlink:to="res_20" xlink:type="arc"/>
    <link:reference xlink:label="res_22" xlink:role="http://www.xbrl.org/2003/role/disclosureRef" xlink:type="resource">
      <ref:Name>IAS</ref:Name>
      <ref:Number>40</ref:Number>
      <ref:IssueDate>2010-01-01</ref:IssueDate>
      <ref:Paragraph>79</ref:Paragraph>
      <ref:Subparagraph>d</ref:Subparagraph>
      <ref:Clause>ii</ref:Clause>
      <ref:URI>http://eifrs.iasb.org/eifrs/XBRL?type=IAS&amp;num=40&amp;date=2010-04-30&amp;anchor=para_79_d_ii&amp;doctype=Standard</ref:URI>
      <ref:URIDate>2010-04-30</ref:URIDate>
    </link:reference>
    <link:referenceArc xlink:arcrole="http://www.xbrl.org/2003/arcrole/concept-reference" xlink:from="loc_22" xlink:to="res_22" xlink:type="arc"/>
    <link:loc xlink:href="../../ifrs-cor_2010-04-30.xsd#ifrs_DisclosureOfInvestmentPropertyTable" xlink:label="loc_2" xlink:type="locator"/>
    <link:reference xlink:label="res_29" xlink:role="http://www.xbrl.org/2003/role/disclosureRef" xlink:type="resource">
      <ref:Name>IAS</ref:Name>
      <ref:Number>40</ref:Number>
      <ref:IssueDate>2010-01-01</ref:IssueDate>
      <ref:Paragraph>32A</ref:Paragraph>
      <ref:URI>http://eifrs.iasb.org/eifrs/XBRL?type=IAS&amp;num=40&amp;date=2010-04-30&amp;anchor=para_32A&amp;doctype=Standard</ref:URI>
      <ref:URIDate>2010-04-30</ref:URIDate>
    </link:reference>
    <link:referenceArc xlink:arcrole="http://www.xbrl.org/2003/arcrole/concept-reference" xlink:from="loc_2" xlink:to="res_29" xlink:type="arc"/>
    <link:loc xlink:href="../../ifrs-cor_2010-04-30.xsd#ifrs_DisclosureOfInvestmentPropertyExplanatory" xlink:label="loc_20" xlink:type="locator"/>
    <link:reference xlink:label="res_33" xlink:role="http://www.xbrl.org/2003/role/disclosureRef" xlink:type="resource">
      <ref:Name>IAS</ref:Name>
      <ref:Number>40</ref:Number>
      <ref:IssueDate>2010-01-01</ref:IssueDate>
      <ref:Section>Disclosure</ref:Section>
      <ref:URI>http://eifrs.iasb.org/eifrs/XBRL?type=IAS&amp;num=40&amp;date=2010-04-30&amp;anchor=sect_Disclosure&amp;doctype=Standard</ref:URI>
      <ref:URIDate>2010-04-30</ref:URIDate>
    </link:reference>
    <link:referenceArc xlink:arcrole="http://www.xbrl.org/2003/arcrole/concept-reference" xlink:from="loc_20" xlink:to="res_33" xlink:type="arc"/>
    <link:loc xlink:href="../../ifrs-cor_2010-04-30.xsd#ifrs_MeasurementAxis" xlink:label="loc_12" xlink:type="locator"/>
    <link:referenceArc xlink:arcrole="http://www.xbrl.org/2003/arcrole/concept-reference" xlink:from="loc_12" xlink:to="res_29" xlink:type="arc"/>
    <link:loc xlink:href="../../ifrs-cor_2010-04-30.xsd#ifrs_AtCostMember" xlink:label="loc_23" xlink:type="locator"/>
    <link:referenceArc xlink:arcrole="http://www.xbrl.org/2003/arcrole/concept-reference" xlink:from="loc_23" xlink:to="res_29" xlink:type="arc"/>
    <link:loc xlink:href="../../ifrs-cor_2010-04-30.xsd#ifrs_AtFairValueMember" xlink:label="loc_24" xlink:type="locator"/>
    <link:referenceArc xlink:arcrole="http://www.xbrl.org/2003/arcrole/concept-reference" xlink:from="loc_24" xlink:to="res_29" xlink:type="arc"/>
    <link:loc xlink:href="../../ifrs-cor_2010-04-30.xsd#ifrs_AggregatedMeasurementMember" xlink:label="loc_18" xlink:type="locator"/>
    <link:referenceArc xlink:arcrole="http://www.xbrl.org/2003/arcrole/concept-reference" xlink:from="loc_18" xlink:to="res_29" xlink:type="arc"/>
    <link:loc xlink:href="../../ifrs-cor_2010-04-30.xsd#ifrs_IncreaseDecreaseThroughOtherChangesInvestmentProperty" xlink:label="loc_26" xlink:type="locator"/>
    <link:reference xlink:label="res_35" xlink:role="http://www.xbrl.org/2003/role/disclosureRef" xlink:type="resource">
      <ref:Name>IAS</ref:Name>
      <ref:Number>40</ref:Number>
      <ref:IssueDate>2010-01-01</ref:IssueDate>
      <ref:Paragraph>79</ref:Paragraph>
      <ref:Subparagraph>d</ref:Subparagraph>
      <ref:Clause>viii</ref:Clause>
      <ref:URI>http://eifrs.iasb.org/eifrs/XBRL?type=IAS&amp;num=40&amp;date=2010-04-30&amp;anchor=para_79_d_viii&amp;doctype=Standard</ref:URI>
      <ref:URIDate>2010-04-30</ref:URIDate>
    </link:reference>
    <link:referenceArc xlink:arcrole="http://www.xbrl.org/2003/arcrole/concept-reference" xlink:from="loc_26" xlink:to="res_35" xlink:type="arc"/>
    <link:reference xlink:label="res_39" xlink:role="http://www.xbrl.org/2003/role/disclosureRef" xlink:type="resource">
      <ref:Name>IAS</ref:Name>
      <ref:Number>40</ref:Number>
      <ref:IssueDate>2010-01-01</ref:IssueDate>
      <ref:Paragraph>76</ref:Paragraph>
      <ref:Subparagraph>g</ref:Subparagraph>
      <ref:URI>http://eifrs.iasb.org/eifrs/XBRL?type=IAS&amp;num=40&amp;date=2010-04-30&amp;anchor=para_76_g&amp;doctype=Standard</ref:URI>
      <ref:URIDate>2010-04-30</ref:URIDate>
    </link:reference>
    <link:referenceArc xlink:arcrole="http://www.xbrl.org/2003/arcrole/concept-reference" xlink:from="loc_26" xlink:to="res_39" xlink:type="arc"/>
    <link:loc xlink:href="../../ifrs-cor_2010-04-30.xsd#ifrs_ReversalOfImpairmentLossRecognisedInProfitOrLossInvestmentProperty" xlink:label="loc_13" xlink:type="locator"/>
    <link:referenceArc xlink:arcrole="http://www.xbrl.org/2003/arcrole/concept-reference" xlink:from="loc_13" xlink:to="res_39" xlink:type="arc"/>
    <link:reference xlink:label="res_17" xlink:role="http://www.xbrl.org/2003/role/disclosureRef" xlink:type="resource">
      <ref:Name>IAS</ref:Name>
      <ref:Number>40</ref:Number>
      <ref:IssueDate>2010-01-01</ref:IssueDate>
      <ref:Paragraph>79</ref:Paragraph>
      <ref:Subparagraph>d</ref:Subparagraph>
      <ref:Clause>v</ref:Clause>
      <ref:URI>http://eifrs.iasb.org/eifrs/XBRL?type=IAS&amp;num=40&amp;date=2010-04-30&amp;anchor=para_79_d_v&amp;doctype=Standard</ref:URI>
      <ref:URIDate>2010-04-30</ref:URIDate>
    </link:reference>
    <link:referenceArc xlink:arcrole="http://www.xbrl.org/2003/arcrole/concept-reference" xlink:from="loc_13" xlink:to="res_17" xlink:type="arc"/>
    <link:loc xlink:href="../../ifrs-cor_2010-04-30.xsd#ifrs_ImpairmentLossRecognisedInProfitOrLossInvestmentProperty" xlink:label="loc_14" xlink:type="locator"/>
    <link:referenceArc xlink:arcrole="http://www.xbrl.org/2003/arcrole/concept-reference" xlink:from="loc_14" xlink:to="res_39" xlink:type="arc"/>
    <link:referenceArc xlink:arcrole="http://www.xbrl.org/2003/arcrole/concept-reference" xlink:from="loc_14" xlink:to="res_17" xlink:type="arc"/>
    <link:loc xlink:href="../../ifrs-cor_2010-04-30.xsd#ifrs_AdditionsFromAcquisitionsInvestmentProperty" xlink:label="loc_27" xlink:type="locator"/>
    <link:referenceArc xlink:arcrole="http://www.xbrl.org/2003/arcrole/concept-reference" xlink:from="loc_27" xlink:to="res_7" xlink:type="arc"/>
    <link:referenceArc xlink:arcrole="http://www.xbrl.org/2003/arcrole/concept-reference" xlink:from="loc_27" xlink:to="res_8" xlink:type="arc"/>
    <link:loc xlink:href="../../ifrs-cor_2010-04-30.xsd#ifrs_AdditionsFromSubsequentExpenditureRecognisedAsAssetInvestmentProperty" xlink:label="loc_28" xlink:type="locator"/>
    <link:referenceArc xlink:arcrole="http://www.xbrl.org/2003/arcrole/concept-reference" xlink:from="loc_28" xlink:to="res_7" xlink:type="arc"/>
    <link:referenceArc xlink:arcrole="http://www.xbrl.org/2003/arcrole/concept-reference" xlink:from="loc_28" xlink:to="res_8" xlink:type="arc"/>
    <link:loc xlink:href="../../ifrs-cor_2010-04-30.xsd#ifrs_DepreciationInvestmentProperty" xlink:label="loc_29" xlink:type="locator"/>
    <link:reference xlink:label="res_21" xlink:role="http://www.xbrl.org/2003/role/disclosureRef" xlink:type="resource">
      <ref:Name>IAS</ref:Name>
      <ref:Number>40</ref:Number>
      <ref:IssueDate>2010-01-01</ref:IssueDate>
      <ref:Paragraph>79</ref:Paragraph>
      <ref:Subparagraph>d</ref:Subparagraph>
      <ref:Clause>iv</ref:Clause>
      <ref:URI>http://eifrs.iasb.org/eifrs/XBRL?type=IAS&amp;num=40&amp;date=2010-04-30&amp;anchor=para_79_d_iv&amp;doctype=Standard</ref:URI>
      <ref:URIDate>2010-04-30</ref:URIDate>
    </link:reference>
    <link:referenceArc xlink:arcrole="http://www.xbrl.org/2003/arcrole/concept-reference" xlink:from="loc_29" xlink:to="res_21" xlink:type="arc"/>
    <link:referenceArc xlink:arcrole="http://www.xbrl.org/2003/arcrole/concept-reference" xlink:from="loc_29" xlink:to="res" xlink:type="arc"/>
    <link:loc xlink:href="../../ifrs-cor_2010-04-30.xsd#ifrs_ExplanationWhyFairValueCannotBeReliablyMeasuredForInvestmentPropertyCostModel" xlink:label="loc_30" xlink:type="locator"/>
    <link:reference xlink:label="res_23" xlink:role="http://www.xbrl.org/2003/role/disclosureRef" xlink:type="resource">
      <ref:Name>IAS</ref:Name>
      <ref:Number>40</ref:Number>
      <ref:IssueDate>2010-01-01</ref:IssueDate>
      <ref:Paragraph>79</ref:Paragraph>
      <ref:Subparagraph>e</ref:Subparagraph>
      <ref:Clause>ii</ref:Clause>
      <ref:URI>http://eifrs.iasb.org/eifrs/XBRL?type=IAS&amp;num=40&amp;date=2010-04-30&amp;anchor=para_79_e_ii&amp;doctype=Standard</ref:URI>
      <ref:URIDate>2010-04-30</ref:URIDate>
    </link:reference>
    <link:referenceArc xlink:arcrole="http://www.xbrl.org/2003/arcrole/concept-reference" xlink:from="loc_30" xlink:to="res_23" xlink:type="arc"/>
    <link:loc xlink:href="../../ifrs-cor_2010-04-30.xsd#ifrs_CumulativeChangeInFairValueRecognisedInProfitOrLossOnSalesOfInvestmentPropertyBetweenPoolsOfAssetsMeasuredUsingDifferentModels" xlink:label="loc_31" xlink:type="locator"/>
    <link:reference xlink:label="res_24" xlink:role="http://www.xbrl.org/2003/role/disclosureRef" xlink:type="resource">
      <ref:Name>IAS</ref:Name>
      <ref:Number>40</ref:Number>
      <ref:IssueDate>2010-01-01</ref:IssueDate>
      <ref:Paragraph>75</ref:Paragraph>
      <ref:Subparagraph>f</ref:Subparagraph>
      <ref:Clause>iv</ref:Clause>
      <ref:URI>http://eifrs.iasb.org/eifrs/XBRL?type=IAS&amp;num=40&amp;date=2010-04-30&amp;anchor=para_75_f_iv&amp;doctype=Standard</ref:URI>
      <ref:URIDate>2010-04-30</ref:URIDate>
    </link:reference>
    <link:referenceArc xlink:arcrole="http://www.xbrl.org/2003/arcrole/concept-reference" xlink:from="loc_31" xlink:to="res_24" xlink:type="arc"/>
    <link:loc xlink:href="../../ifrs-cor_2010-04-30.xsd#ifrs_ExplanationOfCircumstancesUnderWhichOperatingLeasesClassifiedAsInvestmentProperty" xlink:label="loc_33" xlink:type="locator"/>
    <link:reference xlink:label="res_28" xlink:role="http://www.xbrl.org/2003/role/disclosureRef" xlink:type="resource">
      <ref:Name>IAS</ref:Name>
      <ref:Number>40</ref:Number>
      <ref:IssueDate>2010-01-01</ref:IssueDate>
      <ref:Paragraph>75</ref:Paragraph>
      <ref:Subparagraph>b</ref:Subparagraph>
      <ref:URI>http://eifrs.iasb.org/eifrs/XBRL?type=IAS&amp;num=40&amp;date=2010-04-30&amp;anchor=para_75_b&amp;doctype=Standard</ref:URI>
      <ref:URIDate>2010-04-30</ref:URIDate>
    </link:reference>
    <link:referenceArc xlink:arcrole="http://www.xbrl.org/2003/arcrole/concept-reference" xlink:from="loc_33" xlink:to="res_28" xlink:type="arc"/>
    <link:loc xlink:href="../../ifrs-cor_2010-04-30.xsd#ifrs_DirectOperatingExpenseFromInvestmentPropertyGeneratingRentalIncome" xlink:label="loc_34" xlink:type="locator"/>
    <link:reference xlink:label="res_32" xlink:role="http://www.xbrl.org/2003/role/disclosureRef" xlink:type="resource">
      <ref:Name>IAS</ref:Name>
      <ref:Number>40</ref:Number>
      <ref:IssueDate>2010-01-01</ref:IssueDate>
      <ref:Paragraph>75</ref:Paragraph>
      <ref:Subparagraph>f</ref:Subparagraph>
      <ref:Clause>ii</ref:Clause>
      <ref:URI>http://eifrs.iasb.org/eifrs/XBRL?type=IAS&amp;num=40&amp;date=2010-04-30&amp;anchor=para_75_f_ii&amp;doctype=Standard</ref:URI>
      <ref:URIDate>2010-04-30</ref:URIDate>
    </link:reference>
    <link:referenceArc xlink:arcrole="http://www.xbrl.org/2003/arcrole/concept-reference" xlink:from="loc_34" xlink:to="res_32" xlink:type="arc"/>
    <link:loc xlink:href="../../ifrs-cor_2010-04-30.xsd#ifrs_ModelUsedToMeasureInvestmentProperty" xlink:label="loc_35" xlink:type="locator"/>
    <link:reference xlink:label="res_37" xlink:role="http://www.xbrl.org/2003/role/disclosureRef" xlink:type="resource">
      <ref:Name>IAS</ref:Name>
      <ref:Number>40</ref:Number>
      <ref:IssueDate>2010-01-01</ref:IssueDate>
      <ref:Paragraph>75</ref:Paragraph>
      <ref:Subparagraph>a</ref:Subparagraph>
      <ref:URI>http://eifrs.iasb.org/eifrs/XBRL?type=IAS&amp;num=40&amp;date=2010-04-30&amp;anchor=para_75_a&amp;doctype=Standard</ref:URI>
      <ref:URIDate>2010-04-30</ref:URIDate>
    </link:reference>
    <link:referenceArc xlink:arcrole="http://www.xbrl.org/2003/arcrole/concept-reference" xlink:from="loc_35" xlink:to="res_37" xlink:type="arc"/>
    <link:loc xlink:href="../../ifrs-cor_2010-04-30.xsd#ifrs_RentalIncomeFromInvestmentProperty" xlink:label="loc_36" xlink:type="locator"/>
    <link:reference xlink:label="res_40" xlink:role="http://www.xbrl.org/2003/role/disclosureRef" xlink:type="resource">
      <ref:Name>IAS</ref:Name>
      <ref:Number>40</ref:Number>
      <ref:IssueDate>2010-01-01</ref:IssueDate>
      <ref:Paragraph>75</ref:Paragraph>
      <ref:Subparagraph>f</ref:Subparagraph>
      <ref:Clause>i</ref:Clause>
      <ref:URI>http://eifrs.iasb.org/eifrs/XBRL?type=IAS&amp;num=40&amp;date=2010-04-30&amp;anchor=para_75_f_i&amp;doctype=Standard</ref:URI>
      <ref:URIDate>2010-04-30</ref:URIDate>
    </link:reference>
    <link:referenceArc xlink:arcrole="http://www.xbrl.org/2003/arcrole/concept-reference" xlink:from="loc_36" xlink:to="res_40" xlink:type="arc"/>
    <link:loc xlink:href="../../ifrs-cor_2010-04-30.xsd#ifrs_DecreaseThroughClassifiedAsHeldForSaleInvestmentProperty" xlink:label="loc_37" xlink:type="locator"/>
    <link:reference xlink:label="res_42" xlink:role="http://www.xbrl.org/2003/role/disclosureRef" xlink:type="resource">
      <ref:Name>IAS</ref:Name>
      <ref:Number>40</ref:Number>
      <ref:IssueDate>2010-01-01</ref:IssueDate>
      <ref:Paragraph>76</ref:Paragraph>
      <ref:Subparagraph>c</ref:Subparagraph>
      <ref:URI>http://eifrs.iasb.org/eifrs/XBRL?type=IAS&amp;num=40&amp;date=2010-04-30&amp;anchor=para_76_c&amp;doctype=Standard</ref:URI>
      <ref:URIDate>2010-04-30</ref:URIDate>
    </link:reference>
    <link:referenceArc xlink:arcrole="http://www.xbrl.org/2003/arcrole/concept-reference" xlink:from="loc_37" xlink:to="res_42" xlink:type="arc"/>
    <link:reference xlink:label="res_43" xlink:role="http://www.xbrl.org/2003/role/disclosureRef" xlink:type="resource">
      <ref:Name>IAS</ref:Name>
      <ref:Number>40</ref:Number>
      <ref:IssueDate>2010-01-01</ref:IssueDate>
      <ref:Paragraph>79</ref:Paragraph>
      <ref:Subparagraph>d</ref:Subparagraph>
      <ref:Clause>iii</ref:Clause>
      <ref:URI>http://eifrs.iasb.org/eifrs/XBRL?type=IAS&amp;num=40&amp;date=2010-04-30&amp;anchor=para_79_d_iii&amp;doctype=Standard</ref:URI>
      <ref:URIDate>2010-04-30</ref:URIDate>
    </link:reference>
    <link:referenceArc xlink:arcrole="http://www.xbrl.org/2003/arcrole/concept-reference" xlink:from="loc_37" xlink:to="res_43" xlink:type="arc"/>
    <link:loc xlink:href="../../ifrs-cor_2010-04-30.xsd#ifrs_DisposalsInvestmentProperty" xlink:label="loc_38" xlink:type="locator"/>
    <link:referenceArc xlink:arcrole="http://www.xbrl.org/2003/arcrole/concept-reference" xlink:from="loc_38" xlink:to="res_42" xlink:type="arc"/>
    <link:referenceArc xlink:arcrole="http://www.xbrl.org/2003/arcrole/concept-reference" xlink:from="loc_38" xlink:to="res_43" xlink:type="arc"/>
    <link:loc xlink:href="../../ifrs-cor_2010-04-30.xsd#ifrs_DisclosureOfSignificantAdjustmentsToValuationObtainedExplanatory" xlink:label="loc_39" xlink:type="locator"/>
    <link:reference xlink:label="res_45" xlink:role="http://www.xbrl.org/2003/role/disclosureRef" xlink:type="resource">
      <ref:Name>IAS</ref:Name>
      <ref:Number>40</ref:Number>
      <ref:IssueDate>2010-01-01</ref:IssueDate>
      <ref:Paragraph>77</ref:Paragraph>
      <ref:URI>http://eifrs.iasb.org/eifrs/XBRL?type=IAS&amp;num=40&amp;date=2010-04-30&amp;anchor=para_77&amp;doctype=Standard</ref:URI>
      <ref:URIDate>2010-04-30</ref:URIDate>
    </link:reference>
    <link:referenceArc xlink:arcrole="http://www.xbrl.org/2003/arcrole/concept-reference" xlink:from="loc_39" xlink:to="res_45" xlink:type="arc"/>
    <link:loc xlink:href="../../ifrs-cor_2010-04-30.xsd#ifrs_RangeOfEstimatesWithinWhichFairValueIsLikelyToLieForInvestmentPropertyAtCostWithinFairValueModel" xlink:label="loc_41" xlink:type="locator"/>
    <link:reference xlink:label="res_46" xlink:role="http://www.xbrl.org/2003/role/disclosureRef" xlink:type="resource">
      <ref:Name>IAS</ref:Name>
      <ref:Number>40</ref:Number>
      <ref:IssueDate>2010-01-01</ref:IssueDate>
      <ref:Paragraph>78</ref:Paragraph>
      <ref:Subparagraph>c</ref:Subparagraph>
      <ref:URI>http://eifrs.iasb.org/eifrs/XBRL?type=IAS&amp;num=40&amp;date=2010-04-30&amp;anchor=para_78_c&amp;doctype=Standard</ref:URI>
      <ref:URIDate>2010-04-30</ref:URIDate>
    </link:reference>
    <link:referenceArc xlink:arcrole="http://www.xbrl.org/2003/arcrole/concept-reference" xlink:from="loc_41" xlink:to="res_46" xlink:type="arc"/>
    <link:loc xlink:href="../../ifrs-cor_2010-04-30.xsd#ifrs_ExplanationWhyFairValueCannotBeReliablyMeasuredForInvestmentPropertyAtCostWithinFairValueModel" xlink:label="loc_42" xlink:type="locator"/>
    <link:reference xlink:label="res_48" xlink:role="http://www.xbrl.org/2003/role/disclosureRef" xlink:type="resource">
      <ref:Name>IAS</ref:Name>
      <ref:Number>40</ref:Number>
      <ref:IssueDate>2010-01-01</ref:IssueDate>
      <ref:Paragraph>78</ref:Paragraph>
      <ref:Subparagraph>b</ref:Subparagraph>
      <ref:URI>http://eifrs.iasb.org/eifrs/XBRL?type=IAS&amp;num=40&amp;date=2010-04-30&amp;anchor=para_78_b&amp;doctype=Standard</ref:URI>
      <ref:URIDate>2010-04-30</ref:URIDate>
    </link:reference>
    <link:referenceArc xlink:arcrole="http://www.xbrl.org/2003/arcrole/concept-reference" xlink:from="loc_42" xlink:to="res_48" xlink:type="arc"/>
    <link:loc xlink:href="../../ifrs-cor_2010-04-30.xsd#ifrs_ExplanationOfDisposalOfInvestmentPropertyCarriedAtCostWithinFairValueModel" xlink:label="loc_43" xlink:type="locator"/>
    <link:reference xlink:label="res_49" xlink:role="http://www.xbrl.org/2003/role/disclosureRef" xlink:type="resource">
      <ref:Name>IAS</ref:Name>
      <ref:Number>40</ref:Number>
      <ref:IssueDate>2010-01-01</ref:IssueDate>
      <ref:Paragraph>78</ref:Paragraph>
      <ref:Subparagraph>d</ref:Subparagraph>
      <ref:Clause>i</ref:Clause>
      <ref:URI>http://eifrs.iasb.org/eifrs/XBRL?type=IAS&amp;num=40&amp;date=2010-04-30&amp;anchor=para_78_d_i&amp;doctype=Standard</ref:URI>
      <ref:URIDate>2010-04-30</ref:URIDate>
    </link:reference>
    <link:referenceArc xlink:arcrole="http://www.xbrl.org/2003/arcrole/concept-reference" xlink:from="loc_43" xlink:to="res_49" xlink:type="arc"/>
    <link:loc xlink:href="../../ifrs-cor_2010-04-30.xsd#ifrs_GainsLossesOnDisposalsOfInvestmentPropertyCarriedAtCostWithinFairValueModel" xlink:label="loc_44" xlink:type="locator"/>
    <link:reference xlink:label="res_25" xlink:role="http://www.xbrl.org/2003/role/disclosureRef" xlink:type="resource">
      <ref:Name>IAS</ref:Name>
      <ref:Number>40</ref:Number>
      <ref:IssueDate>2010-01-01</ref:IssueDate>
      <ref:Paragraph>78</ref:Paragraph>
      <ref:Subparagraph>d</ref:Subparagraph>
      <ref:Clause>iii</ref:Clause>
      <ref:URI>http://eifrs.iasb.org/eifrs/XBRL?type=IAS&amp;num=40&amp;date=2010-04-30&amp;anchor=para_78_d_iii&amp;doctype=Standard</ref:URI>
      <ref:URIDate>2010-04-30</ref:URIDate>
    </link:reference>
    <link:referenceArc xlink:arcrole="http://www.xbrl.org/2003/arcrole/concept-reference" xlink:from="loc_44" xlink:to="res_25" xlink:type="arc"/>
    <link:loc xlink:href="../../ifrs-cor_2010-04-30.xsd#ifrs_DescriptionOfInvestmentPropertyAtCostWithinFairValueModel" xlink:label="loc_47" xlink:type="locator"/>
    <link:reference xlink:label="res_26" xlink:role="http://www.xbrl.org/2003/role/disclosureRef" xlink:type="resource">
      <ref:Name>IAS</ref:Name>
      <ref:Number>40</ref:Number>
      <ref:IssueDate>2010-01-01</ref:IssueDate>
      <ref:Paragraph>78</ref:Paragraph>
      <ref:Subparagraph>a</ref:Subparagraph>
      <ref:URI>http://eifrs.iasb.org/eifrs/XBRL?type=IAS&amp;num=40&amp;date=2010-04-30&amp;anchor=para_78_a&amp;doctype=Standard</ref:URI>
      <ref:URIDate>2010-04-30</ref:URIDate>
    </link:reference>
    <link:referenceArc xlink:arcrole="http://www.xbrl.org/2003/arcrole/concept-reference" xlink:from="loc_47" xlink:to="res_26" xlink:type="arc"/>
    <link:loc xlink:href="../../ifrs-cor_2010-04-30.xsd#ifrs_CarryingAmountAtTimeOfSaleOfInvestmentPropertyCarriedAtCostWithinFairValueModel" xlink:label="loc_48" xlink:type="locator"/>
    <link:reference xlink:label="res_27" xlink:role="http://www.xbrl.org/2003/role/disclosureRef" xlink:type="resource">
      <ref:Name>IAS</ref:Name>
      <ref:Number>40</ref:Number>
      <ref:IssueDate>2010-01-01</ref:IssueDate>
      <ref:Paragraph>78</ref:Paragraph>
      <ref:Subparagraph>d</ref:Subparagraph>
      <ref:Clause>ii</ref:Clause>
      <ref:URI>http://eifrs.iasb.org/eifrs/XBRL?type=IAS&amp;num=40&amp;date=2010-04-30&amp;anchor=para_78_d_ii&amp;doctype=Standard</ref:URI>
      <ref:URIDate>2010-04-30</ref:URIDate>
    </link:reference>
    <link:referenceArc xlink:arcrole="http://www.xbrl.org/2003/arcrole/concept-reference" xlink:from="loc_48" xlink:to="res_27" xlink:type="arc"/>
    <link:loc xlink:href="../../ifrs-cor_2010-04-30.xsd#ifrs_RangeOfEstimatesWithinWhichFairValueIsLikelyToLieForInvestmentPropertyCostModel" xlink:label="loc_49" xlink:type="locator"/>
    <link:reference xlink:label="res_30" xlink:role="http://www.xbrl.org/2003/role/disclosureRef" xlink:type="resource">
      <ref:Name>IAS</ref:Name>
      <ref:Number>40</ref:Number>
      <ref:IssueDate>2010-01-01</ref:IssueDate>
      <ref:Paragraph>79</ref:Paragraph>
      <ref:Subparagraph>e</ref:Subparagraph>
      <ref:Clause>iii</ref:Clause>
      <ref:URI>http://eifrs.iasb.org/eifrs/XBRL?type=IAS&amp;num=40&amp;date=2010-04-30&amp;anchor=para_79_e_iii&amp;doctype=Standard</ref:URI>
      <ref:URIDate>2010-04-30</ref:URIDate>
    </link:reference>
    <link:referenceArc xlink:arcrole="http://www.xbrl.org/2003/arcrole/concept-reference" xlink:from="loc_49" xlink:to="res_30" xlink:type="arc"/>
    <link:loc xlink:href="../../ifrs-cor_2010-04-30.xsd#ifrs_DescriptionOfInvestmentPropertyWhereFairValueInformationIsUnreliableCostModel" xlink:label="loc_51" xlink:type="locator"/>
    <link:reference xlink:label="res_31" xlink:role="http://www.xbrl.org/2003/role/disclosureRef" xlink:type="resource">
      <ref:Name>IAS</ref:Name>
      <ref:Number>40</ref:Number>
      <ref:IssueDate>2010-01-01</ref:IssueDate>
      <ref:Paragraph>79</ref:Paragraph>
      <ref:Subparagraph>e</ref:Subparagraph>
      <ref:Clause>i</ref:Clause>
      <ref:URI>http://eifrs.iasb.org/eifrs/XBRL?type=IAS&amp;num=40&amp;date=2010-04-30&amp;anchor=para_79_e_i&amp;doctype=Standard</ref:URI>
      <ref:URIDate>2010-04-30</ref:URIDate>
    </link:reference>
    <link:referenceArc xlink:arcrole="http://www.xbrl.org/2003/arcrole/concept-reference" xlink:from="loc_51" xlink:to="res_31" xlink:type="arc"/>
    <link:loc xlink:href="../../ifrs-cor_2010-04-30.xsd#ifrs_UsefulLivesOrDepreciationRatesInvestmentPropertyCostModel" xlink:label="loc_52" xlink:type="locator"/>
    <link:reference xlink:label="res_34" xlink:role="http://www.xbrl.org/2003/role/disclosureRef" xlink:type="resource">
      <ref:Name>IAS</ref:Name>
      <ref:Number>40</ref:Number>
      <ref:IssueDate>2010-01-01</ref:IssueDate>
      <ref:Paragraph>79</ref:Paragraph>
      <ref:Subparagraph>b</ref:Subparagraph>
      <ref:URI>http://eifrs.iasb.org/eifrs/XBRL?type=IAS&amp;num=40&amp;date=2010-04-30&amp;anchor=para_79_b&amp;doctype=Standard</ref:URI>
      <ref:URIDate>2010-04-30</ref:URIDate>
    </link:reference>
    <link:referenceArc xlink:arcrole="http://www.xbrl.org/2003/arcrole/concept-reference" xlink:from="loc_52" xlink:to="res_34" xlink:type="arc"/>
    <link:loc xlink:href="../../ifrs-cor_2010-04-30.xsd#ifrs_DepreciationMethodInvestmentPropertyCostModel" xlink:label="loc_53" xlink:type="locator"/>
    <link:reference xlink:label="res_36" xlink:role="http://www.xbrl.org/2003/role/disclosureRef" xlink:type="resource">
      <ref:Name>IAS</ref:Name>
      <ref:Number>40</ref:Number>
      <ref:IssueDate>2010-01-01</ref:IssueDate>
      <ref:Paragraph>79</ref:Paragraph>
      <ref:Subparagraph>a</ref:Subparagraph>
      <ref:URI>http://eifrs.iasb.org/eifrs/XBRL?type=IAS&amp;num=40&amp;date=2010-04-30&amp;anchor=para_79_a&amp;doctype=Standard</ref:URI>
      <ref:URIDate>2010-04-30</ref:URIDate>
    </link:reference>
    <link:referenceArc xlink:arcrole="http://www.xbrl.org/2003/arcrole/concept-reference" xlink:from="loc_53" xlink:to="res_36" xlink:type="arc"/>
    <link:loc xlink:href="../../ifrs-cor_2010-04-30.xsd#ifrs_DescriptionOfCriteriaUsedToDistinguishInvestmentPropertyFromOwneroccupiedPropertyAndFromPropertyHeldSaleInOrdinaryCourseOfBusiness" xlink:label="loc_54" xlink:type="locator"/>
    <link:reference xlink:label="res_38" xlink:role="http://www.xbrl.org/2003/role/disclosureRef" xlink:type="resource">
      <ref:Name>IAS</ref:Name>
      <ref:Number>40</ref:Number>
      <ref:IssueDate>2010-01-01</ref:IssueDate>
      <ref:Paragraph>75</ref:Paragraph>
      <ref:Subparagraph>c</ref:Subparagraph>
      <ref:URI>http://eifrs.iasb.org/eifrs/XBRL?type=IAS&amp;num=40&amp;date=2010-04-30&amp;anchor=para_75_c&amp;doctype=Standard</ref:URI>
      <ref:URIDate>2010-04-30</ref:URIDate>
    </link:reference>
    <link:referenceArc xlink:arcrole="http://www.xbrl.org/2003/arcrole/concept-reference" xlink:from="loc_54" xlink:to="res_38" xlink:type="arc"/>
    <link:loc xlink:href="../../ifrs-cor_2010-04-30.xsd#ifrs_DirectOperatingExpenseFromInvestmentPropertyNotGeneratingRentalIncome" xlink:label="loc_55" xlink:type="locator"/>
    <link:reference xlink:label="res_41" xlink:role="http://www.xbrl.org/2003/role/disclosureRef" xlink:type="resource">
      <ref:Name>IAS</ref:Name>
      <ref:Number>40</ref:Number>
      <ref:IssueDate>2010-01-01</ref:IssueDate>
      <ref:Paragraph>75</ref:Paragraph>
      <ref:Subparagraph>f</ref:Subparagraph>
      <ref:Clause>iii</ref:Clause>
      <ref:URI>http://eifrs.iasb.org/eifrs/XBRL?type=IAS&amp;num=40&amp;date=2010-04-30&amp;anchor=para_75_f_iii&amp;doctype=Standard</ref:URI>
      <ref:URIDate>2010-04-30</ref:URIDate>
    </link:reference>
    <link:referenceArc xlink:arcrole="http://www.xbrl.org/2003/arcrole/concept-reference" xlink:from="loc_55" xlink:to="res_41" xlink:type="arc"/>
    <link:loc xlink:href="../../ifrs-cor_2010-04-30.xsd#ifrs_InvestmentPropertyGross" xlink:label="loc_9" xlink:type="locator"/>
    <link:referenceArc xlink:arcrole="http://www.xbrl.org/2003/arcrole/concept-reference" xlink:from="loc_9" xlink:to="res" xlink:type="arc"/>
    <link:referenceArc xlink:arcrole="http://www.xbrl.org/2003/arcrole/concept-reference" xlink:from="loc_9" xlink:to="res_2" xlink:type="arc"/>
    <link:loc xlink:href="../../ifrs-cor_2010-04-30.xsd#ifrs_InvestmentPropertyAccumulatedDepreciationAndImpairment" xlink:label="loc_10" xlink:type="locator"/>
    <link:referenceArc xlink:arcrole="http://www.xbrl.org/2003/arcrole/concept-reference" xlink:from="loc_10" xlink:to="res" xlink:type="arc"/>
    <link:referenceArc xlink:arcrole="http://www.xbrl.org/2003/arcrole/concept-reference" xlink:from="loc_10" xlink:to="res_2" xlink:type="arc"/>
    <link:loc xlink:href="../../ifrs-cor_2010-04-30.xsd#ifrs_AtCostWithinFairValueModelMember" xlink:label="loc_5" xlink:type="locator"/>
    <link:referenceArc xlink:arcrole="http://www.xbrl.org/2003/arcrole/concept-reference" xlink:from="loc_5" xlink:to="res_29" xlink:type="arc"/>
    <link:loc xlink:href="../../ifrs-cor_2010-04-30.xsd#ifrs_FairValueModelMember" xlink:label="loc_19" xlink:type="locator"/>
    <link:referenceArc xlink:arcrole="http://www.xbrl.org/2003/arcrole/concept-reference" xlink:from="loc_19" xlink:to="res_29" xlink:type="arc"/>
  </link:referenceLink>
</link:linkbase>
