<?xml version="1.0" encoding="UTF-8"?>
<!-- Generated by Fujitsu XWand B0184C -->
<link:linkbase xmlns:xsi="http://www.w3.org/2001/XMLSchema-instance" xsi:schemaLocation="http://www.xbrl.org/2003/linkbase http://www.xbrl.org/2003/xbrl-linkbase-2003-12-31.xsd" xmlns:xbrli="http://www.xbrl.org/2003/instance" xmlns:xlink="http://www.w3.org/1999/xlink" xmlns:link="http://www.xbrl.org/2003/linkbase">
  <link:labelLink xlink:type="extended" xlink:role="http://www.xbrl.org/2003/role/link">
    <link:loc xlink:type="locator" xlink:href="../tifrs-scf-2013-03-31.xsd#tifrs-SCF_DecreaseIncreaseInDueFromTheCentralBankAndCallLoansToBanks" xlink:label="DecreaseIncreaseInDueFromTheCentralBankAndCallLoansToBanks" xlink:title="DecreaseIncreaseInDueFromTheCentralBankAndCallLoansToBanks"/>
    <link:label xlink:type="resource" xlink:label="label_DecreaseIncreaseInDueFromTheCentralBankAndCallLoansToBanks" xlink:role="http://www.xbrl.org/2003/role/terseLabel" xlink:title="label_DecreaseIncreaseInDueFromTheCentralBankAndCallLoansToBanks" xml:lang="en" id="label_DecreaseIncreaseInDueFromTheCentralBankAndCallLoansToBanks">A71110</link:label>
    <link:labelArc xlink:type="arc" xlink:arcrole="http://www.xbrl.org/2003/arcrole/concept-label" xlink:from="DecreaseIncreaseInDueFromTheCentralBankAndCallLoansToBanks" xlink:to="label_DecreaseIncreaseInDueFromTheCentralBankAndCallLoansToBanks" xlink:title="label: DecreaseIncreaseInDueFromTheCentralBankAndCallLoansToBanks to label_DecreaseIncreaseInDueFromTheCentralBankAndCallLoansToBanks"/>
    <link:loc xlink:type="locator" xlink:href="../tifrs-scf-2013-03-31.xsd#tifrs-SCF_DecreaseIncreaseInFinancialAssetsAtFairValueThroughProfitOrLoss" xlink:label="DecreaseIncreaseInFinancialAssetsAtFairValueThroughProfitOrLoss" xlink:title="DecreaseIncreaseInFinancialAssetsAtFairValueThroughProfitOrLoss"/>
    <link:label xlink:type="resource" xlink:label="label_DecreaseIncreaseInFinancialAssetsAtFairValueThroughProfitOrLoss" xlink:role="http://www.xbrl.org/2003/role/terseLabel" xlink:title="label_DecreaseIncreaseInFinancialAssetsAtFairValueThroughProfitOrLoss" xml:lang="en" id="label_DecreaseIncreaseInFinancialAssetsAtFairValueThroughProfitOrLoss">A71120</link:label>
    <link:labelArc xlink:type="arc" xlink:arcrole="http://www.xbrl.org/2003/arcrole/concept-label" xlink:from="DecreaseIncreaseInFinancialAssetsAtFairValueThroughProfitOrLoss" xlink:to="label_DecreaseIncreaseInFinancialAssetsAtFairValueThroughProfitOrLoss" xlink:title="label: DecreaseIncreaseInFinancialAssetsAtFairValueThroughProfitOrLoss to label_DecreaseIncreaseInFinancialAssetsAtFairValueThroughProfitOrLoss"/>
    <link:loc xlink:type="locator" xlink:href="../tifrs-scf-2013-03-31.xsd#tifrs-SCF_DecreaseIncreaseInOtherAssets" xlink:label="DecreaseIncreaseInOtherAssets" xlink:title="DecreaseIncreaseInOtherAssets"/>
    <link:label xlink:type="resource" xlink:label="label_DecreaseIncreaseInOtherAssets" xlink:role="http://www.xbrl.org/2003/role/terseLabel" xlink:title="label_DecreaseIncreaseInOtherAssets" xml:lang="en" id="label_DecreaseIncreaseInOtherAssets">A71990</link:label>
    <link:labelArc xlink:type="arc" xlink:arcrole="http://www.xbrl.org/2003/arcrole/concept-label" xlink:from="DecreaseIncreaseInOtherAssets" xlink:to="label_DecreaseIncreaseInOtherAssets" xlink:title="label: DecreaseIncreaseInOtherAssets to label_DecreaseIncreaseInOtherAssets"/>
    <link:loc xlink:type="locator" xlink:href="../tifrs-scf-2013-03-31.xsd#tifrs-SCF_DecreaseIncreaseInReceivables" xlink:label="DecreaseIncreaseInReceivables" xlink:title="DecreaseIncreaseInReceivables"/>
    <link:label xlink:type="resource" xlink:label="label_DecreaseIncreaseInReceivables" xlink:role="http://www.xbrl.org/2003/role/terseLabel" xlink:title="label_DecreaseIncreaseInReceivables" xml:lang="en" id="label_DecreaseIncreaseInReceivables">A71160</link:label>
    <link:labelArc xlink:type="arc" xlink:arcrole="http://www.xbrl.org/2003/arcrole/concept-label" xlink:from="DecreaseIncreaseInReceivables" xlink:to="label_DecreaseIncreaseInReceivables" xlink:title="label: DecreaseIncreaseInReceivables to label_DecreaseIncreaseInReceivables"/>
    <link:loc xlink:type="locator" xlink:href="../tifrs-scf-2013-03-31.xsd#tifrs-SCF_DecreaseIncreaseInSecuritiesPurchasedUnderAgreementsToResell" xlink:label="DecreaseIncreaseInSecuritiesPurchasedUnderAgreementsToResell" xlink:title="DecreaseIncreaseInSecuritiesPurchasedUnderAgreementsToResell"/>
    <link:label xlink:type="resource" xlink:label="label_DecreaseIncreaseInSecuritiesPurchasedUnderAgreementsToResell" xlink:role="http://www.xbrl.org/2003/role/terseLabel" xlink:title="label_DecreaseIncreaseInSecuritiesPurchasedUnderAgreementsToResell" xml:lang="en" id="label_DecreaseIncreaseInSecuritiesPurchasedUnderAgreementsToResell">A71150</link:label>
    <link:labelArc xlink:type="arc" xlink:arcrole="http://www.xbrl.org/2003/arcrole/concept-label" xlink:from="DecreaseIncreaseInSecuritiesPurchasedUnderAgreementsToResell" xlink:to="label_DecreaseIncreaseInSecuritiesPurchasedUnderAgreementsToResell" xlink:title="label: DecreaseIncreaseInSecuritiesPurchasedUnderAgreementsToResell to label_DecreaseIncreaseInSecuritiesPurchasedUnderAgreementsToResell"/>
    <link:loc xlink:type="locator" xlink:href="../tifrs-scf-2013-03-31.xsd#tifrs-SCF_DecreaseIncreaseInHeldToMaturityFinancialAssets" xlink:label="DecreaseIncreaseInHeldToMaturityFinancialAssets" xlink:title="DecreaseIncreaseInHeldToMaturityFinancialAssets"/>
    <link:label xlink:type="resource" xlink:label="label_DecreaseIncreaseInHeldToMaturityFinancialAssets" xlink:role="http://www.xbrl.org/2003/role/terseLabel" xlink:title="label_DecreaseIncreaseInHeldToMaturityFinancialAssets" xml:lang="en" id="label_DecreaseIncreaseInHeldToMaturityFinancialAssets">A71190</link:label>
    <link:labelArc xlink:type="arc" xlink:arcrole="http://www.xbrl.org/2003/arcrole/concept-label" xlink:from="DecreaseIncreaseInHeldToMaturityFinancialAssets" xlink:to="label_DecreaseIncreaseInHeldToMaturityFinancialAssets" xlink:title="label: DecreaseIncreaseInHeldToMaturityFinancialAssets to label_DecreaseIncreaseInHeldToMaturityFinancialAssets"/>
    <link:loc xlink:type="locator" xlink:href="../tifrs-scf-2013-03-31.xsd#tifrs-SCF_DecreaseIncreaseInDerivativeFinancialAssetsForHedging" xlink:label="DecreaseIncreaseInDerivativeFinancialAssetsForHedging" xlink:title="DecreaseIncreaseInDerivativeFinancialAssetsForHedging"/>
    <link:label xlink:type="resource" xlink:label="label_DecreaseIncreaseInDerivativeFinancialAssetsForHedging" xlink:role="http://www.xbrl.org/2003/role/terseLabel" xlink:title="label_DecreaseIncreaseInDerivativeFinancialAssetsForHedging" xml:lang="en" id="label_DecreaseIncreaseInDerivativeFinancialAssetsForHedging">A71140</link:label>
    <link:labelArc xlink:type="arc" xlink:arcrole="http://www.xbrl.org/2003/arcrole/concept-label" xlink:from="DecreaseIncreaseInDerivativeFinancialAssetsForHedging" xlink:to="label_DecreaseIncreaseInDerivativeFinancialAssetsForHedging" xlink:title="label: DecreaseIncreaseInDerivativeFinancialAssetsForHedging to label_DecreaseIncreaseInDerivativeFinancialAssetsForHedging"/>
    <link:loc xlink:type="locator" xlink:href="../tifrs-scf-2013-03-31.xsd#tifrs-SCF_DecreaseIncreaseInDiscountsAndLoans" xlink:label="DecreaseIncreaseInDiscountsAndLoans" xlink:title="DecreaseIncreaseInDiscountsAndLoans"/>
    <link:label xlink:type="resource" xlink:label="label_DecreaseIncreaseInDiscountsAndLoans" xlink:role="http://www.xbrl.org/2003/role/terseLabel" xlink:title="label_DecreaseIncreaseInDiscountsAndLoans" xml:lang="en" id="label_DecreaseIncreaseInDiscountsAndLoans">A71170</link:label>
    <link:labelArc xlink:type="arc" xlink:arcrole="http://www.xbrl.org/2003/arcrole/concept-label" xlink:from="DecreaseIncreaseInDiscountsAndLoans" xlink:to="label_DecreaseIncreaseInDiscountsAndLoans" xlink:title="label: DecreaseIncreaseInDiscountsAndLoans to label_DecreaseIncreaseInDiscountsAndLoans"/>
    <link:loc xlink:type="locator" xlink:href="../tifrs-scf-2013-03-31.xsd#tifrs-SCF_DecreaseIncreaseInAvailableForSaleFinancialAssets" xlink:label="DecreaseIncreaseInAvailableForSaleFinancialAssets" xlink:title="DecreaseIncreaseInAvailableForSaleFinancialAssets"/>
    <link:label xlink:type="resource" xlink:label="label_DecreaseIncreaseInAvailableForSaleFinancialAssets" xlink:role="http://www.xbrl.org/2003/role/terseLabel" xlink:title="label_DecreaseIncreaseInAvailableForSaleFinancialAssets" xml:lang="en" id="label_DecreaseIncreaseInAvailableForSaleFinancialAssets">A71130</link:label>
    <link:labelArc xlink:type="arc" xlink:arcrole="http://www.xbrl.org/2003/arcrole/concept-label" xlink:from="DecreaseIncreaseInAvailableForSaleFinancialAssets" xlink:to="label_DecreaseIncreaseInAvailableForSaleFinancialAssets" xlink:title="label: DecreaseIncreaseInAvailableForSaleFinancialAssets to label_DecreaseIncreaseInAvailableForSaleFinancialAssets"/>
    <link:loc xlink:type="locator" xlink:href="../tifrs-scf-2013-03-31.xsd#tifrs-SCF_DecreaseIncreaseInReinsuranceAssets" xlink:label="DecreaseIncreaseInReinsuranceAssets" xlink:title="DecreaseIncreaseInReinsuranceAssets"/>
    <link:label xlink:type="resource" xlink:label="label_DecreaseIncreaseInReinsuranceAssets" xlink:role="http://www.xbrl.org/2003/role/terseLabel" xlink:title="label_DecreaseIncreaseInReinsuranceAssets" xml:lang="en" id="label_DecreaseIncreaseInReinsuranceAssets">A71180</link:label>
    <link:labelArc xlink:type="arc" xlink:arcrole="http://www.xbrl.org/2003/arcrole/concept-label" xlink:from="DecreaseIncreaseInReinsuranceAssets" xlink:to="label_DecreaseIncreaseInReinsuranceAssets" xlink:title="label: DecreaseIncreaseInReinsuranceAssets to label_DecreaseIncreaseInReinsuranceAssets"/>
    <link:loc xlink:type="locator" xlink:href="../tifrs-scf-2013-03-31.xsd#tifrs-SCF_DecreaseIncreaseInOtherFinancialAssets" xlink:label="DecreaseIncreaseInOtherFinancialAssets" xlink:title="DecreaseIncreaseInOtherFinancialAssets"/>
    <link:label xlink:type="resource" xlink:label="label_DecreaseIncreaseInOtherFinancialAssets" xlink:role="http://www.xbrl.org/2003/role/terseLabel" xlink:title="label_DecreaseIncreaseInOtherFinancialAssets" xml:lang="en" id="label_DecreaseIncreaseInOtherFinancialAssets">A71200</link:label>
    <link:labelArc xlink:type="arc" xlink:arcrole="http://www.xbrl.org/2003/arcrole/concept-label" xlink:from="DecreaseIncreaseInOtherFinancialAssets" xlink:to="label_DecreaseIncreaseInOtherFinancialAssets" xlink:title="label: DecreaseIncreaseInOtherFinancialAssets to label_DecreaseIncreaseInOtherFinancialAssets"/>
    <link:loc xlink:type="locator" xlink:href="../tifrs-scf-2013-03-31.xsd#tifrs-SCF_ChangesInOperatingAssets" xlink:label="ChangesInOperatingAssets" xlink:title="ChangesInOperatingAssets"/>
    <link:label xlink:type="resource" xlink:label="label_ChangesInOperatingAssets" xlink:role="http://www.xbrl.org/2003/role/terseLabel" xlink:title="label_ChangesInOperatingAssets" xml:lang="en" id="label_ChangesInOperatingAssets">A71000</link:label>
    <link:labelArc xlink:type="arc" xlink:arcrole="http://www.xbrl.org/2003/arcrole/concept-label" xlink:from="ChangesInOperatingAssets" xlink:to="label_ChangesInOperatingAssets" xlink:title="label: ChangesInOperatingAssets to label_ChangesInOperatingAssets"/>
    <link:loc xlink:type="locator" xlink:href="../tifrs-scf-2013-03-31.xsd#tifrs-SCF_IncreaseDecreaseInDepositsFromTheCentralBankAndBanks" xlink:label="IncreaseDecreaseInDepositsFromTheCentralBankAndBanks" xlink:title="IncreaseDecreaseInDepositsFromTheCentralBankAndBanks"/>
    <link:label xlink:type="resource" xlink:label="label_IncreaseDecreaseInDepositsFromTheCentralBankAndBanks" xlink:role="http://www.xbrl.org/2003/role/terseLabel" xlink:title="label_IncreaseDecreaseInDepositsFromTheCentralBankAndBanks" xml:lang="en" id="label_IncreaseDecreaseInDepositsFromTheCentralBankAndBanks">A72110</link:label>
    <link:labelArc xlink:type="arc" xlink:arcrole="http://www.xbrl.org/2003/arcrole/concept-label" xlink:from="IncreaseDecreaseInDepositsFromTheCentralBankAndBanks" xlink:to="label_IncreaseDecreaseInDepositsFromTheCentralBankAndBanks" xlink:title="label: IncreaseDecreaseInDepositsFromTheCentralBankAndBanks to label_IncreaseDecreaseInDepositsFromTheCentralBankAndBanks"/>
    <link:loc xlink:type="locator" xlink:href="../tifrs-scf-2013-03-31.xsd#tifrs-SCF_IncreaseDecreaseInDerivativeFinancialLiabilitiesForHedging" xlink:label="IncreaseDecreaseInDerivativeFinancialLiabilitiesForHedging" xlink:title="IncreaseDecreaseInDerivativeFinancialLiabilitiesForHedging"/>
    <link:label xlink:type="resource" xlink:label="label_IncreaseDecreaseInDerivativeFinancialLiabilitiesForHedging" xlink:role="http://www.xbrl.org/2003/role/terseLabel" xlink:title="label_IncreaseDecreaseInDerivativeFinancialLiabilitiesForHedging" xml:lang="en" id="label_IncreaseDecreaseInDerivativeFinancialLiabilitiesForHedging">A72130</link:label>
    <link:labelArc xlink:type="arc" xlink:arcrole="http://www.xbrl.org/2003/arcrole/concept-label" xlink:from="IncreaseDecreaseInDerivativeFinancialLiabilitiesForHedging" xlink:to="label_IncreaseDecreaseInDerivativeFinancialLiabilitiesForHedging" xlink:title="label: IncreaseDecreaseInDerivativeFinancialLiabilitiesForHedging to label_IncreaseDecreaseInDerivativeFinancialLiabilitiesForHedging"/>
    <link:loc xlink:type="locator" xlink:href="../tifrs-scf-2013-03-31.xsd#tifrs-SCF_IncreaseDecreaseInCommercialPapersIssued" xlink:label="IncreaseDecreaseInCommercialPapersIssued" xlink:title="IncreaseDecreaseInCommercialPapersIssued"/>
    <link:label xlink:type="resource" xlink:label="label_IncreaseDecreaseInCommercialPapersIssued" xlink:role="http://www.xbrl.org/2003/role/terseLabel" xlink:title="label_IncreaseDecreaseInCommercialPapersIssued" xml:lang="en" id="label_IncreaseDecreaseInCommercialPapersIssued">A72150</link:label>
    <link:labelArc xlink:type="arc" xlink:arcrole="http://www.xbrl.org/2003/arcrole/concept-label" xlink:from="IncreaseDecreaseInCommercialPapersIssued" xlink:to="label_IncreaseDecreaseInCommercialPapersIssued" xlink:title="label: IncreaseDecreaseInCommercialPapersIssued to label_IncreaseDecreaseInCommercialPapersIssued"/>
    <link:loc xlink:type="locator" xlink:href="../tifrs-scf-2013-03-31.xsd#tifrs-SCF_IncreaseDecreaseInFinancialLiabilitiesAtFairValueThroughProfitOrLoss" xlink:label="IncreaseDecreaseInFinancialLiabilitiesAtFairValueThroughProfitOrLoss" xlink:title="IncreaseDecreaseInFinancialLiabilitiesAtFairValueThroughProfitOrLoss"/>
    <link:label xlink:type="resource" xlink:label="label_IncreaseDecreaseInFinancialLiabilitiesAtFairValueThroughProfitOrLoss" xlink:role="http://www.xbrl.org/2003/role/terseLabel" xlink:title="label_IncreaseDecreaseInFinancialLiabilitiesAtFairValueThroughProfitOrLoss" xml:lang="en" id="label_IncreaseDecreaseInFinancialLiabilitiesAtFairValueThroughProfitOrLoss">A72120</link:label>
    <link:labelArc xlink:type="arc" xlink:arcrole="http://www.xbrl.org/2003/arcrole/concept-label" xlink:from="IncreaseDecreaseInFinancialLiabilitiesAtFairValueThroughProfitOrLoss" xlink:to="label_IncreaseDecreaseInFinancialLiabilitiesAtFairValueThroughProfitOrLoss" xlink:title="label: IncreaseDecreaseInFinancialLiabilitiesAtFairValueThroughProfitOrLoss to label_IncreaseDecreaseInFinancialLiabilitiesAtFairValueThroughProfitOrLoss"/>
    <link:loc xlink:type="locator" xlink:href="../tifrs-scf-2013-03-31.xsd#tifrs-SCF_IncreaseDecreaseInNotesAndBondsIssuedUnderRepurchaseAgreement" xlink:label="IncreaseDecreaseInNotesAndBondsIssuedUnderRepurchaseAgreement" xlink:title="IncreaseDecreaseInNotesAndBondsIssuedUnderRepurchaseAgreement"/>
    <link:label xlink:type="resource" xlink:label="label_IncreaseDecreaseInNotesAndBondsIssuedUnderRepurchaseAgreement" xlink:role="http://www.xbrl.org/2003/role/terseLabel" xlink:title="label_IncreaseDecreaseInNotesAndBondsIssuedUnderRepurchaseAgreement" xml:lang="en" id="label_IncreaseDecreaseInNotesAndBondsIssuedUnderRepurchaseAgreement">A72140</link:label>
    <link:labelArc xlink:type="arc" xlink:arcrole="http://www.xbrl.org/2003/arcrole/concept-label" xlink:from="IncreaseDecreaseInNotesAndBondsIssuedUnderRepurchaseAgreement" xlink:to="label_IncreaseDecreaseInNotesAndBondsIssuedUnderRepurchaseAgreement" xlink:title="label: IncreaseDecreaseInNotesAndBondsIssuedUnderRepurchaseAgreement to label_IncreaseDecreaseInNotesAndBondsIssuedUnderRepurchaseAgreement"/>
    <link:loc xlink:type="locator" xlink:href="../tifrs-scf-2013-03-31.xsd#tifrs-SCF_IncreaseDecreaseInPayables" xlink:label="IncreaseDecreaseInPayables" xlink:title="IncreaseDecreaseInPayables"/>
    <link:label xlink:type="resource" xlink:label="label_IncreaseDecreaseInPayables" xlink:role="http://www.xbrl.org/2003/role/terseLabel" xlink:title="label_IncreaseDecreaseInPayables" xml:lang="en" id="label_IncreaseDecreaseInPayables">A72160</link:label>
    <link:labelArc xlink:type="arc" xlink:arcrole="http://www.xbrl.org/2003/arcrole/concept-label" xlink:from="IncreaseDecreaseInPayables" xlink:to="label_IncreaseDecreaseInPayables" xlink:title="label: IncreaseDecreaseInPayables to label_IncreaseDecreaseInPayables"/>
    <link:loc xlink:type="locator" xlink:href="../tifrs-scf-2013-03-31.xsd#tifrs-SCF_IncreaseDecreaseInDepositsAndRemittances" xlink:label="IncreaseDecreaseInDepositsAndRemittances" xlink:title="IncreaseDecreaseInDepositsAndRemittances"/>
    <link:label xlink:type="resource" xlink:label="label_IncreaseDecreaseInDepositsAndRemittances" xlink:role="http://www.xbrl.org/2003/role/terseLabel" xlink:title="label_IncreaseDecreaseInDepositsAndRemittances" xml:lang="en" id="label_IncreaseDecreaseInDepositsAndRemittances">A72170</link:label>
    <link:labelArc xlink:type="arc" xlink:arcrole="http://www.xbrl.org/2003/arcrole/concept-label" xlink:from="IncreaseDecreaseInDepositsAndRemittances" xlink:to="label_IncreaseDecreaseInDepositsAndRemittances" xlink:title="label: IncreaseDecreaseInDepositsAndRemittances to label_IncreaseDecreaseInDepositsAndRemittances"/>
    <link:loc xlink:type="locator" xlink:href="../tifrs-scf-2013-03-31.xsd#tifrs-SCF_IncreaseDecreaseInProvisionsForEmployeeBenefits" xlink:label="IncreaseDecreaseInProvisionsForEmployeeBenefits" xlink:title="IncreaseDecreaseInProvisionsForEmployeeBenefits"/>
    <link:label xlink:type="resource" xlink:label="label_IncreaseDecreaseInProvisionsForEmployeeBenefits" xlink:role="http://www.xbrl.org/2003/role/terseLabel" xlink:title="label_IncreaseDecreaseInProvisionsForEmployeeBenefits" xml:lang="en" id="label_IncreaseDecreaseInProvisionsForEmployeeBenefits">A72180</link:label>
    <link:labelArc xlink:type="arc" xlink:arcrole="http://www.xbrl.org/2003/arcrole/concept-label" xlink:from="IncreaseDecreaseInProvisionsForEmployeeBenefits" xlink:to="label_IncreaseDecreaseInProvisionsForEmployeeBenefits" xlink:title="label: IncreaseDecreaseInProvisionsForEmployeeBenefits to label_IncreaseDecreaseInProvisionsForEmployeeBenefits"/>
    <link:loc xlink:type="locator" xlink:href="../tifrs-scf-2013-03-31.xsd#tifrs-SCF_IncreaseDecreaseInOtherLiabilities" xlink:label="IncreaseDecreaseInOtherLiabilities" xlink:title="IncreaseDecreaseInOtherLiabilities"/>
    <link:label xlink:type="resource" xlink:label="label_IncreaseDecreaseInOtherLiabilities" xlink:role="http://www.xbrl.org/2003/role/terseLabel" xlink:title="label_IncreaseDecreaseInOtherLiabilities" xml:lang="en" id="label_IncreaseDecreaseInOtherLiabilities">A72990</link:label>
    <link:labelArc xlink:type="arc" xlink:arcrole="http://www.xbrl.org/2003/arcrole/concept-label" xlink:from="IncreaseDecreaseInOtherLiabilities" xlink:to="label_IncreaseDecreaseInOtherLiabilities" xlink:title="label: IncreaseDecreaseInOtherLiabilities to label_IncreaseDecreaseInOtherLiabilities"/>
    <link:loc xlink:type="locator" xlink:href="../tifrs-scf-2013-03-31.xsd#tifrs-SCF_IncreaseDecreaseInProvisions" xlink:label="IncreaseDecreaseInProvisions" xlink:title="IncreaseDecreaseInProvisions"/>
    <link:label xlink:type="resource" xlink:label="label_IncreaseDecreaseInProvisions" xlink:role="http://www.xbrl.org/2003/role/terseLabel" xlink:title="label_IncreaseDecreaseInProvisions" xml:lang="en" id="label_IncreaseDecreaseInProvisions">A72190</link:label>
    <link:labelArc xlink:type="arc" xlink:arcrole="http://www.xbrl.org/2003/arcrole/concept-label" xlink:from="IncreaseDecreaseInProvisions" xlink:to="label_IncreaseDecreaseInProvisions" xlink:title="label: IncreaseDecreaseInProvisions to label_IncreaseDecreaseInProvisions"/>
    <link:loc xlink:type="locator" xlink:href="../tifrs-scf-2013-03-31.xsd#tifrs-SCF_IncreaseDecreaseInOtherFinancialLiabilities" xlink:label="IncreaseDecreaseInOtherFinancialLiabilities" xlink:title="IncreaseDecreaseInOtherFinancialLiabilities"/>
    <link:label xlink:type="resource" xlink:label="label_IncreaseDecreaseInOtherFinancialLiabilities" xlink:role="http://www.xbrl.org/2003/role/terseLabel" xlink:title="label_IncreaseDecreaseInOtherFinancialLiabilities" xml:lang="en" id="label_IncreaseDecreaseInOtherFinancialLiabilities">A72200</link:label>
    <link:labelArc xlink:type="arc" xlink:arcrole="http://www.xbrl.org/2003/arcrole/concept-label" xlink:from="IncreaseDecreaseInOtherFinancialLiabilities" xlink:to="label_IncreaseDecreaseInOtherFinancialLiabilities" xlink:title="label: IncreaseDecreaseInOtherFinancialLiabilities to label_IncreaseDecreaseInOtherFinancialLiabilities"/>
    <link:loc xlink:type="locator" xlink:href="../tifrs-scf-2013-03-31.xsd#tifrs-SCF_ChangesInOperatingLiabilities" xlink:label="ChangesInOperatingLiabilities" xlink:title="ChangesInOperatingLiabilities"/>
    <link:label xlink:type="resource" xlink:label="label_ChangesInOperatingLiabilities" xlink:role="http://www.xbrl.org/2003/role/terseLabel" xlink:title="label_ChangesInOperatingLiabilities" xml:lang="en" id="label_ChangesInOperatingLiabilities">A72000</link:label>
    <link:labelArc xlink:type="arc" xlink:arcrole="http://www.xbrl.org/2003/arcrole/concept-label" xlink:from="ChangesInOperatingLiabilities" xlink:to="label_ChangesInOperatingLiabilities" xlink:title="label: ChangesInOperatingLiabilities to label_ChangesInOperatingLiabilities"/>
    <link:loc xlink:type="locator" xlink:href="../tifrs-scf-2013-03-31.xsd#tifrs-SCF_ChangesInOperatingAssetsAndLiabilities" xlink:label="ChangesInOperatingAssetsAndLiabilities" xlink:title="ChangesInOperatingAssetsAndLiabilities"/>
    <link:label xlink:type="resource" xlink:label="label_ChangesInOperatingAssetsAndLiabilities" xlink:role="http://www.xbrl.org/2003/role/terseLabel" xlink:title="label_ChangesInOperatingAssetsAndLiabilities" xml:lang="en" id="label_ChangesInOperatingAssetsAndLiabilities">A70000</link:label>
    <link:labelArc xlink:type="arc" xlink:arcrole="http://www.xbrl.org/2003/arcrole/concept-label" xlink:from="ChangesInOperatingAssetsAndLiabilities" xlink:to="label_ChangesInOperatingAssetsAndLiabilities" xlink:title="label: ChangesInOperatingAssetsAndLiabilities to label_ChangesInOperatingAssetsAndLiabilities"/>
  </link:labelLink>
</link:linkbase>
