<?xml version="1.0" encoding="UTF-8" standalone="no"?>
<!-- Generated by Fujitsu XWand B0072_01T -->
<!--
        Taxonomy: 2010-04-30 (Final)
        ********************** 
        Copyright © 2010 International Accounting Standards Committee (IASC) Foundation*
        All rights reserved.  No part of this publication may be translated, reprinted or reproduced 
        or utilised in any form either in whole or in part without prior permission in writing from the IASC Foundation.
        For more information on the IASC Foundation’s copyright, please refer to http://www.iasb.org/XBRL/Legal/
        **********************
        *To become IFRS Foundation
    -->
<link:linkbase xmlns:link="http://www.xbrl.org/2003/linkbase" xmlns:ref="http://www.xbrl.org/2006/ref" xmlns:xbrli="http://www.xbrl.org/2003/instance" xmlns:xlink="http://www.w3.org/1999/xlink" xmlns:xsi="http://www.w3.org/2001/XMLSchema-instance" xsi:schemaLocation="http://www.xbrl.org/2006/ref http://www.xbrl.org/2006/ref-2006-02-27.xsd http://www.xbrl.org/2003/linkbase http://www.xbrl.org/2003/xbrl-linkbase-2003-12-31.xsd">
  <link:referenceLink xlink:role="http://www.xbrl.org/2003/role/link" xlink:type="extended">
    <link:loc xlink:href="../../ifrs-cor_2010-04-30.xsd#ifrs_ProfitLossFromDiscontinuedOperations" xlink:label="loc" xlink:type="locator"/>
    <link:reference xlink:label="res_2" xlink:role="http://www.xbrl.org/2003/role/disclosureRef" xlink:type="resource">
      <ref:Name>IFRS</ref:Name>
      <ref:Number>5</ref:Number>
      <ref:IssueDate>2010-01-01</ref:IssueDate>
      <ref:Paragraph>33</ref:Paragraph>
      <ref:Subparagraph>a</ref:Subparagraph>
      <ref:URI>http://eifrs.iasb.org/eifrs/XBRL?type=IFRS&amp;num=5&amp;date=2010-04-30&amp;anchor=para_33_a&amp;doctype=Standard</ref:URI>
      <ref:URIDate>2010-04-30</ref:URIDate>
    </link:reference>
    <link:referenceArc xlink:arcrole="http://www.xbrl.org/2003/arcrole/concept-reference" xlink:from="loc" xlink:to="res_2" xlink:type="arc"/>
    <link:loc xlink:href="../../ifrs-cor_2010-04-30.xsd#ifrs_ExplanationOfFactsAndCircumstancesOfSaleOrReclassificationAndExpectedDisposalMannerAndTiming" xlink:label="loc_2" xlink:type="locator"/>
    <link:reference xlink:label="res_3" xlink:role="http://www.xbrl.org/2003/role/disclosureRef" xlink:type="resource">
      <ref:Name>IFRS</ref:Name>
      <ref:Number>5</ref:Number>
      <ref:IssueDate>2010-01-01</ref:IssueDate>
      <ref:Paragraph>41</ref:Paragraph>
      <ref:Subparagraph>b</ref:Subparagraph>
      <ref:URI>http://eifrs.iasb.org/eifrs/XBRL?type=IFRS&amp;num=5&amp;date=2010-04-30&amp;anchor=para_41_b&amp;doctype=Standard</ref:URI>
      <ref:URIDate>2010-04-30</ref:URIDate>
    </link:reference>
    <link:referenceArc xlink:arcrole="http://www.xbrl.org/2003/arcrole/concept-reference" xlink:from="loc_2" xlink:to="res_3" xlink:type="arc"/>
    <link:loc xlink:href="../../ifrs-cor_2010-04-30.xsd#ifrs_DescriptionOfNoncurrentAssetOrDisposalGroupHeldForSaleWhichWereSoldOrReclassified" xlink:label="loc_3" xlink:type="locator"/>
    <link:reference xlink:label="res_4" xlink:role="http://www.xbrl.org/2003/role/disclosureRef" xlink:type="resource">
      <ref:Name>IFRS</ref:Name>
      <ref:Number>5</ref:Number>
      <ref:IssueDate>2010-01-01</ref:IssueDate>
      <ref:Paragraph>41</ref:Paragraph>
      <ref:Subparagraph>a</ref:Subparagraph>
      <ref:URI>http://eifrs.iasb.org/eifrs/XBRL?type=IFRS&amp;num=5&amp;date=2010-04-30&amp;anchor=para_41_a&amp;doctype=Standard</ref:URI>
      <ref:URIDate>2010-04-30</ref:URIDate>
    </link:reference>
    <link:referenceArc xlink:arcrole="http://www.xbrl.org/2003/arcrole/concept-reference" xlink:from="loc_3" xlink:to="res_4" xlink:type="arc"/>
    <link:loc xlink:href="../../ifrs-cor_2010-04-30.xsd#ifrs_SegmentInWhichNoncurrentAssetOrDisposalGroupHeldForSaleIsPresented" xlink:label="loc_4" xlink:type="locator"/>
    <link:reference xlink:label="res_8" xlink:role="http://www.xbrl.org/2003/role/disclosureRef" xlink:type="resource">
      <ref:Name>IFRS</ref:Name>
      <ref:Number>5</ref:Number>
      <ref:IssueDate>2010-01-01</ref:IssueDate>
      <ref:Paragraph>41</ref:Paragraph>
      <ref:Subparagraph>d</ref:Subparagraph>
      <ref:URI>http://eifrs.iasb.org/eifrs/XBRL?type=IFRS&amp;num=5&amp;date=2010-04-30&amp;anchor=para_41_d&amp;doctype=Standard</ref:URI>
      <ref:URIDate>2010-04-30</ref:URIDate>
    </link:reference>
    <link:referenceArc xlink:arcrole="http://www.xbrl.org/2003/arcrole/concept-reference" xlink:from="loc_4" xlink:to="res_8" xlink:type="arc"/>
    <link:loc xlink:href="../../ifrs-cor_2010-04-30.xsd#ifrs_GainsLossesOnSubsequentIncreaseInFairValueLessCostsToSellNotInExcessOfRecognisedCumulativeImpairmentLoss" xlink:label="loc_5" xlink:type="locator"/>
    <link:reference xlink:label="res_5" xlink:role="http://www.xbrl.org/2003/role/disclosureRef" xlink:type="resource">
      <ref:Name>IFRS</ref:Name>
      <ref:Number>5</ref:Number>
      <ref:IssueDate>2010-01-01</ref:IssueDate>
      <ref:Paragraph>41</ref:Paragraph>
      <ref:Subparagraph>c</ref:Subparagraph>
      <ref:URI>http://eifrs.iasb.org/eifrs/XBRL?type=IFRS&amp;num=5&amp;date=2010-04-30&amp;anchor=para_41_c&amp;doctype=Standard</ref:URI>
      <ref:URIDate>2010-04-30</ref:URIDate>
    </link:reference>
    <link:referenceArc xlink:arcrole="http://www.xbrl.org/2003/arcrole/concept-reference" xlink:from="loc_5" xlink:to="res_5" xlink:type="arc"/>
    <link:loc xlink:href="../../ifrs-cor_2010-04-30.xsd#ifrs_ExplanationOfEffectOfChangesInPlanToSellNoncurrentAssetOrDisposalGroupHeldForSaleOnResultsOfOperationsForPriorPeriod" xlink:label="loc_6" xlink:type="locator"/>
    <link:reference xlink:label="res_6" xlink:role="http://www.xbrl.org/2003/role/disclosureRef" xlink:type="resource">
      <ref:Name>IFRS</ref:Name>
      <ref:Number>5</ref:Number>
      <ref:IssueDate>2010-01-01</ref:IssueDate>
      <ref:Paragraph>42</ref:Paragraph>
      <ref:URI>http://eifrs.iasb.org/eifrs/XBRL?type=IFRS&amp;num=5&amp;date=2010-04-30&amp;anchor=para_42&amp;doctype=Standard</ref:URI>
      <ref:URIDate>2010-04-30</ref:URIDate>
    </link:reference>
    <link:referenceArc xlink:arcrole="http://www.xbrl.org/2003/arcrole/concept-reference" xlink:from="loc_6" xlink:to="res_6" xlink:type="arc"/>
    <link:loc xlink:href="../../ifrs-cor_2010-04-30.xsd#ifrs_CashFlowsFromUsedInOperatingActivitiesContinuingOperations" xlink:label="loc_7" xlink:type="locator"/>
    <link:reference xlink:label="res_7" xlink:role="http://www.xbrl.org/2003/role/disclosureRef" xlink:type="resource">
      <ref:Name>IFRS</ref:Name>
      <ref:Number>5</ref:Number>
      <ref:IssueDate>2010-01-01</ref:IssueDate>
      <ref:Paragraph>33</ref:Paragraph>
      <ref:Subparagraph>c</ref:Subparagraph>
      <ref:URI>http://eifrs.iasb.org/eifrs/XBRL?type=IFRS&amp;num=5&amp;date=2010-04-30&amp;anchor=para_33_c&amp;doctype=Standard</ref:URI>
      <ref:URIDate>2010-04-30</ref:URIDate>
    </link:reference>
    <link:referenceArc xlink:arcrole="http://www.xbrl.org/2003/arcrole/concept-reference" xlink:from="loc_7" xlink:to="res_7" xlink:type="arc"/>
    <link:loc xlink:href="../../ifrs-cor_2010-04-30.xsd#ifrs_NoncurrentAssetsOrDisposalGroupsClassifiedAsHeldForDistributionToOwners" xlink:label="loc_8" xlink:type="locator"/>
    <link:reference xlink:label="res_9" xlink:role="http://www.xbrl.org/2003/role/disclosureRef" xlink:type="resource">
      <ref:Name>IFRS</ref:Name>
      <ref:Number>5</ref:Number>
      <ref:IssueDate>2010-01-01</ref:IssueDate>
      <ref:Paragraph>38</ref:Paragraph>
      <ref:URI>http://eifrs.iasb.org/eifrs/XBRL?type=IFRS&amp;num=5&amp;date=2010-04-30&amp;anchor=para_38&amp;doctype=Standard</ref:URI>
      <ref:URIDate>2010-04-30</ref:URIDate>
    </link:reference>
    <link:referenceArc xlink:arcrole="http://www.xbrl.org/2003/arcrole/concept-reference" xlink:from="loc_8" xlink:to="res_9" xlink:type="arc"/>
    <link:loc xlink:href="../../ifrs-cor_2010-04-30.xsd#ifrs_IncomeFromDiscontinuedOperationsAttributableToOwnersOfParent" xlink:label="loc_10" xlink:type="locator"/>
    <link:reference xlink:label="res" xlink:role="http://www.xbrl.org/2003/role/disclosureRef" xlink:type="resource">
      <ref:Name>IFRS</ref:Name>
      <ref:Number>5</ref:Number>
      <ref:IssueDate>2010-01-01</ref:IssueDate>
      <ref:Paragraph>33</ref:Paragraph>
      <ref:Subparagraph>d</ref:Subparagraph>
      <ref:URI>http://eifrs.iasb.org/eifrs/XBRL?type=IFRS&amp;num=5&amp;date=2010-04-30&amp;anchor=para_33_d&amp;doctype=Standard</ref:URI>
      <ref:URIDate>2010-04-30</ref:URIDate>
    </link:reference>
    <link:referenceArc xlink:arcrole="http://www.xbrl.org/2003/arcrole/concept-reference" xlink:from="loc_10" xlink:to="res" xlink:type="arc"/>
    <link:loc xlink:href="../../ifrs-cor_2010-04-30.xsd#ifrs_RevenueDiscontinuedOperations" xlink:label="loc_11" xlink:type="locator"/>
    <link:reference xlink:label="res_10" xlink:role="http://www.xbrl.org/2003/role/disclosureRef" xlink:type="resource">
      <ref:Name>IFRS</ref:Name>
      <ref:Number>5</ref:Number>
      <ref:IssueDate>2010-01-01</ref:IssueDate>
      <ref:Paragraph>33</ref:Paragraph>
      <ref:Subparagraph>b</ref:Subparagraph>
      <ref:Clause>i</ref:Clause>
      <ref:URI>http://eifrs.iasb.org/eifrs/XBRL?type=IFRS&amp;num=5&amp;date=2010-04-30&amp;anchor=para_33_b_i&amp;doctype=Standard</ref:URI>
      <ref:URIDate>2010-04-30</ref:URIDate>
    </link:reference>
    <link:referenceArc xlink:arcrole="http://www.xbrl.org/2003/arcrole/concept-reference" xlink:from="loc_11" xlink:to="res_10" xlink:type="arc"/>
    <link:loc xlink:href="../../ifrs-cor_2010-04-30.xsd#ifrs_IncomeTaxExpenseRelatedToRevenueExpensesAndPretaxProfitOrLossOfDiscontinuedOperations" xlink:label="loc_12" xlink:type="locator"/>
    <link:reference xlink:label="res_11" xlink:role="http://www.xbrl.org/2003/role/disclosureRef" xlink:type="resource">
      <ref:Name>IFRS</ref:Name>
      <ref:Number>5</ref:Number>
      <ref:IssueDate>2010-01-01</ref:IssueDate>
      <ref:Paragraph>33</ref:Paragraph>
      <ref:Subparagraph>b</ref:Subparagraph>
      <ref:Clause>ii</ref:Clause>
      <ref:URI>http://eifrs.iasb.org/eifrs/XBRL?type=IFRS&amp;num=5&amp;date=2010-04-30&amp;anchor=para_33_b_ii&amp;doctype=Standard</ref:URI>
      <ref:URIDate>2010-04-30</ref:URIDate>
    </link:reference>
    <link:referenceArc xlink:arcrole="http://www.xbrl.org/2003/arcrole/concept-reference" xlink:from="loc_12" xlink:to="res_11" xlink:type="arc"/>
    <link:loc xlink:href="../../ifrs-cor_2010-04-30.xsd#ifrs_GainLossRecognisedOnMeasurementToFairValueLessCostsToSellOrOnDisposalOfAssetsOrDisposalGroupsConstitutingDiscontinuedOperation" xlink:label="loc_19" xlink:type="locator"/>
    <link:reference xlink:label="res_13" xlink:role="http://www.xbrl.org/2003/role/disclosureRef" xlink:type="resource">
      <ref:Name>IFRS</ref:Name>
      <ref:Number>5</ref:Number>
      <ref:IssueDate>2010-01-01</ref:IssueDate>
      <ref:Paragraph>33</ref:Paragraph>
      <ref:Subparagraph>b</ref:Subparagraph>
      <ref:Clause>iii</ref:Clause>
      <ref:URI>http://eifrs.iasb.org/eifrs/XBRL?type=IFRS&amp;num=5&amp;date=2010-04-30&amp;anchor=para_33_b_iii&amp;doctype=Standard</ref:URI>
      <ref:URIDate>2010-04-30</ref:URIDate>
    </link:reference>
    <link:referenceArc xlink:arcrole="http://www.xbrl.org/2003/arcrole/concept-reference" xlink:from="loc_19" xlink:to="res_13" xlink:type="arc"/>
    <link:loc xlink:href="../../ifrs-cor_2010-04-30.xsd#ifrs_IncomeTaxExpenseRelatedToGainLossRecognisedOnMeasurementToFairValueLessCostsToSellOrOnDisposalOfAssetsOrDisposalGroupsConstitutingDiscontinuedOperation" xlink:label="loc_26" xlink:type="locator"/>
    <link:reference xlink:label="res_14" xlink:role="http://www.xbrl.org/2003/role/disclosureRef" xlink:type="resource">
      <ref:Name>IFRS</ref:Name>
      <ref:Number>5</ref:Number>
      <ref:IssueDate>2010-01-01</ref:IssueDate>
      <ref:Paragraph>33</ref:Paragraph>
      <ref:Subparagraph>b</ref:Subparagraph>
      <ref:Clause>iv</ref:Clause>
      <ref:URI>http://eifrs.iasb.org/eifrs/XBRL?type=IFRS&amp;num=5&amp;date=2010-04-30&amp;anchor=para_33_b_iv&amp;doctype=Standard</ref:URI>
      <ref:URIDate>2010-04-30</ref:URIDate>
    </link:reference>
    <link:referenceArc xlink:arcrole="http://www.xbrl.org/2003/arcrole/concept-reference" xlink:from="loc_26" xlink:to="res_14" xlink:type="arc"/>
    <link:loc xlink:href="../../ifrs-cor_2010-04-30.xsd#ifrs_ExplanationOfNatureAndAdjustmentsToAmountsPreviouslyPresentedInDiscontinuedOperations" xlink:label="loc_28" xlink:type="locator"/>
    <link:reference xlink:label="res_15" xlink:role="http://www.xbrl.org/2003/role/disclosureRef" xlink:type="resource">
      <ref:Name>IFRS</ref:Name>
      <ref:Number>5</ref:Number>
      <ref:IssueDate>2010-01-01</ref:IssueDate>
      <ref:Paragraph>35</ref:Paragraph>
      <ref:URI>http://eifrs.iasb.org/eifrs/XBRL?type=IFRS&amp;num=5&amp;date=2010-04-30&amp;anchor=para_35&amp;doctype=Standard</ref:URI>
      <ref:URIDate>2010-04-30</ref:URIDate>
    </link:reference>
    <link:referenceArc xlink:arcrole="http://www.xbrl.org/2003/arcrole/concept-reference" xlink:from="loc_28" xlink:to="res_15" xlink:type="arc"/>
    <link:loc xlink:href="../../ifrs-cor_2010-04-30.xsd#ifrs_ContinuingOperationsMember" xlink:label="loc_23" xlink:type="locator"/>
    <link:reference xlink:label="res_16" xlink:role="http://www.xbrl.org/2003/role/disclosureRef" xlink:type="resource">
      <ref:Name>IFRS</ref:Name>
      <ref:Number>5</ref:Number>
      <ref:IssueDate>2010-01-01</ref:IssueDate>
      <ref:Section>Presentation and disclosure</ref:Section>
      <ref:URI>http://eifrs.iasb.org/eifrs/XBRL?type=IFRS&amp;num=5&amp;date=2010-04-30&amp;anchor=sect_Presentationanddisclosure&amp;doctype=Standard</ref:URI>
      <ref:URIDate>2010-04-30</ref:URIDate>
    </link:reference>
    <link:referenceArc xlink:arcrole="http://www.xbrl.org/2003/arcrole/concept-reference" xlink:from="loc_23" xlink:to="res_16" xlink:type="arc"/>
    <link:loc xlink:href="../../ifrs-cor_2010-04-30.xsd#ifrs_ContinuingAndDiscontinuedOperationsAxis" xlink:label="loc_21" xlink:type="locator"/>
    <link:referenceArc xlink:arcrole="http://www.xbrl.org/2003/arcrole/concept-reference" xlink:from="loc_21" xlink:to="res_16" xlink:type="arc"/>
    <link:loc xlink:href="../../ifrs-cor_2010-04-30.xsd#ifrs_DisposalGroupsClassifiedAsHeldForSaleMember" xlink:label="loc_25" xlink:type="locator"/>
    <link:referenceArc xlink:arcrole="http://www.xbrl.org/2003/arcrole/concept-reference" xlink:from="loc_25" xlink:to="res_16" xlink:type="arc"/>
    <link:loc xlink:href="../../ifrs-cor_2010-04-30.xsd#ifrs_DiscontinuedOperationsMember" xlink:label="loc_24" xlink:type="locator"/>
    <link:referenceArc xlink:arcrole="http://www.xbrl.org/2003/arcrole/concept-reference" xlink:from="loc_24" xlink:to="res_16" xlink:type="arc"/>
    <link:loc xlink:href="../../ifrs-cor_2010-04-30.xsd#ifrs_AggregateContinuingAndDiscontinuedOperationsMember" xlink:label="loc_22" xlink:type="locator"/>
    <link:referenceArc xlink:arcrole="http://www.xbrl.org/2003/arcrole/concept-reference" xlink:from="loc_22" xlink:to="res_16" xlink:type="arc"/>
    <link:loc xlink:href="../../ifrs-cor_2010-04-30.xsd#ifrs_DisclosureOfNoncurrentAssetsHeldForSaleAndDiscontinuedOperationsExplanatory" xlink:label="loc_31" xlink:type="locator"/>
    <link:referenceArc xlink:arcrole="http://www.xbrl.org/2003/arcrole/concept-reference" xlink:from="loc_31" xlink:to="res_16" xlink:type="arc"/>
    <link:loc xlink:href="../../ifrs-cor_2010-04-30.xsd#ifrs_DescriptionOfChangesInPlanToSellNoncurrentAssetOrDisposalGroupHeldForSale" xlink:label="loc_13" xlink:type="locator"/>
    <link:referenceArc xlink:arcrole="http://www.xbrl.org/2003/arcrole/concept-reference" xlink:from="loc_13" xlink:to="res_6" xlink:type="arc"/>
    <link:loc xlink:href="../../ifrs-cor_2010-04-30.xsd#ifrs_ExplanationOfEffectOfChangesInPlanToSellNoncurrentAssetOrDisposalGroupHeldForSaleOnResultsOfOperationsForCurrentPeriod" xlink:label="loc_14" xlink:type="locator"/>
    <link:referenceArc xlink:arcrole="http://www.xbrl.org/2003/arcrole/concept-reference" xlink:from="loc_14" xlink:to="res_6" xlink:type="arc"/>
    <link:loc xlink:href="../../ifrs-cor_2010-04-30.xsd#ifrs_CashFlowsFromUsedInFinancingActivitiesDiscontinuedOperations" xlink:label="loc_16" xlink:type="locator"/>
    <link:referenceArc xlink:arcrole="http://www.xbrl.org/2003/arcrole/concept-reference" xlink:from="loc_16" xlink:to="res_7" xlink:type="arc"/>
    <link:loc xlink:href="../../ifrs-cor_2010-04-30.xsd#ifrs_CashFlowsFromUsedInInvestingActivitiesDiscontinuedOperations" xlink:label="loc_18" xlink:type="locator"/>
    <link:referenceArc xlink:arcrole="http://www.xbrl.org/2003/arcrole/concept-reference" xlink:from="loc_18" xlink:to="res_7" xlink:type="arc"/>
    <link:loc xlink:href="../../ifrs-cor_2010-04-30.xsd#ifrs_CashFlowsFromUsedInFinancingActivitiesContinuingOperations" xlink:label="loc_15" xlink:type="locator"/>
    <link:referenceArc xlink:arcrole="http://www.xbrl.org/2003/arcrole/concept-reference" xlink:from="loc_15" xlink:to="res_7" xlink:type="arc"/>
    <link:loc xlink:href="../../ifrs-cor_2010-04-30.xsd#ifrs_CashFlowsFromUsedInOperatingActivitiesDiscontinuedOperations" xlink:label="loc_20" xlink:type="locator"/>
    <link:referenceArc xlink:arcrole="http://www.xbrl.org/2003/arcrole/concept-reference" xlink:from="loc_20" xlink:to="res_7" xlink:type="arc"/>
    <link:loc xlink:href="../../ifrs-cor_2010-04-30.xsd#ifrs_CashFlowsFromUsedInInvestingActivitiesContinuingOperations" xlink:label="loc_17" xlink:type="locator"/>
    <link:referenceArc xlink:arcrole="http://www.xbrl.org/2003/arcrole/concept-reference" xlink:from="loc_17" xlink:to="res_7" xlink:type="arc"/>
    <link:loc xlink:href="../../ifrs-cor_2010-04-30.xsd#ifrs_NoncurrentAssetsOrDisposalGroupsClassifiedAsHeldForSale" xlink:label="loc_27" xlink:type="locator"/>
    <link:referenceArc xlink:arcrole="http://www.xbrl.org/2003/arcrole/concept-reference" xlink:from="loc_27" xlink:to="res_9" xlink:type="arc"/>
    <link:loc xlink:href="../../ifrs-cor_2010-04-30.xsd#ifrs_IncomeExpenseRecognisedInOtherComprehensiveIncomeRelatingToNoncurrentAssetsOrDisposalGroupClassifiedAsHeldForSale" xlink:label="loc_30" xlink:type="locator"/>
    <link:referenceArc xlink:arcrole="http://www.xbrl.org/2003/arcrole/concept-reference" xlink:from="loc_30" xlink:to="res_9" xlink:type="arc"/>
    <link:loc xlink:href="../../ifrs-cor_2010-04-30.xsd#ifrs_IncomeFromContinuingOperationsAttributableToOwnersOfParent" xlink:label="loc_29" xlink:type="locator"/>
    <link:referenceArc xlink:arcrole="http://www.xbrl.org/2003/arcrole/concept-reference" xlink:from="loc_29" xlink:to="res" xlink:type="arc"/>
    <link:loc xlink:href="../../ifrs-cor_2010-04-30.xsd#ifrs_ExpensesDiscontinuedOperations" xlink:label="loc_32" xlink:type="locator"/>
    <link:referenceArc xlink:arcrole="http://www.xbrl.org/2003/arcrole/concept-reference" xlink:from="loc_32" xlink:to="res_10" xlink:type="arc"/>
    <link:loc xlink:href="../../ifrs-cor_2010-04-30.xsd#ifrs_ProfitLossBeforeTaxDiscontinuedOperations" xlink:label="loc_33" xlink:type="locator"/>
    <link:referenceArc xlink:arcrole="http://www.xbrl.org/2003/arcrole/concept-reference" xlink:from="loc_33" xlink:to="res_10" xlink:type="arc"/>
  </link:referenceLink>
</link:linkbase>
