<?xml version="1.0" encoding="UTF-8" standalone="no"?>
<!-- Generated by Fujitsu XWand B0072_01T -->
<!--
        Taxonomy: 2010-04-30 (Final)
        ********************** 
        Copyright © 2010 International Accounting Standards Committee (IASC) Foundation*
        All rights reserved.  No part of this publication may be translated, reprinted or reproduced 
        or utilised in any form either in whole or in part without prior permission in writing from the IASC Foundation.
        For more information on the IASC Foundation’s copyright, please refer to http://www.iasb.org/XBRL/Legal/
        **********************
        *To become IFRS Foundation
    -->
<link:linkbase xmlns:link="http://www.xbrl.org/2003/linkbase" xmlns:ref="http://www.xbrl.org/2006/ref" xmlns:xbrli="http://www.xbrl.org/2003/instance" xmlns:xlink="http://www.w3.org/1999/xlink" xmlns:xsi="http://www.w3.org/2001/XMLSchema-instance" xsi:schemaLocation="http://www.xbrl.org/2006/ref http://www.xbrl.org/2006/ref-2006-02-27.xsd http://www.xbrl.org/2003/linkbase http://www.xbrl.org/2003/xbrl-linkbase-2003-12-31.xsd">
  <link:referenceLink xlink:role="http://www.xbrl.org/2003/role/link" xlink:type="extended">
    <link:loc xlink:href="../../ifrs-cor_2010-04-30.xsd#ifrs_FinancialEffectOfChangesInAccountingPolicyMember" xlink:label="loc" xlink:type="locator"/>
    <link:reference xlink:label="res" xlink:role="http://www.xbrl.org/2003/role/disclosureRef" xlink:type="resource">
      <ref:Name>IAS</ref:Name>
      <ref:Number>8</ref:Number>
      <ref:IssueDate>2010-01-01</ref:IssueDate>
      <ref:Paragraph>28</ref:Paragraph>
      <ref:Subparagraph>f</ref:Subparagraph>
      <ref:Clause>i</ref:Clause>
      <ref:URI>http://eifrs.iasb.org/eifrs/XBRL?type=IAS&amp;num=8&amp;date=2010-04-30&amp;anchor=para_28_f_i&amp;doctype=Standard</ref:URI>
      <ref:URIDate>2010-04-30</ref:URIDate>
    </link:reference>
    <link:referenceArc xlink:arcrole="http://www.xbrl.org/2003/arcrole/concept-reference" xlink:from="loc" xlink:to="res" xlink:type="arc"/>
    <link:reference xlink:label="res_2" xlink:role="http://www.xbrl.org/2003/role/disclosureRef" xlink:type="resource">
      <ref:Name>IAS</ref:Name>
      <ref:Number>8</ref:Number>
      <ref:IssueDate>2010-01-01</ref:IssueDate>
      <ref:Paragraph>29</ref:Paragraph>
      <ref:Subparagraph>c</ref:Subparagraph>
      <ref:Clause>i</ref:Clause>
      <ref:URI>http://eifrs.iasb.org/eifrs/XBRL?type=IAS&amp;num=8&amp;date=2010-04-30&amp;anchor=para_29_c_i&amp;doctype=Standard</ref:URI>
      <ref:URIDate>2010-04-30</ref:URIDate>
    </link:reference>
    <link:referenceArc xlink:arcrole="http://www.xbrl.org/2003/arcrole/concept-reference" xlink:from="loc" xlink:to="res_2" xlink:type="arc"/>
    <link:loc xlink:href="../../ifrs-cor_2010-04-30.xsd#ifrs_RestatedMember" xlink:label="loc_2" xlink:type="locator"/>
    <link:referenceArc xlink:arcrole="http://www.xbrl.org/2003/arcrole/concept-reference" xlink:from="loc_2" xlink:to="res" xlink:type="arc"/>
    <link:referenceArc xlink:arcrole="http://www.xbrl.org/2003/arcrole/concept-reference" xlink:from="loc_2" xlink:to="res_2" xlink:type="arc"/>
    <link:reference xlink:label="res_3" xlink:role="http://www.xbrl.org/2003/role/disclosureRef" xlink:type="resource">
      <ref:Name>IAS</ref:Name>
      <ref:Number>8</ref:Number>
      <ref:IssueDate>2010-01-01</ref:IssueDate>
      <ref:Paragraph>49</ref:Paragraph>
      <ref:Subparagraph>b</ref:Subparagraph>
      <ref:Clause>i</ref:Clause>
      <ref:URI>http://eifrs.iasb.org/eifrs/XBRL?type=IAS&amp;num=8&amp;date=2010-04-30&amp;anchor=para_49_b_i&amp;doctype=Standard</ref:URI>
      <ref:URIDate>2010-04-30</ref:URIDate>
    </link:reference>
    <link:referenceArc xlink:arcrole="http://www.xbrl.org/2003/arcrole/concept-reference" xlink:from="loc_2" xlink:to="res_3" xlink:type="arc"/>
    <link:loc xlink:href="../../ifrs-cor_2010-04-30.xsd#ifrs_DisclosureOfChangesInAccountingPoliciesAccountingEstimatesAndErrorsExplanatory" xlink:label="loc_3" xlink:type="locator"/>
    <link:reference xlink:label="res_4" xlink:role="http://www.xbrl.org/2003/role/disclosureRef" xlink:type="resource">
      <ref:Name>IAS</ref:Name>
      <ref:Number>8</ref:Number>
      <ref:IssueDate>2010-01-01</ref:IssueDate>
      <ref:Section>Accounting policies</ref:Section>
      <ref:URI>http://eifrs.iasb.org/eifrs/XBRL?type=IAS&amp;num=8&amp;date=2010-04-30&amp;anchor=sect_Accountingpolicies&amp;doctype=Standard</ref:URI>
      <ref:URIDate>2010-04-30</ref:URIDate>
    </link:reference>
    <link:referenceArc xlink:arcrole="http://www.xbrl.org/2003/arcrole/concept-reference" xlink:from="loc_3" xlink:to="res_4" xlink:type="arc"/>
    <link:loc xlink:href="../../ifrs-cor_2010-04-30.xsd#ifrs_FinancialEffectOfCorrectionsOfAccountingErrorsMember" xlink:label="loc_4" xlink:type="locator"/>
    <link:referenceArc xlink:arcrole="http://www.xbrl.org/2003/arcrole/concept-reference" xlink:from="loc_4" xlink:to="res_3" xlink:type="arc"/>
    <link:loc xlink:href="../../ifrs-cor_2010-04-30.xsd#ifrs_PreviouslyStatedMember" xlink:label="loc_13" xlink:type="locator"/>
    <link:referenceArc xlink:arcrole="http://www.xbrl.org/2003/arcrole/concept-reference" xlink:from="loc_13" xlink:to="res" xlink:type="arc"/>
    <link:referenceArc xlink:arcrole="http://www.xbrl.org/2003/arcrole/concept-reference" xlink:from="loc_13" xlink:to="res_2" xlink:type="arc"/>
    <link:referenceArc xlink:arcrole="http://www.xbrl.org/2003/arcrole/concept-reference" xlink:from="loc_13" xlink:to="res_3" xlink:type="arc"/>
    <link:loc xlink:href="../../ifrs-cor_2010-04-30.xsd#ifrs_RetrospectiveApplicationAndRetrospectiveRestatementAxis" xlink:label="loc_12" xlink:type="locator"/>
    <link:referenceArc xlink:arcrole="http://www.xbrl.org/2003/arcrole/concept-reference" xlink:from="loc_12" xlink:to="res" xlink:type="arc"/>
    <link:referenceArc xlink:arcrole="http://www.xbrl.org/2003/arcrole/concept-reference" xlink:from="loc_12" xlink:to="res_2" xlink:type="arc"/>
    <link:referenceArc xlink:arcrole="http://www.xbrl.org/2003/arcrole/concept-reference" xlink:from="loc_12" xlink:to="res_3" xlink:type="arc"/>
    <link:loc xlink:href="../../ifrs-cor_2010-04-30.xsd#ifrs_DescriptionOfInitialApplicationOfStandardsOrInterpretations" xlink:label="loc_5" xlink:type="locator"/>
    <link:reference xlink:label="res_5" xlink:role="http://www.xbrl.org/2003/role/disclosureRef" xlink:type="resource">
      <ref:Name>IAS</ref:Name>
      <ref:Number>8</ref:Number>
      <ref:IssueDate>2010-01-01</ref:IssueDate>
      <ref:Paragraph>28</ref:Paragraph>
      <ref:URI>http://eifrs.iasb.org/eifrs/XBRL?type=IAS&amp;num=8&amp;date=2010-04-30&amp;anchor=para_28&amp;doctype=Standard</ref:URI>
      <ref:URIDate>2010-04-30</ref:URIDate>
    </link:reference>
    <link:referenceArc xlink:arcrole="http://www.xbrl.org/2003/arcrole/concept-reference" xlink:from="loc_5" xlink:to="res_5" xlink:type="arc"/>
    <link:loc xlink:href="../../ifrs-cor_2010-04-30.xsd#ifrs_DescriptionOfVoluntaryChangeInAccountingPolicy" xlink:label="loc_6" xlink:type="locator"/>
    <link:reference xlink:label="res_7" xlink:role="http://www.xbrl.org/2003/role/disclosureRef" xlink:type="resource">
      <ref:Name>IAS</ref:Name>
      <ref:Number>8</ref:Number>
      <ref:IssueDate>2010-01-01</ref:IssueDate>
      <ref:Paragraph>29</ref:Paragraph>
      <ref:URI>http://eifrs.iasb.org/eifrs/XBRL?type=IAS&amp;num=8&amp;date=2010-04-30&amp;anchor=para_29&amp;doctype=Standard</ref:URI>
      <ref:URIDate>2010-04-30</ref:URIDate>
    </link:reference>
    <link:referenceArc xlink:arcrole="http://www.xbrl.org/2003/arcrole/concept-reference" xlink:from="loc_6" xlink:to="res_7" xlink:type="arc"/>
    <link:loc xlink:href="../../ifrs-cor_2010-04-30.xsd#ifrs_DescriptionOfNatureAndAmountOfChangeInAccountingEstimate" xlink:label="loc_9" xlink:type="locator"/>
    <link:reference xlink:label="res_8" xlink:role="http://www.xbrl.org/2003/role/disclosureRef" xlink:type="resource">
      <ref:Name>IAS</ref:Name>
      <ref:Number>8</ref:Number>
      <ref:IssueDate>2010-01-01</ref:IssueDate>
      <ref:Paragraph>39</ref:Paragraph>
      <ref:URI>http://eifrs.iasb.org/eifrs/XBRL?type=IAS&amp;num=8&amp;date=2010-04-30&amp;anchor=para_39&amp;doctype=Standard</ref:URI>
      <ref:URIDate>2010-04-30</ref:URIDate>
    </link:reference>
    <link:referenceArc xlink:arcrole="http://www.xbrl.org/2003/arcrole/concept-reference" xlink:from="loc_9" xlink:to="res_8" xlink:type="arc"/>
    <link:loc xlink:href="../../ifrs-cor_2010-04-30.xsd#ifrs_DescriptionOfFactThatAmountOfChangeInAccountingEstimateIsImpracticable" xlink:label="loc_10" xlink:type="locator"/>
    <link:reference xlink:label="res_9" xlink:role="http://www.xbrl.org/2003/role/disclosureRef" xlink:type="resource">
      <ref:Name>IAS</ref:Name>
      <ref:Number>8</ref:Number>
      <ref:IssueDate>2010-01-01</ref:IssueDate>
      <ref:Paragraph>40</ref:Paragraph>
      <ref:URI>http://eifrs.iasb.org/eifrs/XBRL?type=IAS&amp;num=8&amp;date=2010-04-30&amp;anchor=para_40&amp;doctype=Standard</ref:URI>
      <ref:URIDate>2010-04-30</ref:URIDate>
    </link:reference>
    <link:referenceArc xlink:arcrole="http://www.xbrl.org/2003/arcrole/concept-reference" xlink:from="loc_10" xlink:to="res_9" xlink:type="arc"/>
    <link:loc xlink:href="../../ifrs-cor_2010-04-30.xsd#ifrs_DescriptionOfNatureAmountAndCorrectionOfAccountingErrorsInPriorPeriodsEstimate" xlink:label="loc_11" xlink:type="locator"/>
    <link:reference xlink:label="res_10" xlink:role="http://www.xbrl.org/2003/role/disclosureRef" xlink:type="resource">
      <ref:Name>IAS</ref:Name>
      <ref:Number>8</ref:Number>
      <ref:IssueDate>2010-01-01</ref:IssueDate>
      <ref:Paragraph>49</ref:Paragraph>
      <ref:URI>http://eifrs.iasb.org/eifrs/XBRL?type=IAS&amp;num=8&amp;date=2010-04-30&amp;anchor=para_49&amp;doctype=Standard</ref:URI>
      <ref:URIDate>2010-04-30</ref:URIDate>
    </link:reference>
    <link:referenceArc xlink:arcrole="http://www.xbrl.org/2003/arcrole/concept-reference" xlink:from="loc_11" xlink:to="res_10" xlink:type="arc"/>
    <link:loc xlink:href="../../ifrs-cor_2010-04-30.xsd#ifrs_CreationDateAxis" xlink:label="loc_14" xlink:type="locator"/>
    <link:referenceArc xlink:arcrole="http://www.xbrl.org/2003/arcrole/concept-reference" xlink:from="loc_14" xlink:to="res" xlink:type="arc"/>
    <link:referenceArc xlink:arcrole="http://www.xbrl.org/2003/arcrole/concept-reference" xlink:from="loc_14" xlink:to="res_2" xlink:type="arc"/>
    <link:referenceArc xlink:arcrole="http://www.xbrl.org/2003/arcrole/concept-reference" xlink:from="loc_14" xlink:to="res_3" xlink:type="arc"/>
    <link:loc xlink:href="../../ifrs-cor_2010-04-30.xsd#ifrs_DefaultFinancialStatementsDateMember" xlink:label="loc_15" xlink:type="locator"/>
    <link:referenceArc xlink:arcrole="http://www.xbrl.org/2003/arcrole/concept-reference" xlink:from="loc_15" xlink:to="res" xlink:type="arc"/>
    <link:referenceArc xlink:arcrole="http://www.xbrl.org/2003/arcrole/concept-reference" xlink:from="loc_15" xlink:to="res_2" xlink:type="arc"/>
    <link:referenceArc xlink:arcrole="http://www.xbrl.org/2003/arcrole/concept-reference" xlink:from="loc_15" xlink:to="res_3" xlink:type="arc"/>
    <link:loc xlink:href="../../ifrs-cor_2010-04-30.xsd#ifrs_ExplanationOfReasonWhyItIsImpracticableToDetermineAmountsOfAdjustmentsRelatedToChangeInAccountingPolicy" xlink:label="loc_16" xlink:type="locator"/>
    <link:reference xlink:label="res_11" xlink:role="http://www.xbrl.org/2003/role/disclosureRef" xlink:type="resource">
      <ref:Name>IAS</ref:Name>
      <ref:Number>8</ref:Number>
      <ref:IssueDate>2010-01-01</ref:IssueDate>
      <ref:Paragraph>28</ref:Paragraph>
      <ref:Subparagraph>h</ref:Subparagraph>
      <ref:URI>http://eifrs.iasb.org/eifrs/XBRL?type=IAS&amp;num=8&amp;date=2010-04-30&amp;anchor=para_28_h&amp;doctype=Standard</ref:URI>
      <ref:URIDate>2010-04-30</ref:URIDate>
    </link:reference>
    <link:referenceArc xlink:arcrole="http://www.xbrl.org/2003/arcrole/concept-reference" xlink:from="loc_16" xlink:to="res_11" xlink:type="arc"/>
    <link:reference xlink:label="res_13" xlink:role="http://www.xbrl.org/2003/role/disclosureRef" xlink:type="resource">
      <ref:Name>IAS</ref:Name>
      <ref:Number>8</ref:Number>
      <ref:IssueDate>2010-01-01</ref:IssueDate>
      <ref:Paragraph>29</ref:Paragraph>
      <ref:Subparagraph>e</ref:Subparagraph>
      <ref:URI>http://eifrs.iasb.org/eifrs/XBRL?type=IAS&amp;num=8&amp;date=2010-04-30&amp;anchor=para_29_e&amp;doctype=Standard</ref:URI>
      <ref:URIDate>2010-04-30</ref:URIDate>
    </link:reference>
    <link:referenceArc xlink:arcrole="http://www.xbrl.org/2003/arcrole/concept-reference" xlink:from="loc_16" xlink:to="res_13" xlink:type="arc"/>
    <link:loc xlink:href="../../ifrs-cor_2010-04-30.xsd#ifrs_ExplanationOfReasonWhyItIsImpracticableToDetermineAmountsForCorrectionRelatedToPriorPeriodErrors" xlink:label="loc_17" xlink:type="locator"/>
    <link:reference xlink:label="res_14" xlink:role="http://www.xbrl.org/2003/role/disclosureRef" xlink:type="resource">
      <ref:Name>IAS</ref:Name>
      <ref:Number>8</ref:Number>
      <ref:IssueDate>2010-01-01</ref:IssueDate>
      <ref:Paragraph>49</ref:Paragraph>
      <ref:Subparagraph>d</ref:Subparagraph>
      <ref:URI>http://eifrs.iasb.org/eifrs/XBRL?type=IAS&amp;num=8&amp;date=2010-04-30&amp;anchor=para_49_d&amp;doctype=Standard</ref:URI>
      <ref:URIDate>2010-04-30</ref:URIDate>
    </link:reference>
    <link:referenceArc xlink:arcrole="http://www.xbrl.org/2003/arcrole/concept-reference" xlink:from="loc_17" xlink:to="res_14" xlink:type="arc"/>
    <link:loc xlink:href="../../ifrs-cor_2010-04-30.xsd#ifrs_ExplanationOfNotAppliedNewStandardsOrInterpretations" xlink:label="loc_7" xlink:type="locator"/>
    <link:reference xlink:label="res_15" xlink:role="http://www.xbrl.org/2003/role/disclosureRef" xlink:type="resource">
      <ref:Name>IAS</ref:Name>
      <ref:Number>8</ref:Number>
      <ref:IssueDate>2010-01-01</ref:IssueDate>
      <ref:Paragraph>30</ref:Paragraph>
      <ref:Subparagraph>a</ref:Subparagraph>
      <ref:URI>http://eifrs.iasb.org/eifrs/XBRL?type=IAS&amp;num=8&amp;date=2010-04-30&amp;anchor=para_30_a&amp;doctype=Standard</ref:URI>
      <ref:URIDate>2010-04-30</ref:URIDate>
    </link:reference>
    <link:referenceArc xlink:arcrole="http://www.xbrl.org/2003/arcrole/concept-reference" xlink:from="loc_7" xlink:to="res_15" xlink:type="arc"/>
    <link:loc xlink:href="../../ifrs-cor_2010-04-30.xsd#ifrs_DescriptionOfExpectedImpactOfInitialApplicationOfNewStandardsOrInterpretations" xlink:label="loc_8" xlink:type="locator"/>
    <link:reference xlink:label="res_12" xlink:role="http://www.xbrl.org/2003/role/disclosureRef" xlink:type="resource">
      <ref:Name>IAS</ref:Name>
      <ref:Number>8</ref:Number>
      <ref:IssueDate>2010-01-01</ref:IssueDate>
      <ref:Paragraph>30</ref:Paragraph>
      <ref:Subparagraph>b</ref:Subparagraph>
      <ref:URI>http://eifrs.iasb.org/eifrs/XBRL?type=IAS&amp;num=8&amp;date=2010-04-30&amp;anchor=para_30_b&amp;doctype=Standard</ref:URI>
      <ref:URIDate>2010-04-30</ref:URIDate>
    </link:reference>
    <link:referenceArc xlink:arcrole="http://www.xbrl.org/2003/arcrole/concept-reference" xlink:from="loc_8" xlink:to="res_12" xlink:type="arc"/>
  </link:referenceLink>
</link:linkbase>
