<?xml version="1.0" encoding="UTF-8"?><!--
        Taxonomy: 2010-04-30 (Final)
        ********************** 
        Copyright © 2010 International Accounting Standards Committee (IASC) Foundation*
        All rights reserved.  No part of this publication may be translated, reprinted or reproduced 
        or utilised in any form either in whole or in part without prior permission in writing from the IASC Foundation.
        For more information on the IASC Foundation’s copyright, please refer to http://www.iasb.org/XBRL/Legal/
        **********************
        *To become IFRS Foundation
    --><link:linkbase xmlns:link="http://www.xbrl.org/2003/linkbase" xmlns:xbrldt="http://xbrl.org/2005/xbrldt" xmlns:xlink="http://www.w3.org/1999/xlink" xmlns:xsi="http://www.w3.org/2001/XMLSchema-instance" xsi:schemaLocation="http://www.xbrl.org/2003/linkbase http://www.xbrl.org/2003/xbrl-linkbase-2003-12-31.xsd">
  <link:roleRef roleURI="http://xbrl.iasb.org/role/ifrs/ifrs_7_2010-04-30_role-822390" xlink:href="rol_ifrs_7_2010-04-30.xsd#ifrs_7_2010-04-30_role-822390" xlink:type="simple"/>
  <link:roleRef roleURI="http://xbrl.iasb.org/role/ifrs/ifrs_7_2010-04-30_role-822390a" xlink:href="rol_ifrs_7_2010-04-30.xsd#ifrs_7_2010-04-30_role-822390a" xlink:type="simple"/>
  <link:roleRef roleURI="http://xbrl.iasb.org/role/ifrs/ifrs_7_2010-04-30_role-822390b" xlink:href="rol_ifrs_7_2010-04-30.xsd#ifrs_7_2010-04-30_role-822390b" xlink:type="simple"/>
  <link:roleRef roleURI="http://xbrl.iasb.org/role/ifrs/ifrs_7_2010-04-30_role-822390c" xlink:href="rol_ifrs_7_2010-04-30.xsd#ifrs_7_2010-04-30_role-822390c" xlink:type="simple"/>
  <link:roleRef roleURI="http://xbrl.iasb.org/role/ifrs/ifrs_7_2010-04-30_role-822390d" xlink:href="rol_ifrs_7_2010-04-30.xsd#ifrs_7_2010-04-30_role-822390d" xlink:type="simple"/>
  <link:roleRef roleURI="http://xbrl.iasb.org/role/ifrs/ifrs_7_2010-04-30_role-822390e" xlink:href="rol_ifrs_7_2010-04-30.xsd#ifrs_7_2010-04-30_role-822390e" xlink:type="simple"/>
  <link:roleRef roleURI="http://xbrl.iasb.org/role/ifrs/ifrs_7_2010-04-30_role-822390f" xlink:href="rol_ifrs_7_2010-04-30.xsd#ifrs_7_2010-04-30_role-822390f" xlink:type="simple"/>
  <link:roleRef roleURI="http://xbrl.iasb.org/role/ifrs/ifrs_7_2010-04-30_role-822390g" xlink:href="rol_ifrs_7_2010-04-30.xsd#ifrs_7_2010-04-30_role-822390g" xlink:type="simple"/>
  <link:arcroleRef arcroleURI="http://xbrl.org/int/dim/arcrole/domain-member" xlink:href="http://www.xbrl.org/2005/xbrldt-2005.xsd#domain-member" xlink:type="simple"/>
  <link:arcroleRef arcroleURI="http://xbrl.org/int/dim/arcrole/all" xlink:href="http://www.xbrl.org/2005/xbrldt-2005.xsd#all" xlink:type="simple"/>
  <link:arcroleRef arcroleURI="http://xbrl.org/int/dim/arcrole/dimension-default" xlink:href="http://www.xbrl.org/2005/xbrldt-2005.xsd#dimension-default" xlink:type="simple"/>
  <link:arcroleRef arcroleURI="http://xbrl.org/int/dim/arcrole/dimension-domain" xlink:href="http://www.xbrl.org/2005/xbrldt-2005.xsd#dimension-domain" xlink:type="simple"/>
  <link:arcroleRef arcroleURI="http://xbrl.org/int/dim/arcrole/hypercube-dimension" xlink:href="http://www.xbrl.org/2005/xbrldt-2005.xsd#hypercube-dimension" xlink:type="simple"/>
  <link:definitionLink xlink:role="http://xbrl.iasb.org/role/ifrs/ifrs_7_2010-04-30_role-822390" xlink:title="[822390] Notes - Financial instruments" xlink:type="extended">
    <link:loc xlink:href="../../ifrs-cor_2010-04-30.xsd#ifrs_DisclosureOfFinancialInstrumentsExplanatory" xlink:label="loc" xlink:type="locator"/>
    <link:loc xlink:href="../../ifrs-cor_2010-04-30.xsd#ifrs_MethodsAndAssumptionsToDetermineFairValueOfFinancialAssetsAndFinancialLiabilities" xlink:label="loc_2" xlink:type="locator"/>
    <link:definitionArc order="620.0" use="optional" xlink:arcrole="http://xbrl.org/int/dim/arcrole/domain-member" xlink:from="loc" xlink:to="loc_2" xlink:type="arc"/>
    <link:loc xlink:href="../../ifrs-cor_2010-04-30.xsd#ifrs_DisclosureOfFinancialAssetsTransferredDuringPeriodWhichDoNotQualifyForDerecognitionExplanatory" xlink:label="loc_3" xlink:type="locator"/>
    <link:definitionArc order="490.0" use="optional" xlink:arcrole="http://xbrl.org/int/dim/arcrole/domain-member" xlink:from="loc" xlink:to="loc_3" xlink:type="arc"/>
    <link:loc xlink:href="../../ifrs-cor_2010-04-30.xsd#ifrs_FinancialAssetsPledgedAsCollateralForLiabilitiesOrContingentLiabilities" xlink:label="loc_4" xlink:type="locator"/>
    <link:definitionArc order="500.0" use="optional" xlink:arcrole="http://xbrl.org/int/dim/arcrole/domain-member" xlink:from="loc" xlink:to="loc_4" xlink:type="arc"/>
    <link:loc xlink:href="../../ifrs-cor_2010-04-30.xsd#ifrs_DescriptionOfTermAndConditionsOfFinancialAssetsPledgedAsCollateralForLiabilitiesOrContingentLiabilities" xlink:label="loc_5" xlink:type="locator"/>
    <link:definitionArc order="510.0" use="optional" xlink:arcrole="http://xbrl.org/int/dim/arcrole/domain-member" xlink:from="loc" xlink:to="loc_5" xlink:type="arc"/>
    <link:loc xlink:href="../../ifrs-cor_2010-04-30.xsd#ifrs_DescriptionOfDetailsOfDefaultsDuringPeriodOfPrincipalInterestSinkingFundOrRedemptionTermsOfLoansPayable" xlink:label="loc_6" xlink:type="locator"/>
    <link:definitionArc order="570.0" use="optional" xlink:arcrole="http://xbrl.org/int/dim/arcrole/domain-member" xlink:from="loc" xlink:to="loc_6" xlink:type="arc"/>
    <link:loc xlink:href="../../ifrs-cor_2010-04-30.xsd#ifrs_LoansPayableInDefault" xlink:label="loc_7" xlink:type="locator"/>
    <link:definitionArc order="580.0" use="optional" xlink:arcrole="http://xbrl.org/int/dim/arcrole/domain-member" xlink:from="loc" xlink:to="loc_7" xlink:type="arc"/>
    <link:loc xlink:href="../../ifrs-cor_2010-04-30.xsd#ifrs_DisclosureWhetherLoansPayableInDefaultRemediedOrTermsOfLoansPayableRenegotiatedBeforeAuthorisationForIssueOfFinancialStatements" xlink:label="loc_8" xlink:type="locator"/>
    <link:definitionArc order="590.0" use="optional" xlink:arcrole="http://xbrl.org/int/dim/arcrole/domain-member" xlink:from="loc" xlink:to="loc_8" xlink:type="arc"/>
    <link:loc xlink:href="../../ifrs-cor_2010-04-30.xsd#ifrs_IncomeExpenseGainsOrLossesOfFinancialInstrumentsAbstract" xlink:label="loc_9" xlink:type="locator"/>
    <link:definitionArc order="600.0" use="optional" xlink:arcrole="http://xbrl.org/int/dim/arcrole/domain-member" xlink:from="loc" xlink:to="loc_9" xlink:type="arc"/>
    <link:loc xlink:href="../../ifrs-cor_2010-04-30.xsd#ifrs_GainsLossesOnFinancialInstrumentsAbstract" xlink:label="loc_99" xlink:type="locator"/>
    <link:definitionArc order="10.0" use="optional" xlink:arcrole="http://xbrl.org/int/dim/arcrole/domain-member" xlink:from="loc_9" xlink:to="loc_99" xlink:type="arc"/>
    <link:loc xlink:href="../../ifrs-cor_2010-04-30.xsd#ifrs_GainsLossesOnFinancialAssetsAtFairValueThroughProfitOrLoss" xlink:label="loc_103" xlink:type="locator"/>
    <link:definitionArc order="40.0" use="optional" xlink:arcrole="http://xbrl.org/int/dim/arcrole/domain-member" xlink:from="loc_99" xlink:to="loc_103" xlink:type="arc"/>
    <link:loc xlink:href="../../ifrs-cor_2010-04-30.xsd#ifrs_GainsLossesOnFinancialLiabilitiesAtFairValueThroughProfitOrLoss" xlink:label="loc_104" xlink:type="locator"/>
    <link:definitionArc order="70.0" use="optional" xlink:arcrole="http://xbrl.org/int/dim/arcrole/domain-member" xlink:from="loc_99" xlink:to="loc_104" xlink:type="arc"/>
    <link:loc xlink:href="../../ifrs-cor_2010-04-30.xsd#ifrs_GainsLossesOnFinancialLiabilitiesAtAmortisedCost" xlink:label="loc_105" xlink:type="locator"/>
    <link:definitionArc order="110.0" use="optional" xlink:arcrole="http://xbrl.org/int/dim/arcrole/domain-member" xlink:from="loc_99" xlink:to="loc_105" xlink:type="arc"/>
    <link:loc xlink:href="../../ifrs-cor_2010-04-30.xsd#ifrs_GainsLossesOnFinancialAssetsAtAmortisedCost" xlink:label="loc_107" xlink:type="locator"/>
    <link:definitionArc order="120.0" use="optional" xlink:arcrole="http://xbrl.org/int/dim/arcrole/domain-member" xlink:from="loc_99" xlink:to="loc_107" xlink:type="arc"/>
    <link:loc xlink:href="../../ifrs-cor_2010-04-30.xsd#ifrs_GainsLossesOnFinancialAssetsAtFairValueThroughProfitOrLossDesignatedAsUponInitialRecognition" xlink:label="loc_108" xlink:type="locator"/>
    <link:definitionArc order="10.0" use="optional" xlink:arcrole="http://xbrl.org/int/dim/arcrole/domain-member" xlink:from="loc_99" xlink:to="loc_108" xlink:type="arc"/>
    <link:loc xlink:href="../../ifrs-cor_2010-04-30.xsd#ifrs_GainsLossesOnFinancialAssetsAtFairValueThroughProfitOrLossClassifiedAsHeldForTrading" xlink:label="loc_109" xlink:type="locator"/>
    <link:definitionArc order="20.0" use="optional" xlink:arcrole="http://xbrl.org/int/dim/arcrole/domain-member" xlink:from="loc_99" xlink:to="loc_109" xlink:type="arc"/>
    <link:loc xlink:href="../../ifrs-cor_2010-04-30.xsd#ifrs_GainsLossesOnFinancialAssetsAtFairValueThroughProfitOrLossMandatorilyMeasuredAtFairValue" xlink:label="loc_110" xlink:type="locator"/>
    <link:definitionArc order="30.0" use="optional" xlink:arcrole="http://xbrl.org/int/dim/arcrole/domain-member" xlink:from="loc_99" xlink:to="loc_110" xlink:type="arc"/>
    <link:loc xlink:href="../../ifrs-cor_2010-04-30.xsd#ifrs_GainsLossesOnFinancialLiabilitiesAtFairValueThroughProfitOrLossDesignatedAsUponInitialRecognition" xlink:label="loc_111" xlink:type="locator"/>
    <link:definitionArc order="50.0" use="optional" xlink:arcrole="http://xbrl.org/int/dim/arcrole/domain-member" xlink:from="loc_99" xlink:to="loc_111" xlink:type="arc"/>
    <link:loc xlink:href="../../ifrs-cor_2010-04-30.xsd#ifrs_GainsLossesOnFinancialLiabilitiesAtFairValueThroughProfitOrLossClassifiedAsHeldForTrading" xlink:label="loc_112" xlink:type="locator"/>
    <link:definitionArc order="60.0" use="optional" xlink:arcrole="http://xbrl.org/int/dim/arcrole/domain-member" xlink:from="loc_99" xlink:to="loc_112" xlink:type="arc"/>
    <link:loc xlink:href="../../ifrs-cor_2010-04-30.xsd#ifrs_GainsLossesOnHeldtomaturityInvestments" xlink:label="loc_113" xlink:type="locator"/>
    <link:definitionArc order="80.0" use="optional" xlink:arcrole="http://xbrl.org/int/dim/arcrole/domain-member" xlink:from="loc_99" xlink:to="loc_113" xlink:type="arc"/>
    <link:loc xlink:href="../../ifrs-cor_2010-04-30.xsd#ifrs_GainsLossesOnLoansAndReceivables" xlink:label="loc_114" xlink:type="locator"/>
    <link:definitionArc order="90.0" use="optional" xlink:arcrole="http://xbrl.org/int/dim/arcrole/domain-member" xlink:from="loc_99" xlink:to="loc_114" xlink:type="arc"/>
    <link:loc xlink:href="../../ifrs-cor_2010-04-30.xsd#ifrs_GainsLossesOnAvailableforsaleFinancialAssets" xlink:label="loc_115" xlink:type="locator"/>
    <link:definitionArc order="100.0" use="optional" xlink:arcrole="http://xbrl.org/int/dim/arcrole/domain-member" xlink:from="loc_99" xlink:to="loc_115" xlink:type="arc"/>
    <link:loc xlink:href="../../ifrs-cor_2010-04-30.xsd#ifrs_GainsLossesOnRemeasuringAvailableforsaleFinancialAssetsBeforeTax" xlink:label="loc_117" xlink:type="locator"/>
    <link:definitionArc order="10.0" use="optional" xlink:arcrole="http://xbrl.org/int/dim/arcrole/domain-member" xlink:from="loc_115" xlink:to="loc_117" xlink:type="arc"/>
    <link:loc xlink:href="../../ifrs-cor_2010-04-30.xsd#ifrs_ReclassificationAdjustmentsOnAvailableforsaleFinancialAssetsBeforeTax" xlink:label="loc_118" xlink:type="locator"/>
    <link:definitionArc order="20.0" use="optional" xlink:arcrole="http://xbrl.org/int/dim/arcrole/domain-member" xlink:from="loc_115" xlink:to="loc_118" xlink:type="arc"/>
    <link:loc xlink:href="../../ifrs-cor_2010-04-30.xsd#ifrs_GainsLossesOnFinancialAssetsAtFairValueThroughOtherComprehensiveIncome" xlink:label="loc_116" xlink:type="locator"/>
    <link:definitionArc order="130.0" use="optional" xlink:arcrole="http://xbrl.org/int/dim/arcrole/domain-member" xlink:from="loc_99" xlink:to="loc_116" xlink:type="arc"/>
    <link:loc xlink:href="../../ifrs-cor_2010-04-30.xsd#ifrs_InterestIncomeAndInterestExpenseForFinancialAssetsOrFinancialLiabilitiesNotAtFairValueThroughProfitOrLossAbstract" xlink:label="loc_100" xlink:type="locator"/>
    <link:definitionArc order="20.0" use="optional" xlink:arcrole="http://xbrl.org/int/dim/arcrole/domain-member" xlink:from="loc_9" xlink:to="loc_100" xlink:type="arc"/>
    <link:loc xlink:href="../../ifrs-cor_2010-04-30.xsd#ifrs_InterestIncomeForFinancialAssetsNotAtFairValueThroughProfitOrLoss" xlink:label="loc_119" xlink:type="locator"/>
    <link:definitionArc order="10.0" use="optional" xlink:arcrole="http://xbrl.org/int/dim/arcrole/domain-member" xlink:from="loc_100" xlink:to="loc_119" xlink:type="arc"/>
    <link:loc xlink:href="../../ifrs-cor_2010-04-30.xsd#ifrs_InterestExpenseForFinancialLiabilitiesNotAtFairValueThroughProfitOrLoss" xlink:label="loc_120" xlink:type="locator"/>
    <link:definitionArc order="20.0" use="optional" xlink:arcrole="http://xbrl.org/int/dim/arcrole/domain-member" xlink:from="loc_100" xlink:to="loc_120" xlink:type="arc"/>
    <link:loc xlink:href="../../ifrs-cor_2010-04-30.xsd#ifrs_InterestIncomeForFinancialAssetsMeasuredAtAmortisedCost" xlink:label="loc_121" xlink:type="locator"/>
    <link:definitionArc order="30.0" use="optional" xlink:arcrole="http://xbrl.org/int/dim/arcrole/domain-member" xlink:from="loc_100" xlink:to="loc_121" xlink:type="arc"/>
    <link:loc xlink:href="../../ifrs-cor_2010-04-30.xsd#ifrs_FeeIncomeAndExpenseAbstract" xlink:label="loc_101" xlink:type="locator"/>
    <link:definitionArc order="30.0" use="optional" xlink:arcrole="http://xbrl.org/int/dim/arcrole/domain-member" xlink:from="loc_9" xlink:to="loc_101" xlink:type="arc"/>
    <link:loc xlink:href="../../ifrs-cor_2010-04-30.xsd#ifrs_FeeIncomeExpenseArisingFromFinancialAssetsOrFinancialLiabilitiesNotAtFairValueThroughProfitOrLoss" xlink:label="loc_122" xlink:type="locator"/>
    <link:definitionArc order="10.0" use="optional" xlink:arcrole="http://xbrl.org/int/dim/arcrole/domain-member" xlink:from="loc_101" xlink:to="loc_122" xlink:type="arc"/>
    <link:loc xlink:href="../../ifrs-cor_2010-04-30.xsd#ifrs_FeeIncomeExpenseArisingFromTrustAndFiduciaryActivities" xlink:label="loc_123" xlink:type="locator"/>
    <link:definitionArc order="20.0" use="optional" xlink:arcrole="http://xbrl.org/int/dim/arcrole/domain-member" xlink:from="loc_101" xlink:to="loc_123" xlink:type="arc"/>
    <link:loc xlink:href="../../ifrs-cor_2010-04-30.xsd#ifrs_FeeIncomeArisingFromFinancialAssetsMeasuredAtAmortisedCost" xlink:label="loc_124" xlink:type="locator"/>
    <link:definitionArc order="30.0" use="optional" xlink:arcrole="http://xbrl.org/int/dim/arcrole/domain-member" xlink:from="loc_101" xlink:to="loc_124" xlink:type="arc"/>
    <link:loc xlink:href="../../ifrs-cor_2010-04-30.xsd#ifrs_FeeExpenseArisingFromFinancialLiabilitiesNotAtFairValueThroughProfitOrLoss" xlink:label="loc_125" xlink:type="locator"/>
    <link:definitionArc order="40.0" use="optional" xlink:arcrole="http://xbrl.org/int/dim/arcrole/domain-member" xlink:from="loc_101" xlink:to="loc_125" xlink:type="arc"/>
    <link:loc xlink:href="../../ifrs-cor_2010-04-30.xsd#ifrs_InterestIncomeOnImpairedFinancialAssetsAccruedAbstract" xlink:label="loc_102" xlink:type="locator"/>
    <link:definitionArc order="40.0" use="optional" xlink:arcrole="http://xbrl.org/int/dim/arcrole/domain-member" xlink:from="loc_9" xlink:to="loc_102" xlink:type="arc"/>
    <link:loc xlink:href="../../ifrs-cor_2010-04-30.xsd#ifrs_InterestIncomeOnImpairedFinancialAssetsAccrued" xlink:label="loc_126" xlink:type="locator"/>
    <link:definitionArc order="10.0" use="optional" xlink:arcrole="http://xbrl.org/int/dim/arcrole/domain-member" xlink:from="loc_102" xlink:to="loc_126" xlink:type="arc"/>
    <link:loc xlink:href="../../ifrs-cor_2010-04-30.xsd#ifrs_DescriptionOfReasonOfDerecognitionOfFinancialAssetsMeasuredAtAmortisedCost" xlink:label="loc_31" xlink:type="locator"/>
    <link:definitionArc order="50.0" use="optional" xlink:arcrole="http://xbrl.org/int/dim/arcrole/domain-member" xlink:from="loc_9" xlink:to="loc_31" xlink:type="arc"/>
    <link:loc xlink:href="../../ifrs-cor_2010-04-30.xsd#ifrs_DisclosureOfFinancialAssetsExplanatory" xlink:label="loc_10" xlink:type="locator"/>
    <link:definitionArc order="10.0" use="optional" xlink:arcrole="http://xbrl.org/int/dim/arcrole/domain-member" xlink:from="loc" xlink:to="loc_10" xlink:type="arc"/>
    <link:loc xlink:href="../../ifrs-cor_2010-04-30.xsd#ifrs_DisclosureOfHedgeAccountingExplanatory" xlink:label="loc_11" xlink:type="locator"/>
    <link:definitionArc order="610.0" use="optional" xlink:arcrole="http://xbrl.org/int/dim/arcrole/domain-member" xlink:from="loc" xlink:to="loc_11" xlink:type="arc"/>
    <link:loc xlink:href="../../ifrs-cor_2010-04-30.xsd#ifrs_GainsLossesOnHedgingInstrument" xlink:label="loc_127" xlink:type="locator"/>
    <link:definitionArc order="50.0" use="optional" xlink:arcrole="http://xbrl.org/int/dim/arcrole/domain-member" xlink:from="loc_11" xlink:to="loc_127" xlink:type="arc"/>
    <link:loc xlink:href="../../ifrs-cor_2010-04-30.xsd#ifrs_GainsLossesOnHedgedItemAttributableToHedgedRisk" xlink:label="loc_128" xlink:type="locator"/>
    <link:definitionArc order="60.0" use="optional" xlink:arcrole="http://xbrl.org/int/dim/arcrole/domain-member" xlink:from="loc_11" xlink:to="loc_128" xlink:type="arc"/>
    <link:loc xlink:href="../../ifrs-cor_2010-04-30.xsd#ifrs_DescriptionOfPeriodsWhenCashFlowsExpectedToOccur" xlink:label="loc_129" xlink:type="locator"/>
    <link:definitionArc order="10.0" use="optional" xlink:arcrole="http://xbrl.org/int/dim/arcrole/domain-member" xlink:from="loc_11" xlink:to="loc_129" xlink:type="arc"/>
    <link:loc xlink:href="../../ifrs-cor_2010-04-30.xsd#ifrs_DescriptionOfPeriodsWhenCashFlowsAffectProfitOrLoss" xlink:label="loc_130" xlink:type="locator"/>
    <link:definitionArc order="20.0" use="optional" xlink:arcrole="http://xbrl.org/int/dim/arcrole/domain-member" xlink:from="loc_11" xlink:to="loc_130" xlink:type="arc"/>
    <link:loc xlink:href="../../ifrs-cor_2010-04-30.xsd#ifrs_DescriptionOfForecastTransactionHedgeAccountingPreviouslyUsedButNoLongerExpectedToOccur" xlink:label="loc_131" xlink:type="locator"/>
    <link:definitionArc order="30.0" use="optional" xlink:arcrole="http://xbrl.org/int/dim/arcrole/domain-member" xlink:from="loc_11" xlink:to="loc_131" xlink:type="arc"/>
    <link:loc xlink:href="../../ifrs-cor_2010-04-30.xsd#ifrs_GainsLossesOnIneffectivenessOfCashFlowHedgesRecognisedInProfitOrLoss" xlink:label="loc_132" xlink:type="locator"/>
    <link:definitionArc order="70.0" use="optional" xlink:arcrole="http://xbrl.org/int/dim/arcrole/domain-member" xlink:from="loc_11" xlink:to="loc_132" xlink:type="arc"/>
    <link:loc xlink:href="../../ifrs-cor_2010-04-30.xsd#ifrs_DescriptionOfAmountRemovedFromEquityAndIncludedInInitialCostOfHedgedHighlyProbableForecastTransaction" xlink:label="loc_133" xlink:type="locator"/>
    <link:definitionArc order="40.0" use="optional" xlink:arcrole="http://xbrl.org/int/dim/arcrole/domain-member" xlink:from="loc_11" xlink:to="loc_133" xlink:type="arc"/>
    <link:loc xlink:href="../../ifrs-cor_2010-04-30.xsd#ifrs_GainsLossesOnIneffectivenessOfHedgesOfNetInvestmentsInForeignOperations" xlink:label="loc_134" xlink:type="locator"/>
    <link:definitionArc order="80.0" use="optional" xlink:arcrole="http://xbrl.org/int/dim/arcrole/domain-member" xlink:from="loc_11" xlink:to="loc_134" xlink:type="arc"/>
    <link:loc xlink:href="../../ifrs-cor_2010-04-30.xsd#ifrs_DisclosureOfFinancialLiabilitiesExplanatory" xlink:label="loc_12" xlink:type="locator"/>
    <link:definitionArc order="20.0" use="optional" xlink:arcrole="http://xbrl.org/int/dim/arcrole/domain-member" xlink:from="loc" xlink:to="loc_12" xlink:type="arc"/>
    <link:loc xlink:href="../../ifrs-cor_2010-04-30.xsd#ifrs_DesignatedLoansOrReceivablesAtFairValueThroughProfitOrLossAbstract" xlink:label="loc_13" xlink:type="locator"/>
    <link:definitionArc order="30.0" use="optional" xlink:arcrole="http://xbrl.org/int/dim/arcrole/domain-member" xlink:from="loc" xlink:to="loc_13" xlink:type="arc"/>
    <link:loc xlink:href="../../ifrs-cor_2010-04-30.xsd#ifrs_MaximumExposureToCreditRiskOfLoansOrReceivables" xlink:label="loc_72" xlink:type="locator"/>
    <link:definitionArc order="10.0" use="optional" xlink:arcrole="http://xbrl.org/int/dim/arcrole/domain-member" xlink:from="loc_13" xlink:to="loc_72" xlink:type="arc"/>
    <link:loc xlink:href="../../ifrs-cor_2010-04-30.xsd#ifrs_AmountByWhichLoansOrReceivablesRelatedCreditDerivativesOrSimilarInstrumentsMitigateMaximumExposureToCreditRisk" xlink:label="loc_73" xlink:type="locator"/>
    <link:definitionArc order="20.0" use="optional" xlink:arcrole="http://xbrl.org/int/dim/arcrole/domain-member" xlink:from="loc_13" xlink:to="loc_73" xlink:type="arc"/>
    <link:loc xlink:href="../../ifrs-cor_2010-04-30.xsd#ifrs_ChangesInFairValueOfLoansOrReceivablesAttributableToChangesInCreditRiskOfFinancialAssets" xlink:label="loc_74" xlink:type="locator"/>
    <link:definitionArc order="30.0" use="optional" xlink:arcrole="http://xbrl.org/int/dim/arcrole/domain-member" xlink:from="loc_13" xlink:to="loc_74" xlink:type="arc"/>
    <link:loc xlink:href="../../ifrs-cor_2010-04-30.xsd#ifrs_AccumulatedChangesInFairValueOfLoanOrReceivableAttributableToChangesInCreditRiskOfFinancialAssets" xlink:label="loc_75" xlink:type="locator"/>
    <link:definitionArc order="40.0" use="optional" xlink:arcrole="http://xbrl.org/int/dim/arcrole/domain-member" xlink:from="loc_13" xlink:to="loc_75" xlink:type="arc"/>
    <link:loc xlink:href="../../ifrs-cor_2010-04-30.xsd#ifrs_ChangesInFairValueOfLoansOrReceivablesRelatedCreditDerivativesOrSimilarInstruments" xlink:label="loc_76" xlink:type="locator"/>
    <link:definitionArc order="50.0" use="optional" xlink:arcrole="http://xbrl.org/int/dim/arcrole/domain-member" xlink:from="loc_13" xlink:to="loc_76" xlink:type="arc"/>
    <link:loc xlink:href="../../ifrs-cor_2010-04-30.xsd#ifrs_AccumulatedChangesInFairValueOfLoansOrReceivablesRelatedCreditDerivativesOrSimilarInstruments" xlink:label="loc_77" xlink:type="locator"/>
    <link:definitionArc order="60.0" use="optional" xlink:arcrole="http://xbrl.org/int/dim/arcrole/domain-member" xlink:from="loc_13" xlink:to="loc_77" xlink:type="arc"/>
    <link:loc xlink:href="../../ifrs-cor_2010-04-30.xsd#ifrs_FinancialAssetsDesignatedAsMeasuredAtFairValueAbstract" xlink:label="loc_14" xlink:type="locator"/>
    <link:definitionArc order="40.0" use="optional" xlink:arcrole="http://xbrl.org/int/dim/arcrole/domain-member" xlink:from="loc" xlink:to="loc_14" xlink:type="arc"/>
    <link:loc xlink:href="../../ifrs-cor_2010-04-30.xsd#ifrs_MaximumExposureToCreditRiskOfFinancialAssets" xlink:label="loc_79" xlink:type="locator"/>
    <link:definitionArc order="10.0" use="optional" xlink:arcrole="http://xbrl.org/int/dim/arcrole/domain-member" xlink:from="loc_14" xlink:to="loc_79" xlink:type="arc"/>
    <link:loc xlink:href="../../ifrs-cor_2010-04-30.xsd#ifrs_AmountByWhichFinancialAssetsRelatedCreditDerivativesOrSimilarInstrumentsMitigateMaximumExposureToCreditRisk" xlink:label="loc_80" xlink:type="locator"/>
    <link:definitionArc order="20.0" use="optional" xlink:arcrole="http://xbrl.org/int/dim/arcrole/domain-member" xlink:from="loc_14" xlink:to="loc_80" xlink:type="arc"/>
    <link:loc xlink:href="../../ifrs-cor_2010-04-30.xsd#ifrs_ChangesInFairValueOfFinancialAssetsAttributableToChangesInCreditRiskOfFinancialAssets" xlink:label="loc_81" xlink:type="locator"/>
    <link:definitionArc order="30.0" use="optional" xlink:arcrole="http://xbrl.org/int/dim/arcrole/domain-member" xlink:from="loc_14" xlink:to="loc_81" xlink:type="arc"/>
    <link:loc xlink:href="../../ifrs-cor_2010-04-30.xsd#ifrs_AccumulatedChangesInFairValueOfFinancialAssetsAttributableToChangesInCreditRiskOfFinancialAssets" xlink:label="loc_82" xlink:type="locator"/>
    <link:definitionArc order="40.0" use="optional" xlink:arcrole="http://xbrl.org/int/dim/arcrole/domain-member" xlink:from="loc_14" xlink:to="loc_82" xlink:type="arc"/>
    <link:loc xlink:href="../../ifrs-cor_2010-04-30.xsd#ifrs_ChangesInFairValueOfFinancialAssetsRelatedCreditDerivativesOrSimilarInstruments" xlink:label="loc_83" xlink:type="locator"/>
    <link:definitionArc order="50.0" use="optional" xlink:arcrole="http://xbrl.org/int/dim/arcrole/domain-member" xlink:from="loc_14" xlink:to="loc_83" xlink:type="arc"/>
    <link:loc xlink:href="../../ifrs-cor_2010-04-30.xsd#ifrs_AccumulatedChangesInFairValueOfFinancialAssetsRelatedCreditDerivativesOrSimilarInstruments" xlink:label="loc_84" xlink:type="locator"/>
    <link:definitionArc order="60.0" use="optional" xlink:arcrole="http://xbrl.org/int/dim/arcrole/domain-member" xlink:from="loc_14" xlink:to="loc_84" xlink:type="arc"/>
    <link:loc xlink:href="../../ifrs-cor_2010-04-30.xsd#ifrs_DesignatedFinancialLiabilitiesAtFairValueThroughProfitOrLossAbstract" xlink:label="loc_15" xlink:type="locator"/>
    <link:definitionArc order="50.0" use="optional" xlink:arcrole="http://xbrl.org/int/dim/arcrole/domain-member" xlink:from="loc" xlink:to="loc_15" xlink:type="arc"/>
    <link:loc xlink:href="../../ifrs-cor_2010-04-30.xsd#ifrs_ChangesInFairValueOfFinancialLiabilityAttributableToChangesInCreditRiskOfLiability" xlink:label="loc_86" xlink:type="locator"/>
    <link:definitionArc order="10.0" use="optional" xlink:arcrole="http://xbrl.org/int/dim/arcrole/domain-member" xlink:from="loc_15" xlink:to="loc_86" xlink:type="arc"/>
    <link:loc xlink:href="../../ifrs-cor_2010-04-30.xsd#ifrs_AccumulatedChangesInFairValueOfFinancialLiabilityAttributableToChangesInCreditRiskOfLiability" xlink:label="loc_87" xlink:type="locator"/>
    <link:definitionArc order="20.0" use="optional" xlink:arcrole="http://xbrl.org/int/dim/arcrole/domain-member" xlink:from="loc_15" xlink:to="loc_87" xlink:type="arc"/>
    <link:loc xlink:href="../../ifrs-cor_2010-04-30.xsd#ifrs_DifferenceBetweenCarryingAmountOfFinancialLiabilityAndAmountContractuallyRequiredToPayAtMaturityToHolderOfObligation" xlink:label="loc_88" xlink:type="locator"/>
    <link:definitionArc order="30.0" use="optional" xlink:arcrole="http://xbrl.org/int/dim/arcrole/domain-member" xlink:from="loc_15" xlink:to="loc_88" xlink:type="arc"/>
    <link:loc xlink:href="../../ifrs-cor_2010-04-30.xsd#ifrs_MethodsToDetermineAmountOfChangesInFairValueOfFinancialAssetsAndFinancialLiabilitiesAttributableToChangesInCreditRisk" xlink:label="loc_16" xlink:type="locator"/>
    <link:definitionArc order="60.0" use="optional" xlink:arcrole="http://xbrl.org/int/dim/arcrole/domain-member" xlink:from="loc" xlink:to="loc_16" xlink:type="arc"/>
    <link:loc xlink:href="../../ifrs-cor_2010-04-30.xsd#ifrs_DescriptionOfReasonsAndFactorsWhyAmountOfChangesInFairValueOfFinancialAssetsAndFinancialLiabilitiesAttributableToChangesInCreditRiskNotFaithfullyRepresent" xlink:label="loc_17" xlink:type="locator"/>
    <link:definitionArc order="70.0" use="optional" xlink:arcrole="http://xbrl.org/int/dim/arcrole/domain-member" xlink:from="loc" xlink:to="loc_17" xlink:type="arc"/>
    <link:loc xlink:href="../../ifrs-cor_2010-04-30.xsd#ifrs_DescriptionOfInvestmentsInEquityDesignatedAsMeasuredAtFairThroughOtherComprehensiveIncome" xlink:label="loc_18" xlink:type="locator"/>
    <link:definitionArc order="80.0" use="optional" xlink:arcrole="http://xbrl.org/int/dim/arcrole/domain-member" xlink:from="loc" xlink:to="loc_18" xlink:type="arc"/>
    <link:loc xlink:href="../../ifrs-cor_2010-04-30.xsd#ifrs_DescriptionOfReasonForUsingPresentationAlternative" xlink:label="loc_19" xlink:type="locator"/>
    <link:definitionArc order="90.0" use="optional" xlink:arcrole="http://xbrl.org/int/dim/arcrole/domain-member" xlink:from="loc" xlink:to="loc_19" xlink:type="arc"/>
    <link:loc xlink:href="../../ifrs-cor_2010-04-30.xsd#ifrs_DisclosureOfFairValueOfEachInvestmentInEquityInstrumentsDesignatedAsMeasuredAtFairValueThroughOtherComprehensiveIncomeExplanatory" xlink:label="loc_20" xlink:type="locator"/>
    <link:definitionArc order="100.0" use="optional" xlink:arcrole="http://xbrl.org/int/dim/arcrole/domain-member" xlink:from="loc" xlink:to="loc_20" xlink:type="arc"/>
    <link:loc xlink:href="../../ifrs-cor_2010-04-30.xsd#ifrs_DividendsRecognisedForInvestmentsInEquityInstrumentsDesignatedAsMeasuredAtFairValueThroughOtherComprehensiveIncomeHeldAtEndOfReportingPeriod" xlink:label="loc_21" xlink:type="locator"/>
    <link:definitionArc order="110.0" use="optional" xlink:arcrole="http://xbrl.org/int/dim/arcrole/domain-member" xlink:from="loc" xlink:to="loc_21" xlink:type="arc"/>
    <link:loc xlink:href="../../ifrs-cor_2010-04-30.xsd#ifrs_DividendsRecognisedForInvestmentsInEquityInstrumentsDesignatedAsMeasuredAtFairValueThroughOtherComprehensiveIncomeDerecognisedDuringPeriod" xlink:label="loc_22" xlink:type="locator"/>
    <link:definitionArc order="120.0" use="optional" xlink:arcrole="http://xbrl.org/int/dim/arcrole/domain-member" xlink:from="loc" xlink:to="loc_22" xlink:type="arc"/>
    <link:loc xlink:href="../../ifrs-cor_2010-04-30.xsd#ifrs_ExplanationOfTransfersOfCumulativeGainOrLossWithinEquityOfInvestmentsInEquityDesignatedAsMeasuredAtFairValueThroughOtherComprehensiveIncome" xlink:label="loc_23" xlink:type="locator"/>
    <link:definitionArc order="130.0" use="optional" xlink:arcrole="http://xbrl.org/int/dim/arcrole/domain-member" xlink:from="loc" xlink:to="loc_23" xlink:type="arc"/>
    <link:loc xlink:href="../../ifrs-cor_2010-04-30.xsd#ifrs_DescriptionOfReasonForDisposingOfInvestmentsInEquityInstrumentsMeasuredAtFairValueThroughOtherComprehensiveIncome" xlink:label="loc_24" xlink:type="locator"/>
    <link:definitionArc order="140.0" use="optional" xlink:arcrole="http://xbrl.org/int/dim/arcrole/domain-member" xlink:from="loc" xlink:to="loc_24" xlink:type="arc"/>
    <link:loc xlink:href="../../ifrs-cor_2010-04-30.xsd#ifrs_FairValueOfInvestmentsInEquityInstrumentsMeasuredAtFairValueThroughOtherComprehensiveIncomeAtDateOfDerecognition" xlink:label="loc_25" xlink:type="locator"/>
    <link:definitionArc order="150.0" use="optional" xlink:arcrole="http://xbrl.org/int/dim/arcrole/domain-member" xlink:from="loc" xlink:to="loc_25" xlink:type="arc"/>
    <link:loc xlink:href="../../ifrs-cor_2010-04-30.xsd#ifrs_CumulativeGainLossOnDisposalOfInvestmentsInEquityInstrumentsDesignatedAsMeasuredAtFairValueThroughOtherComprehensiveIncome" xlink:label="loc_26" xlink:type="locator"/>
    <link:definitionArc order="160.0" use="optional" xlink:arcrole="http://xbrl.org/int/dim/arcrole/domain-member" xlink:from="loc" xlink:to="loc_26" xlink:type="arc"/>
    <link:loc xlink:href="../../ifrs-cor_2010-04-30.xsd#ifrs_ReclassificationOutOfFinancialAssetsAtFairValueThroughProfitOrLoss" xlink:label="loc_27" xlink:type="locator"/>
    <link:definitionArc order="170.0" use="optional" xlink:arcrole="http://xbrl.org/int/dim/arcrole/domain-member" xlink:from="loc" xlink:to="loc_27" xlink:type="arc"/>
    <link:loc xlink:href="../../ifrs-cor_2010-04-30.xsd#ifrs_ReclassificationOutOfAvailableforsaleFinancialAssets" xlink:label="loc_28" xlink:type="locator"/>
    <link:definitionArc order="180.0" use="optional" xlink:arcrole="http://xbrl.org/int/dim/arcrole/domain-member" xlink:from="loc" xlink:to="loc_28" xlink:type="arc"/>
    <link:loc xlink:href="../../ifrs-cor_2010-04-30.xsd#ifrs_ReclassificationIntoAvailableforsaleFinancialAssets" xlink:label="loc_29" xlink:type="locator"/>
    <link:definitionArc order="190.0" use="optional" xlink:arcrole="http://xbrl.org/int/dim/arcrole/domain-member" xlink:from="loc" xlink:to="loc_29" xlink:type="arc"/>
    <link:loc xlink:href="../../ifrs-cor_2010-04-30.xsd#ifrs_ReclassificationOutOfHeldtomaturityInvestments" xlink:label="loc_30" xlink:type="locator"/>
    <link:definitionArc order="200.0" use="optional" xlink:arcrole="http://xbrl.org/int/dim/arcrole/domain-member" xlink:from="loc" xlink:to="loc_30" xlink:type="arc"/>
    <link:loc xlink:href="../../ifrs-cor_2010-04-30.xsd#ifrs_ReclassificationIntoHeldtomaturityInvestments" xlink:label="loc_32" xlink:type="locator"/>
    <link:definitionArc order="210.0" use="optional" xlink:arcrole="http://xbrl.org/int/dim/arcrole/domain-member" xlink:from="loc" xlink:to="loc_32" xlink:type="arc"/>
    <link:loc xlink:href="../../ifrs-cor_2010-04-30.xsd#ifrs_ReclassificationOutOfLoansAndReceivables" xlink:label="loc_33" xlink:type="locator"/>
    <link:definitionArc order="220.0" use="optional" xlink:arcrole="http://xbrl.org/int/dim/arcrole/domain-member" xlink:from="loc" xlink:to="loc_33" xlink:type="arc"/>
    <link:loc xlink:href="../../ifrs-cor_2010-04-30.xsd#ifrs_ReclassificationIntoLoansAndReceivables" xlink:label="loc_34" xlink:type="locator"/>
    <link:definitionArc order="230.0" use="optional" xlink:arcrole="http://xbrl.org/int/dim/arcrole/domain-member" xlink:from="loc" xlink:to="loc_34" xlink:type="arc"/>
    <link:loc xlink:href="../../ifrs-cor_2010-04-30.xsd#ifrs_FinancialAssetsReclassifiedOutOfFinancialAssetsAtFairValueThroughProfitOrLossCarryingAmount" xlink:label="loc_35" xlink:type="locator"/>
    <link:definitionArc order="240.0" use="optional" xlink:arcrole="http://xbrl.org/int/dim/arcrole/domain-member" xlink:from="loc" xlink:to="loc_35" xlink:type="arc"/>
    <link:loc xlink:href="../../ifrs-cor_2010-04-30.xsd#ifrs_FinancialAssetsReclassifiedOutOfFinancialAssetsAtFairValueThroughProfitOrLossAtFairValue" xlink:label="loc_36" xlink:type="locator"/>
    <link:definitionArc order="250.0" use="optional" xlink:arcrole="http://xbrl.org/int/dim/arcrole/domain-member" xlink:from="loc" xlink:to="loc_36" xlink:type="arc"/>
    <link:loc xlink:href="../../ifrs-cor_2010-04-30.xsd#ifrs_FinancialAssetsReclassifiedOutOfAvailableforsaleFinancialAssetsCarryingAmount" xlink:label="loc_37" xlink:type="locator"/>
    <link:definitionArc order="260.0" use="optional" xlink:arcrole="http://xbrl.org/int/dim/arcrole/domain-member" xlink:from="loc" xlink:to="loc_37" xlink:type="arc"/>
    <link:loc xlink:href="../../ifrs-cor_2010-04-30.xsd#ifrs_FinancialAssetsReclassifiedOutOfAvailableforsaleFinancialAssetsAtFairValue" xlink:label="loc_38" xlink:type="locator"/>
    <link:definitionArc order="270.0" use="optional" xlink:arcrole="http://xbrl.org/int/dim/arcrole/domain-member" xlink:from="loc" xlink:to="loc_38" xlink:type="arc"/>
    <link:loc xlink:href="../../ifrs-cor_2010-04-30.xsd#ifrs_ExplanationOfFactsAndCircumstancesIndicatingRareSituationForReclassificationOutOfFinancialAssetsAtFairValueThroughProfitOrLoss" xlink:label="loc_39" xlink:type="locator"/>
    <link:definitionArc order="280.0" use="optional" xlink:arcrole="http://xbrl.org/int/dim/arcrole/domain-member" xlink:from="loc" xlink:to="loc_39" xlink:type="arc"/>
    <link:loc xlink:href="../../ifrs-cor_2010-04-30.xsd#ifrs_FairValueGainsLossesOnFinancialAssetsReclassifiedOutOfFinancialAssetsAtFairValueThroughProfitOrLossRecognisedInProfitOrLoss" xlink:label="loc_40" xlink:type="locator"/>
    <link:definitionArc order="290.0" use="optional" xlink:arcrole="http://xbrl.org/int/dim/arcrole/domain-member" xlink:from="loc" xlink:to="loc_40" xlink:type="arc"/>
    <link:loc xlink:href="../../ifrs-cor_2010-04-30.xsd#ifrs_FairValueGainsLossesOnFinancialAssetsReclassifiedOutOfAvailableforsaleFinancialAssetsRecognisedInOtherComprehensiveIncome" xlink:label="loc_41" xlink:type="locator"/>
    <link:definitionArc order="300.0" use="optional" xlink:arcrole="http://xbrl.org/int/dim/arcrole/domain-member" xlink:from="loc" xlink:to="loc_41" xlink:type="arc"/>
    <link:loc xlink:href="../../ifrs-cor_2010-04-30.xsd#ifrs_FairValueGainsLossesOnFinancialAssetsReclassifiedOutOfFinancialAssetsAtFairValueThroughProfitOrLossNotRecognisedInProfitOrLoss" xlink:label="loc_42" xlink:type="locator"/>
    <link:definitionArc order="310.0" use="optional" xlink:arcrole="http://xbrl.org/int/dim/arcrole/domain-member" xlink:from="loc" xlink:to="loc_42" xlink:type="arc"/>
    <link:loc xlink:href="../../ifrs-cor_2010-04-30.xsd#ifrs_FairValueGainsLossesOnFinancialAssetsReclassifiedOutOfAvailableforsaleFinancialAssetsNotRecognisedInOtherComprehensiveIncome" xlink:label="loc_43" xlink:type="locator"/>
    <link:definitionArc order="320.0" use="optional" xlink:arcrole="http://xbrl.org/int/dim/arcrole/domain-member" xlink:from="loc" xlink:to="loc_43" xlink:type="arc"/>
    <link:loc xlink:href="../../ifrs-cor_2010-04-30.xsd#ifrs_GainsLossesOnFinancialAssetsReclassifiedOutOfFinancialAssetsAtFairValueThroughProfitOrLossRecognisedInProfitOrLoss" xlink:label="loc_44" xlink:type="locator"/>
    <link:definitionArc order="330.0" use="optional" xlink:arcrole="http://xbrl.org/int/dim/arcrole/domain-member" xlink:from="loc" xlink:to="loc_44" xlink:type="arc"/>
    <link:loc xlink:href="../../ifrs-cor_2010-04-30.xsd#ifrs_GainsLossesOnFinancialAssetsReclassifiedOutOfAvailableforsaleFinancialAssetsRecognisedInOtherComprehensiveIncome" xlink:label="loc_45" xlink:type="locator"/>
    <link:definitionArc order="340.0" use="optional" xlink:arcrole="http://xbrl.org/int/dim/arcrole/domain-member" xlink:from="loc" xlink:to="loc_45" xlink:type="arc"/>
    <link:loc xlink:href="../../ifrs-cor_2010-04-30.xsd#ifrs_IncomeOnFinancialAssetsReclassifiedOutOfFinancialAssetsAtFairValueThroughProfitOrLossRecognisedInProfitOrLoss" xlink:label="loc_46" xlink:type="locator"/>
    <link:definitionArc order="350.0" use="optional" xlink:arcrole="http://xbrl.org/int/dim/arcrole/domain-member" xlink:from="loc" xlink:to="loc_46" xlink:type="arc"/>
    <link:loc xlink:href="../../ifrs-cor_2010-04-30.xsd#ifrs_IncomeOnFinancialAssetsReclassifiedOutOfAvailableforsaleFinancialAssetsRecognisedInOtherComprehensiveIncome" xlink:label="loc_47" xlink:type="locator"/>
    <link:definitionArc order="360.0" use="optional" xlink:arcrole="http://xbrl.org/int/dim/arcrole/domain-member" xlink:from="loc" xlink:to="loc_47" xlink:type="arc"/>
    <link:loc xlink:href="../../ifrs-cor_2010-04-30.xsd#ifrs_ExpensesOnFinancialAssetsReclassifiedOutOfFinancialAssetsAtFairValueThroughProfitOrLossRecognisedInProfitOrLoss" xlink:label="loc_48" xlink:type="locator"/>
    <link:definitionArc order="370.0" use="optional" xlink:arcrole="http://xbrl.org/int/dim/arcrole/domain-member" xlink:from="loc" xlink:to="loc_48" xlink:type="arc"/>
    <link:loc xlink:href="../../ifrs-cor_2010-04-30.xsd#ifrs_ExpensesOnFinancialAssetsReclassifiedOutOfAvailableforsaleFinancialAssetsRecognisedInOtherComprehensiveIncome" xlink:label="loc_49" xlink:type="locator"/>
    <link:definitionArc order="380.0" use="optional" xlink:arcrole="http://xbrl.org/int/dim/arcrole/domain-member" xlink:from="loc" xlink:to="loc_49" xlink:type="arc"/>
    <link:loc xlink:href="../../ifrs-cor_2010-04-30.xsd#ifrs_DescriptionOfEffectiveInterestRateAndEstimatedCashFlowsOfFinancialAssetsReclassifiedOutOfFinancialAssetsAtFairValueThroughProfitOrLoss" xlink:label="loc_50" xlink:type="locator"/>
    <link:definitionArc order="390.0" use="optional" xlink:arcrole="http://xbrl.org/int/dim/arcrole/domain-member" xlink:from="loc" xlink:to="loc_50" xlink:type="arc"/>
    <link:loc xlink:href="../../ifrs-cor_2010-04-30.xsd#ifrs_DescriptionOfEffectiveInterestRateAndEstimatedCashFlowsOfFinancialAssetsReclassifiedOutOfAvailableforsaleFinancialAssets" xlink:label="loc_51" xlink:type="locator"/>
    <link:definitionArc order="400.0" use="optional" xlink:arcrole="http://xbrl.org/int/dim/arcrole/domain-member" xlink:from="loc" xlink:to="loc_51" xlink:type="arc"/>
    <link:loc xlink:href="../../ifrs-cor_2010-04-30.xsd#ifrs_DescriptionOfDateOfReclassificationOfFinancialAssetsDueToChangeInBusinessModel" xlink:label="loc_52" xlink:type="locator"/>
    <link:definitionArc order="410.0" use="optional" xlink:arcrole="http://xbrl.org/int/dim/arcrole/domain-member" xlink:from="loc" xlink:to="loc_52" xlink:type="arc"/>
    <link:loc xlink:href="../../ifrs-cor_2010-04-30.xsd#ifrs_ExplanationOfChangeInBusinessModelForManagingFinancialAssets" xlink:label="loc_53" xlink:type="locator"/>
    <link:definitionArc order="420.0" use="optional" xlink:arcrole="http://xbrl.org/int/dim/arcrole/domain-member" xlink:from="loc" xlink:to="loc_53" xlink:type="arc"/>
    <link:loc xlink:href="../../ifrs-cor_2010-04-30.xsd#ifrs_DescriptionOfEffectOfChangingBusinessModelForManagingFinancialAssetsOnFinancialStatements" xlink:label="loc_54" xlink:type="locator"/>
    <link:definitionArc order="430.0" use="optional" xlink:arcrole="http://xbrl.org/int/dim/arcrole/domain-member" xlink:from="loc" xlink:to="loc_54" xlink:type="arc"/>
    <link:loc xlink:href="../../ifrs-cor_2010-04-30.xsd#ifrs_DescriptionOfAmountsReclassifiedIntoAndOutOfFinancialAssetsCategories" xlink:label="loc_55" xlink:type="locator"/>
    <link:definitionArc order="440.0" use="optional" xlink:arcrole="http://xbrl.org/int/dim/arcrole/domain-member" xlink:from="loc" xlink:to="loc_55" xlink:type="arc"/>
    <link:loc xlink:href="../../ifrs-cor_2010-04-30.xsd#ifrs_DescriptionOfEffectiveInterestRateDeterminedOnDateOfReclassification" xlink:label="loc_56" xlink:type="locator"/>
    <link:definitionArc order="450.0" use="optional" xlink:arcrole="http://xbrl.org/int/dim/arcrole/domain-member" xlink:from="loc" xlink:to="loc_56" xlink:type="arc"/>
    <link:loc xlink:href="../../ifrs-cor_2010-04-30.xsd#ifrs_InterestIncomeExpenseRecognisedForAssetsReclassifiedIntoMeasuredAtAmortisedCost" xlink:label="loc_57" xlink:type="locator"/>
    <link:definitionArc order="460.0" use="optional" xlink:arcrole="http://xbrl.org/int/dim/arcrole/domain-member" xlink:from="loc" xlink:to="loc_57" xlink:type="arc"/>
    <link:loc xlink:href="../../ifrs-cor_2010-04-30.xsd#ifrs_FairValueOfFinancialAssetsReclassifiedAsMeasuredAtAmortisedCost" xlink:label="loc_58" xlink:type="locator"/>
    <link:definitionArc order="470.0" use="optional" xlink:arcrole="http://xbrl.org/int/dim/arcrole/domain-member" xlink:from="loc" xlink:to="loc_58" xlink:type="arc"/>
    <link:loc xlink:href="../../ifrs-cor_2010-04-30.xsd#ifrs_FairValueGainsOrLossThatWouldHaveBeenRecognisedInProfitOrLossIfFinancialAssetsHadNotBeenReclassified" xlink:label="loc_59" xlink:type="locator"/>
    <link:definitionArc order="480.0" use="optional" xlink:arcrole="http://xbrl.org/int/dim/arcrole/domain-member" xlink:from="loc" xlink:to="loc_59" xlink:type="arc"/>
    <link:loc xlink:href="../../ifrs-cor_2010-04-30.xsd#ifrs_AssetsHeldAsCollateralPermittedToBeSoldOrRepledgedAtFairValue" xlink:label="loc_61" xlink:type="locator"/>
    <link:definitionArc order="520.0" use="optional" xlink:arcrole="http://xbrl.org/int/dim/arcrole/domain-member" xlink:from="loc" xlink:to="loc_61" xlink:type="arc"/>
    <link:loc xlink:href="../../ifrs-cor_2010-04-30.xsd#ifrs_AssetsSoldOrRepledgedAsCollateralAtFairValue" xlink:label="loc_62" xlink:type="locator"/>
    <link:definitionArc order="530.0" use="optional" xlink:arcrole="http://xbrl.org/int/dim/arcrole/domain-member" xlink:from="loc" xlink:to="loc_62" xlink:type="arc"/>
    <link:loc xlink:href="../../ifrs-cor_2010-04-30.xsd#ifrs_ExplanationOfWhetherEntityHasObligationToReturnCollateralSoldOrRepledged" xlink:label="loc_63" xlink:type="locator"/>
    <link:definitionArc order="540.0" use="optional" xlink:arcrole="http://xbrl.org/int/dim/arcrole/domain-member" xlink:from="loc" xlink:to="loc_63" xlink:type="arc"/>
    <link:loc xlink:href="../../ifrs-cor_2010-04-30.xsd#ifrs_DescriptionOfCollateralPermittedToSellOrRepledgeInAbsenceOfDefaultByOwnerOfCollateral" xlink:label="loc_64" xlink:type="locator"/>
    <link:definitionArc order="550.0" use="optional" xlink:arcrole="http://xbrl.org/int/dim/arcrole/domain-member" xlink:from="loc" xlink:to="loc_64" xlink:type="arc"/>
    <link:loc xlink:href="../../ifrs-cor_2010-04-30.xsd#ifrs_DisclosureOfCompoundFinancialInstrumentsWithMultipleEmbeddedDerivativesExplanatory" xlink:label="loc_65" xlink:type="locator"/>
    <link:definitionArc order="560.0" use="optional" xlink:arcrole="http://xbrl.org/int/dim/arcrole/domain-member" xlink:from="loc" xlink:to="loc_65" xlink:type="arc"/>
    <link:loc xlink:href="../../ifrs-cor_2010-04-30.xsd#ifrs_DescriptionOfInformationOfDifferenceBetweenFairValueAtInitialRecognitionAndAmountUsingValuationTechnique" xlink:label="loc_66" xlink:type="locator"/>
    <link:definitionArc order="630.0" use="optional" xlink:arcrole="http://xbrl.org/int/dim/arcrole/domain-member" xlink:from="loc" xlink:to="loc_66" xlink:type="arc"/>
    <link:loc xlink:href="../../ifrs-cor_2010-04-30.xsd#ifrs_DisclosureOfFairValueOfFinancialAssetsAndFinancialLiabilitiesAndReclassificationExplanatory" xlink:label="loc_67" xlink:type="locator"/>
    <link:definitionArc order="640.0" use="optional" xlink:arcrole="http://xbrl.org/int/dim/arcrole/domain-member" xlink:from="loc" xlink:to="loc_67" xlink:type="arc"/>
    <link:loc xlink:href="../../ifrs-cor_2010-04-30.xsd#ifrs_DescriptionOfInformationWhereFairValueDisclosuresNotRequired" xlink:label="loc_135" xlink:type="locator"/>
    <link:definitionArc order="10.0" use="optional" xlink:arcrole="http://xbrl.org/int/dim/arcrole/domain-member" xlink:from="loc_67" xlink:to="loc_135" xlink:type="arc"/>
    <link:loc xlink:href="../../ifrs-cor_2010-04-30.xsd#ifrs_DescriptionOfFinancialInstrumentsTheirCarryingAmountAndExplanationOfWhyFairValueCannotBeMeasuredReliably" xlink:label="loc_139" xlink:type="locator"/>
    <link:definitionArc order="20.0" use="optional" xlink:arcrole="http://xbrl.org/int/dim/arcrole/domain-member" xlink:from="loc_67" xlink:to="loc_139" xlink:type="arc"/>
    <link:loc xlink:href="../../ifrs-cor_2010-04-30.xsd#ifrs_InformationAboutMarketForFinancialInstruments" xlink:label="loc_140" xlink:type="locator"/>
    <link:definitionArc order="30.0" use="optional" xlink:arcrole="http://xbrl.org/int/dim/arcrole/domain-member" xlink:from="loc_67" xlink:to="loc_140" xlink:type="arc"/>
    <link:loc xlink:href="../../ifrs-cor_2010-04-30.xsd#ifrs_InformationAboutWhetherAndHowEntityIntendsToDisposeOfFinancialInstruments" xlink:label="loc_141" xlink:type="locator"/>
    <link:definitionArc order="40.0" use="optional" xlink:arcrole="http://xbrl.org/int/dim/arcrole/domain-member" xlink:from="loc_67" xlink:to="loc_141" xlink:type="arc"/>
    <link:loc xlink:href="../../ifrs-cor_2010-04-30.xsd#ifrs_ExplanationOfFactThatFinancialInstrumentsWhoseFairValuePreviouslyCouldNotBeReliablyMeasuredAreDerecognised" xlink:label="loc_142" xlink:type="locator"/>
    <link:definitionArc order="50.0" use="optional" xlink:arcrole="http://xbrl.org/int/dim/arcrole/domain-member" xlink:from="loc_67" xlink:to="loc_142" xlink:type="arc"/>
    <link:loc xlink:href="../../ifrs-cor_2010-04-30.xsd#ifrs_FinancialInstrumentsWhoseFairValuePreviouslyCouldNotBeReliablyMeasuredAtTimeOfDerecognition" xlink:label="loc_143" xlink:type="locator"/>
    <link:definitionArc order="60.0" use="optional" xlink:arcrole="http://xbrl.org/int/dim/arcrole/domain-member" xlink:from="loc_67" xlink:to="loc_143" xlink:type="arc"/>
    <link:loc xlink:href="../../ifrs-cor_2010-04-30.xsd#ifrs_GainLossRecognisedOnFinancialInstrumentsWhoseFairValuePreviouslyCouldNotBeReliablyMeasured" xlink:label="loc_144" xlink:type="locator"/>
    <link:definitionArc order="70.0" use="optional" xlink:arcrole="http://xbrl.org/int/dim/arcrole/domain-member" xlink:from="loc_67" xlink:to="loc_144" xlink:type="arc"/>
    <link:loc xlink:href="../../ifrs-cor_2010-04-30.xsd#ifrs_DisclosureOfNatureAndExtentOfRisksArisingFromFinancialInstrumentsExplanatory" xlink:label="loc_68" xlink:type="locator"/>
    <link:definitionArc order="650.0" use="optional" xlink:arcrole="http://xbrl.org/int/dim/arcrole/domain-member" xlink:from="loc" xlink:to="loc_68" xlink:type="arc"/>
    <link:loc xlink:href="../../ifrs-cor_2010-04-30.xsd#ifrs_DisclosureOfFinancialAssetsThatAreEitherPastDueOrImpairedExplanatory" xlink:label="loc_69" xlink:type="locator"/>
    <link:definitionArc order="660.0" use="optional" xlink:arcrole="http://xbrl.org/int/dim/arcrole/domain-member" xlink:from="loc" xlink:to="loc_69" xlink:type="arc"/>
    <link:loc xlink:href="../../ifrs-cor_2010-04-30.xsd#ifrs_DescriptionOfNatureAndCarryingAmountOfAssetsObtained" xlink:label="loc_70" xlink:type="locator"/>
    <link:definitionArc order="670.0" use="optional" xlink:arcrole="http://xbrl.org/int/dim/arcrole/domain-member" xlink:from="loc" xlink:to="loc_70" xlink:type="arc"/>
    <link:loc xlink:href="../../ifrs-cor_2010-04-30.xsd#ifrs_AssetsObtained" xlink:label="loc_71" xlink:type="locator"/>
    <link:definitionArc order="680.0" use="optional" xlink:arcrole="http://xbrl.org/int/dim/arcrole/domain-member" xlink:from="loc" xlink:to="loc_71" xlink:type="arc"/>
    <link:loc xlink:href="../../ifrs-cor_2010-04-30.xsd#ifrs_DescriptionOfPoliciesForDisposingOfAssetsNotReadilyConvertibleIntoCashOrForUsingThemInItsOperations" xlink:label="loc_78" xlink:type="locator"/>
    <link:definitionArc order="690.0" use="optional" xlink:arcrole="http://xbrl.org/int/dim/arcrole/domain-member" xlink:from="loc" xlink:to="loc_78" xlink:type="arc"/>
    <link:loc xlink:href="../../ifrs-cor_2010-04-30.xsd#ifrs_MaturityAnalysisForNonderivativeFinancialLiabilities" xlink:label="loc_85" xlink:type="locator"/>
    <link:definitionArc order="700.0" use="optional" xlink:arcrole="http://xbrl.org/int/dim/arcrole/domain-member" xlink:from="loc" xlink:to="loc_85" xlink:type="arc"/>
    <link:loc xlink:href="../../ifrs-cor_2010-04-30.xsd#ifrs_MaturityAnalysisForDerivativeFinancialLiabilities" xlink:label="loc_89" xlink:type="locator"/>
    <link:definitionArc order="710.0" use="optional" xlink:arcrole="http://xbrl.org/int/dim/arcrole/domain-member" xlink:from="loc" xlink:to="loc_89" xlink:type="arc"/>
    <link:loc xlink:href="../../ifrs-cor_2010-04-30.xsd#ifrs_DescriptionOfManagingLiquidityRisk" xlink:label="loc_90" xlink:type="locator"/>
    <link:definitionArc order="720.0" use="optional" xlink:arcrole="http://xbrl.org/int/dim/arcrole/domain-member" xlink:from="loc" xlink:to="loc_90" xlink:type="arc"/>
    <link:loc xlink:href="../../ifrs-cor_2010-04-30.xsd#ifrs_SensitivityAnalysisForEachTypeOfMarketRisk" xlink:label="loc_91" xlink:type="locator"/>
    <link:definitionArc order="730.0" use="optional" xlink:arcrole="http://xbrl.org/int/dim/arcrole/domain-member" xlink:from="loc" xlink:to="loc_91" xlink:type="arc"/>
    <link:loc xlink:href="../../ifrs-cor_2010-04-30.xsd#ifrs_MethodsAndAssumptionsUsedInPreparingSensitivityAnalysis" xlink:label="loc_92" xlink:type="locator"/>
    <link:definitionArc order="740.0" use="optional" xlink:arcrole="http://xbrl.org/int/dim/arcrole/domain-member" xlink:from="loc" xlink:to="loc_92" xlink:type="arc"/>
    <link:loc xlink:href="../../ifrs-cor_2010-04-30.xsd#ifrs_ChangesInMethodsAndAssumptionsUsedInPreparingSensitivityAnalysis" xlink:label="loc_93" xlink:type="locator"/>
    <link:definitionArc order="750.0" use="optional" xlink:arcrole="http://xbrl.org/int/dim/arcrole/domain-member" xlink:from="loc" xlink:to="loc_93" xlink:type="arc"/>
    <link:loc xlink:href="../../ifrs-cor_2010-04-30.xsd#ifrs_DescriptionOfReasonForChangeInMethodsAndAssumptionsUsedInPreparingSensitivityAnalysis" xlink:label="loc_94" xlink:type="locator"/>
    <link:definitionArc order="760.0" use="optional" xlink:arcrole="http://xbrl.org/int/dim/arcrole/domain-member" xlink:from="loc" xlink:to="loc_94" xlink:type="arc"/>
    <link:loc xlink:href="../../ifrs-cor_2010-04-30.xsd#ifrs_MethodsUsedInPreparingSensitivityAnalysisReflectingInterdependenciesBetweenRiskVariables" xlink:label="loc_95" xlink:type="locator"/>
    <link:definitionArc order="770.0" use="optional" xlink:arcrole="http://xbrl.org/int/dim/arcrole/domain-member" xlink:from="loc" xlink:to="loc_95" xlink:type="arc"/>
    <link:loc xlink:href="../../ifrs-cor_2010-04-30.xsd#ifrs_LimitationsThatMayResultInInformationNotFullyReflectingFairValueOfAssetsAndLiabilitiesInvolved" xlink:label="loc_96" xlink:type="locator"/>
    <link:definitionArc order="780.0" use="optional" xlink:arcrole="http://xbrl.org/int/dim/arcrole/domain-member" xlink:from="loc" xlink:to="loc_96" xlink:type="arc"/>
    <link:loc xlink:href="../../ifrs-cor_2010-04-30.xsd#ifrs_DescriptionOfFactAndReasonWhySensitivityAnalysisAreUnrepresentative" xlink:label="loc_97" xlink:type="locator"/>
    <link:definitionArc order="790.0" use="optional" xlink:arcrole="http://xbrl.org/int/dim/arcrole/domain-member" xlink:from="loc" xlink:to="loc_97" xlink:type="arc"/>
    <link:loc xlink:href="../../ifrs-cor_2010-04-30.xsd#ifrs_ExplanationOfFirsttimeAdoptionOfIFRS9" xlink:label="loc_98" xlink:type="locator"/>
    <link:definitionArc order="800.0" use="optional" xlink:arcrole="http://xbrl.org/int/dim/arcrole/domain-member" xlink:from="loc" xlink:to="loc_98" xlink:type="arc"/>
  </link:definitionLink>
  <link:definitionLink xlink:role="http://xbrl.iasb.org/role/ifrs/ifrs_7_2010-04-30_role-822390a" xlink:title="[822390a] Notes - Financial instruments" xlink:type="extended">
    <link:loc xlink:href="../../ifrs-cor_2010-04-30.xsd#ifrs_FinancialAssetsMember" xlink:label="loc_5" xlink:type="locator"/>
    <link:loc xlink:href="../../ifrs-cor_2010-04-30.xsd#ifrs_CashAndCashEquivalentsMember" xlink:label="loc_6" xlink:type="locator"/>
    <link:definitionArc order="10.0" use="optional" xlink:arcrole="http://xbrl.org/int/dim/arcrole/domain-member" xlink:from="loc_5" xlink:to="loc_6" xlink:type="arc"/>
    <link:loc xlink:href="../../ifrs-cor_2010-04-30.xsd#ifrs_TradeAndOtherReceivablesMember" xlink:label="loc_7" xlink:type="locator"/>
    <link:definitionArc order="20.0" use="optional" xlink:arcrole="http://xbrl.org/int/dim/arcrole/domain-member" xlink:from="loc_5" xlink:to="loc_7" xlink:type="arc"/>
    <link:loc xlink:href="../../ifrs-cor_2010-04-30.xsd#ifrs_OtherFinancialAssetsMember" xlink:label="loc_8" xlink:type="locator"/>
    <link:definitionArc order="30.0" use="optional" xlink:arcrole="http://xbrl.org/int/dim/arcrole/domain-member" xlink:from="loc_5" xlink:to="loc_8" xlink:type="arc"/>
    <link:loc xlink:href="../../ifrs-cor_2010-04-30.xsd#ifrs_InvestmentsMember" xlink:label="loc_9" xlink:type="locator"/>
    <link:definitionArc order="40.0" use="optional" xlink:arcrole="http://xbrl.org/int/dim/arcrole/domain-member" xlink:from="loc_5" xlink:to="loc_9" xlink:type="arc"/>
    <link:loc xlink:href="../../ifrs-cor_2010-04-30.xsd#ifrs_DisclosureOfFinancialAssetsExplanatory" xlink:label="loc" xlink:type="locator"/>
    <link:loc xlink:href="../../ifrs-cor_2010-04-30.xsd#ifrs_DisclosureOfFinancialAssetsAbstract" xlink:label="loc_2" xlink:type="locator"/>
    <link:definitionArc order="10.0" use="optional" xlink:arcrole="http://xbrl.org/int/dim/arcrole/domain-member" xlink:from="loc" xlink:to="loc_2" xlink:type="arc"/>
    <link:loc xlink:href="../../ifrs-cor_2010-04-30.xsd#ifrs_DisclosureOfFinancialAssetsTable" xlink:label="loc_3" xlink:type="locator"/>
    <link:definitionArc order="10.0" use="optional" xbrldt:closed="true" xbrldt:contextElement="scenario" xlink:arcrole="http://xbrl.org/int/dim/arcrole/all" xlink:from="loc_2" xlink:to="loc_3" xlink:type="arc"/>
    <link:loc xlink:href="../../ifrs-cor_2010-04-30.xsd#ifrs_ClassesOfFinancialAssetsAxis" xlink:label="loc_4" xlink:type="locator"/>
    <link:definitionArc order="10.0" use="optional" xlink:arcrole="http://xbrl.org/int/dim/arcrole/hypercube-dimension" xlink:from="loc_3" xlink:to="loc_4" xlink:type="arc"/>
    <link:definitionArc order="10.0" use="optional" xlink:arcrole="http://xbrl.org/int/dim/arcrole/dimension-domain" xlink:from="loc_4" xlink:to="loc_5" xlink:type="arc"/>
    <link:loc xlink:href="../../ifrs-cor_2010-04-30.xsd#ifrs_FinancialAssetsMember" xlink:label="loc_10" xlink:type="locator"/>
    <link:definitionArc order="20.0" priority="1" use="optional" xlink:arcrole="http://xbrl.org/int/dim/arcrole/dimension-default" xlink:from="loc_4" xlink:to="loc_10" xlink:type="arc"/>
    <link:loc xlink:href="../../ifrs-cor_2010-04-30.xsd#ifrs_DisclosureOfFinancialAssetsLineItems" xlink:label="loc_11" xlink:type="locator"/>
    <link:definitionArc order="20.0" use="optional" xlink:arcrole="http://xbrl.org/int/dim/arcrole/domain-member" xlink:from="loc_2" xlink:to="loc_11" xlink:type="arc"/>
    <link:loc xlink:href="../../ifrs-cor_2010-04-30.xsd#ifrs_CategoriesOfFinancialAssetsAbstract" xlink:label="loc_12" xlink:type="locator"/>
    <link:definitionArc order="10.0" use="optional" xlink:arcrole="http://xbrl.org/int/dim/arcrole/domain-member" xlink:from="loc_11" xlink:to="loc_12" xlink:type="arc"/>
    <link:loc xlink:href="../../ifrs-cor_2010-04-30.xsd#ifrs_FinancialAssetsAtFairValueThroughProfitOrLossAbstract" xlink:label="loc_13" xlink:type="locator"/>
    <link:definitionArc order="10.0" use="optional" xlink:arcrole="http://xbrl.org/int/dim/arcrole/domain-member" xlink:from="loc_12" xlink:to="loc_13" xlink:type="arc"/>
    <link:loc xlink:href="../../ifrs-cor_2010-04-30.xsd#ifrs_FinancialAssetsAtFairValueThroughProfitOrLossDesignatedAsUponInitialRecognition" xlink:label="loc_14" xlink:type="locator"/>
    <link:definitionArc order="10.0" use="optional" xlink:arcrole="http://xbrl.org/int/dim/arcrole/domain-member" xlink:from="loc_13" xlink:to="loc_14" xlink:type="arc"/>
    <link:loc xlink:href="../../ifrs-cor_2010-04-30.xsd#ifrs_FinancialAssetsAtFairValueThroughProfitOrLossClassifiedAsHeldForTrading" xlink:label="loc_15" xlink:type="locator"/>
    <link:definitionArc order="20.0" use="optional" xlink:arcrole="http://xbrl.org/int/dim/arcrole/domain-member" xlink:from="loc_13" xlink:to="loc_15" xlink:type="arc"/>
    <link:loc xlink:href="../../ifrs-cor_2010-04-30.xsd#ifrs_FinancialAssetsAtFairValueThroughProfitOrLossMandatorilyMeasuredAtFairValue" xlink:label="loc_16" xlink:type="locator"/>
    <link:definitionArc order="30.0" use="optional" xlink:arcrole="http://xbrl.org/int/dim/arcrole/domain-member" xlink:from="loc_13" xlink:to="loc_16" xlink:type="arc"/>
    <link:loc xlink:href="../../ifrs-cor_2010-04-30.xsd#ifrs_FinancialAssetsAtFairValueThroughProfitOrLoss" xlink:label="loc_17" xlink:type="locator"/>
    <link:definitionArc order="40.0" use="optional" xlink:arcrole="http://xbrl.org/int/dim/arcrole/domain-member" xlink:from="loc_13" xlink:to="loc_17" xlink:type="arc"/>
    <link:loc xlink:href="../../ifrs-cor_2010-04-30.xsd#ifrs_FinancialAssetsAvailableforsale" xlink:label="loc_18" xlink:type="locator"/>
    <link:definitionArc order="20.0" use="optional" xlink:arcrole="http://xbrl.org/int/dim/arcrole/domain-member" xlink:from="loc_12" xlink:to="loc_18" xlink:type="arc"/>
    <link:loc xlink:href="../../ifrs-cor_2010-04-30.xsd#ifrs_HeldtomaturityInvestments" xlink:label="loc_19" xlink:type="locator"/>
    <link:definitionArc order="30.0" use="optional" xlink:arcrole="http://xbrl.org/int/dim/arcrole/domain-member" xlink:from="loc_12" xlink:to="loc_19" xlink:type="arc"/>
    <link:loc xlink:href="../../ifrs-cor_2010-04-30.xsd#ifrs_LoansAndReceivables" xlink:label="loc_20" xlink:type="locator"/>
    <link:definitionArc order="40.0" use="optional" xlink:arcrole="http://xbrl.org/int/dim/arcrole/domain-member" xlink:from="loc_12" xlink:to="loc_20" xlink:type="arc"/>
    <link:loc xlink:href="../../ifrs-cor_2010-04-30.xsd#ifrs_FinancialAssetsAtFairValueThroughOtherComprehensiveIncome" xlink:label="loc_21" xlink:type="locator"/>
    <link:definitionArc order="50.0" use="optional" xlink:arcrole="http://xbrl.org/int/dim/arcrole/domain-member" xlink:from="loc_12" xlink:to="loc_21" xlink:type="arc"/>
    <link:loc xlink:href="../../ifrs-cor_2010-04-30.xsd#ifrs_FinancialAssetsAtAmortisedCost" xlink:label="loc_22" xlink:type="locator"/>
    <link:definitionArc order="60.0" use="optional" xlink:arcrole="http://xbrl.org/int/dim/arcrole/domain-member" xlink:from="loc_12" xlink:to="loc_22" xlink:type="arc"/>
    <link:loc xlink:href="../../ifrs-cor_2010-04-30.xsd#ifrs_FinancialAssets" xlink:label="loc_23" xlink:type="locator"/>
    <link:definitionArc order="70.0" use="optional" xlink:arcrole="http://xbrl.org/int/dim/arcrole/domain-member" xlink:from="loc_12" xlink:to="loc_23" xlink:type="arc"/>
    <link:loc xlink:href="../../ifrs-cor_2010-04-30.xsd#ifrs_FinancialAssetsAtFairValue" xlink:label="loc_24" xlink:type="locator"/>
    <link:definitionArc order="20.0" use="optional" xlink:arcrole="http://xbrl.org/int/dim/arcrole/domain-member" xlink:from="loc_11" xlink:to="loc_24" xlink:type="arc"/>
    <link:loc xlink:href="../../ifrs-cor_2010-04-30.xsd#ifrs_ImpairmentLossOnFinancialAssets" xlink:label="loc_27" xlink:type="locator"/>
    <link:definitionArc order="50.0" use="optional" xlink:arcrole="http://xbrl.org/int/dim/arcrole/domain-member" xlink:from="loc_11" xlink:to="loc_27" xlink:type="arc"/>
    <link:loc xlink:href="../../ifrs-cor_2010-04-30.xsd#ifrs_AllowanceAccountForCreditLossesOfFinancialAssets" xlink:label="loc_25" xlink:type="locator"/>
    <link:definitionArc order="30.0" use="optional" xlink:arcrole="http://xbrl.org/int/dim/arcrole/domain-member" xlink:from="loc_11" xlink:to="loc_25" xlink:type="arc"/>
    <link:loc xlink:href="../../ifrs-cor_2010-04-30.xsd#ifrs_IncreaseDecreaseInAllowanceAccountForCreditLossesOfFinancialAssets" xlink:label="loc_26" xlink:type="locator"/>
    <link:definitionArc order="40.0" use="optional" xlink:arcrole="http://xbrl.org/int/dim/arcrole/domain-member" xlink:from="loc_11" xlink:to="loc_26" xlink:type="arc"/>
  </link:definitionLink>
  <link:definitionLink xlink:role="http://xbrl.iasb.org/role/ifrs/ifrs_7_2010-04-30_role-822390b" xlink:title="[822390b] Notes - Financial instruments" xlink:type="extended">
    <link:loc xlink:href="../../ifrs-cor_2010-04-30.xsd#ifrs_DisclosureOfFinancialLiabilitiesExplanatory" xlink:label="loc" xlink:type="locator"/>
    <link:loc xlink:href="../../ifrs-cor_2010-04-30.xsd#ifrs_DisclosureOfFinancialLiabilitiesAbstract" xlink:label="loc_2" xlink:type="locator"/>
    <link:definitionArc order="10.0" use="optional" xlink:arcrole="http://xbrl.org/int/dim/arcrole/domain-member" xlink:from="loc" xlink:to="loc_2" xlink:type="arc"/>
    <link:loc xlink:href="../../ifrs-cor_2010-04-30.xsd#ifrs_DisclosureOfFinancialLiabilitiesTable" xlink:label="loc_3" xlink:type="locator"/>
    <link:definitionArc order="10.0" use="optional" xbrldt:closed="true" xbrldt:contextElement="scenario" xlink:arcrole="http://xbrl.org/int/dim/arcrole/all" xlink:from="loc_2" xlink:to="loc_3" xlink:type="arc"/>
    <link:loc xlink:href="../../ifrs-cor_2010-04-30.xsd#ifrs_ClassesOfFinancialLiabilitiesAxis" xlink:label="loc_4" xlink:type="locator"/>
    <link:definitionArc order="10.0" use="optional" xlink:arcrole="http://xbrl.org/int/dim/arcrole/hypercube-dimension" xlink:from="loc_3" xlink:to="loc_4" xlink:type="arc"/>
    <link:loc xlink:href="../../ifrs-cor_2010-04-30.xsd#ifrs_FinancialLiabilitiesMember" xlink:label="loc_5" xlink:type="locator"/>
    <link:definitionArc order="10.0" use="optional" xlink:arcrole="http://xbrl.org/int/dim/arcrole/dimension-domain" xlink:from="loc_4" xlink:to="loc_5" xlink:type="arc"/>
    <link:loc xlink:href="../../ifrs-cor_2010-04-30.xsd#ifrs_FinancialLiabilitiesMember" xlink:label="loc_8" xlink:type="locator"/>
    <link:definitionArc order="20.0" priority="1" use="optional" xlink:arcrole="http://xbrl.org/int/dim/arcrole/dimension-default" xlink:from="loc_4" xlink:to="loc_8" xlink:type="arc"/>
    <link:loc xlink:href="../../ifrs-cor_2010-04-30.xsd#ifrs_TradeAndOtherPayablesMember" xlink:label="loc_6" xlink:type="locator"/>
    <link:definitionArc order="10.0" use="optional" xlink:arcrole="http://xbrl.org/int/dim/arcrole/domain-member" xlink:from="loc_5" xlink:to="loc_6" xlink:type="arc"/>
    <link:loc xlink:href="../../ifrs-cor_2010-04-30.xsd#ifrs_OtherFinancialLiabilitiesMember" xlink:label="loc_7" xlink:type="locator"/>
    <link:definitionArc order="20.0" use="optional" xlink:arcrole="http://xbrl.org/int/dim/arcrole/domain-member" xlink:from="loc_5" xlink:to="loc_7" xlink:type="arc"/>
    <link:loc xlink:href="../../ifrs-cor_2010-04-30.xsd#ifrs_DisclosureOfFinancialLiabilitiesLineItems" xlink:label="loc_9" xlink:type="locator"/>
    <link:definitionArc order="20.0" use="optional" xlink:arcrole="http://xbrl.org/int/dim/arcrole/domain-member" xlink:from="loc_2" xlink:to="loc_9" xlink:type="arc"/>
    <link:loc xlink:href="../../ifrs-cor_2010-04-30.xsd#ifrs_CategoriesOfFinancialLiabilitiesAbstract" xlink:label="loc_10" xlink:type="locator"/>
    <link:definitionArc order="10.0" use="optional" xlink:arcrole="http://xbrl.org/int/dim/arcrole/domain-member" xlink:from="loc_9" xlink:to="loc_10" xlink:type="arc"/>
    <link:loc xlink:href="../../ifrs-cor_2010-04-30.xsd#ifrs_FinancialLiabilitiesAtFairValueThroughProfitOrLossAbstract" xlink:label="loc_11" xlink:type="locator"/>
    <link:definitionArc order="10.0" use="optional" xlink:arcrole="http://xbrl.org/int/dim/arcrole/domain-member" xlink:from="loc_10" xlink:to="loc_11" xlink:type="arc"/>
    <link:loc xlink:href="../../ifrs-cor_2010-04-30.xsd#ifrs_FinancialLiabilitiesAtFairValueThroughProfitOrLossClassifiedAsHeldForTrading" xlink:label="loc_12" xlink:type="locator"/>
    <link:definitionArc order="10.0" use="optional" xlink:arcrole="http://xbrl.org/int/dim/arcrole/domain-member" xlink:from="loc_11" xlink:to="loc_12" xlink:type="arc"/>
    <link:loc xlink:href="../../ifrs-cor_2010-04-30.xsd#ifrs_FinancialLiabilitiesAtFairValueThroughProfitOrLossDesignatedAsUponInitialRecognition" xlink:label="loc_13" xlink:type="locator"/>
    <link:definitionArc order="20.0" use="optional" xlink:arcrole="http://xbrl.org/int/dim/arcrole/domain-member" xlink:from="loc_11" xlink:to="loc_13" xlink:type="arc"/>
    <link:loc xlink:href="../../ifrs-cor_2010-04-30.xsd#ifrs_FinancialLiabilitiesAtFairValueThroughProfitOrLoss" xlink:label="loc_14" xlink:type="locator"/>
    <link:definitionArc order="30.0" use="optional" xlink:arcrole="http://xbrl.org/int/dim/arcrole/domain-member" xlink:from="loc_11" xlink:to="loc_14" xlink:type="arc"/>
    <link:loc xlink:href="../../ifrs-cor_2010-04-30.xsd#ifrs_FinancialLiabilitiesAtAmortisedCost" xlink:label="loc_15" xlink:type="locator"/>
    <link:definitionArc order="20.0" use="optional" xlink:arcrole="http://xbrl.org/int/dim/arcrole/domain-member" xlink:from="loc_10" xlink:to="loc_15" xlink:type="arc"/>
    <link:loc xlink:href="../../ifrs-cor_2010-04-30.xsd#ifrs_FinancialLiabilities" xlink:label="loc_16" xlink:type="locator"/>
    <link:definitionArc order="30.0" use="optional" xlink:arcrole="http://xbrl.org/int/dim/arcrole/domain-member" xlink:from="loc_10" xlink:to="loc_16" xlink:type="arc"/>
    <link:loc xlink:href="../../ifrs-cor_2010-04-30.xsd#ifrs_FinancialLiabilitiesAtFairValue" xlink:label="loc_17" xlink:type="locator"/>
    <link:definitionArc order="20.0" use="optional" xlink:arcrole="http://xbrl.org/int/dim/arcrole/domain-member" xlink:from="loc_9" xlink:to="loc_17" xlink:type="arc"/>
  </link:definitionLink>
  <link:definitionLink xlink:role="http://xbrl.iasb.org/role/ifrs/ifrs_7_2010-04-30_role-822390c" xlink:title="[822390c] Notes - Financial instruments" xlink:type="extended">
    <link:loc xlink:href="../../ifrs-cor_2010-04-30.xsd#ifrs_DisclosureOfFinancialAssetsTransferredDuringPeriodWhichDoNotQualifyForDerecognitionExplanatory" xlink:label="loc" xlink:type="locator"/>
    <link:loc xlink:href="../../ifrs-cor_2010-04-30.xsd#ifrs_DisclosureOfFinancialAssetsTransferredDuringPeriodWhichDoNotQualifyForDerecognitionAbstract" xlink:label="loc_2" xlink:type="locator"/>
    <link:definitionArc order="10.0" use="optional" xlink:arcrole="http://xbrl.org/int/dim/arcrole/domain-member" xlink:from="loc" xlink:to="loc_2" xlink:type="arc"/>
    <link:loc xlink:href="../../ifrs-cor_2010-04-30.xsd#ifrs_DisclosureOfFinancialAssetsTransferredDuringPeriodWhichDoNotQualifyForDerecognitionTable" xlink:label="loc_3" xlink:type="locator"/>
    <link:definitionArc order="10.0" use="optional" xbrldt:closed="true" xbrldt:contextElement="scenario" xlink:arcrole="http://xbrl.org/int/dim/arcrole/all" xlink:from="loc_2" xlink:to="loc_3" xlink:type="arc"/>
    <link:loc xlink:href="../../ifrs-cor_2010-04-30.xsd#ifrs_FinancialAssetsWhichDoNotQualifyForDerecognitionAxis" xlink:label="loc_4" xlink:type="locator"/>
    <link:definitionArc order="10.0" use="optional" xlink:arcrole="http://xbrl.org/int/dim/arcrole/hypercube-dimension" xlink:from="loc_3" xlink:to="loc_4" xlink:type="arc"/>
    <link:loc xlink:href="../../ifrs-cor_2010-04-30.xsd#ifrs_FinancialAssetsWhichDoNotQualifyForDerecognitionMember" xlink:label="loc_5" xlink:type="locator"/>
    <link:definitionArc order="10.0" use="optional" xlink:arcrole="http://xbrl.org/int/dim/arcrole/dimension-domain" xlink:from="loc_4" xlink:to="loc_5" xlink:type="arc"/>
    <link:loc xlink:href="../../ifrs-cor_2010-04-30.xsd#ifrs_FinancialAssetsWhichDoNotQualifyForDerecognitionMember" xlink:label="loc_6" xlink:type="locator"/>
    <link:definitionArc order="20.0" priority="1" use="optional" xlink:arcrole="http://xbrl.org/int/dim/arcrole/dimension-default" xlink:from="loc_4" xlink:to="loc_6" xlink:type="arc"/>
    <link:loc xlink:href="../../ifrs-cor_2010-04-30.xsd#ifrs_DisclosureOfFinancialAssetsTransferredDuringPeriodWhichDoNotQualifyForDerecognitionLineItems" xlink:label="loc_7" xlink:type="locator"/>
    <link:definitionArc order="20.0" use="optional" xlink:arcrole="http://xbrl.org/int/dim/arcrole/domain-member" xlink:from="loc_2" xlink:to="loc_7" xlink:type="arc"/>
    <link:loc xlink:href="../../ifrs-cor_2010-04-30.xsd#ifrs_NatureOfFinancialAssetsTransferredDuringPeriodWhichDoNotQualifyForDerecognition" xlink:label="loc_8" xlink:type="locator"/>
    <link:definitionArc order="10.0" use="optional" xlink:arcrole="http://xbrl.org/int/dim/arcrole/domain-member" xlink:from="loc_7" xlink:to="loc_8" xlink:type="arc"/>
    <link:loc xlink:href="../../ifrs-cor_2010-04-30.xsd#ifrs_NatureOfRisksAndRewardsOfOwnershipToWhichEntityRemainsExposed" xlink:label="loc_9" xlink:type="locator"/>
    <link:definitionArc order="20.0" use="optional" xlink:arcrole="http://xbrl.org/int/dim/arcrole/domain-member" xlink:from="loc_7" xlink:to="loc_9" xlink:type="arc"/>
    <link:loc xlink:href="../../ifrs-cor_2010-04-30.xsd#ifrs_AssetsThatEntityContinuesToRecognise" xlink:label="loc_10" xlink:type="locator"/>
    <link:definitionArc order="30.0" use="optional" xlink:arcrole="http://xbrl.org/int/dim/arcrole/domain-member" xlink:from="loc_7" xlink:to="loc_10" xlink:type="arc"/>
    <link:loc xlink:href="../../ifrs-cor_2010-04-30.xsd#ifrs_AssociatedLiabilitiesThatEntityContinuesToRecognise" xlink:label="loc_11" xlink:type="locator"/>
    <link:definitionArc order="40.0" use="optional" xlink:arcrole="http://xbrl.org/int/dim/arcrole/domain-member" xlink:from="loc_7" xlink:to="loc_11" xlink:type="arc"/>
    <link:loc xlink:href="../../ifrs-cor_2010-04-30.xsd#ifrs_AssetsThatEntityContinuesToRecogniseToExtentOfContinuingInvolvement" xlink:label="loc_12" xlink:type="locator"/>
    <link:definitionArc order="50.0" use="optional" xlink:arcrole="http://xbrl.org/int/dim/arcrole/domain-member" xlink:from="loc_7" xlink:to="loc_12" xlink:type="arc"/>
    <link:loc xlink:href="../../ifrs-cor_2010-04-30.xsd#ifrs_AssociatedLiabilitiesThatEntityContinuesToRecogniseToExtentOfContinuingInvolvement" xlink:label="loc_13" xlink:type="locator"/>
    <link:definitionArc order="60.0" use="optional" xlink:arcrole="http://xbrl.org/int/dim/arcrole/domain-member" xlink:from="loc_7" xlink:to="loc_13" xlink:type="arc"/>
  </link:definitionLink>
  <link:definitionLink xlink:role="http://xbrl.iasb.org/role/ifrs/ifrs_7_2010-04-30_role-822390d" xlink:title="[822390d] Notes - Financial instruments" xlink:type="extended">
    <link:loc xlink:href="../../ifrs-cor_2010-04-30.xsd#ifrs_DisclosureOfFinancialInstrumentsExplanatory" xlink:label="loc" xlink:type="locator"/>
    <link:loc xlink:href="../../ifrs-cor_2010-04-30.xsd#ifrs_DisclosureOfFinancialInstrumentsAbstract" xlink:label="loc_2" xlink:type="locator"/>
    <link:definitionArc order="10.0" use="optional" xlink:arcrole="http://xbrl.org/int/dim/arcrole/domain-member" xlink:from="loc" xlink:to="loc_2" xlink:type="arc"/>
    <link:loc xlink:href="../../ifrs-cor_2010-04-30.xsd#ifrs_DisclosureOfFinancialInstrumentsTable" xlink:label="loc_3" xlink:type="locator"/>
    <link:definitionArc order="10.0" use="optional" xbrldt:closed="true" xbrldt:contextElement="scenario" xlink:arcrole="http://xbrl.org/int/dim/arcrole/all" xlink:from="loc_2" xlink:to="loc_3" xlink:type="arc"/>
    <link:loc xlink:href="../../ifrs-cor_2010-04-30.xsd#ifrs_ClassesOfFinancialInstrumentsAxis" xlink:label="loc_4" xlink:type="locator"/>
    <link:definitionArc order="10.0" use="optional" xlink:arcrole="http://xbrl.org/int/dim/arcrole/hypercube-dimension" xlink:from="loc_3" xlink:to="loc_4" xlink:type="arc"/>
    <link:loc xlink:href="../../ifrs-cor_2010-04-30.xsd#ifrs_ClassesOfFinancialInstrumentsMember" xlink:label="loc_5" xlink:type="locator"/>
    <link:definitionArc order="10.0" use="optional" xlink:arcrole="http://xbrl.org/int/dim/arcrole/dimension-domain" xlink:from="loc_4" xlink:to="loc_5" xlink:type="arc"/>
    <link:loc xlink:href="../../ifrs-cor_2010-04-30.xsd#ifrs_ClassesOfFinancialInstrumentsMember" xlink:label="loc_29" xlink:type="locator"/>
    <link:definitionArc order="20.0" priority="1" xlink:arcrole="http://xbrl.org/int/dim/arcrole/dimension-default" xlink:from="loc_4" xlink:to="loc_29" xlink:type="arc"/>
    <link:loc xlink:href="../../ifrs-cor_2010-04-30.xsd#ifrs_DisclosureOfFinancialInstrumentsLineItems" xlink:label="loc_6" xlink:type="locator"/>
    <link:definitionArc order="20.0" use="optional" xlink:arcrole="http://xbrl.org/int/dim/arcrole/domain-member" xlink:from="loc_2" xlink:to="loc_6" xlink:type="arc"/>
    <link:loc xlink:href="../../ifrs-cor_2010-04-30.xsd#ifrs_MaximumExposureToCreditRisk" xlink:label="loc_25" xlink:type="locator"/>
    <link:definitionArc order="190.0" use="optional" xlink:arcrole="http://xbrl.org/int/dim/arcrole/domain-member" xlink:from="loc_6" xlink:to="loc_25" xlink:type="arc"/>
    <link:loc xlink:href="../../ifrs-cor_2010-04-30.xsd#ifrs_DescriptionOfCollateralHeldAsSecurityAndOtherCreditEnhancements" xlink:label="loc_26" xlink:type="locator"/>
    <link:definitionArc order="200.0" use="optional" xlink:arcrole="http://xbrl.org/int/dim/arcrole/domain-member" xlink:from="loc_6" xlink:to="loc_26" xlink:type="arc"/>
    <link:loc xlink:href="../../ifrs-cor_2010-04-30.xsd#ifrs_InformationAboutCreditQualityOfNeitherPastDueNorImpairedFinancialAssets" xlink:label="loc_27" xlink:type="locator"/>
    <link:definitionArc order="210.0" use="optional" xlink:arcrole="http://xbrl.org/int/dim/arcrole/domain-member" xlink:from="loc_6" xlink:to="loc_27" xlink:type="arc"/>
    <link:loc xlink:href="../../ifrs-cor_2010-04-30.xsd#ifrs_CarryingAmountOfFinancialAssetsWhoseTermsHaveBeenRenegotiated" xlink:label="loc_28" xlink:type="locator"/>
    <link:definitionArc order="220.0" use="optional" xlink:arcrole="http://xbrl.org/int/dim/arcrole/domain-member" xlink:from="loc_6" xlink:to="loc_28" xlink:type="arc"/>
    <link:loc xlink:href="../../ifrs-cor_2010-04-30.xsd#ifrs_FinancialInstrumentsMeasuredInLevel1OfFairValueHierarchy" xlink:label="loc_7" xlink:type="locator"/>
    <link:definitionArc order="10.0" use="optional" xlink:arcrole="http://xbrl.org/int/dim/arcrole/domain-member" xlink:from="loc_6" xlink:to="loc_7" xlink:type="arc"/>
    <link:loc xlink:href="../../ifrs-cor_2010-04-30.xsd#ifrs_FinancialInstrumentsMeasuredInLevel2OfFairValueHierarchy" xlink:label="loc_8" xlink:type="locator"/>
    <link:definitionArc order="20.0" use="optional" xlink:arcrole="http://xbrl.org/int/dim/arcrole/domain-member" xlink:from="loc_6" xlink:to="loc_8" xlink:type="arc"/>
    <link:loc xlink:href="../../ifrs-cor_2010-04-30.xsd#ifrs_FinancialInstrumentsMeasuredInLevel3OfFairValueHierarchy" xlink:label="loc_9" xlink:type="locator"/>
    <link:definitionArc order="30.0" use="optional" xlink:arcrole="http://xbrl.org/int/dim/arcrole/domain-member" xlink:from="loc_6" xlink:to="loc_9" xlink:type="arc"/>
    <link:loc xlink:href="../../ifrs-cor_2010-04-30.xsd#ifrs_SignificantTransferBetweenLevel1AndLevel2OfFairValueHierarchy" xlink:label="loc_10" xlink:type="locator"/>
    <link:definitionArc order="40.0" use="optional" xlink:arcrole="http://xbrl.org/int/dim/arcrole/domain-member" xlink:from="loc_6" xlink:to="loc_10" xlink:type="arc"/>
    <link:loc xlink:href="../../ifrs-cor_2010-04-30.xsd#ifrs_GainsLossesRecognisedInProfitOrLossForFinancialInstrumentsMeasuredInLevel3OfFairValueHierarchy" xlink:label="loc_11" xlink:type="locator"/>
    <link:definitionArc order="50.0" use="optional" xlink:arcrole="http://xbrl.org/int/dim/arcrole/domain-member" xlink:from="loc_6" xlink:to="loc_11" xlink:type="arc"/>
    <link:loc xlink:href="../../ifrs-cor_2010-04-30.xsd#ifrs_DescriptionWhereGainsLossesOfFinancialInstrumentsMeasuredInLevel3OfFairValueHierarchyPresentedInStatementOfComprehensiveIncomeOrIncomeStatement" xlink:label="loc_12" xlink:type="locator"/>
    <link:definitionArc order="60.0" use="optional" xlink:arcrole="http://xbrl.org/int/dim/arcrole/domain-member" xlink:from="loc_6" xlink:to="loc_12" xlink:type="arc"/>
    <link:loc xlink:href="../../ifrs-cor_2010-04-30.xsd#ifrs_GainsLossesRecognisedInOtherComprehensiveIncomeForFinancialInstrumentsMeasuredInLevel3OfFairValueHierarchy" xlink:label="loc_13" xlink:type="locator"/>
    <link:definitionArc order="70.0" use="optional" xlink:arcrole="http://xbrl.org/int/dim/arcrole/domain-member" xlink:from="loc_6" xlink:to="loc_13" xlink:type="arc"/>
    <link:loc xlink:href="../../ifrs-cor_2010-04-30.xsd#ifrs_PurchaseOfFinancialInstrumentsMeasuredInLevel3OfFairValueHierarchy" xlink:label="loc_14" xlink:type="locator"/>
    <link:definitionArc order="80.0" use="optional" xlink:arcrole="http://xbrl.org/int/dim/arcrole/domain-member" xlink:from="loc_6" xlink:to="loc_14" xlink:type="arc"/>
    <link:loc xlink:href="../../ifrs-cor_2010-04-30.xsd#ifrs_SalesOfFinancialInstrumentsMeasuredInLevel3OfFairValueHierarchy" xlink:label="loc_15" xlink:type="locator"/>
    <link:definitionArc order="90.0" use="optional" xlink:arcrole="http://xbrl.org/int/dim/arcrole/domain-member" xlink:from="loc_6" xlink:to="loc_15" xlink:type="arc"/>
    <link:loc xlink:href="../../ifrs-cor_2010-04-30.xsd#ifrs_IssuesOfFinancialInstrumentsMeasuredInLevel3OfFairValueHierarchy" xlink:label="loc_16" xlink:type="locator"/>
    <link:definitionArc order="100.0" use="optional" xlink:arcrole="http://xbrl.org/int/dim/arcrole/domain-member" xlink:from="loc_6" xlink:to="loc_16" xlink:type="arc"/>
    <link:loc xlink:href="../../ifrs-cor_2010-04-30.xsd#ifrs_SettlementsOfFinancialInstrumentsMeasuredInLevel3OfFairValueHierarchy" xlink:label="loc_17" xlink:type="locator"/>
    <link:definitionArc order="110.0" use="optional" xlink:arcrole="http://xbrl.org/int/dim/arcrole/domain-member" xlink:from="loc_6" xlink:to="loc_17" xlink:type="arc"/>
    <link:loc xlink:href="../../ifrs-cor_2010-04-30.xsd#ifrs_TransferOfFinancialInstrumentsIntoLevel3OfFairValueHierarchy" xlink:label="loc_18" xlink:type="locator"/>
    <link:definitionArc order="120.0" use="optional" xlink:arcrole="http://xbrl.org/int/dim/arcrole/domain-member" xlink:from="loc_6" xlink:to="loc_18" xlink:type="arc"/>
    <link:loc xlink:href="../../ifrs-cor_2010-04-30.xsd#ifrs_TransferOfFinancialInstrumentsOutOfLevel3OfFairValueHierarchy" xlink:label="loc_19" xlink:type="locator"/>
    <link:definitionArc order="130.0" use="optional" xlink:arcrole="http://xbrl.org/int/dim/arcrole/domain-member" xlink:from="loc_6" xlink:to="loc_19" xlink:type="arc"/>
    <link:loc xlink:href="../../ifrs-cor_2010-04-30.xsd#ifrs_ReasonOfTransferOfFinancialInstrumentsIntoOrOutOfLevel3OfFairValueHierarchy" xlink:label="loc_20" xlink:type="locator"/>
    <link:definitionArc order="140.0" use="optional" xlink:arcrole="http://xbrl.org/int/dim/arcrole/domain-member" xlink:from="loc_6" xlink:to="loc_20" xlink:type="arc"/>
    <link:loc xlink:href="../../ifrs-cor_2010-04-30.xsd#ifrs_DescriptionOfSignificantTransferOfFinancialInstrumentsIntoOrOutOfLevel3OfFairValueHierarchy" xlink:label="loc_21" xlink:type="locator"/>
    <link:definitionArc order="150.0" use="optional" xlink:arcrole="http://xbrl.org/int/dim/arcrole/domain-member" xlink:from="loc_6" xlink:to="loc_21" xlink:type="arc"/>
    <link:loc xlink:href="../../ifrs-cor_2010-04-30.xsd#ifrs_GainsLossesForPeriodIncludedInProfitOrLossForAssetsHeldAtEndOfReportingPeriod" xlink:label="loc_22" xlink:type="locator"/>
    <link:definitionArc order="160.0" use="optional" xlink:arcrole="http://xbrl.org/int/dim/arcrole/domain-member" xlink:from="loc_6" xlink:to="loc_22" xlink:type="arc"/>
    <link:loc xlink:href="../../ifrs-cor_2010-04-30.xsd#ifrs_DescriptionOfWhereGainsLossesForAssetsOrLiabilitiesHeldAtEndOfReportingPeriodOnFairValueMeasurementArePresentedInStatementOfComprehensiveIncomeOrIncomeStatement" xlink:label="loc_23" xlink:type="locator"/>
    <link:definitionArc order="170.0" use="optional" xlink:arcrole="http://xbrl.org/int/dim/arcrole/domain-member" xlink:from="loc_6" xlink:to="loc_23" xlink:type="arc"/>
    <link:loc xlink:href="../../ifrs-cor_2010-04-30.xsd#ifrs_DisclosureOfFactAndEffectOfChangeToReasonablyPossibleAlternativeAssumptionWhichWouldChangeFairValueSignificantlyExplanatory" xlink:label="loc_24" xlink:type="locator"/>
    <link:definitionArc order="180.0" use="optional" xlink:arcrole="http://xbrl.org/int/dim/arcrole/domain-member" xlink:from="loc_6" xlink:to="loc_24" xlink:type="arc"/>
  </link:definitionLink>
  <link:definitionLink xlink:role="http://xbrl.iasb.org/role/ifrs/ifrs_7_2010-04-30_role-822390e" xlink:title="[822390e] Notes - Financial instruments" xlink:type="extended">
    <link:loc xlink:href="../../ifrs-cor_2010-04-30.xsd#ifrs_DisclosureOfFinancialAssetsThatAreEitherPastDueOrImpairedExplanatory" xlink:label="loc" xlink:type="locator"/>
    <link:loc xlink:href="../../ifrs-cor_2010-04-30.xsd#ifrs_DisclosureOfFinancialAssetsThatAreEitherPastDueOrImpairedAbstract" xlink:label="loc_2" xlink:type="locator"/>
    <link:definitionArc order="10.0" use="optional" xlink:arcrole="http://xbrl.org/int/dim/arcrole/domain-member" xlink:from="loc" xlink:to="loc_2" xlink:type="arc"/>
    <link:loc xlink:href="../../ifrs-cor_2010-04-30.xsd#ifrs_DisclosureOfFinancialAssetsThatAreEitherPastDueOrImpairedTable" xlink:label="loc_3" xlink:type="locator"/>
    <link:definitionArc order="10.0" use="optional" xbrldt:closed="true" xbrldt:contextElement="scenario" xlink:arcrole="http://xbrl.org/int/dim/arcrole/all" xlink:from="loc_2" xlink:to="loc_3" xlink:type="arc"/>
    <link:loc xlink:href="../../ifrs-cor_2010-04-30.xsd#ifrs_ClassesOfFinancialAssetsThatAreEitherPastDueOrImpairedAxis" xlink:label="loc_4" xlink:type="locator"/>
    <link:definitionArc order="10.0" use="optional" xlink:arcrole="http://xbrl.org/int/dim/arcrole/hypercube-dimension" xlink:from="loc_3" xlink:to="loc_4" xlink:type="arc"/>
    <link:loc xlink:href="../../ifrs-cor_2010-04-30.xsd#ifrs_ClassesOfFinancialAssetsThatAreEitherPastDueOrImpairedMember" xlink:label="loc_5" xlink:type="locator"/>
    <link:definitionArc order="10.0" use="optional" xlink:arcrole="http://xbrl.org/int/dim/arcrole/dimension-domain" xlink:from="loc_4" xlink:to="loc_5" xlink:type="arc"/>
    <link:loc xlink:href="../../ifrs-cor_2010-04-30.xsd#ifrs_ClassesOfFinancialAssetsThatAreEitherPastDueOrImpairedMember" xlink:label="loc_6" xlink:type="locator"/>
    <link:definitionArc order="20.0" priority="1" use="optional" xlink:arcrole="http://xbrl.org/int/dim/arcrole/dimension-default" xlink:from="loc_4" xlink:to="loc_6" xlink:type="arc"/>
    <link:loc xlink:href="../../ifrs-cor_2010-04-30.xsd#ifrs_DisclosureOfFinancialAssetsThatAreEitherPastDueOrImpairedLineItems" xlink:label="loc_7" xlink:type="locator"/>
    <link:definitionArc order="20.0" use="optional" xlink:arcrole="http://xbrl.org/int/dim/arcrole/domain-member" xlink:from="loc_2" xlink:to="loc_7" xlink:type="arc"/>
    <link:loc xlink:href="../../ifrs-cor_2010-04-30.xsd#ifrs_AnalysisOfAgeOfFinancialAssetsThatArePastDueButNotImpaired" xlink:label="loc_8" xlink:type="locator"/>
    <link:definitionArc order="10.0" use="optional" xlink:arcrole="http://xbrl.org/int/dim/arcrole/domain-member" xlink:from="loc_7" xlink:to="loc_8" xlink:type="arc"/>
    <link:loc xlink:href="../../ifrs-cor_2010-04-30.xsd#ifrs_AnalysisOfFinancialAssetsThatAreIndividuallyDeterminedToBeImpaired" xlink:label="loc_9" xlink:type="locator"/>
    <link:definitionArc order="20.0" use="optional" xlink:arcrole="http://xbrl.org/int/dim/arcrole/domain-member" xlink:from="loc_7" xlink:to="loc_9" xlink:type="arc"/>
    <link:loc xlink:href="../../ifrs-cor_2010-04-30.xsd#ifrs_DescriptionAndFairValueOfCollateralHeldByEntityAsSecurityAndOtherCreditEnhancements" xlink:label="loc_10" xlink:type="locator"/>
    <link:definitionArc order="30.0" use="optional" xlink:arcrole="http://xbrl.org/int/dim/arcrole/domain-member" xlink:from="loc_7" xlink:to="loc_10" xlink:type="arc"/>
    <link:loc xlink:href="../../ifrs-cor_2010-04-30.xsd#ifrs_EstimateOfFairValueOfCollateralHeldByEntityAsSecurityAndOtherCreditEnhancements" xlink:label="loc_11" xlink:type="locator"/>
    <link:definitionArc order="40.0" xlink:arcrole="http://xbrl.org/int/dim/arcrole/domain-member" xlink:from="loc_7" xlink:to="loc_11" xlink:type="arc"/>
  </link:definitionLink>
  <link:definitionLink xlink:role="http://xbrl.iasb.org/role/ifrs/ifrs_7_2010-04-30_role-822390f" xlink:title="[822390f] Notes - Financial instruments" xlink:type="extended">
    <link:loc xlink:href="../../ifrs-cor_2010-04-30.xsd#ifrs_DisclosureOfHedgeAccountingExplanatory" xlink:label="loc" xlink:type="locator"/>
    <link:loc xlink:href="../../ifrs-cor_2010-04-30.xsd#ifrs_DisclosureOfHedgeAccountingAbstract" xlink:label="loc_2" xlink:type="locator"/>
    <link:definitionArc order="10.0" use="optional" xlink:arcrole="http://xbrl.org/int/dim/arcrole/domain-member" xlink:from="loc" xlink:to="loc_2" xlink:type="arc"/>
    <link:loc xlink:href="../../ifrs-cor_2010-04-30.xsd#ifrs_DisclosureOfHedgeAccountingTable" xlink:label="loc_3" xlink:type="locator"/>
    <link:definitionArc order="10.0" use="optional" xbrldt:closed="true" xbrldt:contextElement="scenario" xlink:arcrole="http://xbrl.org/int/dim/arcrole/all" xlink:from="loc_2" xlink:to="loc_3" xlink:type="arc"/>
    <link:loc xlink:href="../../ifrs-cor_2010-04-30.xsd#ifrs_TypesOfHedgesAxis" xlink:label="loc_4" xlink:type="locator"/>
    <link:definitionArc order="10.0" use="optional" xlink:arcrole="http://xbrl.org/int/dim/arcrole/hypercube-dimension" xlink:from="loc_3" xlink:to="loc_4" xlink:type="arc"/>
    <link:loc xlink:href="../../ifrs-cor_2010-04-30.xsd#ifrs_TypesOfHedgesMember" xlink:label="loc_5" xlink:type="locator"/>
    <link:definitionArc order="10.0" use="optional" xlink:arcrole="http://xbrl.org/int/dim/arcrole/dimension-domain" xlink:from="loc_4" xlink:to="loc_5" xlink:type="arc"/>
    <link:loc xlink:href="../../ifrs-cor_2010-04-30.xsd#ifrs_TypesOfHedgesMember" xlink:label="loc_9" xlink:type="locator"/>
    <link:definitionArc order="20.0" priority="1" use="optional" xlink:arcrole="http://xbrl.org/int/dim/arcrole/dimension-default" xlink:from="loc_4" xlink:to="loc_9" xlink:type="arc"/>
    <link:loc xlink:href="../../ifrs-cor_2010-04-30.xsd#ifrs_FairValueHedgesMember" xlink:label="loc_6" xlink:type="locator"/>
    <link:definitionArc order="10.0" use="optional" xlink:arcrole="http://xbrl.org/int/dim/arcrole/domain-member" xlink:from="loc_5" xlink:to="loc_6" xlink:type="arc"/>
    <link:loc xlink:href="../../ifrs-cor_2010-04-30.xsd#ifrs_CashFlowHedgesMember" xlink:label="loc_7" xlink:type="locator"/>
    <link:definitionArc order="20.0" use="optional" xlink:arcrole="http://xbrl.org/int/dim/arcrole/domain-member" xlink:from="loc_5" xlink:to="loc_7" xlink:type="arc"/>
    <link:loc xlink:href="../../ifrs-cor_2010-04-30.xsd#ifrs_HedgesOfNetInvestmentInForeignOperationsMember" xlink:label="loc_8" xlink:type="locator"/>
    <link:definitionArc order="30.0" use="optional" xlink:arcrole="http://xbrl.org/int/dim/arcrole/domain-member" xlink:from="loc_5" xlink:to="loc_8" xlink:type="arc"/>
    <link:loc xlink:href="../../ifrs-cor_2010-04-30.xsd#ifrs_DisclosureOfHedgeAccountingLineItems" xlink:label="loc_10" xlink:type="locator"/>
    <link:definitionArc order="20.0" use="optional" xlink:arcrole="http://xbrl.org/int/dim/arcrole/domain-member" xlink:from="loc_2" xlink:to="loc_10" xlink:type="arc"/>
    <link:loc xlink:href="../../ifrs-cor_2010-04-30.xsd#ifrs_DescriptionOfTypeOfHedge" xlink:label="loc_11" xlink:type="locator"/>
    <link:definitionArc order="10.0" use="optional" xlink:arcrole="http://xbrl.org/int/dim/arcrole/domain-member" xlink:from="loc_10" xlink:to="loc_11" xlink:type="arc"/>
    <link:loc xlink:href="../../ifrs-cor_2010-04-30.xsd#ifrs_DescriptionOfFinancialInstrumentsDesignatedAsHedgingInstrument" xlink:label="loc_12" xlink:type="locator"/>
    <link:definitionArc order="20.0" use="optional" xlink:arcrole="http://xbrl.org/int/dim/arcrole/domain-member" xlink:from="loc_10" xlink:to="loc_12" xlink:type="arc"/>
    <link:loc xlink:href="../../ifrs-cor_2010-04-30.xsd#ifrs_FinancialInstrumentsDesignatedAsHedgingInstrumentsAtFairValue" xlink:label="loc_13" xlink:type="locator"/>
    <link:definitionArc order="30.0" use="optional" xlink:arcrole="http://xbrl.org/int/dim/arcrole/domain-member" xlink:from="loc_10" xlink:to="loc_13" xlink:type="arc"/>
    <link:loc xlink:href="../../ifrs-cor_2010-04-30.xsd#ifrs_DescriptionOfNatureOfRisksBeingHedged" xlink:label="loc_14" xlink:type="locator"/>
    <link:definitionArc order="40.0" use="optional" xlink:arcrole="http://xbrl.org/int/dim/arcrole/domain-member" xlink:from="loc_10" xlink:to="loc_14" xlink:type="arc"/>
  </link:definitionLink>
  <link:definitionLink xlink:role="http://xbrl.iasb.org/role/ifrs/ifrs_7_2010-04-30_role-822390g" xlink:title="[822390g] Notes - Financial instruments" xlink:type="extended">
    <link:loc xlink:href="../../ifrs-cor_2010-04-30.xsd#ifrs_TypesOfRisksAxis" xlink:label="loc_4" xlink:type="locator"/>
    <link:loc xlink:href="../../ifrs-cor_2010-04-30.xsd#ifrs_TypesOfRisksMember" xlink:label="loc_5" xlink:type="locator"/>
    <link:definitionArc order="10.0" use="optional" xlink:arcrole="http://xbrl.org/int/dim/arcrole/dimension-domain" xlink:from="loc_4" xlink:to="loc_5" xlink:type="arc"/>
    <link:loc xlink:href="../../ifrs-cor_2010-04-30.xsd#ifrs_TypesOfRisksMember" xlink:label="loc_16" xlink:type="locator"/>
    <link:definitionArc order="20.0" priority="1" xlink:arcrole="http://xbrl.org/int/dim/arcrole/dimension-default" xlink:from="loc_4" xlink:to="loc_16" xlink:type="arc"/>
    <link:loc xlink:href="../../ifrs-cor_2010-04-30.xsd#ifrs_DisclosureOfNatureAndExtentOfRisksArisingFromFinancialInstrumentsExplanatory" xlink:label="loc" xlink:type="locator"/>
    <link:loc xlink:href="../../ifrs-cor_2010-04-30.xsd#ifrs_DisclosureOfNatureAndExtentOfRisksArisingFromFinancialInstrumentsAbstract" xlink:label="loc_2" xlink:type="locator"/>
    <link:definitionArc order="10.0" use="optional" xlink:arcrole="http://xbrl.org/int/dim/arcrole/domain-member" xlink:from="loc" xlink:to="loc_2" xlink:type="arc"/>
    <link:loc xlink:href="../../ifrs-cor_2010-04-30.xsd#ifrs_DisclosureOfNatureAndExtentOfRisksArisingFromFinancialInstrumentsLineItems" xlink:label="loc_6" xlink:type="locator"/>
    <link:definitionArc order="20.0" use="optional" xlink:arcrole="http://xbrl.org/int/dim/arcrole/domain-member" xlink:from="loc_2" xlink:to="loc_6" xlink:type="arc"/>
    <link:loc xlink:href="../../ifrs-cor_2010-04-30.xsd#ifrs_AdditionalInformationAboutEntityExposureToRisk" xlink:label="loc_15" xlink:type="locator"/>
    <link:definitionArc order="90.0" use="optional" xlink:arcrole="http://xbrl.org/int/dim/arcrole/domain-member" xlink:from="loc_6" xlink:to="loc_15" xlink:type="arc"/>
    <link:loc xlink:href="../../ifrs-cor_2010-04-30.xsd#ifrs_ConcentrationsOfRisk" xlink:label="loc_14" xlink:type="locator"/>
    <link:definitionArc order="80.0" use="optional" xlink:arcrole="http://xbrl.org/int/dim/arcrole/domain-member" xlink:from="loc_6" xlink:to="loc_14" xlink:type="arc"/>
    <link:loc xlink:href="../../ifrs-cor_2010-04-30.xsd#ifrs_SummaryQuantitativeDataAboutEntitysExposureToRisk" xlink:label="loc_13" xlink:type="locator"/>
    <link:definitionArc order="70.0" use="optional" xlink:arcrole="http://xbrl.org/int/dim/arcrole/domain-member" xlink:from="loc_6" xlink:to="loc_13" xlink:type="arc"/>
    <link:loc xlink:href="../../ifrs-cor_2010-04-30.xsd#ifrs_ChangesInMethodsUsedToMeasureRisk" xlink:label="loc_12" xlink:type="locator"/>
    <link:definitionArc order="60.0" use="optional" xlink:arcrole="http://xbrl.org/int/dim/arcrole/domain-member" xlink:from="loc_6" xlink:to="loc_12" xlink:type="arc"/>
    <link:loc xlink:href="../../ifrs-cor_2010-04-30.xsd#ifrs_ChangesInObjectivesPoliciesAndProcessesForManagingRisk" xlink:label="loc_11" xlink:type="locator"/>
    <link:definitionArc order="50.0" use="optional" xlink:arcrole="http://xbrl.org/int/dim/arcrole/domain-member" xlink:from="loc_6" xlink:to="loc_11" xlink:type="arc"/>
    <link:loc xlink:href="../../ifrs-cor_2010-04-30.xsd#ifrs_ChangesInExposureToRisk" xlink:label="loc_10" xlink:type="locator"/>
    <link:definitionArc order="40.0" use="optional" xlink:arcrole="http://xbrl.org/int/dim/arcrole/domain-member" xlink:from="loc_6" xlink:to="loc_10" xlink:type="arc"/>
    <link:loc xlink:href="../../ifrs-cor_2010-04-30.xsd#ifrs_MethodsUsedToMeasureRisk" xlink:label="loc_9" xlink:type="locator"/>
    <link:definitionArc order="30.0" use="optional" xlink:arcrole="http://xbrl.org/int/dim/arcrole/domain-member" xlink:from="loc_6" xlink:to="loc_9" xlink:type="arc"/>
    <link:loc xlink:href="../../ifrs-cor_2010-04-30.xsd#ifrs_DescriptionOfObjectivesPoliciesAndProcessesForManagingRisk" xlink:label="loc_8" xlink:type="locator"/>
    <link:definitionArc order="20.0" use="optional" xlink:arcrole="http://xbrl.org/int/dim/arcrole/domain-member" xlink:from="loc_6" xlink:to="loc_8" xlink:type="arc"/>
    <link:loc xlink:href="../../ifrs-cor_2010-04-30.xsd#ifrs_DescriptionOfExposureToRisk" xlink:label="loc_7" xlink:type="locator"/>
    <link:definitionArc order="10.0" use="optional" xlink:arcrole="http://xbrl.org/int/dim/arcrole/domain-member" xlink:from="loc_6" xlink:to="loc_7" xlink:type="arc"/>
    <link:loc xlink:href="../../ifrs-cor_2010-04-30.xsd#ifrs_DisclosureOfNatureAndExtentOfRisksArisingFromFinancialInstrumentsTable" xlink:label="loc_3" xlink:type="locator"/>
    <link:definitionArc order="10.0" use="optional" xbrldt:closed="true" xbrldt:contextElement="scenario" xlink:arcrole="http://xbrl.org/int/dim/arcrole/all" xlink:from="loc_2" xlink:to="loc_3" xlink:type="arc"/>
    <link:definitionArc order="10.0" use="optional" xlink:arcrole="http://xbrl.org/int/dim/arcrole/hypercube-dimension" xlink:from="loc_3" xlink:to="loc_4" xlink:type="arc"/>
  </link:definitionLink>
</link:linkbase>