<?xml version="1.0" encoding="UTF-8"?>
<!-- Generated by Fujitsu Interstage XWand B0196 -->
<link:linkbase xmlns:xsi="http://www.w3.org/2001/XMLSchema-instance" xsi:schemaLocation="http://www.xbrl.org/2003/linkbase http://www.xbrl.org/2003/xbrl-linkbase-2003-12-31.xsd" xmlns:link="http://www.xbrl.org/2003/linkbase" xmlns:xbrldt="http://xbrl.org/2005/xbrldt" xmlns:xlink="http://www.w3.org/1999/xlink" xmlns:xbrli="http://www.xbrl.org/2003/instance">
  <link:roleRef roleURI="http://www.xbrl.org/tifrs/notes/role/RestrictionsOnFinancialRatio" xlink:type="simple" xlink:href="tifrs-bd-ir-2015-03-31.xsd#RT_1"/>
  <link:arcroleRef arcroleURI="http://xbrl.org/int/dim/arcrole/all" xlink:type="simple" xlink:href="http://www.xbrl.org/2005/xbrldt-2005.xsd#all"/>
  <link:arcroleRef arcroleURI="http://xbrl.org/int/dim/arcrole/dimension-domain" xlink:type="simple" xlink:href="http://www.xbrl.org/2005/xbrldt-2005.xsd#dimension-domain"/>
  <link:arcroleRef arcroleURI="http://xbrl.org/int/dim/arcrole/domain-member" xlink:type="simple" xlink:href="http://www.xbrl.org/2005/xbrldt-2005.xsd#domain-member"/>
  <link:arcroleRef arcroleURI="http://xbrl.org/int/dim/arcrole/hypercube-dimension" xlink:type="simple" xlink:href="http://www.xbrl.org/2005/xbrldt-2005.xsd#hypercube-dimension"/>
  <link:definitionLink xlink:type="extended" xlink:role="http://www.xbrl.org/tifrs/notes/role/RestrictionsOnFinancialRatio">
    <link:loc xlink:type="locator" xlink:href="../../../NOTES/tifrs-notes-2015-03-31.xsd#tifrs-notes_TableLabelItemList-RestrictionsOnFinancialRatioAbstractMember" xlink:label="TableLabelItemList-RestrictionsOnFinancialRatioAbstractMember" xlink:title="TableLabelItemList-RestrictionsOnFinancialRatioAbstractMember"/>
    <link:loc xlink:type="locator" xlink:href="../../../NOTES/tifrs-notes-2015-03-31.xsd#tifrs-notes_TableFieldTitleStructure-RestrictionsOnFinancialRatioMember" xlink:label="TableFieldTitleStructure-RestrictionsOnFinancialRatioMember" xlink:title="TableFieldTitleStructure-RestrictionsOnFinancialRatioMember"/>
    <link:definitionArc xlink:type="arc" xlink:arcrole="http://xbrl.org/int/dim/arcrole/all" xlink:from="TableLabelItemList-RestrictionsOnFinancialRatioAbstractMember" xlink:to="TableFieldTitleStructure-RestrictionsOnFinancialRatioMember" xlink:title="definition: TableLabelItemList-RestrictionsOnFinancialRatioAbstractMember to TableFieldTitleStructure-RestrictionsOnFinancialRatioMember" order="1.0" xbrldt:contextElement="scenario"/>
    <link:loc xlink:type="locator" xlink:href="../../../NOTES/tifrs-notes-2015-03-31.xsd#tifrs-notes_RestrictionsOnFinancialRatioDimensionMember" xlink:label="RestrictionsOnFinancialRatioDimensionMember" xlink:title="RestrictionsOnFinancialRatioDimensionMember"/>
    <link:definitionArc xlink:type="arc" xlink:arcrole="http://xbrl.org/int/dim/arcrole/hypercube-dimension" xlink:from="TableFieldTitleStructure-RestrictionsOnFinancialRatioMember" xlink:to="RestrictionsOnFinancialRatioDimensionMember" xlink:title="definition: TableFieldTitleStructure-RestrictionsOnFinancialRatioMember to RestrictionsOnFinancialRatioDimensionMember" order="1.0"/>
    <link:loc xlink:type="locator" xlink:href="../../../NOTES/tifrs-notes-2015-03-31.xsd#tifrs-notes_CurrentPeriodAbstractMember" xlink:label="CurrentPeriodAbstractMember" xlink:title="CurrentPeriodAbstractMember"/>
    <link:definitionArc xlink:type="arc" xlink:arcrole="http://xbrl.org/int/dim/arcrole/dimension-domain" xlink:from="RestrictionsOnFinancialRatioDimensionMember" xlink:to="CurrentPeriodAbstractMember" xlink:title="definition: RestrictionsOnFinancialRatioDimensionMember to CurrentPeriodAbstractMember" order="1.0"/>
    <link:loc xlink:type="locator" xlink:href="../../../NOTES/tifrs-notes-2015-03-31.xsd#tifrs-notes_Numerator-CurrentPeriodMember" xlink:label="Numerator-CurrentPeriodMember" xlink:title="Numerator-CurrentPeriodMember"/>
    <link:definitionArc xlink:type="arc" xlink:arcrole="http://xbrl.org/int/dim/arcrole/domain-member" xlink:from="CurrentPeriodAbstractMember" xlink:to="Numerator-CurrentPeriodMember" xlink:title="definition: CurrentPeriodAbstractMember to Numerator-CurrentPeriodMember" order="1.0"/>
    <link:loc xlink:type="locator" xlink:href="../../../NOTES/tifrs-notes-2015-03-31.xsd#tifrs-notes_Denominator-CurrentPeriodMember" xlink:label="Denominator-CurrentPeriodMember" xlink:title="Denominator-CurrentPeriodMember"/>
    <link:definitionArc xlink:type="arc" xlink:arcrole="http://xbrl.org/int/dim/arcrole/domain-member" xlink:from="CurrentPeriodAbstractMember" xlink:to="Denominator-CurrentPeriodMember" xlink:title="definition: CurrentPeriodAbstractMember to Denominator-CurrentPeriodMember" order="2.0"/>
    <link:loc xlink:type="locator" xlink:href="../../../NOTES/tifrs-notes-2015-03-31.xsd#tifrs-notes_Ratio-CurrentPeriodMember" xlink:label="Ratio-CurrentPeriodMember" xlink:title="Ratio-CurrentPeriodMember"/>
    <link:definitionArc xlink:type="arc" xlink:arcrole="http://xbrl.org/int/dim/arcrole/domain-member" xlink:from="CurrentPeriodAbstractMember" xlink:to="Ratio-CurrentPeriodMember" xlink:title="definition: CurrentPeriodAbstractMember to Ratio-CurrentPeriodMember" order="3.0"/>
    <link:loc xlink:type="locator" xlink:href="../../../NOTES/tifrs-notes-2015-03-31.xsd#tifrs-notes_PriorPeriodAbstractMember" xlink:label="PriorPeriodAbstractMember" xlink:title="PriorPeriodAbstractMember"/>
    <link:definitionArc xlink:type="arc" xlink:arcrole="http://xbrl.org/int/dim/arcrole/dimension-domain" xlink:from="RestrictionsOnFinancialRatioDimensionMember" xlink:to="PriorPeriodAbstractMember" xlink:title="definition: RestrictionsOnFinancialRatioDimensionMember to PriorPeriodAbstractMember" order="2.0"/>
    <link:loc xlink:type="locator" xlink:href="../../../NOTES/tifrs-notes-2015-03-31.xsd#tifrs-notes_Numerator-PriorPeriodMember" xlink:label="Numerator-PriorPeriodMember" xlink:title="Numerator-PriorPeriodMember"/>
    <link:definitionArc xlink:type="arc" xlink:arcrole="http://xbrl.org/int/dim/arcrole/domain-member" xlink:from="PriorPeriodAbstractMember" xlink:to="Numerator-PriorPeriodMember" xlink:title="definition: PriorPeriodAbstractMember to Numerator-PriorPeriodMember" order="1.0"/>
    <link:loc xlink:type="locator" xlink:href="../../../NOTES/tifrs-notes-2015-03-31.xsd#tifrs-notes_Denominator-PriorPeriodMember" xlink:label="Denominator-PriorPeriodMember" xlink:title="Denominator-PriorPeriodMember"/>
    <link:definitionArc xlink:type="arc" xlink:arcrole="http://xbrl.org/int/dim/arcrole/domain-member" xlink:from="PriorPeriodAbstractMember" xlink:to="Denominator-PriorPeriodMember" xlink:title="definition: PriorPeriodAbstractMember to Denominator-PriorPeriodMember" order="2.0"/>
    <link:loc xlink:type="locator" xlink:href="../../../NOTES/tifrs-notes-2015-03-31.xsd#tifrs-notes_Ratio-PriorPeriodMember" xlink:label="Ratio-PriorPeriodMember" xlink:title="Ratio-PriorPeriodMember"/>
    <link:definitionArc xlink:type="arc" xlink:arcrole="http://xbrl.org/int/dim/arcrole/domain-member" xlink:from="PriorPeriodAbstractMember" xlink:to="Ratio-PriorPeriodMember" xlink:title="definition: PriorPeriodAbstractMember to Ratio-PriorPeriodMember" order="3.0"/>
    <link:loc xlink:type="locator" xlink:href="../../../NOTES/tifrs-notes-2015-03-31.xsd#tifrs-notes_CriteriaMember" xlink:label="CriteriaMember" xlink:title="CriteriaMember"/>
    <link:definitionArc xlink:type="arc" xlink:arcrole="http://xbrl.org/int/dim/arcrole/dimension-domain" xlink:from="RestrictionsOnFinancialRatioDimensionMember" xlink:to="CriteriaMember" xlink:title="definition: RestrictionsOnFinancialRatioDimensionMember to CriteriaMember" order="3.0"/>
    <link:loc xlink:type="locator" xlink:href="../../../NOTES/tifrs-notes-2015-03-31.xsd#tifrs-notes_EnforcementMember" xlink:label="EnforcementMember" xlink:title="EnforcementMember"/>
    <link:definitionArc xlink:type="arc" xlink:arcrole="http://xbrl.org/int/dim/arcrole/dimension-domain" xlink:from="RestrictionsOnFinancialRatioDimensionMember" xlink:to="EnforcementMember" xlink:title="definition: RestrictionsOnFinancialRatioDimensionMember to EnforcementMember" order="4.0"/>
    <link:loc xlink:type="locator" xlink:href="../../../NOTES/tifrs-notes-2015-03-31.xsd#tifrs-notes_ArticleAndCalculationFormulaAbstractMember" xlink:label="ArticleAndCalculationFormulaAbstractMember" xlink:title="ArticleAndCalculationFormulaAbstractMember"/>
    <link:definitionArc xlink:type="arc" xlink:arcrole="http://xbrl.org/int/dim/arcrole/domain-member" xlink:from="TableLabelItemList-RestrictionsOnFinancialRatioAbstractMember" xlink:to="ArticleAndCalculationFormulaAbstractMember" xlink:title="definition: TableLabelItemList-RestrictionsOnFinancialRatioAbstractMember to ArticleAndCalculationFormulaAbstractMember" order="2.0"/>
    <link:loc xlink:type="locator" xlink:href="../../../NOTES/tifrs-notes-2015-03-31.xsd#tifrs-notes_Article17AndNumeratorShareholdersEquityDenominatorTotalLiabilitiesFuturesTradersEquityMember" xlink:label="Article17AndNumeratorShareholdersEquityDenominatorTotalLiabilitiesFuturesTradersEquityMember" xlink:title="Article17AndNumeratorShareholdersEquityDenominatorTotalLiabilitiesFuturesTradersEquityMember"/>
    <link:definitionArc xlink:type="arc" xlink:arcrole="http://xbrl.org/int/dim/arcrole/domain-member" xlink:from="ArticleAndCalculationFormulaAbstractMember" xlink:to="Article17AndNumeratorShareholdersEquityDenominatorTotalLiabilitiesFuturesTradersEquityMember" xlink:title="definition: ArticleAndCalculationFormulaAbstractMember to Article17AndNumeratorShareholdersEquityDenominatorTotalLiabilitiesFuturesTradersEquityMember" order="1.0"/>
    <link:loc xlink:type="locator" xlink:href="../../../NOTES/tifrs-notes-2015-03-31.xsd#tifrs-notes_Article17AndNumeratorCurrentAssetsDenominatorCurrentLiabilitiesMember" xlink:label="Article17AndNumeratorCurrentAssetsDenominatorCurrentLiabilitiesMember" xlink:title="Article17AndNumeratorCurrentAssetsDenominatorCurrentLiabilitiesMember"/>
    <link:definitionArc xlink:type="arc" xlink:arcrole="http://xbrl.org/int/dim/arcrole/domain-member" xlink:from="ArticleAndCalculationFormulaAbstractMember" xlink:to="Article17AndNumeratorCurrentAssetsDenominatorCurrentLiabilitiesMember" xlink:title="definition: ArticleAndCalculationFormulaAbstractMember to Article17AndNumeratorCurrentAssetsDenominatorCurrentLiabilitiesMember" order="2.0"/>
    <link:loc xlink:type="locator" xlink:href="../../../NOTES/tifrs-notes-2015-03-31.xsd#tifrs-notes_Article22AndNumeratorShareholdersEquityDenominatorMinimumPaid-inCapitalMember" xlink:label="Article22AndNumeratorShareholdersEquityDenominatorMinimumPaid-inCapitalMember" xlink:title="Article22AndNumeratorShareholdersEquityDenominatorMinimumPaid-inCapitalMember"/>
    <link:definitionArc xlink:type="arc" xlink:arcrole="http://xbrl.org/int/dim/arcrole/domain-member" xlink:from="ArticleAndCalculationFormulaAbstractMember" xlink:to="Article22AndNumeratorShareholdersEquityDenominatorMinimumPaid-inCapitalMember" xlink:title="definition: ArticleAndCalculationFormulaAbstractMember to Article22AndNumeratorShareholdersEquityDenominatorMinimumPaid-inCapitalMember" order="3.0"/>
    <link:loc xlink:type="locator" xlink:href="../../../NOTES/tifrs-notes-2015-03-31.xsd#tifrs-notes_Article22AndNumeratorAdjustedNetCapitalDenominatorTotalMarginDepositsRequiredForFuturesTradersOnUnoffsetPositionMember" xlink:label="Article22AndNumeratorAdjustedNetCapitalDenominatorTotalMarginDepositsRequiredForFuturesTradersOnUnoffsetPositionMember" xlink:title="Article22AndNumeratorAdjustedNetCapitalDenominatorTotalMarginDepositsRequiredForFuturesTradersOnUnoffsetPositionMember"/>
    <link:definitionArc xlink:type="arc" xlink:arcrole="http://xbrl.org/int/dim/arcrole/domain-member" xlink:from="ArticleAndCalculationFormulaAbstractMember" xlink:to="Article22AndNumeratorAdjustedNetCapitalDenominatorTotalMarginDepositsRequiredForFuturesTradersOnUnoffsetPositionMember" xlink:title="definition: ArticleAndCalculationFormulaAbstractMember to Article22AndNumeratorAdjustedNetCapitalDenominatorTotalMarginDepositsRequiredForFuturesTradersOnUnoffsetPositionMember" order="4.0"/>
  </link:definitionLink>
</link:linkbase>
