<?xml version="1.0" encoding="UTF-8"?><!--
        Taxonomy: 2010-04-30 (Final)
        ********************** 
        Copyright © 2010 International Accounting Standards Committee (IASC) Foundation*
        All rights reserved.  No part of this publication may be translated, reprinted or reproduced 
        or utilised in any form either in whole or in part without prior permission in writing from the IASC Foundation.
        For more information on the IASC Foundation’s copyright, please refer to http://www.iasb.org/XBRL/Legal/
        **********************
        *To become IFRS Foundation
    --><link:linkbase xmlns:link="http://www.xbrl.org/2003/linkbase" xmlns:xlink="http://www.w3.org/1999/xlink" xmlns:xsi="http://www.w3.org/2001/XMLSchema-instance" xsi:schemaLocation="http://www.xbrl.org/2003/linkbase http://www.xbrl.org/2003/xbrl-linkbase-2003-12-31.xsd">
  <link:roleRef roleURI="http://xbrl.iasb.org/role/ifrs/ifrs_5_2010-04-30_role-825900" xlink:href="rol_ifrs_5_2010-04-30.xsd#ifrs_5_2010-04-30_role-825900" xlink:type="simple"/>
  <link:calculationLink xlink:role="http://xbrl.iasb.org/role/ifrs/ifrs_5_2010-04-30_role-825900" xlink:title="[825900] Notes - Non-current asset held for sale and discontinued operations" xlink:type="extended">
    <link:loc xlink:href="../../ifrs-cor_2010-04-30.xsd#ifrs_CashFlowsFromUsedInOperatingActivities" xlink:label="loc" xlink:type="locator"/>
    <link:loc xlink:href="../../ifrs-cor_2010-04-30.xsd#ifrs_CashFlowsFromUsedInOperatingActivitiesContinuingOperations" xlink:label="loc_2" xlink:type="locator"/>
    <link:calculationArc order="10.0" weight="1" xlink:arcrole="http://www.xbrl.org/2003/arcrole/summation-item" xlink:from="loc" xlink:to="loc_2" xlink:type="arc"/>
    <link:loc xlink:href="../../ifrs-cor_2010-04-30.xsd#ifrs_CashFlowsFromUsedInOperatingActivitiesDiscontinuedOperations" xlink:label="loc_3" xlink:type="locator"/>
    <link:calculationArc order="20.0" weight="1" xlink:arcrole="http://www.xbrl.org/2003/arcrole/summation-item" xlink:from="loc" xlink:to="loc_3" xlink:type="arc"/>
  </link:calculationLink>
  <link:calculationLink xlink:role="http://xbrl.iasb.org/role/ifrs/ifrs_5_2010-04-30_role-825900" xlink:title="[825900] Notes - Non-current asset held for sale and discontinued operations" xlink:type="extended">
    <link:loc xlink:href="../../ifrs-cor_2010-04-30.xsd#ifrs_CashFlowsFromUsedInInvestingActivities" xlink:label="loc" xlink:type="locator"/>
    <link:loc xlink:href="../../ifrs-cor_2010-04-30.xsd#ifrs_CashFlowsFromUsedInInvestingActivitiesContinuingOperations" xlink:label="loc_2" xlink:type="locator"/>
    <link:calculationArc order="10.0" weight="1" xlink:arcrole="http://www.xbrl.org/2003/arcrole/summation-item" xlink:from="loc" xlink:to="loc_2" xlink:type="arc"/>
    <link:loc xlink:href="../../ifrs-cor_2010-04-30.xsd#ifrs_CashFlowsFromUsedInInvestingActivitiesDiscontinuedOperations" xlink:label="loc_3" xlink:type="locator"/>
    <link:calculationArc order="20.0" weight="1" xlink:arcrole="http://www.xbrl.org/2003/arcrole/summation-item" xlink:from="loc" xlink:to="loc_3" xlink:type="arc"/>
  </link:calculationLink>
  <link:calculationLink xlink:role="http://xbrl.iasb.org/role/ifrs/ifrs_5_2010-04-30_role-825900" xlink:title="[825900] Notes - Non-current asset held for sale and discontinued operations" xlink:type="extended">
    <link:loc xlink:href="../../ifrs-cor_2010-04-30.xsd#ifrs_CashFlowsFromUsedInFinancingActivities" xlink:label="loc" xlink:type="locator"/>
    <link:loc xlink:href="../../ifrs-cor_2010-04-30.xsd#ifrs_CashFlowsFromUsedInFinancingActivitiesContinuingOperations" xlink:label="loc_2" xlink:type="locator"/>
    <link:calculationArc order="10.0" weight="1" xlink:arcrole="http://www.xbrl.org/2003/arcrole/summation-item" xlink:from="loc" xlink:to="loc_2" xlink:type="arc"/>
    <link:loc xlink:href="../../ifrs-cor_2010-04-30.xsd#ifrs_CashFlowsFromUsedInFinancingActivitiesDiscontinuedOperations" xlink:label="loc_3" xlink:type="locator"/>
    <link:calculationArc order="20.0" weight="1" xlink:arcrole="http://www.xbrl.org/2003/arcrole/summation-item" xlink:from="loc" xlink:to="loc_3" xlink:type="arc"/>
  </link:calculationLink>
</link:linkbase>