<?xml version="1.0" encoding="UTF-8"?>
<!-- Generated by Fujitsu XWand B0184C -->
<!--
        Taxonomy: 2010-04-30 (Final)
        ********************** 
        Copyright © 2010 International Accounting Standards Committee (IASC) Foundation*
        All rights reserved.  No part of this publication may be translated, reprinted or reproduced 
        or utilised in any form either in whole or in part without prior permission in writing from the IASC Foundation.
        For more information on the IASC Foundation’s copyright, please refer to http://www.iasb.org/XBRL/Legal/
        **********************
        *To become IFRS Foundation
    -->
<link:linkbase xmlns:xsi="http://www.w3.org/2001/XMLSchema-instance" xsi:schemaLocation="http://www.xbrl.org/2006/ref http://www.xbrl.org/2006/ref-2006-02-27.xsd http://www.xbrl.org/2003/linkbase http://www.xbrl.org/2003/xbrl-linkbase-2003-12-31.xsd" xmlns:link="http://www.xbrl.org/2003/linkbase" xmlns:ref="http://www.xbrl.org/2006/ref" xmlns:xbrli="http://www.xbrl.org/2003/instance" xmlns:xlink="http://www.w3.org/1999/xlink">
  <link:referenceLink xlink:type="extended" xlink:role="http://www.xbrl.org/2003/role/link">
    <link:loc xlink:type="locator" xlink:href="../../ifrs-cor_2010-04-30.xsd#ifrs_InvestmentsInAssociates" xlink:label="loc_2"/>
    <link:reference xlink:type="resource" xlink:label="res" xlink:role="http://www.xbrl.org/2003/role/disclosureRef">
      <ref:Name>IAS</ref:Name>
      <ref:Number>28</ref:Number>
      <ref:IssueDate>2010-01-01</ref:IssueDate>
      <ref:Paragraph>38</ref:Paragraph>
      <ref:URI>http://eifrs.iasb.org/eifrs/XBRL?type=IAS&amp;num=28&amp;date=2010-04-30&amp;anchor=para_38&amp;doctype=Standard</ref:URI>
      <ref:URIDate>2010-04-30</ref:URIDate>
    </link:reference>
    <link:referenceArc xlink:type="arc" xlink:arcrole="http://www.xbrl.org/2003/arcrole/concept-reference" xlink:from="loc_2" xlink:to="res"/>
    <link:loc xlink:type="locator" xlink:href="../../ifrs-cor_2010-04-30.xsd#ifrs_DisclosureOfInvestmentInAssociatesExplanatory" xlink:label="loc"/>
    <link:reference xlink:type="resource" xlink:label="res_2" xlink:role="http://www.xbrl.org/2003/role/disclosureRef">
      <ref:Name>IAS</ref:Name>
      <ref:Number>28</ref:Number>
      <ref:IssueDate>2010-01-01</ref:IssueDate>
      <ref:Section>Disclosure</ref:Section>
      <ref:URI>http://eifrs.iasb.org/eifrs/XBRL?type=IAS&amp;num=28&amp;date=2010-04-30&amp;anchor=sect_Disclosure&amp;doctype=Standard</ref:URI>
      <ref:URIDate>2010-04-30</ref:URIDate>
    </link:reference>
    <link:referenceArc xlink:type="arc" xlink:arcrole="http://www.xbrl.org/2003/arcrole/concept-reference" xlink:from="loc" xlink:to="res_2"/>
    <link:loc xlink:type="locator" xlink:href="../../ifrs-cor_2010-04-30.xsd#ifrs_FairValueOfInvestmentsInAssociatesWherePriceQuotationsPublished" xlink:label="loc_3"/>
    <link:reference xlink:type="resource" xlink:label="res_3" xlink:role="http://www.xbrl.org/2003/role/disclosureRef">
      <ref:Name>IAS</ref:Name>
      <ref:Number>28</ref:Number>
      <ref:IssueDate>2010-01-01</ref:IssueDate>
      <ref:Paragraph>37</ref:Paragraph>
      <ref:Subparagraph>a</ref:Subparagraph>
      <ref:URI>http://eifrs.iasb.org/eifrs/XBRL?type=IAS&amp;num=28&amp;date=2010-04-30&amp;anchor=para_37_a&amp;doctype=Standard</ref:URI>
      <ref:URIDate>2010-04-30</ref:URIDate>
    </link:reference>
    <link:referenceArc xlink:type="arc" xlink:arcrole="http://www.xbrl.org/2003/arcrole/concept-reference" xlink:from="loc_3" xlink:to="res_3"/>
    <link:loc xlink:type="locator" xlink:href="../../ifrs-cor_2010-04-30.xsd#ifrs_ShareOfProfitLossOfDiscontinuedOperationsOfAssociates" xlink:label="loc_6"/>
    <link:referenceArc xlink:type="arc" xlink:arcrole="http://www.xbrl.org/2003/arcrole/concept-reference" xlink:from="loc_6" xlink:to="res"/>
    <link:loc xlink:type="locator" xlink:href="../../ifrs-cor_2010-04-30.xsd#ifrs_ShareOfProfitLossOfAssociates" xlink:label="loc_15"/>
    <link:referenceArc xlink:type="arc" xlink:arcrole="http://www.xbrl.org/2003/arcrole/concept-reference" xlink:from="loc_15" xlink:to="res"/>
    <link:loc xlink:type="locator" xlink:href="../../ifrs-cor_2010-04-30.xsd#ifrs_ShareOfContingentLiabilitiesOfAssociatesIncurredJointlyWithOtherInvestors" xlink:label="loc_16"/>
    <link:reference xlink:type="resource" xlink:label="res_4" xlink:role="http://www.xbrl.org/2003/role/disclosureRef">
      <ref:Name>IAS</ref:Name>
      <ref:Number>28</ref:Number>
      <ref:IssueDate>2010-01-01</ref:IssueDate>
      <ref:Paragraph>40</ref:Paragraph>
      <ref:Subparagraph>a</ref:Subparagraph>
      <ref:URI>http://eifrs.iasb.org/eifrs/XBRL?type=IAS&amp;num=28&amp;date=2010-04-30&amp;anchor=para_40_a&amp;doctype=Standard</ref:URI>
      <ref:URIDate>2010-04-30</ref:URIDate>
    </link:reference>
    <link:referenceArc xlink:type="arc" xlink:arcrole="http://www.xbrl.org/2003/arcrole/concept-reference" xlink:from="loc_16" xlink:to="res_4"/>
    <link:loc xlink:type="locator" xlink:href="../../ifrs-cor_2010-04-30.xsd#ifrs_DescriptionOfFactThatAssociateIsNotAccountedForUsingEquityMethod" xlink:label="loc_4"/>
    <link:reference xlink:type="resource" xlink:label="res_5" xlink:role="http://www.xbrl.org/2003/role/disclosureRef">
      <ref:Name>IAS</ref:Name>
      <ref:Number>28</ref:Number>
      <ref:IssueDate>2010-01-01</ref:IssueDate>
      <ref:Paragraph>37</ref:Paragraph>
      <ref:Subparagraph>h</ref:Subparagraph>
      <ref:URI>http://eifrs.iasb.org/eifrs/XBRL?type=IAS&amp;num=28&amp;date=2010-04-30&amp;anchor=para_37_h&amp;doctype=Standard</ref:URI>
      <ref:URIDate>2010-04-30</ref:URIDate>
    </link:reference>
    <link:referenceArc xlink:type="arc" xlink:arcrole="http://www.xbrl.org/2003/arcrole/concept-reference" xlink:from="loc_4" xlink:to="res_5"/>
    <link:loc xlink:type="locator" xlink:href="../../ifrs-cor_2010-04-30.xsd#ifrs_DescriptionOfSummarisedFinancialInformationOfAssociates" xlink:label="loc_5"/>
    <link:reference xlink:type="resource" xlink:label="res_11" xlink:role="http://www.xbrl.org/2003/role/disclosureRef">
      <ref:Name>IAS</ref:Name>
      <ref:Number>28</ref:Number>
      <ref:IssueDate>2010-01-01</ref:IssueDate>
      <ref:Paragraph>37</ref:Paragraph>
      <ref:Subparagraph>b</ref:Subparagraph>
      <ref:URI>http://eifrs.iasb.org/eifrs/XBRL?type=IAS&amp;num=28&amp;date=2010-04-30&amp;anchor=para_37_b&amp;doctype=Standard</ref:URI>
      <ref:URIDate>2010-04-30</ref:URIDate>
    </link:reference>
    <link:referenceArc xlink:type="arc" xlink:arcrole="http://www.xbrl.org/2003/arcrole/concept-reference" xlink:from="loc_5" xlink:to="res_11"/>
    <link:loc xlink:type="locator" xlink:href="../../ifrs-cor_2010-04-30.xsd#ifrs_DescriptionOfReasonWhyUsingDifferentReportingDateOrPeriodForAssociate" xlink:label="loc_7"/>
    <link:reference xlink:type="resource" xlink:label="res_12" xlink:role="http://www.xbrl.org/2003/role/disclosureRef">
      <ref:Name>IAS</ref:Name>
      <ref:Number>28</ref:Number>
      <ref:IssueDate>2010-01-01</ref:IssueDate>
      <ref:Paragraph>37</ref:Paragraph>
      <ref:Subparagraph>e</ref:Subparagraph>
      <ref:URI>http://eifrs.iasb.org/eifrs/XBRL?type=IAS&amp;num=28&amp;date=2010-04-30&amp;anchor=para_37_e&amp;doctype=Standard</ref:URI>
      <ref:URIDate>2010-04-30</ref:URIDate>
    </link:reference>
    <link:referenceArc xlink:type="arc" xlink:arcrole="http://www.xbrl.org/2003/arcrole/concept-reference" xlink:from="loc_7" xlink:to="res_12"/>
    <link:loc xlink:type="locator" xlink:href="../../ifrs-cor_2010-04-30.xsd#ifrs_CumulativeUnrecognisedShareOfLossesOfAssociates" xlink:label="loc_10"/>
    <link:reference xlink:type="resource" xlink:label="res_6" xlink:role="http://www.xbrl.org/2003/role/disclosureRef">
      <ref:Name>IAS</ref:Name>
      <ref:Number>28</ref:Number>
      <ref:IssueDate>2010-01-01</ref:IssueDate>
      <ref:Paragraph>37</ref:Paragraph>
      <ref:Subparagraph>g</ref:Subparagraph>
      <ref:URI>http://eifrs.iasb.org/eifrs/XBRL?type=IAS&amp;num=28&amp;date=2010-04-30&amp;anchor=para_37_g&amp;doctype=Standard</ref:URI>
      <ref:URIDate>2010-04-30</ref:URIDate>
    </link:reference>
    <link:referenceArc xlink:type="arc" xlink:arcrole="http://www.xbrl.org/2003/arcrole/concept-reference" xlink:from="loc_10" xlink:to="res_6"/>
    <link:loc xlink:type="locator" xlink:href="../../ifrs-cor_2010-04-30.xsd#ifrs_DescriptionOfSummarisedFinancialInformationOfAssociatesNotAccountedForUsingEquityMethod" xlink:label="loc_11"/>
    <link:reference xlink:type="resource" xlink:label="res_7" xlink:role="http://www.xbrl.org/2003/role/disclosureRef">
      <ref:Name>IAS</ref:Name>
      <ref:Number>28</ref:Number>
      <ref:IssueDate>2010-01-01</ref:IssueDate>
      <ref:Paragraph>37</ref:Paragraph>
      <ref:Subparagraph>i</ref:Subparagraph>
      <ref:URI>http://eifrs.iasb.org/eifrs/XBRL?type=IAS&amp;num=28&amp;date=2010-04-30&amp;anchor=para_37_i&amp;doctype=Standard</ref:URI>
      <ref:URIDate>2010-04-30</ref:URIDate>
    </link:reference>
    <link:referenceArc xlink:type="arc" xlink:arcrole="http://www.xbrl.org/2003/arcrole/concept-reference" xlink:from="loc_11" xlink:to="res_7"/>
    <link:loc xlink:type="locator" xlink:href="../../ifrs-cor_2010-04-30.xsd#ifrs_DescriptionOfReasonsWhyPresumptionThatInterestOfMoreThanTwentyPerCentInAssociateIsOvercome" xlink:label="loc_12"/>
    <link:reference xlink:type="resource" xlink:label="res_8" xlink:role="http://www.xbrl.org/2003/role/disclosureRef">
      <ref:Name>IAS</ref:Name>
      <ref:Number>28</ref:Number>
      <ref:IssueDate>2010-01-01</ref:IssueDate>
      <ref:Paragraph>37</ref:Paragraph>
      <ref:Subparagraph>d</ref:Subparagraph>
      <ref:URI>http://eifrs.iasb.org/eifrs/XBRL?type=IAS&amp;num=28&amp;date=2010-04-30&amp;anchor=para_37_d&amp;doctype=Standard</ref:URI>
      <ref:URIDate>2010-04-30</ref:URIDate>
    </link:reference>
    <link:referenceArc xlink:type="arc" xlink:arcrole="http://www.xbrl.org/2003/arcrole/concept-reference" xlink:from="loc_12" xlink:to="res_8"/>
    <link:loc xlink:type="locator" xlink:href="../../ifrs-cor_2010-04-30.xsd#ifrs_DescriptionOfReasonsWhyPresumptionThatInterestOfLessThanTwentyPerCentInAssociateIsOvercome" xlink:label="loc_13"/>
    <link:reference xlink:type="resource" xlink:label="res_9" xlink:role="http://www.xbrl.org/2003/role/disclosureRef">
      <ref:Name>IAS</ref:Name>
      <ref:Number>28</ref:Number>
      <ref:IssueDate>2010-01-01</ref:IssueDate>
      <ref:Paragraph>37</ref:Paragraph>
      <ref:Subparagraph>c</ref:Subparagraph>
      <ref:URI>http://eifrs.iasb.org/eifrs/XBRL?type=IAS&amp;num=28&amp;date=2010-04-30&amp;anchor=para_37_c&amp;doctype=Standard</ref:URI>
      <ref:URIDate>2010-04-30</ref:URIDate>
    </link:reference>
    <link:referenceArc xlink:type="arc" xlink:arcrole="http://www.xbrl.org/2003/arcrole/concept-reference" xlink:from="loc_13" xlink:to="res_9"/>
    <link:loc xlink:type="locator" xlink:href="../../ifrs-cor_2010-04-30.xsd#ifrs_DescriptionOfNatureAndExtentSignificantRestrictionsOnAbilityOfAssociateToTransferFunds" xlink:label="loc_14"/>
    <link:reference xlink:type="resource" xlink:label="res_10" xlink:role="http://www.xbrl.org/2003/role/disclosureRef">
      <ref:Name>IAS</ref:Name>
      <ref:Number>28</ref:Number>
      <ref:IssueDate>2010-01-01</ref:IssueDate>
      <ref:Paragraph>37</ref:Paragraph>
      <ref:Subparagraph>f</ref:Subparagraph>
      <ref:URI>http://eifrs.iasb.org/eifrs/XBRL?type=IAS&amp;num=28&amp;date=2010-04-30&amp;anchor=para_37_f&amp;doctype=Standard</ref:URI>
      <ref:URIDate>2010-04-30</ref:URIDate>
    </link:reference>
    <link:referenceArc xlink:type="arc" xlink:arcrole="http://www.xbrl.org/2003/arcrole/concept-reference" xlink:from="loc_14" xlink:to="res_10"/>
    <link:loc xlink:type="locator" xlink:href="../../ifrs-cor_2010-04-30.xsd#ifrs_ContingentLiabilitiesOfAssociatesForWhichEntityIsSeverallyLiable" xlink:label="loc_17"/>
    <link:reference xlink:type="resource" xlink:label="res_13" xlink:role="http://www.xbrl.org/2003/role/disclosureRef">
      <ref:Name>IAS</ref:Name>
      <ref:Number>28</ref:Number>
      <ref:IssueDate>2010-01-01</ref:IssueDate>
      <ref:Paragraph>40</ref:Paragraph>
      <ref:Subparagraph>b</ref:Subparagraph>
      <ref:URI>http://eifrs.iasb.org/eifrs/XBRL?type=IAS&amp;num=28&amp;date=2010-04-30&amp;anchor=para_40_b&amp;doctype=Standard</ref:URI>
      <ref:URIDate>2010-04-30</ref:URIDate>
    </link:reference>
    <link:referenceArc xlink:type="arc" xlink:arcrole="http://www.xbrl.org/2003/arcrole/concept-reference" xlink:from="loc_17" xlink:to="res_13"/>
    <link:loc xlink:type="locator" xlink:href="../../ifrs-cor_2010-04-30.xsd#ifrs_AssetsOfAssociates" xlink:label="loc_9"/>
    <link:referenceArc xlink:type="arc" xlink:arcrole="http://www.xbrl.org/2003/arcrole/concept-reference" xlink:from="loc_9" xlink:to="res_11"/>
    <link:loc xlink:type="locator" xlink:href="../../ifrs-cor_2010-04-30.xsd#ifrs_LiabilitiesOfAssociates" xlink:label="loc_18"/>
    <link:referenceArc xlink:type="arc" xlink:arcrole="http://www.xbrl.org/2003/arcrole/concept-reference" xlink:from="loc_18" xlink:to="res_11"/>
    <link:loc xlink:type="locator" xlink:href="../../ifrs-cor_2010-04-30.xsd#ifrs_ProfitLossOfAssociates" xlink:label="loc_19"/>
    <link:referenceArc xlink:type="arc" xlink:arcrole="http://www.xbrl.org/2003/arcrole/concept-reference" xlink:from="loc_19" xlink:to="res_11"/>
    <link:loc xlink:type="locator" xlink:href="../../ifrs-cor_2010-04-30.xsd#ifrs_RevenuesOfAssociates" xlink:label="loc_20"/>
    <link:referenceArc xlink:type="arc" xlink:arcrole="http://www.xbrl.org/2003/arcrole/concept-reference" xlink:from="loc_20" xlink:to="res_11"/>
    <link:loc xlink:type="locator" xlink:href="../../ifrs-cor_2010-04-30.xsd#ifrs_DescriptionOfEndOfReportingPeriodOfFinancialStatementsOfAssociates" xlink:label="loc_21"/>
    <link:referenceArc xlink:type="arc" xlink:arcrole="http://www.xbrl.org/2003/arcrole/concept-reference" xlink:from="loc_21" xlink:to="res_12"/>
    <link:loc xlink:type="locator" xlink:href="../../ifrs-cor_2010-04-30.xsd#ifrs_UnrecognisedShareOfLossesOfAssociates" xlink:label="loc_8"/>
    <link:referenceArc xlink:type="arc" xlink:arcrole="http://www.xbrl.org/2003/arcrole/concept-reference" xlink:from="loc_8" xlink:to="res_6"/>
  </link:referenceLink>
</link:linkbase>
