<?xml version="1.0" encoding="UTF-8"?>
<!-- Generated by Fujitsu Interstage XWand B0196 -->
<link:linkbase xmlns:xsi="http://www.w3.org/2001/XMLSchema-instance" xsi:schemaLocation="http://www.xbrl.org/2003/linkbase http://www.xbrl.org/2003/xbrl-linkbase-2003-12-31.xsd" xmlns:link="http://www.xbrl.org/2003/linkbase" xmlns:xbrldt="http://xbrl.org/2005/xbrldt" xmlns:xlink="http://www.w3.org/1999/xlink" xmlns:xbrli="http://www.xbrl.org/2003/instance">
  <link:roleRef roleURI="http://www.xbrl.org/tifrs/notes/role/MovementOnAllowanceForDoubtfulAccounts" xlink:type="simple" xlink:href="tifrs-notes-mim-2014-03-31.xsd#RT_6"/>
  <link:arcroleRef arcroleURI="http://xbrl.org/int/dim/arcrole/all" xlink:type="simple" xlink:href="http://www.xbrl.org/2005/xbrldt-2005.xsd#all"/>
  <link:arcroleRef arcroleURI="http://xbrl.org/int/dim/arcrole/dimension-domain" xlink:type="simple" xlink:href="http://www.xbrl.org/2005/xbrldt-2005.xsd#dimension-domain"/>
  <link:arcroleRef arcroleURI="http://xbrl.org/int/dim/arcrole/domain-member" xlink:type="simple" xlink:href="http://www.xbrl.org/2005/xbrldt-2005.xsd#domain-member"/>
  <link:arcroleRef arcroleURI="http://xbrl.org/int/dim/arcrole/hypercube-dimension" xlink:type="simple" xlink:href="http://www.xbrl.org/2005/xbrldt-2005.xsd#hypercube-dimension"/>
  <link:definitionLink xlink:type="extended" xlink:role="http://www.xbrl.org/tifrs/notes/role/MovementOnAllowanceForDoubtfulAccounts">
    <link:loc xlink:type="locator" xlink:href="../tifrs-notes-2014-03-31.xsd#tifrs-notes_TableLabelItemList-MovementOnAllowanceForDoubtfulAccountsAbstractMember" xlink:label="TableLabelItemList-MovementOnAllowanceForDoubtfulAccountsAbstractMember" xlink:title="TableLabelItemList-MovementOnAllowanceForDoubtfulAccountsAbstractMember"/>
    <link:loc xlink:type="locator" xlink:href="../tifrs-notes-2014-03-31.xsd#tifrs-notes_TableFieldTitleStructure-MovementOnAllowanceForDoubtfulAccountsAbstractMember" xlink:label="TableFieldTitleStructure-MovementOnAllowanceForDoubtfulAccountsAbstractMember" xlink:title="TableFieldTitleStructure-MovementOnAllowanceForDoubtfulAccountsAbstractMember"/>
    <link:definitionArc xlink:type="arc" xlink:arcrole="http://xbrl.org/int/dim/arcrole/all" xlink:from="TableLabelItemList-MovementOnAllowanceForDoubtfulAccountsAbstractMember" xlink:to="TableFieldTitleStructure-MovementOnAllowanceForDoubtfulAccountsAbstractMember" xlink:title="definition: TableLabelItemList-MovementOnAllowanceForDoubtfulAccountsAbstractMember to TableFieldTitleStructure-MovementOnAllowanceForDoubtfulAccountsAbstractMember" order="1.0" xbrldt:closed="true" xbrldt:contextElement="segment"/>
    <link:loc xlink:type="locator" xlink:href="../tifrs-notes-2014-03-31.xsd#tifrs-notes_MovementOnAllowanceForDoubtfulAccountsAbstractMemberDimensionMember" xlink:label="MovementOnAllowanceForDoubtfulAccountsAbstractMemberDimensionMember" xlink:title="MovementOnAllowanceForDoubtfulAccountsAbstractMemberDimensionMember"/>
    <link:definitionArc xlink:type="arc" xlink:arcrole="http://xbrl.org/int/dim/arcrole/hypercube-dimension" xlink:from="TableFieldTitleStructure-MovementOnAllowanceForDoubtfulAccountsAbstractMember" xlink:to="MovementOnAllowanceForDoubtfulAccountsAbstractMemberDimensionMember" xlink:title="definition: TableFieldTitleStructure-MovementOnAllowanceForDoubtfulAccountsAbstractMember to MovementOnAllowanceForDoubtfulAccountsAbstractMemberDimensionMember" order="1.0"/>
    <link:loc xlink:type="locator" xlink:href="../tifrs-notes-2014-03-31.xsd#tifrs-notes_IndividualAssessmentOfImpairmentLoss" xlink:label="IndividualAssessmentOfImpairmentLoss" xlink:title="IndividualAssessmentOfImpairmentLoss"/>
    <link:definitionArc xlink:type="arc" xlink:arcrole="http://xbrl.org/int/dim/arcrole/dimension-domain" xlink:from="MovementOnAllowanceForDoubtfulAccountsAbstractMemberDimensionMember" xlink:to="IndividualAssessmentOfImpairmentLoss" xlink:title="definition: MovementOnAllowanceForDoubtfulAccountsAbstractMemberDimensionMember to IndividualAssessmentOfImpairmentLoss" order="1.0"/>
    <link:loc xlink:type="locator" xlink:href="../tifrs-notes-2014-03-31.xsd#tifrs-notes_CollectiveAssessmentOfImpairmentLoss" xlink:label="CollectiveAssessmentOfImpairmentLoss" xlink:title="CollectiveAssessmentOfImpairmentLoss"/>
    <link:definitionArc xlink:type="arc" xlink:arcrole="http://xbrl.org/int/dim/arcrole/dimension-domain" xlink:from="MovementOnAllowanceForDoubtfulAccountsAbstractMemberDimensionMember" xlink:to="CollectiveAssessmentOfImpairmentLoss" xlink:title="definition: MovementOnAllowanceForDoubtfulAccountsAbstractMemberDimensionMember to CollectiveAssessmentOfImpairmentLoss" order="2.0"/>
    <link:loc xlink:type="locator" xlink:href="../tifrs-notes-2014-03-31.xsd#tifrs-notes_Total3" xlink:label="Total3" xlink:title="Total3"/>
    <link:definitionArc xlink:type="arc" xlink:arcrole="http://xbrl.org/int/dim/arcrole/dimension-domain" xlink:from="MovementOnAllowanceForDoubtfulAccountsAbstractMemberDimensionMember" xlink:to="Total3" xlink:title="definition: MovementOnAllowanceForDoubtfulAccountsAbstractMemberDimensionMember to Total3" order="3.0"/>
    <link:loc xlink:type="locator" xlink:href="../tifrs-notes-2014-03-31.xsd#tifrs-notes_Items-MovementOnAllowanceForDoubtfulAccountsAbstractMember" xlink:label="Items-MovementOnAllowanceForDoubtfulAccountsAbstractMember" xlink:title="Items-MovementOnAllowanceForDoubtfulAccountsAbstractMember"/>
    <link:definitionArc xlink:type="arc" xlink:arcrole="http://xbrl.org/int/dim/arcrole/domain-member" xlink:from="TableLabelItemList-MovementOnAllowanceForDoubtfulAccountsAbstractMember" xlink:to="Items-MovementOnAllowanceForDoubtfulAccountsAbstractMember" xlink:title="definition: TableLabelItemList-MovementOnAllowanceForDoubtfulAccountsAbstractMember to Items-MovementOnAllowanceForDoubtfulAccountsAbstractMember" order="2.0"/>
    <link:loc xlink:type="locator" xlink:href="../tifrs-notes-2014-03-31.xsd#tifrs-notes_BeginningBalance2" xlink:label="BeginningBalance2_2" xlink:title="BeginningBalance2"/>
    <link:definitionArc xlink:type="arc" xlink:arcrole="http://xbrl.org/int/dim/arcrole/domain-member" xlink:from="Items-MovementOnAllowanceForDoubtfulAccountsAbstractMember" xlink:to="BeginningBalance2_2" xlink:title="definition: Items-MovementOnAllowanceForDoubtfulAccountsAbstractMember to BeginningBalance2" order="1.0"/>
    <link:loc xlink:type="locator" xlink:href="../tifrs-notes-2014-03-31.xsd#tifrs-notes_ProvisionForImpairmentLoss" xlink:label="ProvisionForImpairmentLoss" xlink:title="ProvisionForImpairmentLoss"/>
    <link:definitionArc xlink:type="arc" xlink:arcrole="http://xbrl.org/int/dim/arcrole/domain-member" xlink:from="Items-MovementOnAllowanceForDoubtfulAccountsAbstractMember" xlink:to="ProvisionForImpairmentLoss" xlink:title="definition: Items-MovementOnAllowanceForDoubtfulAccountsAbstractMember to ProvisionForImpairmentLoss" order="2.0"/>
    <link:loc xlink:type="locator" xlink:href="../tifrs-notes-2014-03-31.xsd#tifrs-notes_ReversalOfImpairmentLoss" xlink:label="ReversalOfImpairmentLoss" xlink:title="ReversalOfImpairmentLoss"/>
    <link:definitionArc xlink:type="arc" xlink:arcrole="http://xbrl.org/int/dim/arcrole/domain-member" xlink:from="Items-MovementOnAllowanceForDoubtfulAccountsAbstractMember" xlink:to="ReversalOfImpairmentLoss" xlink:title="definition: Items-MovementOnAllowanceForDoubtfulAccountsAbstractMember to ReversalOfImpairmentLoss" order="3.0"/>
    <link:loc xlink:type="locator" xlink:href="../tifrs-notes-2014-03-31.xsd#tifrs-notes_WriteOffsChargedAgainstTheAllowanceAccounts" xlink:label="WriteOffsChargedAgainstTheAllowanceAccounts" xlink:title="WriteOffsChargedAgainstTheAllowanceAccounts"/>
    <link:definitionArc xlink:type="arc" xlink:arcrole="http://xbrl.org/int/dim/arcrole/domain-member" xlink:from="Items-MovementOnAllowanceForDoubtfulAccountsAbstractMember" xlink:to="WriteOffsChargedAgainstTheAllowanceAccounts" xlink:title="definition: Items-MovementOnAllowanceForDoubtfulAccountsAbstractMember to WriteOffsChargedAgainstTheAllowanceAccounts" order="4.0"/>
    <link:loc xlink:type="locator" xlink:href="../tifrs-notes-2014-03-31.xsd#tifrs-notes_ReversalOfDiscount" xlink:label="ReversalOfDiscount" xlink:title="ReversalOfDiscount"/>
    <link:definitionArc xlink:type="arc" xlink:arcrole="http://xbrl.org/int/dim/arcrole/domain-member" xlink:from="Items-MovementOnAllowanceForDoubtfulAccountsAbstractMember" xlink:to="ReversalOfDiscount" xlink:title="definition: Items-MovementOnAllowanceForDoubtfulAccountsAbstractMember to ReversalOfDiscount" order="5.0"/>
    <link:loc xlink:type="locator" xlink:href="../tifrs-notes-2014-03-31.xsd#tifrs-notes_CurrencyTranslationDifferences" xlink:label="CurrencyTranslationDifferences" xlink:title="CurrencyTranslationDifferences"/>
    <link:definitionArc xlink:type="arc" xlink:arcrole="http://xbrl.org/int/dim/arcrole/domain-member" xlink:from="Items-MovementOnAllowanceForDoubtfulAccountsAbstractMember" xlink:to="CurrencyTranslationDifferences" xlink:title="definition: Items-MovementOnAllowanceForDoubtfulAccountsAbstractMember to CurrencyTranslationDifferences" order="6.0"/>
    <link:loc xlink:type="locator" xlink:href="../tifrs-notes-2014-03-31.xsd#tifrs-notes_Others1" xlink:label="Others1" xlink:title="Others1"/>
    <link:definitionArc xlink:type="arc" xlink:arcrole="http://xbrl.org/int/dim/arcrole/domain-member" xlink:from="Items-MovementOnAllowanceForDoubtfulAccountsAbstractMember" xlink:to="Others1" xlink:title="definition: Items-MovementOnAllowanceForDoubtfulAccountsAbstractMember to Others1" order="7.0"/>
    <link:loc xlink:type="locator" xlink:href="../tifrs-notes-2014-03-31.xsd#tifrs-notes_EndingBalance4" xlink:label="EndingBalance4" xlink:title="EndingBalance4"/>
    <link:definitionArc xlink:type="arc" xlink:arcrole="http://xbrl.org/int/dim/arcrole/domain-member" xlink:from="Items-MovementOnAllowanceForDoubtfulAccountsAbstractMember" xlink:to="EndingBalance4" xlink:title="definition: Items-MovementOnAllowanceForDoubtfulAccountsAbstractMember to EndingBalance4" order="8.0"/>
  </link:definitionLink>
</link:linkbase>
