<?xml version="1.0" encoding="UTF-8"?>
<!-- Generated by Fujitsu Interstage XWand B0196 -->
<link:linkbase xmlns:xsi="http://www.w3.org/2001/XMLSchema-instance" xsi:schemaLocation="http://www.xbrl.org/2003/linkbase http://www.xbrl.org/2003/xbrl-linkbase-2003-12-31.xsd" xmlns:link="http://www.xbrl.org/2003/linkbase" xmlns:xlink="http://www.w3.org/1999/xlink" xmlns:xbrli="http://www.xbrl.org/2003/instance">
  <link:roleRef roleURI="http://www.xbrl.org/tifrs/fr/role/StatementOfChangesInEquity" xlink:type="simple" xlink:href="../tifrs-es-2015-03-31.xsd#RT_1"/>
  <link:arcroleRef arcroleURI="http://xbrl.org/int/dim/arcrole/domain-member" xlink:type="simple" xlink:href="http://www.xbrl.org/2005/xbrldt-2005.xsd#domain-member"/>
  <link:definitionLink xlink:type="extended" xlink:role="http://www.xbrl.org/tifrs/fr/role/StatementOfChangesInEquity">
    <link:loc xlink:type="locator" xlink:href="../../ifrs_20100430/ifrs-cor_2010-04-30.xsd#ifrs_StatementOfChangesInEquityLineItems" xlink:label="StatementOfChangesInEquityLineItems" xlink:title="StatementOfChangesInEquityLineItems"/>
    <link:loc xlink:type="locator" xlink:href="../tifrs-es-2015-03-31.xsd#tifrs-es_ChangesInNoncontrollingInterests" xlink:label="ChangesInNoncontrollingInterests" xlink:title="ChangesInNoncontrollingInterests"/>
    <link:definitionArc xlink:type="arc" xlink:arcrole="http://xbrl.org/int/dim/arcrole/domain-member" xlink:from="StatementOfChangesInEquityLineItems" xlink:to="ChangesInNoncontrollingInterests" xlink:title="definition: StatementOfChangesInEquityLineItems to ChangesInNoncontrollingInterests" order="28.1"/>
    <link:loc xlink:type="locator" xlink:href="../tifrs-es-2015-03-31.xsd#tifrs-es_TotalEquityMember" xlink:label="TotalEquityMember" xlink:title="TotalEquityMember"/>
    <link:loc xlink:type="locator" xlink:href="../tifrs-es-2015-03-31.xsd#tifrs-es_TotalEquityAttributableToOwnersOfParentMember" xlink:label="TotalEquityAttributableToOwnersOfParentMember" xlink:title="TotalEquityAttributableToOwnersOfParentMember"/>
    <link:definitionArc xlink:type="arc" xlink:arcrole="http://xbrl.org/int/dim/arcrole/domain-member" xlink:from="TotalEquityMember" xlink:to="TotalEquityAttributableToOwnersOfParentMember" xlink:title="definition: TotalEquityMember to TotalEquityAttributableToOwnersOfParentMember" order="1.0"/>
    <link:loc xlink:type="locator" xlink:href="../tifrs-es-2015-03-31.xsd#tifrs-es_TotalShareCapitalMember" xlink:label="TotalShareCapitalMember" xlink:title="TotalShareCapitalMember"/>
    <link:definitionArc xlink:type="arc" xlink:arcrole="http://xbrl.org/int/dim/arcrole/domain-member" xlink:from="TotalEquityAttributableToOwnersOfParentMember" xlink:to="TotalShareCapitalMember" xlink:title="definition: TotalEquityAttributableToOwnersOfParentMember to TotalShareCapitalMember" order="1.0"/>
    <link:loc xlink:type="locator" xlink:href="../tifrs-es-2015-03-31.xsd#tifrs-es_OrdinaryShareMember" xlink:label="OrdinaryShareMember" xlink:title="OrdinaryShareMember"/>
    <link:definitionArc xlink:type="arc" xlink:arcrole="http://xbrl.org/int/dim/arcrole/domain-member" xlink:from="TotalShareCapitalMember" xlink:to="OrdinaryShareMember" xlink:title="definition: TotalShareCapitalMember to OrdinaryShareMember" order="1.0"/>
    <link:loc xlink:type="locator" xlink:href="../tifrs-es-2015-03-31.xsd#tifrs-es_PreferenceShareMember" xlink:label="PreferenceShareMember" xlink:title="PreferenceShareMember"/>
    <link:definitionArc xlink:type="arc" xlink:arcrole="http://xbrl.org/int/dim/arcrole/domain-member" xlink:from="TotalShareCapitalMember" xlink:to="PreferenceShareMember" xlink:title="definition: TotalShareCapitalMember to PreferenceShareMember" order="2.0"/>
    <link:loc xlink:type="locator" xlink:href="../tifrs-es-2015-03-31.xsd#tifrs-es_CertificateOfEntitlementToNewSharesFromConvertibleBondMember" xlink:label="CertificateOfEntitlementToNewSharesFromConvertibleBondMember" xlink:title="CertificateOfEntitlementToNewSharesFromConvertibleBondMember"/>
    <link:definitionArc xlink:type="arc" xlink:arcrole="http://xbrl.org/int/dim/arcrole/domain-member" xlink:from="TotalShareCapitalMember" xlink:to="CertificateOfEntitlementToNewSharesFromConvertibleBondMember" xlink:title="definition: TotalShareCapitalMember to CertificateOfEntitlementToNewSharesFromConvertibleBondMember" order="3.0"/>
    <link:loc xlink:type="locator" xlink:href="../tifrs-es-2015-03-31.xsd#tifrs-es_AdvanceReceiptsForShareCapitalMember" xlink:label="AdvanceReceiptsForShareCapitalMember" xlink:title="AdvanceReceiptsForShareCapitalMember"/>
    <link:definitionArc xlink:type="arc" xlink:arcrole="http://xbrl.org/int/dim/arcrole/domain-member" xlink:from="TotalShareCapitalMember" xlink:to="AdvanceReceiptsForShareCapitalMember" xlink:title="definition: TotalShareCapitalMember to AdvanceReceiptsForShareCapitalMember" order="4.0"/>
    <link:loc xlink:type="locator" xlink:href="../tifrs-es-2015-03-31.xsd#tifrs-es_StockDividendToBeDistributedMember" xlink:label="StockDividendToBeDistributedMember" xlink:title="StockDividendToBeDistributedMember"/>
    <link:definitionArc xlink:type="arc" xlink:arcrole="http://xbrl.org/int/dim/arcrole/domain-member" xlink:from="TotalShareCapitalMember" xlink:to="StockDividendToBeDistributedMember" xlink:title="definition: TotalShareCapitalMember to StockDividendToBeDistributedMember" order="5.0"/>
    <link:loc xlink:type="locator" xlink:href="../tifrs-es-2015-03-31.xsd#tifrs-es_Other-ShareCapitalMember" xlink:label="Other-ShareCapitalMember" xlink:title="Other-ShareCapitalMember"/>
    <link:definitionArc xlink:type="arc" xlink:arcrole="http://xbrl.org/int/dim/arcrole/domain-member" xlink:from="TotalShareCapitalMember" xlink:to="Other-ShareCapitalMember" xlink:title="definition: TotalShareCapitalMember to Other-ShareCapitalMember" order="6.0"/>
    <link:loc xlink:type="locator" xlink:href="../tifrs-es-2015-03-31.xsd#tifrs-es_CapitalSurplusMember" xlink:label="CapitalSurplusMember" xlink:title="CapitalSurplusMember"/>
    <link:definitionArc xlink:type="arc" xlink:arcrole="http://xbrl.org/int/dim/arcrole/domain-member" xlink:from="TotalEquityAttributableToOwnersOfParentMember" xlink:to="CapitalSurplusMember" xlink:title="definition: TotalEquityAttributableToOwnersOfParentMember to CapitalSurplusMember" order="2.0"/>
    <link:loc xlink:type="locator" xlink:href="../tifrs-es-2015-03-31.xsd#tifrs-es_TotalRetainedEarningsMember" xlink:label="TotalRetainedEarningsMember" xlink:title="TotalRetainedEarningsMember"/>
    <link:definitionArc xlink:type="arc" xlink:arcrole="http://xbrl.org/int/dim/arcrole/domain-member" xlink:from="TotalEquityAttributableToOwnersOfParentMember" xlink:to="TotalRetainedEarningsMember" xlink:title="definition: TotalEquityAttributableToOwnersOfParentMember to TotalRetainedEarningsMember" order="3.0"/>
    <link:loc xlink:type="locator" xlink:href="../tifrs-es-2015-03-31.xsd#tifrs-es_LegalReserveMember" xlink:label="LegalReserveMember" xlink:title="LegalReserveMember"/>
    <link:definitionArc xlink:type="arc" xlink:arcrole="http://xbrl.org/int/dim/arcrole/domain-member" xlink:from="TotalRetainedEarningsMember" xlink:to="LegalReserveMember" xlink:title="definition: TotalRetainedEarningsMember to LegalReserveMember" order="1.0"/>
    <link:loc xlink:type="locator" xlink:href="../tifrs-es-2015-03-31.xsd#tifrs-es_SpecialReserveMember" xlink:label="SpecialReserveMember" xlink:title="SpecialReserveMember"/>
    <link:definitionArc xlink:type="arc" xlink:arcrole="http://xbrl.org/int/dim/arcrole/domain-member" xlink:from="TotalRetainedEarningsMember" xlink:to="SpecialReserveMember" xlink:title="definition: TotalRetainedEarningsMember to SpecialReserveMember" order="2.0"/>
    <link:loc xlink:type="locator" xlink:href="../tifrs-es-2015-03-31.xsd#tifrs-es_UnappropriatedRetainedEarningsAccumulatedDeficitMember" xlink:label="UnappropriatedRetainedEarningsAccumulatedDeficitMember" xlink:title="UnappropriatedRetainedEarningsAccumulatedDeficitMember"/>
    <link:definitionArc xlink:type="arc" xlink:arcrole="http://xbrl.org/int/dim/arcrole/domain-member" xlink:from="TotalRetainedEarningsMember" xlink:to="UnappropriatedRetainedEarningsAccumulatedDeficitMember" xlink:title="definition: TotalRetainedEarningsMember to UnappropriatedRetainedEarningsAccumulatedDeficitMember" order="3.0"/>
    <link:loc xlink:type="locator" xlink:href="../tifrs-es-2015-03-31.xsd#tifrs-es_TotalOtherEquityInterestMember" xlink:label="TotalOtherEquityInterestMember" xlink:title="TotalOtherEquityInterestMember"/>
    <link:definitionArc xlink:type="arc" xlink:arcrole="http://xbrl.org/int/dim/arcrole/domain-member" xlink:from="TotalEquityAttributableToOwnersOfParentMember" xlink:to="TotalOtherEquityInterestMember" xlink:title="definition: TotalEquityAttributableToOwnersOfParentMember to TotalOtherEquityInterestMember" order="4.0"/>
    <link:loc xlink:type="locator" xlink:href="../tifrs-es-2015-03-31.xsd#tifrs-es_ExchangeDifferencesOnTranslationOfForeignFinancialStatementsMember" xlink:label="ExchangeDifferencesOnTranslationOfForeignFinancialStatementsMember" xlink:title="ExchangeDifferencesOnTranslationOfForeignFinancialStatementsMember"/>
    <link:definitionArc xlink:type="arc" xlink:arcrole="http://xbrl.org/int/dim/arcrole/domain-member" xlink:from="TotalOtherEquityInterestMember" xlink:to="ExchangeDifferencesOnTranslationOfForeignFinancialStatementsMember" xlink:title="definition: TotalOtherEquityInterestMember to ExchangeDifferencesOnTranslationOfForeignFinancialStatementsMember" order="1.0"/>
    <link:loc xlink:type="locator" xlink:href="../tifrs-es-2015-03-31.xsd#tifrs-es_GainsLossesFromInvestmentsInEquityInstrumentsMeasuredAtFairValueThroughOtherComprehensiveIncomeMember" xlink:label="GainsLossesFromInvestmentsInEquityInstrumentsMeasuredAtFairValueThroughOtherComprehensiveIncomeMember" xlink:title="GainsLossesFromInvestmentsInEquityInstrumentsMeasuredAtFairValueThroughOtherComprehensiveIncomeMember"/>
    <link:definitionArc xlink:type="arc" xlink:arcrole="http://xbrl.org/int/dim/arcrole/domain-member" xlink:from="TotalOtherEquityInterestMember" xlink:to="GainsLossesFromInvestmentsInEquityInstrumentsMeasuredAtFairValueThroughOtherComprehensiveIncomeMember" xlink:title="definition: TotalOtherEquityInterestMember to GainsLossesFromInvestmentsInEquityInstrumentsMeasuredAtFairValueThroughOtherComprehensiveIncomeMember" order="2.0"/>
    <link:loc xlink:type="locator" xlink:href="../tifrs-es-2015-03-31.xsd#tifrs-es_UnrealizedGainsLossesOnAvailable-For-SaleFinancialAssetsMember" xlink:label="UnrealizedGainsLossesOnAvailable-For-SaleFinancialAssetsMember" xlink:title="UnrealizedGainsLossesOnAvailable-For-SaleFinancialAssetsMember"/>
    <link:definitionArc xlink:type="arc" xlink:arcrole="http://xbrl.org/int/dim/arcrole/domain-member" xlink:from="TotalOtherEquityInterestMember" xlink:to="UnrealizedGainsLossesOnAvailable-For-SaleFinancialAssetsMember" xlink:title="definition: TotalOtherEquityInterestMember to UnrealizedGainsLossesOnAvailable-For-SaleFinancialAssetsMember" order="3.0"/>
    <link:loc xlink:type="locator" xlink:href="../tifrs-es-2015-03-31.xsd#tifrs-es_GainsLossesOnEffectivePortionOfCashFlowHedgesMember" xlink:label="GainsLossesOnEffectivePortionOfCashFlowHedgesMember" xlink:title="GainsLossesOnEffectivePortionOfCashFlowHedgesMember"/>
    <link:definitionArc xlink:type="arc" xlink:arcrole="http://xbrl.org/int/dim/arcrole/domain-member" xlink:from="TotalOtherEquityInterestMember" xlink:to="GainsLossesOnEffectivePortionOfCashFlowHedgesMember" xlink:title="definition: TotalOtherEquityInterestMember to GainsLossesOnEffectivePortionOfCashFlowHedgesMember" order="4.0"/>
    <link:loc xlink:type="locator" xlink:href="../tifrs-es-2015-03-31.xsd#tifrs-es_GainsLossesOnEffectivePortionOfHedgesOfNetInvestmentsInForeignOperationsMember" xlink:label="GainsLossesOnEffectivePortionOfHedgesOfNetInvestmentsInForeignOperationsMember" xlink:title="GainsLossesOnEffectivePortionOfHedgesOfNetInvestmentsInForeignOperationsMember"/>
    <link:definitionArc xlink:type="arc" xlink:arcrole="http://xbrl.org/int/dim/arcrole/domain-member" xlink:from="TotalOtherEquityInterestMember" xlink:to="GainsLossesOnEffectivePortionOfHedgesOfNetInvestmentsInForeignOperationsMember" xlink:title="definition: TotalOtherEquityInterestMember to GainsLossesOnEffectivePortionOfHedgesOfNetInvestmentsInForeignOperationsMember" order="5.0"/>
    <link:loc xlink:type="locator" xlink:href="../tifrs-es-2015-03-31.xsd#tifrs-es_EquityRelatedToNoncurrentAssetsClassifiedAsHeldForSaleMember" xlink:label="EquityRelatedToNoncurrentAssetsClassifiedAsHeldForSaleMember" xlink:title="EquityRelatedToNoncurrentAssetsClassifiedAsHeldForSaleMember"/>
    <link:definitionArc xlink:type="arc" xlink:arcrole="http://xbrl.org/int/dim/arcrole/domain-member" xlink:from="TotalOtherEquityInterestMember" xlink:to="EquityRelatedToNoncurrentAssetsClassifiedAsHeldForSaleMember" xlink:title="definition: TotalOtherEquityInterestMember to EquityRelatedToNoncurrentAssetsClassifiedAsHeldForSaleMember" order="7.0"/>
    <link:loc xlink:type="locator" xlink:href="../tifrs-es-2015-03-31.xsd#tifrs-es_Others-OtherEquityInterestMember" xlink:label="Others-OtherEquityInterestMember" xlink:title="Others-OtherEquityInterestMember"/>
    <link:definitionArc xlink:type="arc" xlink:arcrole="http://xbrl.org/int/dim/arcrole/domain-member" xlink:from="TotalOtherEquityInterestMember" xlink:to="Others-OtherEquityInterestMember" xlink:title="definition: TotalOtherEquityInterestMember to Others-OtherEquityInterestMember" order="8.0"/>
    <link:loc xlink:type="locator" xlink:href="../tifrs-es-2015-03-31.xsd#tifrs-es_ChangeInFairValueOfFinancialLiabilityAttributableToChangeInCreditRiskOfLiability" xlink:label="ChangeInFairValueOfFinancialLiabilityAttributableToChangeInCreditRiskOfLiability" xlink:title="ChangeInFairValueOfFinancialLiabilityAttributableToChangeInCreditRiskOfLiability"/>
    <link:definitionArc xlink:type="arc" xlink:arcrole="http://xbrl.org/int/dim/arcrole/domain-member" xlink:from="TotalOtherEquityInterestMember" xlink:to="ChangeInFairValueOfFinancialLiabilityAttributableToChangeInCreditRiskOfLiability" xlink:title="definition: TotalOtherEquityInterestMember to ChangeInFairValueOfFinancialLiabilityAttributableToChangeInCreditRiskOfLiability" order="5.5"/>
    <link:loc xlink:type="locator" xlink:href="../tifrs-es-2015-03-31.xsd#tifrs-es_GainsLossesOnRemeasurementsOfDefinedBenefit" xlink:label="GainsLossesOnRemeasurementsOfDefinedBenefit" xlink:title="GainsLossesOnRemeasurementsOfDefinedBenefit"/>
    <link:definitionArc xlink:type="arc" xlink:arcrole="http://xbrl.org/int/dim/arcrole/domain-member" xlink:from="TotalOtherEquityInterestMember" xlink:to="GainsLossesOnRemeasurementsOfDefinedBenefit" xlink:title="definition: TotalOtherEquityInterestMember to GainsLossesOnRemeasurementsOfDefinedBenefit" order="5.8"/>
    <link:loc xlink:type="locator" xlink:href="../tifrs-es-2015-03-31.xsd#tifrs-es_RevaluationSurplusMember" xlink:label="RevaluationSurplusMember" xlink:title="RevaluationSurplusMember"/>
    <link:definitionArc xlink:type="arc" xlink:arcrole="http://xbrl.org/int/dim/arcrole/domain-member" xlink:from="TotalOtherEquityInterestMember" xlink:to="RevaluationSurplusMember" xlink:title="definition: TotalOtherEquityInterestMember to RevaluationSurplusMember" order="6.0"/>
    <link:loc xlink:type="locator" xlink:href="../tifrs-es-2015-03-31.xsd#tifrs-es_TreasurySharesMember" xlink:label="TreasurySharesMember_2" xlink:title="TreasurySharesMember"/>
    <link:definitionArc xlink:type="arc" xlink:arcrole="http://xbrl.org/int/dim/arcrole/domain-member" xlink:from="TotalEquityAttributableToOwnersOfParentMember" xlink:to="TreasurySharesMember_2" xlink:title="definition: TotalEquityAttributableToOwnersOfParentMember to TreasurySharesMember" order="6.0"/>
    <link:loc xlink:type="locator" xlink:href="../tifrs-es-2015-03-31.xsd#tifrs-es_NonControllingInterestsMember" xlink:label="NonControllingInterestsMember" xlink:title="NonControllingInterestsMember"/>
    <link:definitionArc xlink:type="arc" xlink:arcrole="http://xbrl.org/int/dim/arcrole/domain-member" xlink:from="TotalEquityMember" xlink:to="NonControllingInterestsMember" xlink:title="definition: TotalEquityMember to NonControllingInterestsMember" order="3.0"/>
    <link:loc xlink:type="locator" xlink:href="../tifrs-es-2015-03-31.xsd#tifrs-es_EquityAttributableToFomerOwnerOfBusinessCombinationUnderCommonControl" xlink:label="EquityAttributableToFomerOwnerOfBusinessCombinationUnderCommonControl" xlink:title="EquityAttributableToFomerOwnerOfBusinessCombinationUnderCommonControl"/>
    <link:definitionArc xlink:type="arc" xlink:arcrole="http://xbrl.org/int/dim/arcrole/domain-member" xlink:from="TotalEquityMember" xlink:to="EquityAttributableToFomerOwnerOfBusinessCombinationUnderCommonControl" xlink:title="definition: TotalEquityMember to EquityAttributableToFomerOwnerOfBusinessCombinationUnderCommonControl" order="2.1"/>
  </link:definitionLink>
</link:linkbase>
